skill_key,tweet_url,created_at,lang,favorites,retweets,relevance
find-skills,https://x.com/i/status/2105691805392015783,2026-10-01T16:10:22.000Z,fr,0,0,0.91
find-skills,https://x.com/i/status/2105689991720382930,2026-10-01T16:03:10.000Z,zh,0,0,0.96
find-skills,https://x.com/i/status/2105676809207501287,2026-10-01T15:10:47.000Z,en,7,4,0.07
find-skills,https://x.com/i/status/2105298467601965496,2026-09-30T14:07:23.000Z,en,0,0,0.9
find-skills,https://x.com/i/status/2104993175454511467,2026-09-29T17:54:16.000Z,en,1,0,0.91
find-skills,https://x.com/i/status/2104993172195541113,2026-09-29T17:54:15.000Z,tr,0,0,0.96
find-skills,https://x.com/i/status/2104628127167107543,2026-09-28T17:43:42.000Z,en,0,0,0.9
find-skills,https://x.com/i/status/2104593356332343470,2026-09-28T15:25:32.000Z,zxx,18,0,0.17
find-skills,https://x.com/i/status/2104570828507787443,2026-09-28T13:56:01.000Z,zh,0,0,0.96
find-skills,https://x.com/i/status/2104565406513963260,2026-09-28T13:34:28.000Z,en,6,0,0.77
find-skills,https://x.com/i/status/2104285028893266206,2026-09-27T19:00:21.000Z,zh,1,0,0.93
find-skills,https://x.com/i/status/2103851586103501065,2026-09-26T14:18:00.000Z,ja,3,0,0.69
find-skills,https://x.com/i/status/2103775839934636308,2026-09-26T09:17:01.000Z,en,0,0,0.65
find-skills,https://x.com/i/status/2103739454061989990,2026-09-26T06:52:26.000Z,en,56,4,0.95
find-skills,https://x.com/i/status/2103406163085943007,2026-09-25T08:48:03.000Z,en,0,0,0.22
self-improving-agent,https://x.com/i/status/2105790614985929023,2026-10-01T22:43:00.000Z,en,0,0,0.86
self-improving-agent,https://x.com/i/status/2105732154344788391,2026-10-01T18:50:42.000Z,en,0,0,0.82
self-improving-agent,https://x.com/i/status/2105675695980716189,2026-10-01T15:06:22.000Z,en,0,0,0.86
self-improving-agent,https://x.com/i/status/2105666568155721949,2026-10-01T14:30:05.000Z,en,28,2,0.82
self-improving-agent,https://x.com/i/status/2105664518173204981,2026-10-01T14:21:57.000Z,en,0,0,0.6
self-improving-agent,https://x.com/i/status/2105660297964921027,2026-10-01T14:05:10.000Z,en,0,0,0.48
self-improving-agent,https://x.com/i/status/2105633422215647683,2026-10-01T12:18:23.000Z,en,82,50,0.51
self-improving-agent,https://x.com/i/status/2105514744069378279,2026-10-01T04:26:48.000Z,en,0,0,0.75
self-improving-agent,https://x.com/i/status/2105491055810625619,2026-10-01T02:52:40.000Z,en,0,0,0.77
self-improving-agent,https://x.com/i/status/2105330233729798180,2026-09-30T16:13:37.000Z,en,0,0,0.47
self-improving-agent,https://x.com/i/status/2105322811526947195,2026-09-30T15:44:07.000Z,en,0,0,0.65
self-improving-agent,https://x.com/i/status/2105299154482184388,2026-09-30T14:10:07.000Z,en,1,0,0.68
self-improving-agent,https://x.com/i/status/2105295684488556591,2026-09-30T13:56:20.000Z,en,8,0,0.76
self-improving-agent,https://x.com/i/status/2105293968724332550,2026-09-30T13:49:31.000Z,en,235,6,0.15
self-improving-agent,https://x.com/i/status/2105260380675010939,2026-09-30T11:36:03.000Z,en,0,0,0.79
self-improving-agent,https://x.com/i/status/2105252015014314490,2026-09-30T11:02:48.000Z,en,1,0,0.81
self-improving-agent,https://x.com/i/status/2105138062389116995,2026-09-30T03:30:00.000Z,ja,2,0,0.85
self-improving-agent,https://x.com/i/status/2104989302870708642,2026-09-29T17:38:53.000Z,en,0,0,0.73
self-improving-agent,https://x.com/i/status/2104948973845029046,2026-09-29T14:58:38.000Z,en,1,0,0.73
self-improving-agent,https://x.com/i/status/2104940456459063533,2026-09-29T14:24:47.000Z,en,44,16,0.82
self-improving-agent,https://x.com/i/status/2104931665097130492,2026-09-29T13:49:51.000Z,en,1,0,0.88
self-improving-agent,https://x.com/i/status/2104922238105305135,2026-09-29T13:12:23.000Z,en,0,0,0.84
self-improving-agent,https://x.com/i/status/2104915621880442907,2026-09-29T12:46:06.000Z,en,0,0,0.77
self-improving-agent,https://x.com/i/status/2104913792584855720,2026-09-29T12:38:50.000Z,en,1,0,0.89
self-improving-agent,https://x.com/i/status/2104892464389919186,2026-09-29T11:14:05.000Z,en,1,0,0.75
self-improving-agent,https://x.com/i/status/2104890403736695182,2026-09-29T11:05:53.000Z,en,10,0,0.26
self-improving-agent,https://x.com/i/status/2104884953679094251,2026-09-29T10:44:14.000Z,en,0,0,0.81
self-improving-agent,https://x.com/i/status/2104883317866913798,2026-09-29T10:37:44.000Z,en,1,0,0.81
self-improving-agent,https://x.com/i/status/2104881339048542355,2026-09-29T10:29:52.000Z,en,0,0,0.83
self-improving-agent,https://x.com/i/status/2104880415165042787,2026-09-29T10:26:12.000Z,en,0,0,0.8
self-improving-agent,https://x.com/i/status/2104829075235971416,2026-09-29T07:02:12.000Z,en,0,0,0.77
self-improving-agent,https://x.com/i/status/2104828634418819140,2026-09-29T07:00:26.000Z,en,2,0,0.77
self-improving-agent,https://x.com/i/status/2104822642729771390,2026-09-29T06:36:38.000Z,en,0,0,0.47
self-improving-agent,https://x.com/i/status/2104811776852574701,2026-09-29T05:53:27.000Z,en,2,0,0.16
self-improving-agent,https://x.com/i/status/2104668090084810781,2026-09-28T20:22:30.000Z,en,2,0,0.81
self-improving-agent,https://x.com/i/status/2104625409669443826,2026-09-28T17:32:54.000Z,en,5,0,0.82
self-improving-agent,https://x.com/i/status/2104623970662371472,2026-09-28T17:27:11.000Z,en,215,19,0.8
self-improving-agent,https://x.com/i/status/2104602311368610093,2026-09-28T16:01:07.000Z,en,22,0,0.28
self-improving-agent,https://x.com/i/status/2104598769245515910,2026-09-28T15:47:02.000Z,en,1,0,0.87
self-improving-agent,https://x.com/i/status/2104597759005434149,2026-09-28T15:43:01.000Z,en,6,0,0.88
self-improving-agent,https://x.com/i/status/2104313886648271011,2026-09-27T20:55:01.000Z,en,0,0,0.84
self-improving-agent,https://x.com/i/status/2104266663751291135,2026-09-27T17:47:22.000Z,en,115,14,0.86
self-improving-agent,https://x.com/i/status/2104261227950346470,2026-09-27T17:25:46.000Z,en,1,0,0.85
self-improving-agent,https://x.com/i/status/2104196198416421112,2026-09-27T13:07:22.000Z,en,1,0,0.87
self-improving-agent,https://x.com/i/status/2104059601091985761,2026-09-27T04:04:35.000Z,en,13,4,0.74
self-improving-agent,https://x.com/i/status/2103798983227560292,2026-09-26T10:48:58.000Z,en,13,9,0.81
self-improving-agent,https://x.com/i/status/2103772145713049936,2026-09-26T09:02:20.000Z,en,178,21,0.61
self-improving-agent,https://x.com/i/status/2103590883819958779,2026-09-25T21:02:04.000Z,en,15,1,0.84
self-improving-agent,https://x.com/i/status/2103499096019628218,2026-09-25T14:57:20.000Z,zxx,8,1,0.09
self-improving-agent,https://x.com/i/status/2103484677864730691,2026-09-25T14:00:02.000Z,en,33,3,0.08
self-improving-agent,https://x.com/i/status/2103477899814924357,2026-09-25T13:33:06.000Z,en,0,0,0.86
self-improving-agent,https://x.com/i/status/2103465675813445978,2026-09-25T12:44:32.000Z,en,0,0,0.88
self-improving-agent,https://x.com/i/status/2103444406887997532,2026-09-25T11:20:01.000Z,en,1,0,0.86
self-improving-agent,https://x.com/i/status/2103439402122784900,2026-09-25T11:00:08.000Z,en,0,0,0.83
self-improving-agent,https://x.com/i/status/2103429303056670910,2026-09-25T10:20:00.000Z,en,8,2,0.85
self-improving-agent,https://x.com/i/status/2103363719417774148,2026-09-25T05:59:23.000Z,en,45,5,0.14
grill-me,https://x.com/i/status/2105787332225868253,2026-10-01T22:29:58.000Z,en,0,0,0.04
grill-me,https://x.com/i/status/2105772473656791328,2026-10-01T21:30:55.000Z,en,1,0,0.93
grill-me,https://x.com/i/status/2105761044199260530,2026-10-01T20:45:30.000Z,zxx,4,1,0.13
grill-me,https://x.com/i/status/2105697043020955887,2026-10-01T16:31:11.000Z,en,0,0,0.94
grill-me,https://x.com/i/status/2105647562804117960,2026-10-01T13:14:34.000Z,ja,1,0,0.95
grill-me,https://x.com/i/status/2105538208020721738,2026-10-01T06:00:02.000Z,en,171,24,0.33
grill-me,https://x.com/i/status/2105518475724914710,2026-10-01T04:41:37.000Z,en,3,0,0.95
grill-me,https://x.com/i/status/2105492171784962535,2026-10-01T02:57:06.000Z,th,2,0,0.79
grill-me,https://x.com/i/status/2105438157970018367,2026-09-30T23:22:28.000Z,zh,1,0,0.78
grill-me,https://x.com/i/status/2105377325735178464,2026-09-30T19:20:45.000Z,en,8,0,0.89
grill-me,https://x.com/i/status/2105376620618166346,2026-09-30T19:17:57.000Z,en,11,0,0.93
grill-me,https://x.com/i/status/2105361164179996960,2026-09-30T18:16:31.000Z,en,1,0,0.07
grill-me,https://x.com/i/status/2105337458183602447,2026-09-30T16:42:19.000Z,en,0,0,0.92
grill-me,https://x.com/i/status/2105298456478925173,2026-09-30T14:07:21.000Z,en,0,0,0.91
grill-me,https://x.com/i/status/2105294890808574083,2026-09-30T13:53:11.000Z,en,1,0,0.74
grill-me,https://x.com/i/status/2105208969790734717,2026-09-30T08:11:45.000Z,zh,10,1,0.06
grill-me,https://x.com/i/status/2105208960890368374,2026-09-30T08:11:43.000Z,en,2,0,0.93
grill-me,https://x.com/i/status/2105205279621292464,2026-09-30T07:57:06.000Z,ja,0,0,0.86
grill-me,https://x.com/i/status/2105188593161630143,2026-09-30T06:50:47.000Z,en,3,0,0.89
grill-me,https://x.com/i/status/2105147128255598917,2026-09-30T04:06:01.000Z,zh,744,93,0.86
grill-me,https://x.com/i/status/2105126922699059427,2026-09-30T02:45:44.000Z,en,23,1,0.86
grill-me,https://x.com/i/status/2105087893035430090,2026-09-30T00:10:38.000Z,en,4,1,0.59
grill-me,https://x.com/i/status/2105069980849197432,2026-09-29T22:59:28.000Z,ja,0,0,0.85
grill-me,https://x.com/i/status/2105047743567929765,2026-09-29T21:31:06.000Z,zh,3,2,0.91
grill-me,https://x.com/i/status/2104983411521642780,2026-09-29T17:15:28.000Z,en,7,1,0.58
grill-me,https://x.com/i/status/2104965968527000013,2026-09-29T16:06:09.000Z,en,1,1,0.8
grill-me,https://x.com/i/status/2104915923681579051,2026-09-29T12:47:18.000Z,zh,9,2,0.76
grill-me,https://x.com/i/status/2104832500002353471,2026-09-29T07:15:48.000Z,en,0,0,0.83
grill-me,https://x.com/i/status/2104789418427007136,2026-09-29T04:24:37.000Z,en,11,0,0.95
grill-me,https://x.com/i/status/2104782317310906702,2026-09-29T03:56:24.000Z,en,76,14,0.27
grill-me,https://x.com/i/status/2104754306478133439,2026-09-29T02:05:05.000Z,en,5,0,0.88
grill-me,https://x.com/i/status/2104711629829222545,2026-09-28T23:15:30.000Z,en,0,0,0.74
grill-me,https://x.com/i/status/2104629707887329518,2026-09-28T17:49:59.000Z,en,45,10,0.27
grill-me,https://x.com/i/status/2104620344430440620,2026-09-28T17:12:46.000Z,en,4,0,0.27
grill-me,https://x.com/i/status/2104539089072722358,2026-09-28T11:49:53.000Z,zh,105,7,0.77
grill-me,https://x.com/i/status/2104507881802674520,2026-09-28T09:45:53.000Z,en,0,0,0.88
grill-me,https://x.com/i/status/2104503688580448609,2026-09-28T09:29:13.000Z,zxx,7,0,0.16
grill-me,https://x.com/i/status/2104502618127249655,2026-09-28T09:24:58.000Z,ja,1,0,0.92
grill-me,https://x.com/i/status/2104444645963182298,2026-09-28T05:34:36.000Z,en,0,0,0.86
grill-me,https://x.com/i/status/2104443873665634360,2026-09-28T05:31:32.000Z,en,3,0,0.06
grill-me,https://x.com/i/status/2104416896070320549,2026-09-28T03:44:20.000Z,zxx,196,35,0.16
grill-me,https://x.com/i/status/2104405786613166494,2026-09-28T03:00:12.000Z,en,0,0,0.81
grill-me,https://x.com/i/status/2104401426806149203,2026-09-28T02:42:52.000Z,zh,3,0,0.95
grill-me,https://x.com/i/status/2104360486758203829,2026-09-28T00:00:11.000Z,en,0,0,0.82
grill-me,https://x.com/i/status/2104339996081836268,2026-09-27T22:38:46.000Z,zxx,9,0,0.14
grill-me,https://x.com/i/status/2104319462140776496,2026-09-27T21:17:10.000Z,en,1,0,0.79
grill-me,https://x.com/i/status/2104313274292486274,2026-09-27T20:52:35.000Z,en,1,0,0.91
grill-me,https://x.com/i/status/2104304755220656605,2026-09-27T20:18:44.000Z,en,1,0,0.8
grill-me,https://x.com/i/status/2104243660023857663,2026-09-27T16:15:58.000Z,en,1,0,0.9
grill-me,https://x.com/i/status/2104234506131828914,2026-09-27T15:39:35.000Z,zh,1,0,0.92
grill-me,https://x.com/i/status/2104224132082852106,2026-09-27T14:58:22.000Z,de,0,0,0.88
grill-me,https://x.com/i/status/2104215466939945452,2026-09-27T14:23:56.000Z,en,4,0,0.66
grill-me,https://x.com/i/status/2104212807528902733,2026-09-27T14:13:22.000Z,en,2,0,0.72
grill-me,https://x.com/i/status/2104144094704423011,2026-09-27T09:40:19.000Z,en,0,0,0.13
grill-me,https://x.com/i/status/2104113813406486581,2026-09-27T07:40:00.000Z,en,216,57,0.24
grill-me,https://x.com/i/status/2104083690834035081,2026-09-27T05:40:18.000Z,en,0,0,0.76
grill-me,https://x.com/i/status/2104075521105461511,2026-09-27T05:07:50.000Z,en,7,0,0.87
grill-me,https://x.com/i/status/2104051834315030977,2026-09-27T03:33:43.000Z,en,7,0,0.8
grill-me,https://x.com/i/status/2104014253908787701,2026-09-27T01:04:23.000Z,en,1,0,0.78
grill-me,https://x.com/i/status/2104006832645706034,2026-09-27T00:34:54.000Z,en,0,0,0.93
grill-me,https://x.com/i/status/2103926345130443140,2026-09-26T19:15:04.000Z,en,3,0,0.93
grill-me,https://x.com/i/status/2103916566991757822,2026-09-26T18:36:13.000Z,en,2,0,0.66
grill-me,https://x.com/i/status/2103896851233612205,2026-09-26T17:17:52.000Z,de,2,0,0.7
grill-me,https://x.com/i/status/2103870400270909539,2026-09-26T15:32:46.000Z,en,1,0,0.92
grill-me,https://x.com/i/status/2103809399126962497,2026-09-26T11:30:22.000Z,zh,287,33,0.87
grill-me,https://x.com/i/status/2103804285838643517,2026-09-26T11:10:03.000Z,en,5,0,0.93
grill-me,https://x.com/i/status/2103787901196571004,2026-09-26T10:04:56.000Z,ja,10,4,0.86
grill-me,https://x.com/i/status/2103779891191963870,2026-09-26T09:33:07.000Z,en,0,0,0.83
grill-me,https://x.com/i/status/2103771655294329321,2026-09-26T09:00:23.000Z,ja,5,0,0.06
grill-me,https://x.com/i/status/2103752503854809232,2026-09-26T07:44:17.000Z,fr,0,0,0.68
grill-me,https://x.com/i/status/2103748233251918253,2026-09-26T07:27:19.000Z,en,0,0,0.45
grill-me,https://x.com/i/status/2103741651139355122,2026-09-26T07:01:09.000Z,zxx,3,1,0.14
grill-me,https://x.com/i/status/2103733839960924640,2026-09-26T06:30:07.000Z,en,1,0,0.24
grill-me,https://x.com/i/status/2103705885579358223,2026-09-26T04:39:02.000Z,en,0,0,0.95
grill-me,https://x.com/i/status/2103684261899309413,2026-09-26T03:13:07.000Z,en,1,0,0.96
grill-me,https://x.com/i/status/2103653652200350096,2026-09-26T01:11:29.000Z,en,0,0,0.91
grill-me,https://x.com/i/status/2103530565735424441,2026-09-25T17:02:23.000Z,en,4,0,0.71
grill-me,https://x.com/i/status/2103515659309093303,2026-09-25T16:03:09.000Z,en,0,0,0.87
grill-me,https://x.com/i/status/2103512023346864227,2026-09-25T15:48:42.000Z,en,1,0,0.91
grill-me,https://x.com/i/status/2103502494592578034,2026-09-25T15:10:50.000Z,pt,0,0,0.84
grill-me,https://x.com/i/status/2103495223233982928,2026-09-25T14:41:56.000Z,zh,2,0,0.91
grill-me,https://x.com/i/status/2103484677864730691,2026-09-25T14:00:02.000Z,en,33,3,0.05
grill-me,https://x.com/i/status/2103463363535679646,2026-09-25T12:35:20.000Z,en,1,0,0.93
grill-me,https://x.com/i/status/2103455766115996010,2026-09-25T12:05:09.000Z,en,0,0,0.69
grill-me,https://x.com/i/status/2103418702276313438,2026-09-25T09:37:52.000Z,ja,15,0,0.81
grill-me,https://x.com/i/status/2103389305473257742,2026-09-25T07:41:04.000Z,en,3,0,0.85
grill-me,https://x.com/i/status/2103369382499856874,2026-09-25T06:21:54.000Z,fa,0,0,0.6
grill-me,https://x.com/i/status/2103353556262961308,2026-09-25T05:19:00.000Z,en,2,0,0.76
grill-with-docs,https://x.com/i/status/2105346893572108783,2026-09-30T17:19:49.000Z,es,4,0,0.94
grill-with-docs,https://x.com/i/status/2105254329561076185,2026-09-30T11:12:00.000Z,en,0,0,0.96
grill-with-docs,https://x.com/i/status/2105160829934919994,2026-09-30T05:00:28.000Z,en,2,0,0.93
grill-with-docs,https://x.com/i/status/2104915923681579051,2026-09-29T12:47:18.000Z,zh,9,2,0.94
grill-with-docs,https://x.com/i/status/2104592439969255887,2026-09-28T15:21:53.000Z,en,0,0,0.96
grill-with-docs,https://x.com/i/status/2104525219406688718,2026-09-28T10:54:47.000Z,ar,35,6,0.19
grill-with-docs,https://x.com/i/status/2104464190320853104,2026-09-28T06:52:16.000Z,en,1,0,0.95
grill-with-docs,https://x.com/i/status/2103848219956449649,2026-09-26T14:04:37.000Z,en,7,0,0.97
grill-with-docs,https://x.com/i/status/2103842825544884437,2026-09-26T13:43:11.000Z,zh,4,0,0.92
grill-with-docs,https://x.com/i/status/2103820379898728510,2026-09-26T12:14:00.000Z,ja,19,2,0.91
grill-with-docs,https://x.com/i/status/2103809399126962497,2026-09-26T11:30:22.000Z,zh,287,33,0.97
grill-with-docs,https://x.com/i/status/2103472142570721756,2026-09-25T13:10:14.000Z,en,0,0,0.91
self-improving,https://x.com/i/status/2105816491543408768,2026-10-02T00:25:50.000Z,en,1,0,0.04
self-improving,https://x.com/i/status/2105806350324465865,2026-10-01T23:45:32.000Z,zh,0,0,0.54
self-improving,https://x.com/i/status/2105790614985929023,2026-10-01T22:43:00.000Z,en,0,0,0.93
self-improving,https://x.com/i/status/2105769660612506061,2026-10-01T21:19:45.000Z,en,0,0,0.04
self-improving,https://x.com/i/status/2105768092554997774,2026-10-01T21:13:31.000Z,en,19,0,0.33
self-improving,https://x.com/i/status/2105755914296852789,2026-10-01T20:25:07.000Z,en,10,1,0.92
self-improving,https://x.com/i/status/2105745760180736297,2026-10-01T19:44:46.000Z,en,69,5,0.91
self-improving,https://x.com/i/status/2105737031426908174,2026-10-01T19:10:05.000Z,en,1,0,0.17
self-improving,https://x.com/i/status/2105732154344788391,2026-10-01T18:50:42.000Z,en,0,0,0.9
self-improving,https://x.com/i/status/2105723385581805987,2026-10-01T18:15:52.000Z,en,9,2,0.26
self-improving,https://x.com/i/status/2105690164215549992,2026-10-01T16:03:51.000Z,en,20,0,0.14
self-improving,https://x.com/i/status/2105676660599062949,2026-10-01T15:10:12.000Z,en,32,2,0.8
self-improving,https://x.com/i/status/2105675695980716189,2026-10-01T15:06:22.000Z,en,0,0,0.92
self-improving,https://x.com/i/status/2105674145648247184,2026-10-01T15:00:12.000Z,en,28,1,0.86
self-improving,https://x.com/i/status/2105671644236677349,2026-10-01T14:50:16.000Z,en,29,2,0.91
self-improving,https://x.com/i/status/2105671247757705356,2026-10-01T14:48:41.000Z,en,0,0,0.8
self-improving,https://x.com/i/status/2105666568155721949,2026-10-01T14:30:05.000Z,en,28,2,0.85
self-improving,https://x.com/i/status/2105665979304833255,2026-10-01T14:27:45.000Z,en,4,1,0.92
self-improving,https://x.com/i/status/2105664518173204981,2026-10-01T14:21:57.000Z,en,0,0,0.81
self-improving,https://x.com/i/status/2105663442376069324,2026-10-01T14:17:40.000Z,en,2,0,0.68
self-improving,https://x.com/i/status/2105662255022878793,2026-10-01T14:12:57.000Z,en,0,0,0.56
self-improving,https://x.com/i/status/2105661573935112439,2026-10-01T14:10:15.000Z,en,26,2,0.84
self-improving,https://x.com/i/status/2105660297964921027,2026-10-01T14:05:10.000Z,en,0,0,0.71
self-improving,https://x.com/i/status/2105659267189449128,2026-10-01T14:01:05.000Z,en,35,2,0.37
self-improving,https://x.com/i/status/2105659231575716179,2026-10-01T14:00:56.000Z,en,47,3,0.93
self-improving,https://x.com/i/status/2105644283563020611,2026-10-01T13:01:32.000Z,en,0,0,0.86
self-improving,https://x.com/i/status/2105641474964492563,2026-10-01T12:50:23.000Z,en,1,1,0.49
self-improving,https://x.com/i/status/2105639230902776213,2026-10-01T12:41:28.000Z,en,0,0,0.17
self-improving,https://x.com/i/status/2105639081006768635,2026-10-01T12:40:52.000Z,en,0,0,0.08
self-improving,https://x.com/i/status/2105633422215647683,2026-10-01T12:18:23.000Z,en,82,50,0.77
self-improving,https://x.com/i/status/2105625831947059703,2026-10-01T11:48:13.000Z,en,59,5,0.56
self-improving,https://x.com/i/status/2105622337672642905,2026-10-01T11:34:20.000Z,en,10,0,0.18
self-improving,https://x.com/i/status/2105608864561307938,2026-10-01T10:40:48.000Z,en,1,0,0.63
self-improving,https://x.com/i/status/2105608513636454848,2026-10-01T10:39:24.000Z,en,1,0,0.7
self-improving,https://x.com/i/status/2105595993437728916,2026-10-01T09:49:39.000Z,zxx,1,0,0.1
self-improving,https://x.com/i/status/2105589744465813789,2026-10-01T09:24:49.000Z,en,2,0,0.21
self-improving,https://x.com/i/status/2105580849563627664,2026-10-01T08:49:28.000Z,en,45,24,0.91
self-improving,https://x.com/i/status/2105575383458275712,2026-10-01T08:27:45.000Z,en,66,0,0.19
self-improving,https://x.com/i/status/2105571417551180201,2026-10-01T08:12:00.000Z,en,1,0,0.91
self-improving,https://x.com/i/status/2105562347951813055,2026-10-01T07:35:57.000Z,zh,440,75,0.77
self-improving,https://x.com/i/status/2105555050151964786,2026-10-01T07:06:57.000Z,zxx,1,0,0.11
self-improving,https://x.com/i/status/2105521288517419050,2026-10-01T04:52:48.000Z,en,0,0,0.87
self-improving,https://x.com/i/status/2105520638509125690,2026-10-01T04:50:13.000Z,en,0,0,0.82
self-improving,https://x.com/i/status/2105520180130447684,2026-10-01T04:48:24.000Z,zxx,17,5,0.11
self-improving,https://x.com/i/status/2105519069164343476,2026-10-01T04:43:59.000Z,en,1,0,0.18
self-improving,https://x.com/i/status/2105514744069378279,2026-10-01T04:26:48.000Z,en,0,0,0.79
self-improving,https://x.com/i/status/2105501135285195028,2026-10-01T03:32:43.000Z,zxx,1,0,0.12
self-improving,https://x.com/i/status/2105499458415009837,2026-10-01T03:26:03.000Z,en,2,1,0.8
self-improving,https://x.com/i/status/2105495466217734301,2026-10-01T03:10:12.000Z,en,25,1,0.68
self-improving,https://x.com/i/status/2105491055810625619,2026-10-01T02:52:40.000Z,en,0,0,0.87
self-improving,https://x.com/i/status/2105486446589317271,2026-10-01T02:34:21.000Z,en,318,70,0.26
self-improving,https://x.com/i/status/2105474106821054752,2026-10-01T01:45:19.000Z,en,22,2,0.47
self-improving,https://x.com/i/status/2105456735188136300,2026-10-01T00:36:17.000Z,en,5,4,0.77
self-improving,https://x.com/i/status/2105425052967764402,2026-09-30T22:30:24.000Z,en,0,0,0.49
self-improving,https://x.com/i/status/2105414692223263152,2026-09-30T21:49:13.000Z,en,2,0,0.6
self-improving,https://x.com/i/status/2105408797477077412,2026-09-30T21:25:48.000Z,en,4,1,0.41
self-improving,https://x.com/i/status/2105394164519112845,2026-09-30T20:27:39.000Z,en,605,107,0.9
self-improving,https://x.com/i/status/2105390603546886178,2026-09-30T20:13:30.000Z,en,15,1,0.88
self-improving,https://x.com/i/status/2105390361711653193,2026-09-30T20:12:33.000Z,en,0,0,0.93
self-improving,https://x.com/i/status/2105357569514463295,2026-09-30T18:02:14.000Z,en,0,0,0.93
self-improving,https://x.com/i/status/2105355019348222045,2026-09-30T17:52:06.000Z,zxx,178,23,0.16
self-improving,https://x.com/i/status/2105342585124593766,2026-09-30T17:02:42.000Z,en,13,0,0.89
self-improving,https://x.com/i/status/2105338552728916027,2026-09-30T16:46:40.000Z,en,5,1,0.83
self-improving,https://x.com/i/status/2105330652732125602,2026-09-30T16:15:17.000Z,zxx,40,1,0.11
self-improving,https://x.com/i/status/2105330233729798180,2026-09-30T16:13:37.000Z,en,0,0,0.78
self-improving,https://x.com/i/status/2105326415730344176,2026-09-30T15:58:27.000Z,en,1,0,0.85
self-improving,https://x.com/i/status/2105325826174787941,2026-09-30T15:56:06.000Z,en,27,7,0.93
self-improving,https://x.com/i/status/2105324217147256894,2026-09-30T15:49:43.000Z,en,4,0,0.06
self-improving,https://x.com/i/status/2105323051596562451,2026-09-30T15:45:05.000Z,en,0,0,0.87
self-improving,https://x.com/i/status/2105322811526947195,2026-09-30T15:44:07.000Z,en,0,0,0.9
self-improving,https://x.com/i/status/2105320562994323945,2026-09-30T15:35:11.000Z,zh,26,6,0.18
self-improving,https://x.com/i/status/2105304383122538996,2026-09-30T14:30:54.000Z,en,10,1,0.81
self-improving,https://x.com/i/status/2105299154482184388,2026-09-30T14:10:07.000Z,en,1,0,0.9
self-improving,https://x.com/i/status/2105298847924903947,2026-09-30T14:08:54.000Z,zxx,8,0,0.18
self-improving,https://x.com/i/status/2105295684488556591,2026-09-30T13:56:20.000Z,en,8,0,0.9
self-improving,https://x.com/i/status/2105293968724332550,2026-09-30T13:49:31.000Z,en,235,6,0.16
self-improving,https://x.com/i/status/2105289055772549124,2026-09-30T13:29:59.000Z,en,1255,113,0.45
self-improving,https://x.com/i/status/2105285755346239881,2026-09-30T13:16:53.000Z,en,0,0,0.35
self-improving,https://x.com/i/status/2105261824065368468,2026-09-30T11:41:47.000Z,en,1,1,0.17
self-improving,https://x.com/i/status/2105261205292208220,2026-09-30T11:39:19.000Z,en,0,0,0.92
self-improving,https://x.com/i/status/2105260380675010939,2026-09-30T11:36:03.000Z,en,0,0,0.89
self-improving,https://x.com/i/status/2105260069369602402,2026-09-30T11:34:49.000Z,en,1,0,0.2
self-improving,https://x.com/i/status/2105258987331420584,2026-09-30T11:30:31.000Z,en,0,0,0.25
self-improving,https://x.com/i/status/2105256077600190737,2026-09-30T11:18:57.000Z,zxx,1,0,0.16
self-improving,https://x.com/i/status/2105252015014314490,2026-09-30T11:02:48.000Z,en,1,0,0.92
self-improving,https://x.com/i/status/2105251149901422601,2026-09-30T10:59:22.000Z,en,1,0,0.9
self-improving,https://x.com/i/status/2105193577412448415,2026-09-30T07:10:36.000Z,en,0,0,0.8
self-improving,https://x.com/i/status/2105193116659540412,2026-09-30T07:08:46.000Z,zxx,1,0,0.14
self-improving,https://x.com/i/status/2105183239052874104,2026-09-30T06:29:31.000Z,en,40,12,0.68
self-improving,https://x.com/i/status/2105173280348832206,2026-09-30T05:49:56.000Z,en,113,24,0.11
self-improving,https://x.com/i/status/2105160456033755321,2026-09-30T04:58:59.000Z,en,5,0,0.44
self-improving,https://x.com/i/status/2105150560521576881,2026-09-30T04:19:40.000Z,en,0,0,0.77
self-improving,https://x.com/i/status/2105138062389116995,2026-09-30T03:30:00.000Z,ja,2,0,0.88
self-improving,https://x.com/i/status/2105136702922916347,2026-09-30T03:24:36.000Z,en,65,11,0.3
self-improving,https://x.com/i/status/2105124779976012150,2026-09-30T02:37:13.000Z,en,1,0,0.43
self-improving,https://x.com/i/status/2105122337897304202,2026-09-30T02:27:31.000Z,en,155,65,0.38
self-improving,https://x.com/i/status/2105102845636657158,2026-09-30T01:10:03.000Z,en,0,0,0.88
self-improving,https://x.com/i/status/2105043704163799331,2026-09-29T21:15:03.000Z,en,0,0,0.44
self-improving,https://x.com/i/status/2105033096487972867,2026-09-29T20:32:54.000Z,en,0,0,0.89
self-improving,https://x.com/i/status/2105023021098344779,2026-09-29T19:52:52.000Z,en,6,0,0.36
improve-codebase-architecture,https://x.com/i/status/2105346893572108783,2026-09-30T17:19:49.000Z,es,4,0,0.96
improve-codebase-architecture,https://x.com/i/status/2105254332081877141,2026-09-30T11:12:01.000Z,en,0,0,0.96
improve-codebase-architecture,https://x.com/i/status/2104950533173707172,2026-09-29T15:04:49.000Z,en,146,9,0.96
improve-codebase-architecture,https://x.com/i/status/2104921015537074682,2026-09-29T13:07:32.000Z,ru,192,11,0.18
improve-codebase-architecture,https://x.com/i/status/2104264258900963625,2026-09-27T17:37:49.000Z,en,0,0,0.94
improve-codebase-architecture,https://x.com/i/status/2103689454657687818,2026-09-26T03:33:45.000Z,en,0,0,0.95
github,https://x.com/i/status/2105820454082748503,2026-10-02T00:41:35.000Z,ja,0,0,0.2
github,https://x.com/i/status/2105818528914006322,2026-10-02T00:33:56.000Z,en,1,0,0.09
github,https://x.com/i/status/2105818218824917292,2026-10-02T00:32:42.000Z,ja,0,0,0.11
github,https://x.com/i/status/2105817620188434750,2026-10-02T00:30:19.000Z,en,0,0,0.17
github,https://x.com/i/status/2105816732782977084,2026-10-02T00:26:47.000Z,zh,2,0,0.14
github,https://x.com/i/status/2105816112529101266,2026-10-02T00:24:20.000Z,zxx,0,0,0.07
github,https://x.com/i/status/2105815721347535298,2026-10-02T00:22:46.000Z,en,0,0,0.19
github,https://x.com/i/status/2105815671544373653,2026-10-02T00:22:34.000Z,en,0,0,0.09
github,https://x.com/i/status/2105815383857102851,2026-10-02T00:21:26.000Z,en,1,1,0.21
github,https://x.com/i/status/2105815346590732498,2026-10-02T00:21:17.000Z,zxx,1,0,0.09
github,https://x.com/i/status/2105813957155889607,2026-10-02T00:15:46.000Z,en,0,0,0.09
github,https://x.com/i/status/2105813093402005561,2026-10-02T00:12:20.000Z,en,0,0,0.17
github,https://x.com/i/status/2105811761932779825,2026-10-02T00:07:02.000Z,ja,0,0,0.26
github,https://x.com/i/status/2105811745570980164,2026-10-02T00:06:58.000Z,en,0,0,0.23
github,https://x.com/i/status/2105811326639735208,2026-10-02T00:05:19.000Z,zxx,0,0,0.09
github,https://x.com/i/status/2105810420024168734,2026-10-02T00:01:42.000Z,en,1,0,0.05
github,https://x.com/i/status/2105810208849019155,2026-10-02T00:00:52.000Z,en,1,0,0.35
github,https://x.com/i/status/2105809722947276931,2026-10-01T23:58:56.000Z,en,8,1,0.06
github,https://x.com/i/status/2105808772132384909,2026-10-01T23:55:09.000Z,en,0,0,0.07
github,https://x.com/i/status/2105808654658138192,2026-10-01T23:54:41.000Z,en,1,0,0.06
github,https://x.com/i/status/2105808638652960962,2026-10-01T23:54:38.000Z,zxx,1,0,0.07
github,https://x.com/i/status/2105808479055433776,2026-10-01T23:54:00.000Z,ja,0,0,0.09
github,https://x.com/i/status/2105805076610875527,2026-10-01T23:40:28.000Z,zxx,2,0,0.1
github,https://x.com/i/status/2105804699081515066,2026-10-01T23:38:58.000Z,en,1,0,0.11
github,https://x.com/i/status/2105804429324890269,2026-10-01T23:37:54.000Z,ja,1,0,0.09
github,https://x.com/i/status/2105804213657735542,2026-10-01T23:37:03.000Z,pt,1,0,0.33
github,https://x.com/i/status/2105802849837781382,2026-10-01T23:31:37.000Z,zxx,4,2,0.11
github,https://x.com/i/status/2105802839113289873,2026-10-01T23:31:35.000Z,en,4,0,0.09
github,https://x.com/i/status/2105802280348119242,2026-10-01T23:29:22.000Z,zh,6,0,0.11
github,https://x.com/i/status/2105801061856604211,2026-10-01T23:24:31.000Z,en,11,1,0.16
github,https://x.com/i/status/2105799420256321858,2026-10-01T23:18:00.000Z,en,1,0,0.12
github,https://x.com/i/status/2105798321155739706,2026-10-01T23:13:38.000Z,en,3,0,0.11
github,https://x.com/i/status/2105797816647877071,2026-10-01T23:11:37.000Z,zxx,1,0,0.08
github,https://x.com/i/status/2105797089200665056,2026-10-01T23:08:44.000Z,ja,1,0,0.03
github,https://x.com/i/status/2105795726911623652,2026-10-01T23:03:19.000Z,zxx,0,0,0.08
github,https://x.com/i/status/2105795666425344367,2026-10-01T23:03:05.000Z,en,0,0,0.19
github,https://x.com/i/status/2105795162542923834,2026-10-01T23:01:05.000Z,en,0,0,0.16
github,https://x.com/i/status/2105794891087253586,2026-10-01T23:00:00.000Z,en,16,3,0.14
github,https://x.com/i/status/2105794874402324692,2026-10-01T22:59:56.000Z,en,59,7,0.06
github,https://x.com/i/status/2105794499545113067,2026-10-01T22:58:27.000Z,ja,6,0,0.26
github,https://x.com/i/status/2105792043171885465,2026-10-01T22:48:41.000Z,en,0,0,0.09
github,https://x.com/i/status/2105791005111034255,2026-10-01T22:44:33.000Z,zxx,1,0,0.1
github,https://x.com/i/status/2105791002464366601,2026-10-01T22:44:33.000Z,en,7,0,0.07
github,https://x.com/i/status/2105790329362555048,2026-10-01T22:41:52.000Z,en,1,0,0.28
github,https://x.com/i/status/2105790251008676026,2026-10-01T22:41:34.000Z,en,32,9,0.13
github,https://x.com/i/status/2105789685318697389,2026-10-01T22:39:19.000Z,en,2,0,0.09
github,https://x.com/i/status/2105789510466572468,2026-10-01T22:38:37.000Z,ja,1,0,0.08
github,https://x.com/i/status/2105789478304727282,2026-10-01T22:38:29.000Z,ja,1,0,0.06
github,https://x.com/i/status/2105788227500269581,2026-10-01T22:33:31.000Z,ja,2,0,0.11
github,https://x.com/i/status/2105788095517921302,2026-10-01T22:33:00.000Z,ja,7,1,0.1
github,https://x.com/i/status/2105788079051309415,2026-10-01T22:32:56.000Z,zh,5,0,0.12
github,https://x.com/i/status/2105787589949309254,2026-10-01T22:30:59.000Z,ja,0,0,0.29
github,https://x.com/i/status/2105787485594808770,2026-10-01T22:30:34.000Z,en,0,0,0.13
github,https://x.com/i/status/2105787086221848746,2026-10-01T22:28:59.000Z,en,0,0,0.12
github,https://x.com/i/status/2105786921775780132,2026-10-01T22:28:20.000Z,en,1,0,0.44
github,https://x.com/i/status/2105786425535009164,2026-10-01T22:26:22.000Z,zxx,4,0,0.1
github,https://x.com/i/status/2105785388904432107,2026-10-01T22:22:14.000Z,pt,11,2,0.11
github,https://x.com/i/status/2105784484851523603,2026-10-01T22:18:39.000Z,zxx,1,0,0.09
github,https://x.com/i/status/2105784472557752727,2026-10-01T22:18:36.000Z,zxx,31,7,0.09
github,https://x.com/i/status/2105783764924469732,2026-10-01T22:15:47.000Z,ja,2,0,0.05
github,https://x.com/i/status/2105783678798274912,2026-10-01T22:15:27.000Z,en,0,0,0.11
github,https://x.com/i/status/2105783202447040938,2026-10-01T22:13:33.000Z,en,0,0,0.16
github,https://x.com/i/status/2105782324147450168,2026-10-01T22:10:04.000Z,zxx,1,0,0.1
github,https://x.com/i/status/2105782080361914642,2026-10-01T22:09:06.000Z,en,0,0,0.12
github,https://x.com/i/status/2105780767888716014,2026-10-01T22:03:53.000Z,en,0,0,0.16
github,https://x.com/i/status/2105780420034068783,2026-10-01T22:02:30.000Z,en,1,0,0.13
github,https://x.com/i/status/2105780294414705074,2026-10-01T22:02:00.000Z,en,0,1,0.15
github,https://x.com/i/status/2105780258205020444,2026-10-01T22:01:51.000Z,zxx,0,0,0.11
github,https://x.com/i/status/2105780207940698168,2026-10-01T22:01:39.000Z,en,0,0,0.11
github,https://x.com/i/status/2105779904801603661,2026-10-01T22:00:27.000Z,ja,2,0,0.31
github,https://x.com/i/status/2105779877420921139,2026-10-01T22:00:20.000Z,en,0,0,0.08
github,https://x.com/i/status/2105779857477325219,2026-10-01T22:00:16.000Z,ja,2,0,0.23
github,https://x.com/i/status/2105777293247627584,2026-10-01T21:50:04.000Z,en,8,0,0.26
github,https://x.com/i/status/2105776943404884234,2026-10-01T21:48:41.000Z,ja,8,0,0.12
github,https://x.com/i/status/2105776389375008795,2026-10-01T21:46:29.000Z,en,59,7,0.1
github,https://x.com/i/status/2105776323197034694,2026-10-01T21:46:13.000Z,en,7,0,0.09
github,https://x.com/i/status/2105776029801529729,2026-10-01T21:45:03.000Z,en,1,0,0.17
github,https://x.com/i/status/2105775989691421021,2026-10-01T21:44:54.000Z,zxx,246,18,0.12
github,https://x.com/i/status/2105775475046179148,2026-10-01T21:42:51.000Z,en,0,0,0.16
github,https://x.com/i/status/2105774351085920713,2026-10-01T21:38:23.000Z,en,22,4,0.12
github,https://x.com/i/status/2105773366217171147,2026-10-01T21:34:28.000Z,en,8,0,0.04
github,https://x.com/i/status/2105772969083490674,2026-10-01T21:32:53.000Z,en,0,0,0.11
github,https://x.com/i/status/2105772254097494452,2026-10-01T21:30:03.000Z,zxx,1,1,0.1
github,https://x.com/i/status/2105771866795434015,2026-10-01T21:28:31.000Z,ja,9,1,0.14
github,https://x.com/i/status/2105771737136734272,2026-10-01T21:28:00.000Z,en,3,0,0.09
github,https://x.com/i/status/2105770053777969507,2026-10-01T21:21:18.000Z,en,0,0,0.17
github,https://x.com/i/status/2105770025189519718,2026-10-01T21:21:11.000Z,en,0,0,0.34
github,https://x.com/i/status/2105769898563547213,2026-10-01T21:20:41.000Z,en,4,0,0.09
github,https://x.com/i/status/2105769514067808362,2026-10-01T21:19:10.000Z,en,1,0,0.09
github,https://x.com/i/status/2105769129332359603,2026-10-01T21:17:38.000Z,en,33,5,0.04
github,https://x.com/i/status/2105768812742058141,2026-10-01T21:16:22.000Z,en,1,0,0.07
github,https://x.com/i/status/2105768507166081085,2026-10-01T21:15:10.000Z,en,9,0,0.12
github,https://x.com/i/status/2105766670296117672,2026-10-01T21:07:52.000Z,en,0,0,0.09
github,https://x.com/i/status/2105766612561453422,2026-10-01T21:07:38.000Z,zxx,5,2,0.1
github,https://x.com/i/status/2105765893657821227,2026-10-01T21:04:46.000Z,zxx,0,0,0.1
github,https://x.com/i/status/2105765210380439729,2026-10-01T21:02:04.000Z,en,2,0,0.1
github,https://x.com/i/status/2105764944004141065,2026-10-01T21:01:00.000Z,en,1,0,0.03
github,https://x.com/i/status/2105764783341674625,2026-10-01T21:00:22.000Z,zxx,0,0,0.08
github,https://x.com/i/status/2105764620514254852,2026-10-01T20:59:43.000Z,en,11,0,0.12
github,https://x.com/i/status/2105764342729728184,2026-10-01T20:58:37.000Z,en,1,0,0.05
agent-browser,https://x.com/i/status/2105756809273512316,2026-10-01T20:28:41.000Z,zh,2,0,0.88
agent-browser,https://x.com/i/status/2105745653196583332,2026-10-01T19:44:21.000Z,en,0,0,0.86
agent-browser,https://x.com/i/status/2105736528429506950,2026-10-01T19:08:05.000Z,en,2,0,0.5
agent-browser,https://x.com/i/status/2105722571320910126,2026-10-01T18:12:38.000Z,en,0,0,0.92
agent-browser,https://x.com/i/status/2105720093540049061,2026-10-01T18:02:47.000Z,en,4,0,0.8
agent-browser,https://x.com/i/status/2105706091791389089,2026-10-01T17:07:09.000Z,en,1,0,0.9
agent-browser,https://x.com/i/status/2105674430898970963,2026-10-01T15:01:20.000Z,zxx,4,0,0.28
agent-browser,https://x.com/i/status/2105662726655590821,2026-10-01T14:14:50.000Z,zxx,16,0,0.27
agent-browser,https://x.com/i/status/2105630116760203328,2026-10-01T12:05:15.000Z,en,0,0,0.93
agent-browser,https://x.com/i/status/2105623657003487427,2026-10-01T11:39:35.000Z,en,0,0,0.91
agent-browser,https://x.com/i/status/2105614208419483831,2026-10-01T11:02:02.000Z,en,2,0,0.96
agent-browser,https://x.com/i/status/2105561257474662690,2026-10-01T07:31:37.000Z,en,4,0,0.16
agent-browser,https://x.com/i/status/2105508816209293745,2026-10-01T04:03:14.000Z,en,1,0,0.94
agent-browser,https://x.com/i/status/2105444050505805980,2026-09-30T23:45:53.000Z,en,1,0,0.95
agent-browser,https://x.com/i/status/2105399638773866637,2026-09-30T20:49:24.000Z,en,2,0,0.42
agent-browser,https://x.com/i/status/2105397167267500099,2026-09-30T20:39:35.000Z,en,72,5,0.8
agent-browser,https://x.com/i/status/2105377879613702400,2026-09-30T19:22:57.000Z,en,0,0,0.85
agent-browser,https://x.com/i/status/2105374220280860889,2026-09-30T19:08:24.000Z,en,3,0,0.14
agent-browser,https://x.com/i/status/2105359494741970978,2026-09-30T18:09:53.000Z,en,1,0,0.96
agent-browser,https://x.com/i/status/2105298467601965496,2026-09-30T14:07:23.000Z,en,0,0,0.15
agent-browser,https://x.com/i/status/2105294182533480867,2026-09-30T13:50:22.000Z,en,0,0,0.31
agent-browser,https://x.com/i/status/2105281421078319213,2026-09-30T12:59:39.000Z,en,5,0,0.93
agent-browser,https://x.com/i/status/2105275246588887293,2026-09-30T12:35:07.000Z,zh,0,0,0.95
agent-browser,https://x.com/i/status/2105274006269997538,2026-09-30T12:30:11.000Z,en,0,0,0.9
agent-browser,https://x.com/i/status/2105273832156344683,2026-09-30T12:29:30.000Z,en,1,0,0.14
agent-browser,https://x.com/i/status/2105273449010635052,2026-09-30T12:27:58.000Z,en,0,0,0.1
agent-browser,https://x.com/i/status/2105266321193889902,2026-09-30T11:59:39.000Z,zh,1,0,0.93
agent-browser,https://x.com/i/status/2105242194110017808,2026-09-30T10:23:47.000Z,en,0,0,0.39
agent-browser,https://x.com/i/status/2105241336269942927,2026-09-30T10:20:22.000Z,en,2,0,0.66
agent-browser,https://x.com/i/status/2105240639848022463,2026-09-30T10:17:36.000Z,en,3,0,0.77
agent-browser,https://x.com/i/status/2105228660189925401,2026-09-30T09:30:00.000Z,tr,1,0,0.1
agent-browser,https://x.com/i/status/2105217594768896412,2026-09-30T08:46:02.000Z,en,37,2,0.95
agent-browser,https://x.com/i/status/2105202835134857560,2026-09-30T07:47:23.000Z,zh,3,0,0.91
agent-browser,https://x.com/i/status/2105192359403131321,2026-09-30T07:05:45.000Z,en,3,2,0.93
agent-browser,https://x.com/i/status/2105189734377267290,2026-09-30T06:55:19.000Z,en,1,0,0.25
agent-browser,https://x.com/i/status/2105158594316693883,2026-09-30T04:51:35.000Z,en,0,0,0.82
agent-browser,https://x.com/i/status/2105149339068743881,2026-09-30T04:14:48.000Z,en,0,0,0.89
agent-browser,https://x.com/i/status/2105146145899221335,2026-09-30T04:02:07.000Z,en,1,0,0.88
agent-browser,https://x.com/i/status/2105140515377205252,2026-09-30T03:39:45.000Z,en,1,0,0.73
agent-browser,https://x.com/i/status/2105110242967310391,2026-09-30T01:39:27.000Z,en,1,0,0.25
agent-browser,https://x.com/i/status/2105097831769923828,2026-09-30T00:50:08.000Z,en,1,0,0.88
agent-browser,https://x.com/i/status/2105013625924583424,2026-09-29T19:15:32.000Z,en,3,0,0.49
agent-browser,https://x.com/i/status/2104990403736809669,2026-09-29T17:43:15.000Z,en,11,1,0.15
agent-browser,https://x.com/i/status/2104989512174866509,2026-09-29T17:39:43.000Z,en,9,1,0.34
agent-browser,https://x.com/i/status/2104976851974447612,2026-09-29T16:49:24.000Z,en,4,0,0.88
agent-browser,https://x.com/i/status/2104970808389251483,2026-09-29T16:25:23.000Z,zh,0,0,0.94
agent-browser,https://x.com/i/status/2104946662984782095,2026-09-29T14:49:27.000Z,en,0,0,0.95
agent-browser,https://x.com/i/status/2104937707243807062,2026-09-29T14:13:51.000Z,en,1,0,0.29
agent-browser,https://x.com/i/status/2104933954705105259,2026-09-29T13:58:57.000Z,en,2,1,0.59
agent-browser,https://x.com/i/status/2104933563976360121,2026-09-29T13:57:24.000Z,en,2,0,0.26
agent-browser,https://x.com/i/status/2104928025234350083,2026-09-29T13:35:23.000Z,zh,1,0,0.94
agent-browser,https://x.com/i/status/2104923533184839952,2026-09-29T13:17:32.000Z,en,6,2,0.1
agent-browser,https://x.com/i/status/2104916799091593709,2026-09-29T12:50:47.000Z,zh,19,0,0.94
agent-browser,https://x.com/i/status/2104899742044131422,2026-09-29T11:43:00.000Z,ja,2,0,0.93
agent-browser,https://x.com/i/status/2104882814361509968,2026-09-29T10:35:44.000Z,en,0,0,0.9
agent-browser,https://x.com/i/status/2104877875463627143,2026-09-29T10:16:06.000Z,en,1,0,0.86
agent-browser,https://x.com/i/status/2104851675085488622,2026-09-29T08:32:00.000Z,zh,0,0,0.95
agent-browser,https://x.com/i/status/2104802609009762598,2026-09-29T05:17:01.000Z,es,0,0,0.92
agent-browser,https://x.com/i/status/2104739995017760942,2026-09-29T01:08:13.000Z,en,0,0,0.39
agent-browser,https://x.com/i/status/2104739919100813531,2026-09-29T01:07:55.000Z,en,0,0,0.53
agent-browser,https://x.com/i/status/2104737211417584066,2026-09-29T00:57:09.000Z,en,0,0,0.87
agent-browser,https://x.com/i/status/2104699390682341791,2026-09-28T22:26:52.000Z,en,8,1,0.4
agent-browser,https://x.com/i/status/2104676521311187023,2026-09-28T20:56:00.000Z,en,0,0,0.23
agent-browser,https://x.com/i/status/2104666456000700826,2026-09-28T20:16:00.000Z,en,2,1,0.9
agent-browser,https://x.com/i/status/2104647375298154893,2026-09-28T19:00:11.000Z,en,0,0,0.95
agent-browser,https://x.com/i/status/2104645818896814514,2026-09-28T18:54:00.000Z,en,2,0,0.24
agent-browser,https://x.com/i/status/2104628127167107543,2026-09-28T17:43:42.000Z,en,0,0,0.15
agent-browser,https://x.com/i/status/2104601024195358990,2026-09-28T15:56:00.000Z,en,2,0,0.84
agent-browser,https://x.com/i/status/2104600737644794162,2026-09-28T15:54:52.000Z,pt,1,0,0.94
agent-browser,https://x.com/i/status/2104589196736266567,2026-09-28T15:09:00.000Z,en,4,1,0.71
agent-browser,https://x.com/i/status/2104587888054984876,2026-09-28T15:03:48.000Z,en,1,0,0.84
agent-browser,https://x.com/i/status/2104578281274220877,2026-09-28T14:25:38.000Z,en,1,0,0.94
agent-browser,https://x.com/i/status/2104556004252008510,2026-09-28T12:57:06.000Z,zxx,7,5,0.21
agent-browser,https://x.com/i/status/2104549000443482380,2026-09-28T12:29:16.000Z,en,0,0,0.96
agent-browser,https://x.com/i/status/2104541288850731447,2026-09-28T11:58:38.000Z,en,0,0,0.94
agent-browser,https://x.com/i/status/2104534850413936893,2026-09-28T11:33:03.000Z,en,0,0,0.88
agent-browser,https://x.com/i/status/2104511862096249128,2026-09-28T10:01:42.000Z,en,0,0,0.86
agent-browser,https://x.com/i/status/2104511844421366134,2026-09-28T10:01:38.000Z,en,0,0,0.79
agent-browser,https://x.com/i/status/2104481297783468431,2026-09-28T08:00:15.000Z,en,2,0,0.87
agent-browser,https://x.com/i/status/2104477444371521549,2026-09-28T07:44:56.000Z,en,172,14,0.04
agent-browser,https://x.com/i/status/2104476922344587654,2026-09-28T07:42:52.000Z,zh,1,0,0.27
agent-browser,https://x.com/i/status/2104473590733140088,2026-09-28T07:29:37.000Z,en,2,0,0.92
agent-browser,https://x.com/i/status/2104421925455909102,2026-09-28T04:04:19.000Z,en,0,0,0.24
agent-browser,https://x.com/i/status/2104406990520725729,2026-09-28T03:04:59.000Z,en,2,0,0.16
agent-browser,https://x.com/i/status/2104406847218401362,2026-09-28T03:04:25.000Z,pt,2,0,0.15
agent-browser,https://x.com/i/status/2104378928148390192,2026-09-28T01:13:28.000Z,en,1,0,0.71
agent-browser,https://x.com/i/status/2104366707145920779,2026-09-28T00:24:54.000Z,en,28,3,0.35
agent-browser,https://x.com/i/status/2104356285726773472,2026-09-27T23:43:30.000Z,en,1,0,0.9
agent-browser,https://x.com/i/status/2104292523573383474,2026-09-27T19:30:08.000Z,en,4,0,0.82
agent-browser,https://x.com/i/status/2104269187078308329,2026-09-27T17:57:24.000Z,en,0,0,0.95
agent-browser,https://x.com/i/status/2104268037348364377,2026-09-27T17:52:50.000Z,en,1,0,0.13
agent-browser,https://x.com/i/status/2104229110189011324,2026-09-27T15:18:09.000Z,ja,2,0,0.93
agent-browser,https://x.com/i/status/2104228950616748088,2026-09-27T15:17:31.000Z,zh,17,0,0.09
agent-browser,https://x.com/i/status/2104223730234757350,2026-09-27T14:56:46.000Z,pt,0,0,0.78
agent-browser,https://x.com/i/status/2104214756731261011,2026-09-27T14:21:07.000Z,zh,0,0,0.78
agent-browser,https://x.com/i/status/2104213171603202346,2026-09-27T14:14:49.000Z,en,1,0,0.94
agent-browser,https://x.com/i/status/2104196609445597611,2026-09-27T13:09:00.000Z,en,1,0,0.2
agent-browser,https://x.com/i/status/2104165278284153181,2026-09-27T11:04:30.000Z,en,1,0,0.95
agent-browser,https://x.com/i/status/2104158860068175886,2026-09-27T10:39:00.000Z,en,2,0,0.94
agent-browser,https://x.com/i/status/2104113499630944284,2026-09-27T07:38:45.000Z,ja,3,1,0.07
ontology,https://x.com/i/status/2105811835974828292,2026-10-02T00:07:20.000Z,en,0,0,0.84
ontology,https://x.com/i/status/2105755176363770216,2026-10-01T20:22:11.000Z,en,2,2,0.7
ontology,https://x.com/i/status/2105754504608309728,2026-10-01T20:19:31.000Z,en,9,0,0.49
ontology,https://x.com/i/status/2105735650045493734,2026-10-01T19:04:36.000Z,en,2,0,0.06
ontology,https://x.com/i/status/2105712765705019436,2026-10-01T17:33:40.000Z,en,0,0,0.03
ontology,https://x.com/i/status/2105709099539194349,2026-10-01T17:19:06.000Z,en,22,1,0.06
ontology,https://x.com/i/status/2105673950445363245,2026-10-01T14:59:25.000Z,en,1,0,0.2
ontology,https://x.com/i/status/2105665776728572039,2026-10-01T14:26:57.000Z,en,0,0,0.34
ontology,https://x.com/i/status/2105665621996310651,2026-10-01T14:26:20.000Z,zxx,1,0,0.15
ontology,https://x.com/i/status/2105651424680178144,2026-10-01T13:29:55.000Z,zxx,1,0,0.14
ontology,https://x.com/i/status/2105617004002672705,2026-10-01T11:13:08.000Z,en,0,0,0.06
ontology,https://x.com/i/status/2105600565199667526,2026-10-01T10:07:49.000Z,en,0,0,0.06
ontology,https://x.com/i/status/2105600549827604607,2026-10-01T10:07:45.000Z,en,0,0,0.06
ontology,https://x.com/i/status/2105591942415360435,2026-10-01T09:33:33.000Z,en,0,0,0.1
ontology,https://x.com/i/status/2105531895077372077,2026-10-01T05:34:57.000Z,en,0,0,0.13
ontology,https://x.com/i/status/2105523839270830334,2026-10-01T05:02:56.000Z,en,10,0,0.48
ontology,https://x.com/i/status/2105510597697978803,2026-10-01T04:10:19.000Z,en,4,0,0.07
ontology,https://x.com/i/status/2105509225502019842,2026-10-01T04:04:52.000Z,en,100,46,0.05
ontology,https://x.com/i/status/2105455419191689352,2026-10-01T00:31:04.000Z,en,1,0,0.04
ontology,https://x.com/i/status/2105454618176102414,2026-10-01T00:27:53.000Z,en,0,0,0.04
ontology,https://x.com/i/status/2105454334876246028,2026-10-01T00:26:45.000Z,zxx,3,0,0.14
ontology,https://x.com/i/status/2105411651671404906,2026-09-30T21:37:09.000Z,en,0,0,0.16
ontology,https://x.com/i/status/2105388643649040562,2026-09-30T20:05:43.000Z,en,2,0,0.65
ontology,https://x.com/i/status/2105359365418979648,2026-09-30T18:09:23.000Z,en,0,0,0.09
ontology,https://x.com/i/status/2105358058365067351,2026-09-30T18:04:11.000Z,en,4,0,0.58
ontology,https://x.com/i/status/2105356570586386908,2026-09-30T17:58:16.000Z,en,0,0,0.09
ontology,https://x.com/i/status/2105317759135498291,2026-09-30T15:24:03.000Z,en,22,2,0.08
ontology,https://x.com/i/status/2105316503453127140,2026-09-30T15:19:03.000Z,en,0,0,0.13
ontology,https://x.com/i/status/2105293838533394939,2026-09-30T13:49:00.000Z,en,0,0,0.58
ontology,https://x.com/i/status/2105250710602568106,2026-09-30T10:57:37.000Z,en,2,0,0.41
ontology,https://x.com/i/status/2105159806612816091,2026-09-30T04:56:24.000Z,en,3,0,0.63
ontology,https://x.com/i/status/2105109877437960568,2026-09-30T01:38:00.000Z,zh,13,6,0.74
ontology,https://x.com/i/status/2105107361908064589,2026-09-30T01:28:00.000Z,en,1,0,0.13
ontology,https://x.com/i/status/2105087277450076646,2026-09-30T00:08:12.000Z,en,3,0,0.58
ontology,https://x.com/i/status/2105080278763098551,2026-09-29T23:40:23.000Z,en,1,0,0.59
ontology,https://x.com/i/status/2105055542074904995,2026-09-29T22:02:05.000Z,en,0,0,0.16
ontology,https://x.com/i/status/2105018610628407703,2026-09-29T19:35:20.000Z,en,0,0,0.05
ontology,https://x.com/i/status/2105017148552704252,2026-09-29T19:29:32.000Z,en,0,0,0.07
ontology,https://x.com/i/status/2104992519234654483,2026-09-29T17:51:40.000Z,en,1,0,0.33
ontology,https://x.com/i/status/2104984983118950763,2026-09-29T17:21:43.000Z,en,0,0,0.06
ontology,https://x.com/i/status/2104956935678181497,2026-09-29T15:30:16.000Z,en,81,7,0.08
ontology,https://x.com/i/status/2104950282727600566,2026-09-29T15:03:50.000Z,en,0,0,0.67
ontology,https://x.com/i/status/2104919817702527402,2026-09-29T13:02:46.000Z,en,0,0,0.08
ontology,https://x.com/i/status/2104919778846552069,2026-09-29T13:02:37.000Z,en,1,0,0.06
ontology,https://x.com/i/status/2104902412808954251,2026-09-29T11:53:37.000Z,en,0,0,0.15
ontology,https://x.com/i/status/2104853924851445954,2026-09-29T08:40:56.000Z,ja,0,0,0.75
ontology,https://x.com/i/status/2104847380814401687,2026-09-29T08:14:56.000Z,ja,11,1,0.49
ontology,https://x.com/i/status/2104837713736159676,2026-09-29T07:36:31.000Z,en,11,8,0.47
ontology,https://x.com/i/status/2104833570342658151,2026-09-29T07:20:03.000Z,en,6,0,0.37
ontology,https://x.com/i/status/2104821319443661262,2026-09-29T06:31:22.000Z,en,2,1,0.7
ontology,https://x.com/i/status/2104773845622378660,2026-09-29T03:22:44.000Z,ja,6,3,0.56
ontology,https://x.com/i/status/2104771066145259965,2026-09-29T03:11:41.000Z,zxx,0,0,0.15
ontology,https://x.com/i/status/2104754715359903762,2026-09-29T02:06:43.000Z,zxx,1,0,0.17
ontology,https://x.com/i/status/2104739506893271353,2026-09-29T01:06:17.000Z,zxx,10,2,0.16
ontology,https://x.com/i/status/2104697069302870045,2026-09-28T22:17:39.000Z,en,1,0,0.68
ontology,https://x.com/i/status/2104695604085666188,2026-09-28T22:11:50.000Z,en,1,0,0.58
ontology,https://x.com/i/status/2104675604406628825,2026-09-28T20:52:21.000Z,en,1,0,0.66
ontology,https://x.com/i/status/2104655248044544051,2026-09-28T19:31:28.000Z,en,4,0,0.26
ontology,https://x.com/i/status/2104641093036118325,2026-09-28T18:35:13.000Z,en,0,1,0.04
ontology,https://x.com/i/status/2104632936511475792,2026-09-28T18:02:48.000Z,en,0,0,0.82
ontology,https://x.com/i/status/2104632588279415180,2026-09-28T18:01:25.000Z,en,2,0,0.33
ontology,https://x.com/i/status/2104628914647937474,2026-09-28T17:46:50.000Z,en,0,0,0.84
ontology,https://x.com/i/status/2104624788023198042,2026-09-28T17:30:26.000Z,en,1,0,0.72
ontology,https://x.com/i/status/2104623068194672739,2026-09-28T17:23:36.000Z,en,1,0,0.09
ontology,https://x.com/i/status/2104615324855517343,2026-09-28T16:52:49.000Z,en,1,0,0.83
ontology,https://x.com/i/status/2104613637533089984,2026-09-28T16:46:07.000Z,en,10,7,0.43
ontology,https://x.com/i/status/2104606560726978785,2026-09-28T16:18:00.000Z,en,1,0,0.15
ontology,https://x.com/i/status/2104604060825367006,2026-09-28T16:08:04.000Z,en,12,0,0.73
ontology,https://x.com/i/status/2104598883498094958,2026-09-28T15:47:30.000Z,en,1,0,0.08
ontology,https://x.com/i/status/2104586572100448446,2026-09-28T14:58:34.000Z,en,0,0,0.06
ontology,https://x.com/i/status/2104565083665805383,2026-09-28T13:33:11.000Z,zxx,14,3,0.11
ontology,https://x.com/i/status/2104545453035471141,2026-09-28T12:15:11.000Z,en,0,0,0.24
ontology,https://x.com/i/status/2104542893700440304,2026-09-28T12:05:01.000Z,en,0,0,0.15
ontology,https://x.com/i/status/2104540551072604214,2026-09-28T11:55:42.000Z,en,0,0,0.29
ontology,https://x.com/i/status/2104539662526108032,2026-09-28T11:52:10.000Z,en,0,0,0.17
ontology,https://x.com/i/status/2104537912683479453,2026-09-28T11:45:13.000Z,en,0,0,0.21
ontology,https://x.com/i/status/2104536955459453437,2026-09-28T11:41:25.000Z,en,0,0,0.14
ontology,https://x.com/i/status/2104530096975647175,2026-09-28T11:14:10.000Z,en,1,0,0.84
ontology,https://x.com/i/status/2104516278799278114,2026-09-28T10:19:15.000Z,zxx,0,0,0.24
ontology,https://x.com/i/status/2104496428861313521,2026-09-28T09:00:22.000Z,ja,0,0,0.29
ontology,https://x.com/i/status/2104490892979818723,2026-09-28T08:38:23.000Z,zxx,1,0,0.15
ontology,https://x.com/i/status/2104490498987905095,2026-09-28T08:36:49.000Z,en,3,0,0.57
ontology,https://x.com/i/status/2104480802868478109,2026-09-28T07:58:17.000Z,zxx,0,1,0.25
ontology,https://x.com/i/status/2104473957701214461,2026-09-28T07:31:05.000Z,en,4,0,0.55
ontology,https://x.com/i/status/2104469919563673708,2026-09-28T07:15:02.000Z,en,3,0,0.54
ontology,https://x.com/i/status/2104468940394987671,2026-09-28T07:11:09.000Z,en,3,0,0.64
ontology,https://x.com/i/status/2104460110512750854,2026-09-28T06:36:03.000Z,en,0,0,0.72
ontology,https://x.com/i/status/2104446683950301213,2026-09-28T05:42:42.000Z,zh,8,3,0.48
ontology,https://x.com/i/status/2104442723944329385,2026-09-28T05:26:58.000Z,zh,52,39,0.46
ontology,https://x.com/i/status/2104442556083794155,2026-09-28T05:26:18.000Z,en,4,0,0.59
ontology,https://x.com/i/status/2104423177317142626,2026-09-28T04:09:18.000Z,en,1,1,0.05
ontology,https://x.com/i/status/2104404443668021728,2026-09-28T02:54:51.000Z,en,1,0,0.06
ontology,https://x.com/i/status/2104366327834309091,2026-09-28T00:23:24.000Z,en,2,0,0.09
ontology,https://x.com/i/status/2104313578257858848,2026-09-27T20:53:47.000Z,en,2,1,0.05
ontology,https://x.com/i/status/2104263416252625124,2026-09-27T17:34:28.000Z,zxx,147,20,0.1
ontology,https://x.com/i/status/2104260245346193728,2026-09-27T17:21:52.000Z,en,1,0,0.05
ontology,https://x.com/i/status/2104219802558505000,2026-09-27T14:41:10.000Z,en,1,0,0.34
ontology,https://x.com/i/status/2104215466939945452,2026-09-27T14:23:56.000Z,en,4,0,0.66
ontology,https://x.com/i/status/2104213422841921554,2026-09-27T14:15:49.000Z,en,1,0,0.61
ontology,https://x.com/i/status/2104212807528902733,2026-09-27T14:13:22.000Z,en,2,0,0.63
tdd,https://x.com/i/status/2105818480704663771,2026-10-02T00:33:44.000Z,en,0,0,0.6
tdd,https://x.com/i/status/2105802561689391343,2026-10-01T23:30:29.000Z,en,2,0,0.8
tdd,https://x.com/i/status/2105801054126563351,2026-10-01T23:24:29.000Z,en,1,0,0.55
tdd,https://x.com/i/status/2105793640039907368,2026-10-01T22:55:02.000Z,en,0,0,0.21
tdd,https://x.com/i/status/2105787706156667330,2026-10-01T22:31:27.000Z,en,9,0,0.61
tdd,https://x.com/i/status/2105784585506144425,2026-10-01T22:19:03.000Z,en,1,0,0.54
tdd,https://x.com/i/status/2105784262624677895,2026-10-01T22:17:46.000Z,en,0,0,0.69
tdd,https://x.com/i/status/2105784230202712179,2026-10-01T22:17:38.000Z,zh,0,0,0.61
tdd,https://x.com/i/status/2105714739380973975,2026-10-01T17:41:30.000Z,en,202,11,0.45
tdd,https://x.com/i/status/2105702806820737281,2026-10-01T16:54:05.000Z,en,9,0,0.53
tdd,https://x.com/i/status/2105659483640725935,2026-10-01T14:01:56.000Z,zh,2,0,0.02
tdd,https://x.com/i/status/2105658856499978649,2026-10-01T13:59:27.000Z,zh,1,0,0.79
tdd,https://x.com/i/status/2105613845222101339,2026-10-01T11:00:35.000Z,en,3,0,0.36
tdd,https://x.com/i/status/2105519928044646773,2026-10-01T04:47:24.000Z,ja,1,0,0.05
tdd,https://x.com/i/status/2105401230835187769,2026-09-30T20:55:44.000Z,zh,2,0,0.27
tdd,https://x.com/i/status/2105348884704923849,2026-09-30T17:27:44.000Z,en,0,0,0.78
tdd,https://x.com/i/status/2105293207521091832,2026-09-30T13:46:29.000Z,en,63,19,0.81
tdd,https://x.com/i/status/2105284536284090435,2026-09-30T13:12:02.000Z,en,1,1,0.57
tdd,https://x.com/i/status/2105254330626351118,2026-09-30T11:12:00.000Z,en,0,0,0.69
tdd,https://x.com/i/status/2105252564623311263,2026-09-30T11:04:59.000Z,en,0,0,0.92
tdd,https://x.com/i/status/2105252031564804209,2026-09-30T11:02:52.000Z,en,0,0,0.93
tdd,https://x.com/i/status/2105248152022610164,2026-09-30T10:47:27.000Z,zh,0,0,0.73
tdd,https://x.com/i/status/2105161961998533052,2026-09-30T05:04:58.000Z,tr,0,0,0.23
tdd,https://x.com/i/status/2105125983099732112,2026-09-30T02:42:00.000Z,zh,3,0,0.08
tdd,https://x.com/i/status/2105124806559752650,2026-09-30T02:37:19.000Z,zh,0,0,0.25
tdd,https://x.com/i/status/2105111280759533832,2026-09-30T01:43:35.000Z,en,0,0,0.54
tdd,https://x.com/i/status/2105096577563955431,2026-09-30T00:45:09.000Z,en,1,0,0.93
tdd,https://x.com/i/status/2105010792110100706,2026-09-29T19:04:16.000Z,en,1,0,0.43
tdd,https://x.com/i/status/2104948862708318549,2026-09-29T14:58:11.000Z,en,0,0,0.03
tdd,https://x.com/i/status/2104917617337135509,2026-09-29T12:54:02.000Z,en,2,0,0.1
tdd,https://x.com/i/status/2104913641426301092,2026-09-29T12:38:14.000Z,en,4,0,0.36
tdd,https://x.com/i/status/2104910287971233902,2026-09-29T12:24:54.000Z,pt,4,0,0.46
tdd,https://x.com/i/status/2104851423959851119,2026-09-29T08:31:00.000Z,en,320,24,0.52
tdd,https://x.com/i/status/2104804347788058745,2026-09-29T05:23:56.000Z,en,2,0,0.12
tdd,https://x.com/i/status/2104779003915825451,2026-09-29T03:43:14.000Z,ja,0,0,0.46
tdd,https://x.com/i/status/2104714012495884369,2026-09-28T23:24:58.000Z,en,0,0,0.49
tdd,https://x.com/i/status/2104602063959175263,2026-09-28T16:00:08.000Z,en,0,0,0.43
tdd,https://x.com/i/status/2104586196206997592,2026-09-28T14:57:05.000Z,en,3,0,0.44
tdd,https://x.com/i/status/2104548793572008375,2026-09-28T12:28:27.000Z,en,1,0,0.25
tdd,https://x.com/i/status/2104462246688788879,2026-09-28T06:44:33.000Z,en,0,0,0.46
tdd,https://x.com/i/status/2104360486758203829,2026-09-28T00:00:11.000Z,en,0,0,0.93
tdd,https://x.com/i/status/2104253427622768670,2026-09-27T16:54:46.000Z,en,45,1,0.87
tdd,https://x.com/i/status/2104247974977306788,2026-09-27T16:33:06.000Z,en,0,0,0.82
tdd,https://x.com/i/status/2104235653802459475,2026-09-27T15:44:09.000Z,en,3,0,0.78
tdd,https://x.com/i/status/2104202743762100310,2026-09-27T13:33:22.000Z,fr,2,0,0.71
tdd,https://x.com/i/status/2104184919513510397,2026-09-27T12:22:33.000Z,en,0,0,0.36
tdd,https://x.com/i/status/2104144094704423011,2026-09-27T09:40:19.000Z,en,0,0,0.13
tdd,https://x.com/i/status/2104099730544583107,2026-09-27T06:44:02.000Z,en,3,5,0.06
tdd,https://x.com/i/status/2103984534702157836,2026-09-26T23:06:17.000Z,es,0,0,0.7
tdd,https://x.com/i/status/2103951344675496141,2026-09-26T20:54:24.000Z,en,0,0,0.92
tdd,https://x.com/i/status/2103888335509016868,2026-09-26T16:44:02.000Z,en,1,0,0.48
tdd,https://x.com/i/status/2103877386882146548,2026-09-26T16:00:31.000Z,en,12,4,0.92
tdd,https://x.com/i/status/2103873439765242269,2026-09-26T15:44:50.000Z,pt,0,0,0.05
tdd,https://x.com/i/status/2103857066725286280,2026-09-26T14:39:47.000Z,zxx,2,0,0.1
tdd,https://x.com/i/status/2103855069406085262,2026-09-26T14:31:50.000Z,en,32,8,0.07
tdd,https://x.com/i/status/2103845309545693538,2026-09-26T13:53:04.000Z,en,44,9,0.44
tdd,https://x.com/i/status/2103834270095827317,2026-09-26T13:09:11.000Z,en,3,0,0.1
tdd,https://x.com/i/status/2103816870587715846,2026-09-26T12:00:03.000Z,en,5,0,0.44
tdd,https://x.com/i/status/2103764437643472938,2026-09-26T08:31:42.000Z,en,0,0,0.4
tdd,https://x.com/i/status/2103725752009044013,2026-09-26T05:57:59.000Z,en,98,6,0.02
tdd,https://x.com/i/status/2103718365894213923,2026-09-26T05:28:38.000Z,en,0,0,0.48
tdd,https://x.com/i/status/2103687573948235923,2026-09-26T03:26:16.000Z,en,6,0,0.14
tdd,https://x.com/i/status/2103651219713691668,2026-09-26T01:01:49.000Z,ja,76,10,0.88
tdd,https://x.com/i/status/2103606451625402430,2026-09-25T22:03:55.000Z,en,1,0,0.95
tdd,https://x.com/i/status/2103526385465921983,2026-09-25T16:45:46.000Z,en,0,0,0.16
tdd,https://x.com/i/status/2103492883479196064,2026-09-25T14:32:39.000Z,en,1,0,0.57
tdd,https://x.com/i/status/2103492506013077652,2026-09-25T14:31:09.000Z,ja,1,0,0.88
tdd,https://x.com/i/status/2103477321697280173,2026-09-25T13:30:48.000Z,en,1,0,0.59
tdd,https://x.com/i/status/2103462008821514716,2026-09-25T12:29:57.000Z,en,0,0,0.92
tdd,https://x.com/i/status/2103443217912152554,2026-09-25T11:15:17.000Z,en,0,0,0.45
tdd,https://x.com/i/status/2103433581292900553,2026-09-25T10:37:00.000Z,ja,6,0,0.49
tdd,https://x.com/i/status/2103433480919240915,2026-09-25T10:36:36.000Z,en,1,0,0.59
tdd,https://x.com/i/status/2103432317150581115,2026-09-25T10:31:58.000Z,en,0,0,0.61
tdd,https://x.com/i/status/2103353556262961308,2026-09-25T05:19:00.000Z,en,2,0,0.66
tdd,https://x.com/i/status/2103310499526197703,2026-09-25T02:27:55.000Z,en,43,4,0.13
tdd,https://x.com/i/status/2103287635196424403,2026-09-25T00:57:04.000Z,en,0,0,0.21
gog,https://x.com/i/status/2105816877775646832,2026-10-02T00:27:22.000Z,en,0,0,0.02
gog,https://x.com/i/status/2105675495094252008,2026-10-01T15:05:34.000Z,en,0,0,0.04
gog,https://x.com/i/status/2105636825771729388,2026-10-01T12:31:54.000Z,en,0,0,0.01
gog,https://x.com/i/status/2105636580878893196,2026-10-01T12:30:56.000Z,en,0,0,0.02
gog,https://x.com/i/status/2105636202451960220,2026-10-01T12:29:26.000Z,en,0,0,0.02
gog,https://x.com/i/status/2105633843654836271,2026-10-01T12:20:03.000Z,en,0,0,0.02
gog,https://x.com/i/status/2105633418159501531,2026-10-01T12:18:22.000Z,en,0,0,0.02
gog,https://x.com/i/status/2105627834127647093,2026-10-01T11:56:10.000Z,en,0,0,0.02
gog,https://x.com/i/status/2105623427952283707,2026-10-01T11:38:40.000Z,en,1,0,0.02
gog,https://x.com/i/status/2105584624172666904,2026-10-01T09:04:28.000Z,tr,1,0,0.03
gog,https://x.com/i/status/2105318438537154565,2026-09-30T15:26:45.000Z,en,3,1,0.08
gog,https://x.com/i/status/2105222922239422727,2026-09-30T09:07:12.000Z,en,0,0,0.02
gog,https://x.com/i/status/2105149126086402368,2026-09-30T04:13:58.000Z,en,3,0,0.02
gog,https://x.com/i/status/2104690664927793451,2026-09-28T21:52:12.000Z,en,25,0,0.04
gog,https://x.com/i/status/2104468565554503766,2026-09-28T07:09:39.000Z,en,0,0,0.06
gog,https://x.com/i/status/2104466369802547222,2026-09-28T07:00:56.000Z,en,0,0,0.02
gog,https://x.com/i/status/2104256401291792721,2026-09-27T17:06:35.000Z,en,2,0,0.02
gog,https://x.com/i/status/2104242885088698383,2026-09-27T16:12:53.000Z,en,0,0,0.45
gog,https://x.com/i/status/2104144976318017584,2026-09-27T09:43:50.000Z,en,0,0,0.03
gog,https://x.com/i/status/2103455156117397664,2026-09-25T12:02:44.000Z,en,0,0,0.02
frontend-design,https://x.com/i/status/2105760509572108383,2026-10-01T20:43:23.000Z,en,0,0,0.94
frontend-design,https://x.com/i/status/2105696128444342374,2026-10-01T16:27:33.000Z,en,0,0,0.84
frontend-design,https://x.com/i/status/2105690033839657434,2026-10-01T16:03:20.000Z,en,0,0,0.95
frontend-design,https://x.com/i/status/2105650689963901179,2026-10-01T13:27:00.000Z,zh,1,0,0.91
frontend-design,https://x.com/i/status/2105649432502927666,2026-10-01T13:22:00.000Z,zh,1,0,0.09
frontend-design,https://x.com/i/status/2105646047221690609,2026-10-01T13:08:33.000Z,en,0,0,0.32
frontend-design,https://x.com/i/status/2105638354142527782,2026-10-01T12:37:59.000Z,ru,1,0,0.28
frontend-design,https://x.com/i/status/2105593362405589252,2026-10-01T09:39:12.000Z,en,51,14,0.06
frontend-design,https://x.com/i/status/2105579067156078941,2026-10-01T08:42:24.000Z,en,1,0,0.41
frontend-design,https://x.com/i/status/2105501281603531050,2026-10-01T03:33:18.000Z,ja,68,3,0.05
frontend-design,https://x.com/i/status/2105418408208544085,2026-09-30T22:03:59.000Z,en,2,0,0.92
frontend-design,https://x.com/i/status/2105386370500034987,2026-09-30T19:56:41.000Z,zxx,0,0,0.29
frontend-design,https://x.com/i/status/2105372308722331985,2026-09-30T19:00:48.000Z,en,0,0,0.02
frontend-design,https://x.com/i/status/2105358650650890634,2026-09-30T18:06:32.000Z,en,2,0,0.79
frontend-design,https://x.com/i/status/2105355010355896755,2026-09-30T17:52:04.000Z,en,1,0,0.87
frontend-design,https://x.com/i/status/2105311836190978392,2026-09-30T15:00:31.000Z,zxx,14,1,0.26
frontend-design,https://x.com/i/status/2105281344834040199,2026-09-30T12:59:21.000Z,zxx,27,9,0.28
frontend-design,https://x.com/i/status/2105258083609985101,2026-09-30T11:26:55.000Z,und,0,0,0.1
frontend-design,https://x.com/i/status/2105073010713764251,2026-09-29T23:11:30.000Z,en,6,0,0.42
frontend-design,https://x.com/i/status/2105060379868979492,2026-09-29T22:21:19.000Z,pt,0,0,0.95
frontend-design,https://x.com/i/status/2105040956886004131,2026-09-29T21:04:08.000Z,en,0,0,0.69
frontend-design,https://x.com/i/status/2105040505000034809,2026-09-29T21:02:20.000Z,en,0,0,0.48
frontend-design,https://x.com/i/status/2105002654003028313,2026-09-29T18:31:56.000Z,ja,1,0,0.91
frontend-design,https://x.com/i/status/2104934232036434078,2026-09-29T14:00:03.000Z,en,17,3,0.43
frontend-design,https://x.com/i/status/2104768267600408770,2026-09-29T03:00:34.000Z,en,0,0,0.41
frontend-design,https://x.com/i/status/2104768266237329445,2026-09-29T03:00:34.000Z,en,1,0,0.97
frontend-design,https://x.com/i/status/2104678279651434659,2026-09-28T21:02:59.000Z,en,1,0,0.69
frontend-design,https://x.com/i/status/2104654059982487962,2026-09-28T19:26:45.000Z,en,1,0,0.48
frontend-design,https://x.com/i/status/2104636759753867431,2026-09-28T18:18:00.000Z,en,1,0,0.46
frontend-design,https://x.com/i/status/2104633022926450842,2026-09-28T18:03:09.000Z,en,0,0,0.3
frontend-design,https://x.com/i/status/2104618101514125578,2026-09-28T17:03:51.000Z,en,0,0,0.97
frontend-design,https://x.com/i/status/2104593356332343470,2026-09-28T15:25:32.000Z,zxx,18,0,0.31
frontend-design,https://x.com/i/status/2104591270568206487,2026-09-28T15:17:14.000Z,ja,0,0,0.95
frontend-design,https://x.com/i/status/2104586920361590907,2026-09-28T14:59:57.000Z,zxx,30,1,0.23
frontend-design,https://x.com/i/status/2104585635772211225,2026-09-28T14:54:51.000Z,en,0,0,0.87
frontend-design,https://x.com/i/status/2104568262042464460,2026-09-28T13:45:49.000Z,ja,1,0,0.97
frontend-design,https://x.com/i/status/2104526951973109852,2026-09-28T11:01:40.000Z,ja,485,32,0.98
frontend-design,https://x.com/i/status/2104495157315854556,2026-09-28T08:55:19.000Z,en,86,27,0.85
frontend-design,https://x.com/i/status/2104494230072676842,2026-09-28T08:51:38.000Z,en,0,0,0.34
frontend-design,https://x.com/i/status/2104434677108912380,2026-09-28T04:55:00.000Z,en,8,0,0.62
frontend-design,https://x.com/i/status/2104427842901532929,2026-09-28T04:27:50.000Z,zh,17,5,0.09
frontend-design,https://x.com/i/status/2104259423690481921,2026-09-27T17:18:36.000Z,es,7,0,0.96
frontend-design,https://x.com/i/status/2104239732850831612,2026-09-27T16:00:21.000Z,en,1,0,0.96
frontend-design,https://x.com/i/status/2104224767075106977,2026-09-27T15:00:53.000Z,en,18,0,0.33
frontend-design,https://x.com/i/status/2104209657447215469,2026-09-27T14:00:51.000Z,en,2,0,0.17
frontend-design,https://x.com/i/status/2104194211826561439,2026-09-27T12:59:28.000Z,ja,0,0,0.96
frontend-design,https://x.com/i/status/2104157087315980673,2026-09-27T10:31:57.000Z,en,0,0,0.03
frontend-design,https://x.com/i/status/2104051834315030977,2026-09-27T03:33:43.000Z,en,7,0,0.94
frontend-design,https://x.com/i/status/2103873769165185377,2026-09-26T15:46:09.000Z,ja,0,0,0.79
frontend-design,https://x.com/i/status/2103820696736469350,2026-09-26T12:15:15.000Z,pt,0,0,0.94
frontend-design,https://x.com/i/status/2103815749756465414,2026-09-26T11:55:36.000Z,zh,0,0,0.97
frontend-design,https://x.com/i/status/2103815389499322650,2026-09-26T11:54:10.000Z,zh,0,0,0.97
frontend-design,https://x.com/i/status/2103804098537476502,2026-09-26T11:09:18.000Z,en,1,0,0.31
frontend-design,https://x.com/i/status/2103731345830912444,2026-09-26T06:20:12.000Z,en,0,0,0.97
frontend-design,https://x.com/i/status/2103657805899280822,2026-09-26T01:27:59.000Z,ja,8,0,0.35
frontend-design,https://x.com/i/status/2103643887784833325,2026-09-26T00:32:41.000Z,en,1,0,0.97
frontend-design,https://x.com/i/status/2103613019658092928,2026-09-25T22:30:01.000Z,ja,5,0,0.95
frontend-design,https://x.com/i/status/2103498327216337330,2026-09-25T14:54:16.000Z,zh,82,20,0.15
frontend-design,https://x.com/i/status/2103498051365249325,2026-09-25T14:53:11.000Z,en,0,0,0.96
frontend-design,https://x.com/i/status/2103477121876418668,2026-09-25T13:30:01.000Z,en,5,0,0.02
frontend-design,https://x.com/i/status/2103446413661405368,2026-09-25T11:27:59.000Z,zxx,1,0,0.18
frontend-design,https://x.com/i/status/2103412945552326983,2026-09-25T09:15:00.000Z,en,70,1,0.1
frontend-design,https://x.com/i/status/2103387401179795464,2026-09-25T07:33:30.000Z,th,56,40,0.12
frontend-design,https://x.com/i/status/2103346015659065689,2026-09-25T04:49:03.000Z,en,1,0,0.96
frontend-design,https://x.com/i/status/2103287431164473554,2026-09-25T00:56:15.000Z,en,0,0,0.97
setup-matt-pocock-skills,https://x.com/i/status/2103809399126962497,2026-09-26T11:30:22.000Z,zh,287,33,0.94
proactive-agent,https://x.com/i/status/2105814640194175065,2026-10-02T00:18:29.000Z,en,1,0,0.89
proactive-agent,https://x.com/i/status/2105786769606422836,2026-10-01T22:27:44.000Z,en,0,0,0.91
proactive-agent,https://x.com/i/status/2105740778983358755,2026-10-01T19:24:59.000Z,zxx,0,0,0.16
proactive-agent,https://x.com/i/status/2105740160579322356,2026-10-01T19:22:31.000Z,en,6,0,0.84
proactive-agent,https://x.com/i/status/2105669767562743978,2026-10-01T14:42:48.000Z,en,0,0,0.88
proactive-agent,https://x.com/i/status/2105666411523686563,2026-10-01T14:29:28.000Z,en,0,0,0.69
proactive-agent,https://x.com/i/status/2105665480992477577,2026-10-01T14:25:46.000Z,en,1,0,0.61
proactive-agent,https://x.com/i/status/2105578122099712264,2026-10-01T08:38:38.000Z,en,0,0,0.93
proactive-agent,https://x.com/i/status/2105539561975656897,2026-10-01T06:05:25.000Z,en,0,0,0.89
proactive-agent,https://x.com/i/status/2105525963539038399,2026-10-01T05:11:23.000Z,en,0,0,0.92
proactive-agent,https://x.com/i/status/2105486596791549978,2026-10-01T02:34:57.000Z,en,1,0,0.79
proactive-agent,https://x.com/i/status/2105462405530550356,2026-10-01T00:58:49.000Z,en,3,0,0.87
proactive-agent,https://x.com/i/status/2105395240886833554,2026-09-30T20:31:56.000Z,en,1,0,0.92
proactive-agent,https://x.com/i/status/2105354966256730228,2026-09-30T17:51:54.000Z,en,54,4,0.3
proactive-agent,https://x.com/i/status/2105351394832400806,2026-09-30T17:37:42.000Z,en,1,0,0.87
proactive-agent,https://x.com/i/status/2105342467675726089,2026-09-30T17:02:14.000Z,en,3,0,0.83
proactive-agent,https://x.com/i/status/2105334231304155144,2026-09-30T16:29:30.000Z,en,0,0,0.91
proactive-agent,https://x.com/i/status/2105305274236154172,2026-09-30T14:34:26.000Z,en,11,0,0.85
proactive-agent,https://x.com/i/status/2105282237608391077,2026-09-30T13:02:54.000Z,en,1,0,0.91
proactive-agent,https://x.com/i/status/2105279650784297450,2026-09-30T12:52:37.000Z,ja,0,0,0.08
proactive-agent,https://x.com/i/status/2105240296405733549,2026-09-30T10:16:14.000Z,en,1,0,0.77
proactive-agent,https://x.com/i/status/2105210325914308950,2026-09-30T08:17:09.000Z,en,88,4,0.9
proactive-agent,https://x.com/i/status/2105201331216478413,2026-09-30T07:41:24.000Z,en,18,0,0.51
proactive-agent,https://x.com/i/status/2105172279521083660,2026-09-30T05:45:58.000Z,en,1,0,0.85
proactive-agent,https://x.com/i/status/2105161143128142264,2026-09-30T05:01:43.000Z,en,2,0,0.91
proactive-agent,https://x.com/i/status/2105160927343677779,2026-09-30T05:00:51.000Z,en,0,0,0.9
proactive-agent,https://x.com/i/status/2105159985713864712,2026-09-30T04:57:07.000Z,en,0,0,0.86
proactive-agent,https://x.com/i/status/2105125686851829912,2026-09-30T02:40:49.000Z,en,1,0,0.9
proactive-agent,https://x.com/i/status/2105116304198049981,2026-09-30T02:03:32.000Z,en,2,0,0.89
proactive-agent,https://x.com/i/status/2105103350425341995,2026-09-30T01:12:04.000Z,en,152,10,0.89
proactive-agent,https://x.com/i/status/2105083519429193892,2026-09-29T23:53:16.000Z,en,11,0,0.89
proactive-agent,https://x.com/i/status/2105075862727016875,2026-09-29T23:22:50.000Z,en,10,2,0.9
proactive-agent,https://x.com/i/status/2105023512259809352,2026-09-29T19:54:49.000Z,en,2,0,0.92
proactive-agent,https://x.com/i/status/2105007132147855426,2026-09-29T18:49:44.000Z,en,0,0,0.94
proactive-agent,https://x.com/i/status/2104994303596519608,2026-09-29T17:58:45.000Z,en,0,0,0.92
proactive-agent,https://x.com/i/status/2104985953248989551,2026-09-29T17:25:34.000Z,en,1,0,0.91
proactive-agent,https://x.com/i/status/2104981638748701148,2026-09-29T17:08:26.000Z,en,51,0,0.89
proactive-agent,https://x.com/i/status/2104963543766565197,2026-09-29T15:56:31.000Z,zh,1,0,0.76
proactive-agent,https://x.com/i/status/2104955629630828614,2026-09-29T15:25:04.000Z,en,1,0,0.83
proactive-agent,https://x.com/i/status/2104938507441717388,2026-09-29T14:17:02.000Z,en,0,0,0.88
proactive-agent,https://x.com/i/status/2104922679841116591,2026-09-29T13:14:09.000Z,en,4,0,0.89
proactive-agent,https://x.com/i/status/2104886517000818775,2026-09-29T10:50:27.000Z,en,2,1,0.9
proactive-agent,https://x.com/i/status/2104871611232903549,2026-09-29T09:51:13.000Z,en,0,0,0.57
proactive-agent,https://x.com/i/status/2104860361404878955,2026-09-29T09:06:31.000Z,en,0,0,0.84
proactive-agent,https://x.com/i/status/2104859553821249770,2026-09-29T09:03:18.000Z,zh,0,0,0.86
proactive-agent,https://x.com/i/status/2104825299213099332,2026-09-29T06:47:11.000Z,en,181,15,0.8
proactive-agent,https://x.com/i/status/2104782954853720151,2026-09-29T03:58:56.000Z,en,0,0,0.89
proactive-agent,https://x.com/i/status/2104782712381071381,2026-09-29T03:57:58.000Z,en,3,0,0.86
proactive-agent,https://x.com/i/status/2104620653211251143,2026-09-28T17:14:00.000Z,en,2,0,0.61
proactive-agent,https://x.com/i/status/2104321773667770396,2026-09-27T21:26:21.000Z,en,2,0,0.85
proactive-agent,https://x.com/i/status/2104283793767252187,2026-09-27T18:55:26.000Z,en,1,0,0.63
proactive-agent,https://x.com/i/status/2104181398013673872,2026-09-27T12:08:33.000Z,en,1,0,0.9
proactive-agent,https://x.com/i/status/2104172204913307687,2026-09-27T11:32:01.000Z,en,1,0,0.9
proactive-agent,https://x.com/i/status/2104171698866008064,2026-09-27T11:30:01.000Z,en,0,0,0.87
proactive-agent,https://x.com/i/status/2103982766865948812,2026-09-26T22:59:16.000Z,en,1,0,0.47
proactive-agent,https://x.com/i/status/2103830452956185046,2026-09-26T12:54:01.000Z,en,0,0,0.88
proactive-agent,https://x.com/i/status/2103749227201314935,2026-09-26T07:31:16.000Z,en,4,0,0.1
proactive-agent,https://x.com/i/status/2103679848145191107,2026-09-26T02:55:34.000Z,en,1,0,0.36
proactive-agent,https://x.com/i/status/2103668051468300701,2026-09-26T02:08:42.000Z,en,1626,121,0.26
proactive-agent,https://x.com/i/status/2103639484374098095,2026-09-26T00:15:11.000Z,en,0,0,0.9
proactive-agent,https://x.com/i/status/2103627361971274056,2026-09-25T23:27:01.000Z,en,0,0,0.37
proactive-agent,https://x.com/i/status/2103593550118338571,2026-09-25T21:12:39.000Z,en,4,0,0.9
proactive-agent,https://x.com/i/status/2103592773848862783,2026-09-25T21:09:34.000Z,en,3,0,0.56
proactive-agent,https://x.com/i/status/2103568950214959206,2026-09-25T19:34:54.000Z,en,7,1,0.67
proactive-agent,https://x.com/i/status/2103546687889547513,2026-09-25T18:06:27.000Z,en,0,0,0.81
proactive-agent,https://x.com/i/status/2103543045450805601,2026-09-25T17:51:58.000Z,en,1,0,0.84
proactive-agent,https://x.com/i/status/2103541136409424064,2026-09-25T17:44:23.000Z,en,1,0,0.06
proactive-agent,https://x.com/i/status/2103531728451289109,2026-09-25T17:07:00.000Z,en,0,0,0.56
proactive-agent,https://x.com/i/status/2103528500733137081,2026-09-25T16:54:10.000Z,en,3,0,0.91
proactive-agent,https://x.com/i/status/2103516244586422507,2026-09-25T16:05:28.000Z,en,4,0,0.67
proactive-agent,https://x.com/i/status/2103427290520756281,2026-09-25T10:12:00.000Z,en,180,11,0.59
handoff,https://x.com/i/status/2105820721024991732,2026-10-02T00:42:38.000Z,en,0,0,0.93
handoff,https://x.com/i/status/2105818510450421769,2026-10-02T00:33:51.000Z,en,0,0,0.55
handoff,https://x.com/i/status/2105809765699830107,2026-10-01T23:59:06.000Z,en,1,0,0.66
handoff,https://x.com/i/status/2105802999776096709,2026-10-01T23:32:13.000Z,en,4,0,0.03
handoff,https://x.com/i/status/2105801945462272441,2026-10-01T23:28:02.000Z,en,0,0,0.9
handoff,https://x.com/i/status/2105798670679474591,2026-10-01T23:15:01.000Z,en,0,0,0.78
handoff,https://x.com/i/status/2105796729224536402,2026-10-01T23:07:18.000Z,en,0,0,0.87
handoff,https://x.com/i/status/2105795478918975633,2026-10-01T23:02:20.000Z,en,0,0,0.9
handoff,https://x.com/i/status/2105792457992503650,2026-10-01T22:50:20.000Z,en,1,0,0.85
handoff,https://x.com/i/status/2105787197005647879,2026-10-01T22:29:26.000Z,en,0,0,0.88
handoff,https://x.com/i/status/2105785461243621752,2026-10-01T22:22:32.000Z,en,1,0,0.73
handoff,https://x.com/i/status/2105781678421766527,2026-10-01T22:07:30.000Z,en,5,0,0.13
handoff,https://x.com/i/status/2105780231751774590,2026-10-01T22:01:45.000Z,it,1,0,0.39
handoff,https://x.com/i/status/2105778822566101178,2026-10-01T21:56:09.000Z,en,0,0,0.04
handoff,https://x.com/i/status/2105776891076694052,2026-10-01T21:48:28.000Z,en,5,0,0.42
handoff,https://x.com/i/status/2105775569686167633,2026-10-01T21:43:13.000Z,en,0,0,0.88
handoff,https://x.com/i/status/2105772809687351786,2026-10-01T21:32:15.000Z,en,7,3,0.13
handoff,https://x.com/i/status/2105766612561453422,2026-10-01T21:07:38.000Z,zxx,5,2,0.09
handoff,https://x.com/i/status/2105765906949267771,2026-10-01T21:04:50.000Z,en,10,0,0.41
handoff,https://x.com/i/status/2105761830874329106,2026-10-01T20:48:38.000Z,en,1,0,0.83
handoff,https://x.com/i/status/2105759962400252306,2026-10-01T20:41:12.000Z,en,2,0,0.85
handoff,https://x.com/i/status/2105759753670729899,2026-10-01T20:40:23.000Z,zxx,3,0,0.1
handoff,https://x.com/i/status/2105756432096494028,2026-10-01T20:27:11.000Z,zh,0,0,0.83
handoff,https://x.com/i/status/2105754737031487709,2026-10-01T20:20:26.000Z,en,0,0,0.86
handoff,https://x.com/i/status/2105753602472231266,2026-10-01T20:15:56.000Z,en,16,0,0.53
handoff,https://x.com/i/status/2105750557977882975,2026-10-01T20:03:50.000Z,zh,21,1,0.38
handoff,https://x.com/i/status/2105749453697343754,2026-10-01T19:59:27.000Z,en,0,0,0.73
handoff,https://x.com/i/status/2105749446814576806,2026-10-01T19:59:25.000Z,zxx,106,15,0.1
handoff,https://x.com/i/status/2105747453756747923,2026-10-01T19:51:30.000Z,en,0,0,0.69
handoff,https://x.com/i/status/2105747239369113903,2026-10-01T19:50:39.000Z,en,0,0,0.21
handoff,https://x.com/i/status/2105746489771491406,2026-10-01T19:47:40.000Z,en,69,0,0.32
handoff,https://x.com/i/status/2105744652855058835,2026-10-01T19:40:22.000Z,en,5,0,0.86
handoff,https://x.com/i/status/2105743641520017440,2026-10-01T19:36:21.000Z,en,0,0,0.19
handoff,https://x.com/i/status/2105740507695440303,2026-10-01T19:23:54.000Z,en,0,0,0.15
handoff,https://x.com/i/status/2105739150519668971,2026-10-01T19:18:30.000Z,en,0,0,0.68
handoff,https://x.com/i/status/2105737856023232786,2026-10-01T19:13:22.000Z,en,8,1,0.29
handoff,https://x.com/i/status/2105734527247171984,2026-10-01T19:00:08.000Z,en,0,0,0.67
handoff,https://x.com/i/status/2105732532616454156,2026-10-01T18:52:13.000Z,en,32,6,0.9
handoff,https://x.com/i/status/2105729759892353266,2026-10-01T18:41:11.000Z,en,0,0,0.02
handoff,https://x.com/i/status/2105729564697887064,2026-10-01T18:40:25.000Z,en,0,0,0.57
handoff,https://x.com/i/status/2105729280801906851,2026-10-01T18:39:17.000Z,en,0,0,0.89
handoff,https://x.com/i/status/2105729127223328842,2026-10-01T18:38:41.000Z,en,0,0,0.89
handoff,https://x.com/i/status/2105723930552250879,2026-10-01T18:18:02.000Z,en,0,0,0.85
handoff,https://x.com/i/status/2105722550915657980,2026-10-01T18:12:33.000Z,en,3,0,0.81
handoff,https://x.com/i/status/2105719199213715503,2026-10-01T17:59:14.000Z,pt,1,0,0.12
handoff,https://x.com/i/status/2105718861706235925,2026-10-01T17:57:53.000Z,en,15,1,0.58
handoff,https://x.com/i/status/2105716717460803667,2026-10-01T17:49:22.000Z,en,1,0,0.74
handoff,https://x.com/i/status/2105715127957819743,2026-10-01T17:43:03.000Z,zxx,0,0,0.12
handoff,https://x.com/i/status/2105713371706196347,2026-10-01T17:36:04.000Z,zxx,0,0,0.13
handoff,https://x.com/i/status/2105713280115188135,2026-10-01T17:35:42.000Z,zxx,0,0,0.13
handoff,https://x.com/i/status/2105713134174605327,2026-10-01T17:35:08.000Z,zxx,32,4,0.12
handoff,https://x.com/i/status/2105711941205537128,2026-10-01T17:30:23.000Z,en,0,0,0.87
handoff,https://x.com/i/status/2105711754600665169,2026-10-01T17:29:39.000Z,en,4,1,0.33
handoff,https://x.com/i/status/2105711574472351884,2026-10-01T17:28:56.000Z,en,0,0,0.02
handoff,https://x.com/i/status/2105710254856208475,2026-10-01T17:23:41.000Z,en,1,0,0.52
handoff,https://x.com/i/status/2105708635447828922,2026-10-01T17:17:15.000Z,en,37,6,0.77
handoff,https://x.com/i/status/2105704324047224998,2026-10-01T17:00:07.000Z,en,0,0,0.5
handoff,https://x.com/i/status/2105703896358465747,2026-10-01T16:58:25.000Z,en,0,0,0.85
handoff,https://x.com/i/status/2105702359787573474,2026-10-01T16:52:19.000Z,en,0,0,0.66
handoff,https://x.com/i/status/2105701639307051248,2026-10-01T16:49:27.000Z,en,3,0,0.76
handoff,https://x.com/i/status/2105701360154841436,2026-10-01T16:48:20.000Z,en,8,1,0.43
handoff,https://x.com/i/status/2105700786886045840,2026-10-01T16:46:04.000Z,en,0,0,0.89
handoff,https://x.com/i/status/2105699965372957137,2026-10-01T16:42:48.000Z,en,0,0,0.84
handoff,https://x.com/i/status/2105699197257207934,2026-10-01T16:39:45.000Z,en,0,0,0.89
handoff,https://x.com/i/status/2105698647962722423,2026-10-01T16:37:34.000Z,en,0,0,0.96
handoff,https://x.com/i/status/2105696802666061863,2026-10-01T16:30:14.000Z,en,8,0,0.21
handoff,https://x.com/i/status/2105695667486355848,2026-10-01T16:25:43.000Z,en,31,8,0.32
handoff,https://x.com/i/status/2105695488968151109,2026-10-01T16:25:01.000Z,en,1,0,0.45
handoff,https://x.com/i/status/2105694659473293665,2026-10-01T16:21:43.000Z,en,3,1,0.74
handoff,https://x.com/i/status/2105694478732263571,2026-10-01T16:21:00.000Z,en,2,0,0.54
handoff,https://x.com/i/status/2105694206933033175,2026-10-01T16:19:55.000Z,en,17,5,0.07
handoff,https://x.com/i/status/2105692498719027319,2026-10-01T16:13:08.000Z,en,1,0,0.83
handoff,https://x.com/i/status/2105692360550277386,2026-10-01T16:12:35.000Z,en,1,0,0.79
handoff,https://x.com/i/status/2105691025721221366,2026-10-01T16:07:17.000Z,zxx,0,0,0.12
handoff,https://x.com/i/status/2105690834599571832,2026-10-01T16:06:31.000Z,en,0,0,0.86
handoff,https://x.com/i/status/2105689908576760167,2026-10-01T16:02:50.000Z,en,1,0,0.88
handoff,https://x.com/i/status/2105689248246485422,2026-10-01T16:00:13.000Z,en,0,0,0.19
handoff,https://x.com/i/status/2105689195997983185,2026-10-01T16:00:00.000Z,en,1,0,0.78
handoff,https://x.com/i/status/2105687429252276298,2026-10-01T15:52:59.000Z,en,0,0,0.84
handoff,https://x.com/i/status/2105684152393539967,2026-10-01T15:39:58.000Z,en,7,0,0.34
handoff,https://x.com/i/status/2105682400160190535,2026-10-01T15:33:00.000Z,en,0,0,0.77
handoff,https://x.com/i/status/2105677734752002357,2026-10-01T15:14:28.000Z,en,20,11,0.24
handoff,https://x.com/i/status/2105677676795355292,2026-10-01T15:14:14.000Z,en,0,0,0.87
handoff,https://x.com/i/status/2105676078966792463,2026-10-01T15:07:53.000Z,en,2,0,0.89
handoff,https://x.com/i/status/2105675664141795705,2026-10-01T15:06:14.000Z,en,0,0,0.9
handoff,https://x.com/i/status/2105675614027932060,2026-10-01T15:06:02.000Z,en,0,0,0.88
handoff,https://x.com/i/status/2105675402484093126,2026-10-01T15:05:12.000Z,en,5,0,0.65
handoff,https://x.com/i/status/2105674725913715065,2026-10-01T15:02:30.000Z,en,0,0,0.93
handoff,https://x.com/i/status/2105674186110713936,2026-10-01T15:00:22.000Z,en,0,0,0.79
handoff,https://x.com/i/status/2105672980529623209,2026-10-01T14:55:34.000Z,en,0,0,0.75
handoff,https://x.com/i/status/2105671557716861412,2026-10-01T14:49:55.000Z,en,2,1,0.05
handoff,https://x.com/i/status/2105671046611279977,2026-10-01T14:47:53.000Z,en,0,0,0.81
handoff,https://x.com/i/status/2105670421928403262,2026-10-01T14:45:24.000Z,in,1,0,0.07
handoff,https://x.com/i/status/2105670192365727867,2026-10-01T14:44:29.000Z,zxx,13,1,0.09
handoff,https://x.com/i/status/2105669768959410252,2026-10-01T14:42:49.000Z,en,1,0,0.8
handoff,https://x.com/i/status/2105669579250847765,2026-10-01T14:42:03.000Z,en,0,0,0.8
handoff,https://x.com/i/status/2105668765937520734,2026-10-01T14:38:49.000Z,en,2,1,0.04
handoff,https://x.com/i/status/2105666705938665789,2026-10-01T14:30:38.000Z,en,50,13,0.87
handoff,https://x.com/i/status/2105666575210795495,2026-10-01T14:30:07.000Z,en,0,0,0.7
weather,https://x.com/i/status/2105821874131439977,2026-10-02T00:47:13.000Z,en,0,0,0.04
weather,https://x.com/i/status/2105820642125942787,2026-10-02T00:42:19.000Z,en,1,0,0.37
weather,https://x.com/i/status/2105820469383368852,2026-10-02T00:41:38.000Z,en,0,0,0.05
weather,https://x.com/i/status/2105819022491295864,2026-10-02T00:35:53.000Z,ja,0,0,0.44
weather,https://x.com/i/status/2105816732782977084,2026-10-02T00:26:47.000Z,zh,2,0,0.34
weather,https://x.com/i/status/2105816590029853099,2026-10-02T00:26:13.000Z,zh,0,0,0.14
weather,https://x.com/i/status/2105816112529101266,2026-10-02T00:24:20.000Z,zxx,0,0,0.12
weather,https://x.com/i/status/2105813668931715322,2026-10-02T00:14:37.000Z,en,16,1,0.07
weather,https://x.com/i/status/2105813191447990396,2026-10-02T00:12:43.000Z,en,11,1,0.36
weather,https://x.com/i/status/2105811844409458920,2026-10-02T00:07:22.000Z,en,2,1,0.09
weather,https://x.com/i/status/2105811234029539613,2026-10-02T00:04:56.000Z,ja,0,0,0.2
weather,https://x.com/i/status/2105809961368576123,2026-10-01T23:59:53.000Z,ko,0,0,0.45
weather,https://x.com/i/status/2105801534558642646,2026-10-01T23:26:24.000Z,zh,2,0,0.47
weather,https://x.com/i/status/2105797842401186286,2026-10-01T23:11:44.000Z,en,0,0,0.8
weather,https://x.com/i/status/2105797497469927783,2026-10-01T23:10:21.000Z,ja,0,0,0.41
weather,https://x.com/i/status/2105797424006549916,2026-10-01T23:10:04.000Z,es,0,0,0.73
weather,https://x.com/i/status/2105795831135883358,2026-10-01T23:03:44.000Z,en,0,0,0.58
weather,https://x.com/i/status/2105793657693774061,2026-10-01T22:55:06.000Z,ja,5,0,0.37
weather,https://x.com/i/status/2105789604280602940,2026-10-01T22:38:59.000Z,en,0,0,0.05
weather,https://x.com/i/status/2105788853147570482,2026-10-01T22:36:00.000Z,ja,0,0,0.13
weather,https://x.com/i/status/2105788791613243392,2026-10-01T22:35:46.000Z,en,0,0,0.03
weather,https://x.com/i/status/2105787123416609130,2026-10-01T22:29:08.000Z,en,0,0,0.25
weather,https://x.com/i/status/2105783369166369059,2026-10-01T22:14:13.000Z,en,0,0,0.35
weather,https://x.com/i/status/2105780945366454279,2026-10-01T22:04:35.000Z,en,0,0,0.02
weather,https://x.com/i/status/2105778781638082690,2026-10-01T21:55:59.000Z,en,0,0,0.03
weather,https://x.com/i/status/2105778540251644176,2026-10-01T21:55:02.000Z,en,205,15,0.14
weather,https://x.com/i/status/2105773200047284713,2026-10-01T21:33:48.000Z,en,6,0,0.07
weather,https://x.com/i/status/2105771063833702713,2026-10-01T21:25:19.000Z,en,0,0,0.17
weather,https://x.com/i/status/2105769313395220776,2026-10-01T21:18:22.000Z,en,0,0,0.06
weather,https://x.com/i/status/2105766123249734000,2026-10-01T21:05:41.000Z,en,24,7,0.03
weather,https://x.com/i/status/2105764078874403302,2026-10-01T20:57:34.000Z,en,0,0,0.11
weather,https://x.com/i/status/2105762581491470438,2026-10-01T20:51:37.000Z,en,0,0,0.39
weather,https://x.com/i/status/2105762459382317233,2026-10-01T20:51:08.000Z,en,13,0,0.04
weather,https://x.com/i/status/2105762104141873272,2026-10-01T20:49:43.000Z,en,0,0,0.26
weather,https://x.com/i/status/2105760580976132209,2026-10-01T20:43:40.000Z,zxx,2,0,0.15
weather,https://x.com/i/status/2105758742851854483,2026-10-01T20:36:22.000Z,zxx,3,1,0.13
weather,https://x.com/i/status/2105758270380204296,2026-10-01T20:34:29.000Z,zxx,5,0,0.1
weather,https://x.com/i/status/2105754492507668524,2026-10-01T20:19:28.000Z,en,0,0,0.04
weather,https://x.com/i/status/2105754097638920297,2026-10-01T20:17:54.000Z,en,1,1,0.02
weather,https://x.com/i/status/2105753137004810500,2026-10-01T20:14:05.000Z,ar,11,3,0.07
weather,https://x.com/i/status/2105750128128622890,2026-10-01T20:02:08.000Z,en,1,0,0.09
weather,https://x.com/i/status/2105749591484174732,2026-10-01T20:00:00.000Z,en,0,0,0.03
weather,https://x.com/i/status/2105746439918031214,2026-10-01T19:47:28.000Z,en,0,0,0.37
weather,https://x.com/i/status/2105742198813884901,2026-10-01T19:30:37.000Z,zxx,123,24,0.13
weather,https://x.com/i/status/2105736826614936061,2026-10-01T19:09:16.000Z,en,0,0,0.36
weather,https://x.com/i/status/2105734306157187241,2026-10-01T18:59:15.000Z,en,3,0,0.22
weather,https://x.com/i/status/2105730290274689184,2026-10-01T18:43:18.000Z,en,1,0,0.09
weather,https://x.com/i/status/2105729876821242112,2026-10-01T18:41:39.000Z,zh,1,0,0.3
weather,https://x.com/i/status/2105726661815877996,2026-10-01T18:28:53.000Z,en,0,0,0.02
weather,https://x.com/i/status/2105723657482105046,2026-10-01T18:16:57.000Z,en,5,1,0.03
weather,https://x.com/i/status/2105722462449107154,2026-10-01T18:12:12.000Z,en,0,0,0.15
weather,https://x.com/i/status/2105722236783243379,2026-10-01T18:11:18.000Z,ja,1,0,0.41
weather,https://x.com/i/status/2105716233257603200,2026-10-01T17:47:26.000Z,zxx,109,4,0.11
weather,https://x.com/i/status/2105715545114808437,2026-10-01T17:44:42.000Z,en,1,0,0.03
weather,https://x.com/i/status/2105711832493179048,2026-10-01T17:29:57.000Z,en,0,0,0.05
weather,https://x.com/i/status/2105705301034856801,2026-10-01T17:04:00.000Z,en,14,0,0.02
weather,https://x.com/i/status/2105702363734405427,2026-10-01T16:52:20.000Z,zxx,10,6,0.07
weather,https://x.com/i/status/2105696700736368936,2026-10-01T16:29:50.000Z,en,2,0,0.07
weather,https://x.com/i/status/2105695667486355848,2026-10-01T16:25:43.000Z,en,31,8,0.04
weather,https://x.com/i/status/2105692077103427964,2026-10-01T16:11:27.000Z,en,1,0,0.04
weather,https://x.com/i/status/2105689219070914615,2026-10-01T16:00:06.000Z,en,1,1,0.03
weather,https://x.com/i/status/2105681703587168389,2026-10-01T15:30:14.000Z,en,0,0,0.07
weather,https://x.com/i/status/2105681621420556292,2026-10-01T15:29:54.000Z,en,0,0,0.03
weather,https://x.com/i/status/2105672418790400154,2026-10-01T14:53:20.000Z,en,0,0,0.09
weather,https://x.com/i/status/2105670435740484066,2026-10-01T14:45:28.000Z,en,0,0,0.05
weather,https://x.com/i/status/2105668251640336760,2026-10-01T14:36:47.000Z,zxx,0,0,0.09
weather,https://x.com/i/status/2105661259408720151,2026-10-01T14:09:00.000Z,en,4,3,0.03
weather,https://x.com/i/status/2105657588025008280,2026-10-01T13:54:24.000Z,en,0,0,0.03
weather,https://x.com/i/status/2105649571804463386,2026-10-01T13:22:33.000Z,en,0,0,0.04
weather,https://x.com/i/status/2105646663675073006,2026-10-01T13:11:00.000Z,en,0,0,0.03
weather,https://x.com/i/status/2105641474964492563,2026-10-01T12:50:23.000Z,en,1,1,0.07
weather,https://x.com/i/status/2105638390419112415,2026-10-01T12:38:07.000Z,en,0,0,0.53
weather,https://x.com/i/status/2105628827053391993,2026-10-01T12:00:07.000Z,zxx,2,0,0.09
weather,https://x.com/i/status/2105626059806740730,2026-10-01T11:49:07.000Z,en,6,1,0.03
weather,https://x.com/i/status/2105623684610211961,2026-10-01T11:39:41.000Z,en,0,0,0.03
weather,https://x.com/i/status/2105613707380191615,2026-10-01T11:00:02.000Z,en,0,0,0.02
weather,https://x.com/i/status/2105608971876798805,2026-10-01T10:41:13.000Z,en,0,0,0.09
weather,https://x.com/i/status/2105605563417526692,2026-10-01T10:27:41.000Z,en,24,3,0.04
weather,https://x.com/i/status/2105605046796771803,2026-10-01T10:25:38.000Z,en,2,2,0.03
weather,https://x.com/i/status/2105603379238187048,2026-10-01T10:19:00.000Z,en,1,0,0.07
weather,https://x.com/i/status/2105603378923585845,2026-10-01T10:19:00.000Z,ja,0,0,0.07
weather,https://x.com/i/status/2105601424625185190,2026-10-01T10:11:14.000Z,tr,0,0,0.13
weather,https://x.com/i/status/2105600462552703348,2026-10-01T10:07:25.000Z,en,0,0,0.03
weather,https://x.com/i/status/2105598744120987852,2026-10-01T10:00:35.000Z,en,3,0,0.03
weather,https://x.com/i/status/2105594776531640524,2026-10-01T09:44:49.000Z,en,0,0,0.02
weather,https://x.com/i/status/2105587452631257582,2026-10-01T09:15:43.000Z,en,0,0,0.88
weather,https://x.com/i/status/2105583621968896064,2026-10-01T09:00:29.000Z,en,4,0,0.03
weather,https://x.com/i/status/2105579281992622525,2026-10-01T08:43:15.000Z,en,1,0,0.03
weather,https://x.com/i/status/2105577242688700576,2026-10-01T08:35:09.000Z,en,11,0,0.04
weather,https://x.com/i/status/2105574069898969270,2026-10-01T08:22:32.000Z,en,0,0,0.03
weather,https://x.com/i/status/2105571425402707982,2026-10-01T08:12:02.000Z,en,2,0,0.03
weather,https://x.com/i/status/2105569230213288406,2026-10-01T08:03:18.000Z,en,4,1,0.03
weather,https://x.com/i/status/2105569087527022877,2026-10-01T08:02:44.000Z,en,0,0,0.02
weather,https://x.com/i/status/2105559703619019106,2026-10-01T07:25:27.000Z,en,2,1,0.04
weather,https://x.com/i/status/2105556602514235738,2026-10-01T07:13:08.000Z,en,6,0,0.03
weather,https://x.com/i/status/2105555050151964786,2026-10-01T07:06:57.000Z,zxx,1,0,0.09
weather,https://x.com/i/status/2105553978679271878,2026-10-01T07:02:42.000Z,en,0,0,0.03
weather,https://x.com/i/status/2105553929538777505,2026-10-01T07:02:30.000Z,en,0,0,0.03
weather,https://x.com/i/status/2105551669824192950,2026-10-01T06:53:32.000Z,en,43,35,0.04
weather,https://x.com/i/status/2105551544783434100,2026-10-01T06:53:02.000Z,en,0,0,0.04
triage,https://x.com/i/status/2105819788492652918,2026-10-02T00:38:56.000Z,en,0,0,0.89
triage,https://x.com/i/status/2105816205550379409,2026-10-02T00:24:42.000Z,en,1,1,0.32
triage,https://x.com/i/status/2105808019779211554,2026-10-01T23:52:10.000Z,en,4,0,0.56
triage,https://x.com/i/status/2105807343606956283,2026-10-01T23:49:29.000Z,zxx,2,1,0.11
triage,https://x.com/i/status/2105793957741334650,2026-10-01T22:56:17.000Z,en,1,0,0.71
triage,https://x.com/i/status/2105785207676907768,2026-10-01T22:21:31.000Z,en,1,0,0.6
triage,https://x.com/i/status/2105782324147450168,2026-10-01T22:10:04.000Z,zxx,1,0,0.16
triage,https://x.com/i/status/2105781678421766527,2026-10-01T22:07:30.000Z,en,5,0,0.23
triage,https://x.com/i/status/2105777530183823833,2026-10-01T21:51:01.000Z,en,0,0,0.59
triage,https://x.com/i/status/2105775631531384863,2026-10-01T21:43:28.000Z,en,0,0,0.44
triage,https://x.com/i/status/2105775512316444767,2026-10-01T21:43:00.000Z,en,0,0,0.37
triage,https://x.com/i/status/2105772111906402361,2026-10-01T21:29:29.000Z,en,0,0,0.28
triage,https://x.com/i/status/2105771119966134309,2026-10-01T21:25:32.000Z,ja,0,0,0.33
triage,https://x.com/i/status/2105767714954657852,2026-10-01T21:12:01.000Z,en,2,0,0.45
triage,https://x.com/i/status/2105762930041983258,2026-10-01T20:53:00.000Z,en,1,0,0.24
triage,https://x.com/i/status/2105760841194967083,2026-10-01T20:44:42.000Z,en,0,0,0.66
triage,https://x.com/i/status/2105758650052849859,2026-10-01T20:35:59.000Z,en,41,9,0.61
triage,https://x.com/i/status/2105756109994893580,2026-10-01T20:25:54.000Z,en,1,0,0.22
triage,https://x.com/i/status/2105744431446200582,2026-10-01T19:39:29.000Z,en,0,0,0.33
triage,https://x.com/i/status/2105737826205581546,2026-10-01T19:13:15.000Z,es,0,0,0.46
triage,https://x.com/i/status/2105732685503365619,2026-10-01T18:52:49.000Z,en,0,0,0.57
triage,https://x.com/i/status/2105732462475399197,2026-10-01T18:51:56.000Z,en,0,0,0.61
triage,https://x.com/i/status/2105731533415874947,2026-10-01T18:48:14.000Z,en,1,0,0.06
triage,https://x.com/i/status/2105731414624747991,2026-10-01T18:47:46.000Z,en,0,0,0.34
triage,https://x.com/i/status/2105730408037990739,2026-10-01T18:43:46.000Z,en,0,0,0.73
triage,https://x.com/i/status/2105726317182509185,2026-10-01T18:27:31.000Z,en,0,0,0.54
triage,https://x.com/i/status/2105725623385858507,2026-10-01T18:24:45.000Z,en,17,0,0.45
triage,https://x.com/i/status/2105725457941619135,2026-10-01T18:24:06.000Z,en,1,1,0.28
triage,https://x.com/i/status/2105721468755578997,2026-10-01T18:08:15.000Z,zxx,3,1,0.17
triage,https://x.com/i/status/2105715696118452689,2026-10-01T17:45:18.000Z,zxx,1,0,0.16
triage,https://x.com/i/status/2105715127957819743,2026-10-01T17:43:03.000Z,zxx,0,0,0.16
triage,https://x.com/i/status/2105714810424074679,2026-10-01T17:41:47.000Z,zxx,0,0,0.16
triage,https://x.com/i/status/2105714489932775828,2026-10-01T17:40:31.000Z,zxx,0,0,0.16
triage,https://x.com/i/status/2105714313503572014,2026-10-01T17:39:49.000Z,zxx,0,0,0.15
triage,https://x.com/i/status/2105714132620087552,2026-10-01T17:39:06.000Z,zxx,0,0,0.15
triage,https://x.com/i/status/2105712765705019436,2026-10-01T17:33:40.000Z,en,0,0,0.02
triage,https://x.com/i/status/2105704754575704505,2026-10-01T17:01:50.000Z,en,2,0,0.12
triage,https://x.com/i/status/2105700711539372429,2026-10-01T16:45:46.000Z,en,0,0,0.06
triage,https://x.com/i/status/2105695667486355848,2026-10-01T16:25:43.000Z,en,31,8,0.2
triage,https://x.com/i/status/2105694949438075117,2026-10-01T16:22:52.000Z,zxx,29,0,0.16
triage,https://x.com/i/status/2105692816051511693,2026-10-01T16:14:23.000Z,en,2,0,0.45
triage,https://x.com/i/status/2105686080393510939,2026-10-01T15:47:37.000Z,en,4,0,0.06
triage,https://x.com/i/status/2105685919474819281,2026-10-01T15:46:59.000Z,en,0,0,0.41
triage,https://x.com/i/status/2105684731128168929,2026-10-01T15:42:16.000Z,en,1,0,0.34
triage,https://x.com/i/status/2105684460280971763,2026-10-01T15:41:11.000Z,en,0,0,0.35
triage,https://x.com/i/status/2105683043302220261,2026-10-01T15:35:33.000Z,en,3,0,0.39
triage,https://x.com/i/status/2105681962459701338,2026-10-01T15:31:16.000Z,zxx,9,2,0.14
triage,https://x.com/i/status/2105681933825085758,2026-10-01T15:31:09.000Z,en,0,0,0.53
triage,https://x.com/i/status/2105674746943660033,2026-10-01T15:02:35.000Z,en,2,0,0.4
triage,https://x.com/i/status/2105674094301835435,2026-10-01T15:00:00.000Z,en,4,0,0.39
triage,https://x.com/i/status/2105666824872603869,2026-10-01T14:31:07.000Z,zh,0,0,0.26
triage,https://x.com/i/status/2105664489534230830,2026-10-01T14:21:50.000Z,en,34,5,0.1
triage,https://x.com/i/status/2105662726655590821,2026-10-01T14:14:50.000Z,zxx,16,0,0.13
triage,https://x.com/i/status/2105662706305130729,2026-10-01T14:14:45.000Z,en,1,1,0.32
triage,https://x.com/i/status/2105661327712620833,2026-10-01T14:09:16.000Z,en,0,0,0.43
triage,https://x.com/i/status/2105658738413539424,2026-10-01T13:58:59.000Z,en,15,2,0.14
triage,https://x.com/i/status/2105658701227192479,2026-10-01T13:58:50.000Z,en,34,1,0.21
triage,https://x.com/i/status/2105655310534992327,2026-10-01T13:45:21.000Z,en,1,1,0.05
triage,https://x.com/i/status/2105651036325081206,2026-10-01T13:28:22.000Z,zxx,42,5,0.11
triage,https://x.com/i/status/2105650553304838201,2026-10-01T13:26:27.000Z,zxx,4,0,0.15
triage,https://x.com/i/status/2105648973872611795,2026-10-01T13:20:11.000Z,en,4,0,0.11
triage,https://x.com/i/status/2105647834414428168,2026-10-01T13:15:39.000Z,en,1,0,0.04
triage,https://x.com/i/status/2105645223078740289,2026-10-01T13:05:16.000Z,en,0,0,0.69
triage,https://x.com/i/status/2105642531744801097,2026-10-01T12:54:35.000Z,en,0,0,0.57
triage,https://x.com/i/status/2105640490657882461,2026-10-01T12:46:28.000Z,en,1,0,0.58
triage,https://x.com/i/status/2105639208136094117,2026-10-01T12:41:22.000Z,en,41,7,0.25
triage,https://x.com/i/status/2105635929910104128,2026-10-01T12:28:21.000Z,en,0,0,0.05
triage,https://x.com/i/status/2105633875477008613,2026-10-01T12:20:11.000Z,en,0,0,0.06
triage,https://x.com/i/status/2105622721744769490,2026-10-01T11:35:52.000Z,en,18,1,0.18
triage,https://x.com/i/status/2105606235672248642,2026-10-01T10:30:21.000Z,en,0,0,0.37
triage,https://x.com/i/status/2105594822639616223,2026-10-01T09:45:00.000Z,en,0,0,0.45
triage,https://x.com/i/status/2105593113397907521,2026-10-01T09:38:12.000Z,en,0,0,0.23
triage,https://x.com/i/status/2105585784455942302,2026-10-01T09:09:05.000Z,en,0,0,0.32
triage,https://x.com/i/status/2105574293434466576,2026-10-01T08:23:25.000Z,en,2,0,0.69
triage,https://x.com/i/status/2105543862714343473,2026-10-01T06:22:30.000Z,en,7,0,0.08
triage,https://x.com/i/status/2105539425908523169,2026-10-01T06:04:52.000Z,en,0,0,0.36
triage,https://x.com/i/status/2105539347143340035,2026-10-01T06:04:34.000Z,zxx,45,9,0.14
triage,https://x.com/i/status/2105536210307527002,2026-10-01T05:52:06.000Z,ja,2,0,0.07
triage,https://x.com/i/status/2105508019627045078,2026-10-01T04:00:04.000Z,en,474,40,0.7
triage,https://x.com/i/status/2105505467581579295,2026-10-01T03:49:56.000Z,zxx,0,0,0.16
triage,https://x.com/i/status/2105498881601781934,2026-10-01T03:23:46.000Z,en,27,5,0.46
triage,https://x.com/i/status/2105495391869522189,2026-10-01T03:09:54.000Z,zxx,8,5,0.15
triage,https://x.com/i/status/2105492824829673910,2026-10-01T02:59:42.000Z,en,0,1,0.03
triage,https://x.com/i/status/2105455286836424966,2026-10-01T00:30:32.000Z,en,2,0,0.07
triage,https://x.com/i/status/2105455201545318526,2026-10-01T00:30:12.000Z,zxx,2,0,0.14
triage,https://x.com/i/status/2105451195158450597,2026-10-01T00:14:16.000Z,en,1,0,0.56
triage,https://x.com/i/status/2105447652158529798,2026-10-01T00:00:12.000Z,en,0,0,0.55
triage,https://x.com/i/status/2105443733747683371,2026-09-30T23:44:38.000Z,en,1,0,0.05
triage,https://x.com/i/status/2105438342716535153,2026-09-30T23:23:12.000Z,en,14,1,0.33
triage,https://x.com/i/status/2105434078875193569,2026-09-30T23:06:16.000Z,en,0,0,0.08
triage,https://x.com/i/status/2105431360500301981,2026-09-30T22:55:28.000Z,en,26,0,0.06
triage,https://x.com/i/status/2105425011775308054,2026-09-30T22:30:14.000Z,en,0,0,0.4
triage,https://x.com/i/status/2105417292775412210,2026-09-30T21:59:34.000Z,en,0,0,0.45
triage,https://x.com/i/status/2105415045136220480,2026-09-30T21:50:38.000Z,zxx,1,0,0.13
triage,https://x.com/i/status/2105406015042715850,2026-09-30T21:14:45.000Z,en,1,0,0.21
triage,https://x.com/i/status/2105403119030898963,2026-09-30T21:03:14.000Z,en,0,0,0.03
triage,https://x.com/i/status/2105390809528807614,2026-09-30T20:14:19.000Z,en,1,0,0.72
triage,https://x.com/i/status/2105389680359338353,2026-09-30T20:09:50.000Z,en,0,0,0.74
triage,https://x.com/i/status/2105387059330298043,2026-09-30T19:59:25.000Z,en,8,2,0.06
prototype,https://x.com/i/status/2105820972729126920,2026-10-02T00:43:38.000Z,en,0,0,0.25
prototype,https://x.com/i/status/2105811226500731231,2026-10-02T00:04:55.000Z,en,0,0,0.1
prototype,https://x.com/i/status/2105804660984733846,2026-10-01T23:38:49.000Z,en,2,0,0.36
prototype,https://x.com/i/status/2105797733387051384,2026-10-01T23:11:18.000Z,en,0,0,0.04
prototype,https://x.com/i/status/2105795581872570368,2026-10-01T23:02:45.000Z,en,1,0,0.07
prototype,https://x.com/i/status/2105795038169247753,2026-10-01T23:00:35.000Z,en,0,0,0.13
prototype,https://x.com/i/status/2105791005111034255,2026-10-01T22:44:33.000Z,zxx,1,0,0.1
prototype,https://x.com/i/status/2105785583389794779,2026-10-01T22:23:01.000Z,en,6,0,0.04
prototype,https://x.com/i/status/2105784484851523603,2026-10-01T22:18:39.000Z,zxx,1,0,0.1
prototype,https://x.com/i/status/2105782324147450168,2026-10-01T22:10:04.000Z,zxx,1,0,0.12
prototype,https://x.com/i/status/2105781946974634346,2026-10-01T22:08:34.000Z,en,0,0,0.25
prototype,https://x.com/i/status/2105775610001825996,2026-10-01T21:43:23.000Z,en,1,0,0.06
prototype,https://x.com/i/status/2105771069936119847,2026-10-01T21:25:21.000Z,en,2,0,0.08
prototype,https://x.com/i/status/2105769901881208946,2026-10-01T21:20:42.000Z,en,1,0,0.05
prototype,https://x.com/i/status/2105765300209619341,2026-10-01T21:02:25.000Z,en,1,0,0.11
prototype,https://x.com/i/status/2105765210380439729,2026-10-01T21:02:04.000Z,en,2,0,0.13
prototype,https://x.com/i/status/2105765058332742070,2026-10-01T21:01:27.000Z,en,2,0,0.07
prototype,https://x.com/i/status/2105758462030574023,2026-10-01T20:35:15.000Z,en,0,0,0.13
prototype,https://x.com/i/status/2105757325663576446,2026-10-01T20:30:44.000Z,en,1,0,0.12
prototype,https://x.com/i/status/2105747239369113903,2026-10-01T19:50:39.000Z,en,0,0,0.08
prototype,https://x.com/i/status/2105746621170413847,2026-10-01T19:48:12.000Z,en,0,0,0.09
prototype,https://x.com/i/status/2105744568620851289,2026-10-01T19:40:02.000Z,en,0,0,0.42
prototype,https://x.com/i/status/2105742756798697574,2026-10-01T19:32:50.000Z,en,23,7,0.04
prototype,https://x.com/i/status/2105740778983358755,2026-10-01T19:24:59.000Z,zxx,0,0,0.11
prototype,https://x.com/i/status/2105736246488404386,2026-10-01T19:06:58.000Z,en,0,0,0.05
prototype,https://x.com/i/status/2105729599481196562,2026-10-01T18:40:33.000Z,ja,0,0,0.03
prototype,https://x.com/i/status/2105727463468720296,2026-10-01T18:32:04.000Z,en,1,0,0.05
prototype,https://x.com/i/status/2105722192872780119,2026-10-01T18:11:07.000Z,en,2,0,0.03
prototype,https://x.com/i/status/2105717501829189700,2026-10-01T17:52:29.000Z,en,3,0,0.1
prototype,https://x.com/i/status/2105714950563831996,2026-10-01T17:42:21.000Z,zxx,0,0,0.12
prototype,https://x.com/i/status/2105714489932775828,2026-10-01T17:40:31.000Z,zxx,0,0,0.11
prototype,https://x.com/i/status/2105712765705019436,2026-10-01T17:33:40.000Z,en,0,1,0.03
prototype,https://x.com/i/status/2105711670681305268,2026-10-01T17:29:19.000Z,en,2,0,0.05
prototype,https://x.com/i/status/2105710498075361669,2026-10-01T17:24:39.000Z,en,0,0,0.17
prototype,https://x.com/i/status/2105707827088011271,2026-10-01T17:14:02.000Z,en,4,0,0.08
prototype,https://x.com/i/status/2105707673845166442,2026-10-01T17:13:26.000Z,en,0,0,0.18
prototype,https://x.com/i/status/2105705307574071361,2026-10-01T17:04:02.000Z,en,56,4,0.18
prototype,https://x.com/i/status/2105702363734405427,2026-10-01T16:52:20.000Z,zxx,10,6,0.16
prototype,https://x.com/i/status/2105700293413392881,2026-10-01T16:44:06.000Z,en,5,0,0.03
prototype,https://x.com/i/status/2105698101847896187,2026-10-01T16:35:24.000Z,en,1,0,0.88
prototype,https://x.com/i/status/2105696832537915488,2026-10-01T16:30:21.000Z,en,0,0,0.04
prototype,https://x.com/i/status/2105695548112269524,2026-10-01T16:25:15.000Z,en,1,0,0.07
prototype,https://x.com/i/status/2105695052458782754,2026-10-01T16:23:17.000Z,en,0,0,0.1
prototype,https://x.com/i/status/2105689545933009407,2026-10-01T16:01:24.000Z,zxx,3,0,0.11
prototype,https://x.com/i/status/2105689405621252525,2026-10-01T16:00:50.000Z,en,1,0,0.18
prototype,https://x.com/i/status/2105689349228581189,2026-10-01T16:00:37.000Z,en,0,0,0.17
prototype,https://x.com/i/status/2105683199707762697,2026-10-01T15:36:11.000Z,zxx,0,0,0.11
prototype,https://x.com/i/status/2105680997874610368,2026-10-01T15:27:26.000Z,en,0,0,0.06
prototype,https://x.com/i/status/2105680455890522157,2026-10-01T15:25:16.000Z,en,4,0,0.08
prototype,https://x.com/i/status/2105675109059137926,2026-10-01T15:04:02.000Z,en,6,1,0.07
prototype,https://x.com/i/status/2105674446275228101,2026-10-01T15:01:24.000Z,en,1,0,0.17
prototype,https://x.com/i/status/2105674335641858344,2026-10-01T15:00:57.000Z,en,0,0,0.11
prototype,https://x.com/i/status/2105673637353459955,2026-10-01T14:58:11.000Z,zxx,1,0,0.12
prototype,https://x.com/i/status/2105668765937520734,2026-10-01T14:38:49.000Z,en,2,1,0.06
prototype,https://x.com/i/status/2105665382790906346,2026-10-01T14:25:23.000Z,zxx,0,0,0.11
prototype,https://x.com/i/status/2105653123801133332,2026-10-01T13:36:40.000Z,zxx,0,0,0.1
prototype,https://x.com/i/status/2105651323769086237,2026-10-01T13:29:31.000Z,en,14,0,0.07
prototype,https://x.com/i/status/2105651036325081206,2026-10-01T13:28:22.000Z,zxx,42,5,0.11
prototype,https://x.com/i/status/2105650607080231105,2026-10-01T13:26:40.000Z,zxx,2,0,0.11
prototype,https://x.com/i/status/2105648089570869583,2026-10-01T13:16:40.000Z,en,2,0,0.09
prototype,https://x.com/i/status/2105641900720144519,2026-10-01T12:52:04.000Z,zh,76,5,0.14
prototype,https://x.com/i/status/2105628311158149312,2026-10-01T11:58:04.000Z,en,15,0,0.11
prototype,https://x.com/i/status/2105619265239838832,2026-10-01T11:22:08.000Z,en,2,0,0.12
prototype,https://x.com/i/status/2105616833847927291,2026-10-01T11:12:28.000Z,en,3,0,0.04
prototype,https://x.com/i/status/2105609334382121026,2026-10-01T10:42:40.000Z,en,0,0,0.08
prototype,https://x.com/i/status/2105607313591538097,2026-10-01T10:34:38.000Z,en,8,1,0.13
prototype,https://x.com/i/status/2105605585634779138,2026-10-01T10:27:46.000Z,en,243,31,0.11
prototype,https://x.com/i/status/2105604879305658789,2026-10-01T10:24:58.000Z,en,2,0,0.04
prototype,https://x.com/i/status/2105598603444068715,2026-10-01T10:00:01.000Z,en,0,0,0.04
prototype,https://x.com/i/status/2105593503904375187,2026-10-01T09:39:46.000Z,en,9,1,0.1
prototype,https://x.com/i/status/2105591471088750945,2026-10-01T09:31:41.000Z,en,0,0,0.07
prototype,https://x.com/i/status/2105587200171602052,2026-10-01T09:14:43.000Z,en,50,6,0.06
prototype,https://x.com/i/status/2105578860733739375,2026-10-01T08:41:34.000Z,zxx,337,25,0.11
prototype,https://x.com/i/status/2105573852277317706,2026-10-01T08:21:40.000Z,en,6,0,0.35
prototype,https://x.com/i/status/2105568546616983945,2026-10-01T08:00:35.000Z,en,0,0,0.12
prototype,https://x.com/i/status/2105567901604516172,2026-10-01T07:58:01.000Z,en,0,0,0.15
prototype,https://x.com/i/status/2105564947103318032,2026-10-01T07:46:17.000Z,en,0,0,0.1
prototype,https://x.com/i/status/2105562032133243044,2026-10-01T07:34:42.000Z,zh,1,0,0.14
prototype,https://x.com/i/status/2105531900634751046,2026-10-01T05:34:58.000Z,en,1,0,0.15
prototype,https://x.com/i/status/2105521460890800159,2026-10-01T04:53:29.000Z,en,0,0,0.04
prototype,https://x.com/i/status/2105517547500253434,2026-10-01T04:37:56.000Z,zxx,257,41,0.11
prototype,https://x.com/i/status/2105514271098786297,2026-10-01T04:24:55.000Z,en,0,0,0.15
prototype,https://x.com/i/status/2105509671318471005,2026-10-01T04:06:38.000Z,en,2,0,0.04
prototype,https://x.com/i/status/2105509625080812027,2026-10-01T04:06:27.000Z,vi,2,1,0.05
prototype,https://x.com/i/status/2105509246737482074,2026-10-01T04:04:57.000Z,en,2,0,0.03
prototype,https://x.com/i/status/2105508363664810381,2026-10-01T04:01:27.000Z,en,1,0,0.12
prototype,https://x.com/i/status/2105505467581579295,2026-10-01T03:49:56.000Z,zxx,0,0,0.12
prototype,https://x.com/i/status/2105504091678089650,2026-10-01T03:44:28.000Z,zxx,2,0,0.14
prototype,https://x.com/i/status/2105501135285195028,2026-10-01T03:32:43.000Z,zxx,1,0,0.14
prototype,https://x.com/i/status/2105500295879094543,2026-10-01T03:29:23.000Z,en,1,0,0.18
prototype,https://x.com/i/status/2105494995214168518,2026-10-01T03:08:19.000Z,en,2,0,0.1
prototype,https://x.com/i/status/2105493090085527879,2026-10-01T03:00:45.000Z,en,1,0,0.03
prototype,https://x.com/i/status/2105492505223377297,2026-10-01T02:58:26.000Z,en,3,0,0.1
prototype,https://x.com/i/status/2105468825911050486,2026-10-01T01:24:20.000Z,en,0,0,0.06
prototype,https://x.com/i/status/2105461436520464628,2026-10-01T00:54:58.000Z,en,0,0,0.12
prototype,https://x.com/i/status/2105455152249602243,2026-10-01T00:30:00.000Z,en,0,0,0.04
prototype,https://x.com/i/status/2105433553609634041,2026-09-30T23:04:10.000Z,en,1,0,0.05
prototype,https://x.com/i/status/2105428336281632971,2026-09-30T22:43:26.000Z,en,2,0,0.12
prototype,https://x.com/i/status/2105415537870225871,2026-09-30T21:52:35.000Z,en,0,0,0.11
prototype,https://x.com/i/status/2105408287646867758,2026-09-30T21:23:47.000Z,en,0,0,0.1
grilling,https://x.com/i/status/2105765306983674024,2026-10-01T21:02:27.000Z,ja,2,0,0.63
grilling,https://x.com/i/status/2105720398486933927,2026-10-01T18:04:00.000Z,en,0,0,0.03
grilling,https://x.com/i/status/2105686149725601830,2026-10-01T15:47:54.000Z,en,0,0,0.86
grilling,https://x.com/i/status/2105546800589365756,2026-10-01T06:34:11.000Z,en,12,0,0.72
grilling,https://x.com/i/status/2105485578590659005,2026-10-01T02:30:54.000Z,zxx,3,0,0.16
grilling,https://x.com/i/status/2105398078236664128,2026-09-30T20:43:12.000Z,en,1,0,0.04
grilling,https://x.com/i/status/2105386425139036319,2026-09-30T19:56:54.000Z,en,0,0,0.03
grilling,https://x.com/i/status/2105283353935040943,2026-09-30T13:07:20.000Z,en,0,0,0.06
grilling,https://x.com/i/status/2105265392356868160,2026-09-30T11:55:58.000Z,en,1,0,0.03
grilling,https://x.com/i/status/2105208969790734717,2026-09-30T08:11:45.000Z,zh,10,1,0.08
grilling,https://x.com/i/status/2105139774642159723,2026-09-30T03:36:48.000Z,en,1,0,0.06
grilling,https://x.com/i/status/2105135032214159604,2026-09-30T03:17:57.000Z,en,2,0,0.05
grilling,https://x.com/i/status/2105069980849197432,2026-09-29T22:59:28.000Z,ja,0,0,0.9
grilling,https://x.com/i/status/2104969629680418912,2026-09-29T16:20:42.000Z,en,0,0,0.85
grilling,https://x.com/i/status/2104950533173707172,2026-09-29T15:04:49.000Z,en,146,9,0.81
grilling,https://x.com/i/status/2104780084397871511,2026-09-29T03:47:31.000Z,en,195,28,0.02
grilling,https://x.com/i/status/2104694921898684634,2026-09-28T22:09:07.000Z,en,2,0,0.87
grilling,https://x.com/i/status/2104672520154894571,2026-09-28T20:40:06.000Z,en,0,0,0.91
grilling,https://x.com/i/status/2104644903179563391,2026-09-28T18:50:21.000Z,en,2,0,0.04
grilling,https://x.com/i/status/2104522508288602115,2026-09-28T10:44:00.000Z,in,3,0,0.91
grilling,https://x.com/i/status/2104519949330903228,2026-09-28T10:33:50.000Z,en,10,0,0.05
grilling,https://x.com/i/status/2104473012544360626,2026-09-28T07:27:20.000Z,en,0,0,0.95
grilling,https://x.com/i/status/2104401426806149203,2026-09-28T02:42:52.000Z,zh,3,0,0.85
grilling,https://x.com/i/status/2104386149271965815,2026-09-28T01:42:10.000Z,en,1,0,0.03
grilling,https://x.com/i/status/2104216203858428003,2026-09-27T14:26:52.000Z,en,0,0,0.95
grilling,https://x.com/i/status/2104147133632782822,2026-09-27T09:52:24.000Z,en,21,1,0.04
grilling,https://x.com/i/status/2104135188938940423,2026-09-27T09:04:56.000Z,fr,0,0,0.64
grilling,https://x.com/i/status/2104098944603308223,2026-09-27T06:40:55.000Z,en,0,0,0.03
grilling,https://x.com/i/status/2104051638608744918,2026-09-27T03:32:56.000Z,en,8,0,0.05
grilling,https://x.com/i/status/2103976671128814058,2026-09-26T22:35:03.000Z,en,1,0,0.88
grilling,https://x.com/i/status/2103938738971930926,2026-09-26T20:04:19.000Z,en,1,0,0.92
grilling,https://x.com/i/status/2103917889078317391,2026-09-26T18:41:28.000Z,en,1,0,0.06
grilling,https://x.com/i/status/2103877386882146548,2026-09-26T16:00:31.000Z,en,12,4,0.16
grilling,https://x.com/i/status/2103817129644507350,2026-09-26T12:01:05.000Z,en,2,0,0.05
grilling,https://x.com/i/status/2103804285838643517,2026-09-26T11:10:03.000Z,en,5,0,0.91
grilling,https://x.com/i/status/2103776240184578376,2026-09-26T09:18:36.000Z,en,0,0,0.09
grilling,https://x.com/i/status/2103524092658028769,2026-09-25T16:36:39.000Z,en,0,0,0.11
grilling,https://x.com/i/status/2103410670595194982,2026-09-25T09:05:58.000Z,en,1,0,0.07
grilling,https://x.com/i/status/2103325697934762069,2026-09-25T03:28:18.000Z,ja,0,0,0.92
grilling,https://x.com/i/status/2103287358191796648,2026-09-25T00:55:58.000Z,en,5,0,0.1
video-edit,https://x.com/i/status/2105714516793110629,2026-10-01T17:40:37.000Z,zxx,14,0,0.2
video-edit,https://x.com/i/status/2105628655099515391,2026-10-01T11:59:26.000Z,en,0,0,0.59
video-edit,https://x.com/i/status/2105485655224832083,2026-10-01T02:31:12.000Z,ja,0,0,0.17
video-edit,https://x.com/i/status/2105376679619408224,2026-09-30T19:18:11.000Z,tr,0,0,0.52
video-edit,https://x.com/i/status/2105196757617377536,2026-09-30T07:23:14.000Z,en,4,0,0.48
video-edit,https://x.com/i/status/2105078050647851234,2026-09-29T23:31:32.000Z,en,0,0,0.42
video-edit,https://x.com/i/status/2104931208530465273,2026-09-29T13:48:02.000Z,en,0,0,0.06
video-edit,https://x.com/i/status/2104913198461641187,2026-09-29T12:36:28.000Z,en,3,0,0.05
video-edit,https://x.com/i/status/2104874415066354027,2026-09-29T10:02:21.000Z,en,2,0,0.77
video-edit,https://x.com/i/status/2104727128377872710,2026-09-29T00:17:06.000Z,en,0,0,0.64
video-edit,https://x.com/i/status/2104656297522024814,2026-09-28T19:35:38.000Z,tr,45,1,0.75
video-edit,https://x.com/i/status/2104578017276084408,2026-09-28T14:24:35.000Z,en,7,0,0.82
video-edit,https://x.com/i/status/2104550741126111664,2026-09-28T12:36:12.000Z,en,1,0,0.03
video-edit,https://x.com/i/status/2104297787894775927,2026-09-27T19:51:03.000Z,en,0,0,0.06
video-edit,https://x.com/i/status/2104264015593816449,2026-09-27T17:36:51.000Z,en,4,0,0.19
video-edit,https://x.com/i/status/2104208100463186367,2026-09-27T13:54:40.000Z,en,3,0,0.07
video-edit,https://x.com/i/status/2103780460728115230,2026-09-26T09:35:22.000Z,en,11,1,0.57
video-edit,https://x.com/i/status/2103776467356115357,2026-09-26T09:19:30.000Z,zxx,197,19,0.16
video-edit,https://x.com/i/status/2103622015991337080,2026-09-25T23:05:46.000Z,en,11,0,0.48
video-edit,https://x.com/i/status/2103507217848967404,2026-09-25T15:29:36.000Z,en,0,0,0.46
video-edit,https://x.com/i/status/2103482768269185034,2026-09-25T13:52:27.000Z,en,0,0,0.62
humanizer,https://x.com/i/status/2105724549736128758,2026-10-01T18:20:29.000Z,en,0,0,0.66
humanizer,https://x.com/i/status/2105674388301557847,2026-10-01T15:01:10.000Z,en,19,0,0.85
humanizer,https://x.com/i/status/2105539495047397646,2026-10-01T06:05:09.000Z,zh,284,65,0.08
humanizer,https://x.com/i/status/2105538208020721738,2026-10-01T06:00:02.000Z,en,171,24,0.12
humanizer,https://x.com/i/status/2105512869555237012,2026-10-01T04:19:21.000Z,ja,999,67,0.85
humanizer,https://x.com/i/status/2105500056438939985,2026-10-01T03:28:26.000Z,en,7,0,0.16
humanizer,https://x.com/i/status/2105496273583472679,2026-10-01T03:13:24.000Z,en,12,9,0.2
humanizer,https://x.com/i/status/2105449571295912155,2026-10-01T00:07:49.000Z,en,8,1,0.97
humanizer,https://x.com/i/status/2105444712807284953,2026-09-30T23:48:31.000Z,en,2,2,0.02
humanizer,https://x.com/i/status/2105355010355896755,2026-09-30T17:52:04.000Z,en,1,0,0.94
humanizer,https://x.com/i/status/2105323681065177216,2026-09-30T15:47:35.000Z,en,1,0,0.47
humanizer,https://x.com/i/status/2105311718825947418,2026-09-30T15:00:03.000Z,en,2156,285,0.14
humanizer,https://x.com/i/status/2105293150923472971,2026-09-30T13:46:16.000Z,en,0,0,0.95
humanizer,https://x.com/i/status/2105248514594713730,2026-09-30T10:48:54.000Z,zxx,28,1,0.19
humanizer,https://x.com/i/status/2105227281425961362,2026-09-30T09:24:31.000Z,en,136,4,0.96
humanizer,https://x.com/i/status/2105226374210601362,2026-09-30T09:20:55.000Z,qme,0,0,0.18
humanizer,https://x.com/i/status/2105183362444915120,2026-09-30T06:30:00.000Z,zh,3,0,0.95
humanizer,https://x.com/i/status/2105104022147305809,2026-09-30T01:14:44.000Z,en,5,0,0.42
humanizer,https://x.com/i/status/2105072559926505650,2026-09-29T23:09:43.000Z,en,0,0,0.97
humanizer,https://x.com/i/status/2105070367022715219,2026-09-29T23:01:00.000Z,zh,0,0,0.97
humanizer,https://x.com/i/status/2105006196558356521,2026-09-29T18:46:01.000Z,zh,1,0,0.74
humanizer,https://x.com/i/status/2104924174917509155,2026-09-29T13:20:05.000Z,en,0,0,0.94
humanizer,https://x.com/i/status/2104922894803628120,2026-09-29T13:15:00.000Z,en,2,0,0.64
humanizer,https://x.com/i/status/2104915923681579051,2026-09-29T12:47:18.000Z,zh,9,2,0.07
humanizer,https://x.com/i/status/2104896529660022786,2026-09-29T11:30:14.000Z,en,1,0,0.26
humanizer,https://x.com/i/status/2104867961945375158,2026-09-29T09:36:43.000Z,zh,0,0,0.88
humanizer,https://x.com/i/status/2104782317310906702,2026-09-29T03:56:24.000Z,en,76,14,0.34
humanizer,https://x.com/i/status/2104681725557379319,2026-09-28T21:16:41.000Z,en,4,0,0.87
humanizer,https://x.com/i/status/2104629707887329518,2026-09-28T17:49:59.000Z,en,45,10,0.87
humanizer,https://x.com/i/status/2104595391526424989,2026-09-28T15:33:37.000Z,en,35,24,0.87
humanizer,https://x.com/i/status/2104593356332343470,2026-09-28T15:25:32.000Z,zxx,18,0,0.22
humanizer,https://x.com/i/status/2104579035938369892,2026-09-28T14:28:38.000Z,zxx,0,0,0.23
humanizer,https://x.com/i/status/2104531176933445884,2026-09-28T11:18:27.000Z,ru,0,0,0.84
humanizer,https://x.com/i/status/2104487048958648690,2026-09-28T08:23:06.000Z,en,0,0,0.67
humanizer,https://x.com/i/status/2104482320753528968,2026-09-28T08:04:19.000Z,en,0,0,0.94
humanizer,https://x.com/i/status/2104468905347752030,2026-09-28T07:11:00.000Z,en,0,0,0.79
humanizer,https://x.com/i/status/2104310932671451636,2026-09-27T20:43:17.000Z,zxx,2,1,0.23
humanizer,https://x.com/i/status/2104274665820790992,2026-09-27T18:19:10.000Z,zh,429,40,0.97
humanizer,https://x.com/i/status/2104268689776509401,2026-09-27T17:55:25.000Z,en,71,47,0.87
humanizer,https://x.com/i/status/2104232273549660604,2026-09-27T15:30:43.000Z,en,0,0,0.89
humanizer,https://x.com/i/status/2104232272152981691,2026-09-27T15:30:43.000Z,en,1,0,0.95
humanizer,https://x.com/i/status/2104180687574282311,2026-09-27T12:05:44.000Z,en,1,0,0.83
humanizer,https://x.com/i/status/2104148795109847211,2026-09-27T09:59:00.000Z,en,0,0,0.96
humanizer,https://x.com/i/status/2104137681215078881,2026-09-27T09:14:50.000Z,en,0,0,0.87
humanizer,https://x.com/i/status/2104114543463190699,2026-09-27T07:42:54.000Z,ko,474,142,0.77
humanizer,https://x.com/i/status/2104113813406486581,2026-09-27T07:40:00.000Z,en,216,57,0.87
humanizer,https://x.com/i/status/2103965357447028781,2026-09-26T21:50:05.000Z,en,1,0,0.13
humanizer,https://x.com/i/status/2103884982204719442,2026-09-26T16:30:42.000Z,en,2,0,0.97
humanizer,https://x.com/i/status/2103862474084872409,2026-09-26T15:01:16.000Z,en,1,0,0.95
humanizer,https://x.com/i/status/2103841668256444839,2026-09-26T13:38:35.000Z,en,0,0,0.91
humanizer,https://x.com/i/status/2103733839960924640,2026-09-26T06:30:07.000Z,en,1,0,0.87
humanizer,https://x.com/i/status/2103536436326912454,2026-09-25T17:25:42.000Z,pt,0,0,0.94
humanizer,https://x.com/i/status/2103530976659812777,2026-09-25T17:04:01.000Z,zh,5,1,0.05
humanizer,https://x.com/i/status/2103482005023506504,2026-09-25T13:49:25.000Z,en,64,36,0.2
ai-video-generation,https://x.com/i/status/2105780724741882336,2026-10-01T22:03:42.000Z,en,2,2,0.63
ai-video-generation,https://x.com/i/status/2105771693226831879,2026-10-01T21:27:49.000Z,en,0,0,0.02
ai-video-generation,https://x.com/i/status/2105771600692007414,2026-10-01T21:27:27.000Z,en,0,0,0.02
ai-video-generation,https://x.com/i/status/2105761289268346985,2026-10-01T20:46:29.000Z,en,2,0,0.05
ai-video-generation,https://x.com/i/status/2105721514310111659,2026-10-01T18:08:26.000Z,en,6,5,0.05
ai-video-generation,https://x.com/i/status/2105704546140057729,2026-10-01T17:01:00.000Z,en,14,1,0.07
ai-video-generation,https://x.com/i/status/2105681533784731653,2026-10-01T15:29:33.000Z,en,0,0,0.16
ai-video-generation,https://x.com/i/status/2105660384350744770,2026-10-01T14:05:31.000Z,zxx,159,11,0.07
ai-video-generation,https://x.com/i/status/2105644499384828047,2026-10-01T13:02:24.000Z,en,0,0,0.23
ai-video-generation,https://x.com/i/status/2105623767322161475,2026-10-01T11:40:01.000Z,en,0,0,0.02
ai-video-generation,https://x.com/i/status/2105462901213667472,2026-10-01T01:00:47.000Z,en,62,35,0.06
ai-video-generation,https://x.com/i/status/2105414902282387661,2026-09-30T21:50:04.000Z,en,185,16,0.34
ai-video-generation,https://x.com/i/status/2105358388125225457,2026-09-30T18:05:30.000Z,en,28,8,0.27
ai-video-generation,https://x.com/i/status/2105297398578774089,2026-09-30T14:03:09.000Z,en,9,9,0.05
ai-video-generation,https://x.com/i/status/2105228663923130849,2026-09-30T09:30:01.000Z,en,1,0,0.06
ai-video-generation,https://x.com/i/status/2105213951227343251,2026-09-30T08:31:33.000Z,en,80,48,0.05
ai-video-generation,https://x.com/i/status/2105190642351759658,2026-09-30T06:58:56.000Z,en,16,3,0.06
ai-video-generation,https://x.com/i/status/2105154924145181132,2026-09-30T04:37:00.000Z,en,103,44,0.05
ai-video-generation,https://x.com/i/status/2104955265649201603,2026-09-29T15:23:38.000Z,en,127,59,0.05
ai-video-generation,https://x.com/i/status/2104951180753580398,2026-09-29T15:07:24.000Z,en,13,0,0.05
ai-video-generation,https://x.com/i/status/2104900135805395049,2026-09-29T11:44:34.000Z,zxx,2,0,0.1
ai-video-generation,https://x.com/i/status/2104850432690676073,2026-09-29T08:27:04.000Z,en,57,35,0.15
ai-video-generation,https://x.com/i/status/2104758125383573793,2026-09-29T02:20:16.000Z,en,2,0,0.03
ai-video-generation,https://x.com/i/status/2104599423716384801,2026-09-28T15:49:38.000Z,en,27,18,0.05
ai-video-generation,https://x.com/i/status/2104560346564591875,2026-09-28T13:14:22.000Z,en,0,0,0.29
ai-video-generation,https://x.com/i/status/2104537385442959594,2026-09-28T11:43:07.000Z,en,33,14,0.06
ai-video-generation,https://x.com/i/status/2104319167314657541,2026-09-27T21:16:00.000Z,zh,1,0,0.5
ai-video-generation,https://x.com/i/status/2104175942104973742,2026-09-27T11:46:52.000Z,en,44,31,0.05
ai-video-generation,https://x.com/i/status/2104157206925222207,2026-09-27T10:32:26.000Z,en,29,22,0.05
ai-video-generation,https://x.com/i/status/2104141550984790490,2026-09-27T09:30:13.000Z,en,1,2,0.02
ai-video-generation,https://x.com/i/status/2104074275481436648,2026-09-27T05:02:53.000Z,en,545,142,0.05
ai-video-generation,https://x.com/i/status/2103898454707568792,2026-09-26T17:24:14.000Z,en,2,0,0.42
ai-video-generation,https://x.com/i/status/2103844131566936478,2026-09-26T13:48:23.000Z,en,0,0,0.22
ai-video-generation,https://x.com/i/status/2103840861926916452,2026-09-26T13:35:23.000Z,en,15,13,0.04
ai-video-generation,https://x.com/i/status/2103829250390278320,2026-09-26T12:49:15.000Z,en,79,34,0.47
ai-video-generation,https://x.com/i/status/2103805274280640981,2026-09-26T11:13:58.000Z,en,41,5,0.23
ai-video-generation,https://x.com/i/status/2103603611456397505,2026-09-25T21:52:38.000Z,en,1,1,0.38
ai-video-generation,https://x.com/i/status/2103534825617662400,2026-09-25T17:19:18.000Z,en,80,46,0.12
ai-video-generation,https://x.com/i/status/2103502304574058522,2026-09-25T15:10:05.000Z,en,2,0,0.19
ai-video-generation,https://x.com/i/status/2103449307613417717,2026-09-25T11:39:29.000Z,en,1,0,0.28
ai-video-generation,https://x.com/i/status/2103423260688015810,2026-09-25T09:55:59.000Z,en,7,1,0.46
ai-video-generation,https://x.com/i/status/2103421275784007794,2026-09-25T09:48:06.000Z,zh,3,1,0.94
ai-video-generation,https://x.com/i/status/2103318107460919453,2026-09-25T02:58:09.000Z,en,88,37,0.06
ai-video-generation,https://x.com/i/status/2103299022631154025,2026-09-25T01:42:19.000Z,en,31,15,0.05
ai-music,https://x.com/i/status/2105765306983674024,2026-10-01T21:02:27.000Z,ja,2,0,0.49
ai-music,https://x.com/i/status/2105750886802677958,2026-10-01T20:05:09.000Z,en,2,0,0.47
ai-music,https://x.com/i/status/2105730755746038183,2026-10-01T18:45:09.000Z,en,6,0,0.66
ai-music,https://x.com/i/status/2105721514310111659,2026-10-01T18:08:26.000Z,en,6,5,0.12
ai-music,https://x.com/i/status/2105654265788395689,2026-10-01T13:41:12.000Z,en,0,0,0.43
ai-music,https://x.com/i/status/2105644707745259716,2026-10-01T13:03:13.000Z,en,0,0,0.48
ai-music,https://x.com/i/status/2105644536022114500,2026-10-01T13:02:33.000Z,en,0,0,0.58
ai-music,https://x.com/i/status/2105583842136346700,2026-10-01T09:01:22.000Z,en,0,0,0.49
ai-music,https://x.com/i/status/2105562726772989968,2026-10-01T07:37:28.000Z,en,2,0,0.28
ai-music,https://x.com/i/status/2105520149407334654,2026-10-01T04:48:16.000Z,zxx,3,0,0.14
ai-music,https://x.com/i/status/2105504230307996082,2026-10-01T03:45:01.000Z,en,2,0,0.33
ai-music,https://x.com/i/status/2105502319358120327,2026-10-01T03:37:25.000Z,zxx,0,0,0.12
ai-music,https://x.com/i/status/2105462901213667472,2026-10-01T01:00:47.000Z,en,62,35,0.05
ai-music,https://x.com/i/status/2105399676564562069,2026-09-30T20:49:33.000Z,en,0,0,0.46
ai-music,https://x.com/i/status/2105393703649165763,2026-09-30T20:25:49.000Z,en,5,1,0.11
ai-music,https://x.com/i/status/2105387514945044537,2026-09-30T20:01:14.000Z,en,0,0,0.37
ai-music,https://x.com/i/status/2105346874681287110,2026-09-30T17:19:45.000Z,en,1,0,0.45
ai-music,https://x.com/i/status/2105335043371495721,2026-09-30T16:32:44.000Z,en,1,0,0.39
ai-music,https://x.com/i/status/2105310906066387440,2026-09-30T14:56:49.000Z,en,0,0,0.39
ai-music,https://x.com/i/status/2105297398578774089,2026-09-30T14:03:09.000Z,en,9,9,0.06
ai-music,https://x.com/i/status/2105288317751431678,2026-09-30T13:27:03.000Z,en,42,13,0.1
ai-music,https://x.com/i/status/2105287285646532857,2026-09-30T13:22:57.000Z,en,0,0,0.47
ai-music,https://x.com/i/status/2105278671544328403,2026-09-30T12:48:44.000Z,en,0,0,0.42
ai-music,https://x.com/i/status/2105260782644772899,2026-09-30T11:37:39.000Z,en,20,6,0.39
ai-music,https://x.com/i/status/2105215628525367608,2026-09-30T08:38:13.000Z,en,32,4,0.31
ai-music,https://x.com/i/status/2105213951227343251,2026-09-30T08:31:33.000Z,en,80,48,0.13
ai-music,https://x.com/i/status/2105213696964235586,2026-09-30T08:30:32.000Z,zxx,104,1,0.14
ai-music,https://x.com/i/status/2105188107276751321,2026-09-30T06:48:51.000Z,in,0,0,0.04
ai-music,https://x.com/i/status/2105154924145181132,2026-09-30T04:37:00.000Z,en,103,44,0.04
ai-music,https://x.com/i/status/2105144541497983325,2026-09-30T03:55:45.000Z,en,0,0,0.42
ai-music,https://x.com/i/status/2105142861046112416,2026-09-30T03:49:04.000Z,en,1,0,0.49
ai-music,https://x.com/i/status/2105142853420925185,2026-09-30T03:49:02.000Z,en,3,0,0.5
ai-music,https://x.com/i/status/2105093115484778871,2026-09-30T00:31:24.000Z,en,2,0,0.26
ai-music,https://x.com/i/status/2105084365265137949,2026-09-29T23:56:37.000Z,en,944,262,0.3
ai-music,https://x.com/i/status/2105076499762274641,2026-09-29T23:25:22.000Z,en,0,0,0.36
ai-music,https://x.com/i/status/2105059351853752819,2026-09-29T22:17:14.000Z,zxx,3,1,0.11
ai-music,https://x.com/i/status/2105053309455241235,2026-09-29T21:53:13.000Z,en,6,0,0.46
ai-music,https://x.com/i/status/2105043163312521483,2026-09-29T21:12:54.000Z,en,0,0,0.39
ai-music,https://x.com/i/status/2105031586173387007,2026-09-29T20:26:54.000Z,en,46,7,0.18
ai-music,https://x.com/i/status/2105015365658886431,2026-09-29T19:22:27.000Z,en,0,0,0.42
ai-music,https://x.com/i/status/2105015123874357675,2026-09-29T19:21:29.000Z,en,0,0,0.54
ai-music,https://x.com/i/status/2105011559756181620,2026-09-29T19:07:19.000Z,en,401,30,0.39
ai-music,https://x.com/i/status/2104999116220555302,2026-09-29T18:17:52.000Z,en,2,0,0.42
ai-music,https://x.com/i/status/2104981249286959500,2026-09-29T17:06:53.000Z,en,24,3,0.51
ai-music,https://x.com/i/status/2104979485397541233,2026-09-29T16:59:52.000Z,en,5,0,0.37
ai-music,https://x.com/i/status/2104978474662281607,2026-09-29T16:55:51.000Z,zxx,2,0,0.12
ai-music,https://x.com/i/status/2104966832637796410,2026-09-29T16:09:35.000Z,en,0,0,0.43
ai-music,https://x.com/i/status/2104956386350440655,2026-09-29T15:28:05.000Z,en,1,0,0.63
ai-music,https://x.com/i/status/2104955265649201603,2026-09-29T15:23:38.000Z,en,127,59,0.05
ai-music,https://x.com/i/status/2104924792704872751,2026-09-29T13:22:32.000Z,en,1,0,0.06
ai-music,https://x.com/i/status/2104924684819304938,2026-09-29T13:22:07.000Z,en,31,20,0.19
ai-music,https://x.com/i/status/2104904549324431545,2026-09-29T12:02:06.000Z,en,35,2,0.11
ai-music,https://x.com/i/status/2104902579306332574,2026-09-29T11:54:16.000Z,en,78,62,0.13
ai-music,https://x.com/i/status/2104822166378406109,2026-09-29T06:34:44.000Z,ja,0,0,0.52
ai-music,https://x.com/i/status/2104746714611536383,2026-09-29T01:34:55.000Z,en,2,0,0.29
ai-music,https://x.com/i/status/2104727579551055900,2026-09-29T00:18:53.000Z,en,30,21,0.07
ai-music,https://x.com/i/status/2104718182804320518,2026-09-28T23:41:33.000Z,en,1,0,0.5
ai-music,https://x.com/i/status/2104681794499231752,2026-09-28T21:16:57.000Z,en,2,1,0.61
ai-music,https://x.com/i/status/2104643575761805467,2026-09-28T18:45:05.000Z,de,0,0,0.07
ai-music,https://x.com/i/status/2104614016538628422,2026-09-28T16:47:38.000Z,en,0,0,0.43
ai-music,https://x.com/i/status/2104608140683788609,2026-09-28T16:24:17.000Z,en,2,0,0.53
ai-music,https://x.com/i/status/2104599423716384801,2026-09-28T15:49:38.000Z,en,27,18,0.07
ai-music,https://x.com/i/status/2104570416178078028,2026-09-28T13:54:22.000Z,en,1,0,0.07
ai-music,https://x.com/i/status/2104537385442959594,2026-09-28T11:43:07.000Z,en,33,14,0.05
ai-music,https://x.com/i/status/2104536199214088496,2026-09-28T11:38:24.000Z,en,649,52,0.71
ai-music,https://x.com/i/status/2104491822642794764,2026-09-28T08:42:04.000Z,en,12,1,0.38
ai-music,https://x.com/i/status/2104468448331829389,2026-09-28T07:09:11.000Z,zxx,97,10,0.17
ai-music,https://x.com/i/status/2104445144854569455,2026-09-28T05:36:35.000Z,en,0,0,0.45
ai-music,https://x.com/i/status/2104363572243620163,2026-09-28T00:12:27.000Z,en,30,18,0.08
ai-music,https://x.com/i/status/2104353196613243114,2026-09-27T23:31:13.000Z,en,1,0,0.19
ai-music,https://x.com/i/status/2104324299481862612,2026-09-27T21:36:24.000Z,en,1,0,0.38
ai-music,https://x.com/i/status/2104301868759364034,2026-09-27T20:07:16.000Z,en,1,0,0.36
ai-music,https://x.com/i/status/2104233532302283206,2026-09-27T15:35:43.000Z,en,0,0,0.49
ai-music,https://x.com/i/status/2104215739175522760,2026-09-27T14:25:01.000Z,en,1,0,0.08
ai-music,https://x.com/i/status/2104204626098855938,2026-09-27T13:40:51.000Z,en,0,0,0.51
ai-music,https://x.com/i/status/2104178501200802062,2026-09-27T11:57:03.000Z,en,2,0,0.4
ai-music,https://x.com/i/status/2104175942104973742,2026-09-27T11:46:52.000Z,en,44,31,0.07
ai-music,https://x.com/i/status/2104157206925222207,2026-09-27T10:32:26.000Z,en,29,22,0.05
ai-music,https://x.com/i/status/2104152019548450841,2026-09-27T10:11:49.000Z,en,38,21,0.06
ai-music,https://x.com/i/status/2104074275481436648,2026-09-27T05:02:53.000Z,en,545,142,0.05
ai-music,https://x.com/i/status/2104039708237959228,2026-09-27T02:45:32.000Z,en,83,0,0.37
ai-music,https://x.com/i/status/2104029879792807982,2026-09-27T02:06:28.000Z,en,11,0,0.55
ai-music,https://x.com/i/status/2103925514947666367,2026-09-26T19:11:46.000Z,en,7,0,0.61
ai-music,https://x.com/i/status/2103923724319879526,2026-09-26T19:04:39.000Z,en,7,0,0.64
ai-music,https://x.com/i/status/2103810766583287822,2026-09-26T11:35:48.000Z,zxx,401,14,0.14
ai-music,https://x.com/i/status/2103799941441163525,2026-09-26T10:52:47.000Z,en,1,0,0.74
ai-music,https://x.com/i/status/2103785157383815334,2026-09-26T09:54:02.000Z,en,0,0,0.33
ai-music,https://x.com/i/status/2103736412189417841,2026-09-26T06:40:20.000Z,en,188,4,0.73
ai-music,https://x.com/i/status/2103682875195277811,2026-09-26T03:07:36.000Z,en,0,0,0.41
ai-music,https://x.com/i/status/2103549456662852008,2026-09-25T18:17:27.000Z,zxx,12,0,0.13
ai-music,https://x.com/i/status/2103534825617662400,2026-09-25T17:19:18.000Z,en,80,46,0.1
ai-music,https://x.com/i/status/2103468005216936272,2026-09-25T12:53:47.000Z,en,2278,185,0.63
ai-music,https://x.com/i/status/2103318107460919453,2026-09-25T02:58:09.000Z,en,88,37,0.06
ai-music,https://x.com/i/status/2103299022631154025,2026-09-25T01:42:19.000Z,en,31,15,0.05
obsidian,https://x.com/i/status/2105818582534017051,2026-10-02T00:34:08.000Z,ja,0,0,0.58
obsidian,https://x.com/i/status/2105818218824917292,2026-10-02T00:32:42.000Z,ja,0,0,0.56
obsidian,https://x.com/i/status/2105810297592352828,2026-10-02T00:01:13.000Z,ja,2,0,0.67
obsidian,https://x.com/i/status/2105805072282353733,2026-10-01T23:40:27.000Z,ja,5,1,0.66
obsidian,https://x.com/i/status/2105804432680399191,2026-10-01T23:37:55.000Z,en,0,0,0.7
obsidian,https://x.com/i/status/2105803224016130268,2026-10-01T23:33:07.000Z,en,1,0,0.64
obsidian,https://x.com/i/status/2105797659143393530,2026-10-01T23:11:00.000Z,en,1,0,0.13
obsidian,https://x.com/i/status/2105786425535009164,2026-10-01T22:26:22.000Z,zxx,4,0,0.16
obsidian,https://x.com/i/status/2105784290143506734,2026-10-01T22:17:53.000Z,en,0,0,0.71
obsidian,https://x.com/i/status/2105776687934067195,2026-10-01T21:47:40.000Z,en,1,0,0.06
obsidian,https://x.com/i/status/2105773675513323581,2026-10-01T21:35:42.000Z,en,1,1,0.05
obsidian,https://x.com/i/status/2105772263631179907,2026-10-01T21:30:05.000Z,zxx,21,1,0.14
obsidian,https://x.com/i/status/2105768356314005540,2026-10-01T21:14:34.000Z,en,1,0,0.03
obsidian,https://x.com/i/status/2105765325434401112,2026-10-01T21:02:31.000Z,en,0,0,0.43
obsidian,https://x.com/i/status/2105764558434652228,2026-10-01T20:59:28.000Z,en,0,0,0.6
obsidian,https://x.com/i/status/2105757784453107714,2026-10-01T20:32:33.000Z,fr,0,0,0.71
obsidian,https://x.com/i/status/2105756573062844667,2026-10-01T20:27:44.000Z,tr,0,0,0.68
obsidian,https://x.com/i/status/2105751433094275462,2026-10-01T20:07:19.000Z,en,250,14,0.03
obsidian,https://x.com/i/status/2105749789371417046,2026-10-01T20:00:47.000Z,en,13,0,0.13
obsidian,https://x.com/i/status/2105746984632221924,2026-10-01T19:49:38.000Z,en,2,0,0.16
obsidian,https://x.com/i/status/2105727887085347084,2026-10-01T18:33:45.000Z,en,30,2,0.13
obsidian,https://x.com/i/status/2105721583805341759,2026-10-01T18:08:42.000Z,en,5,0,0.05
obsidian,https://x.com/i/status/2105720253510492303,2026-10-01T18:03:25.000Z,en,0,0,0.29
obsidian,https://x.com/i/status/2105717190733582542,2026-10-01T17:51:15.000Z,en,0,0,0.61
obsidian,https://x.com/i/status/2105716520055918820,2026-10-01T17:48:35.000Z,en,3,1,0.57
obsidian,https://x.com/i/status/2105715726191632826,2026-10-01T17:45:26.000Z,en,1,0,0.41
obsidian,https://x.com/i/status/2105711898532487480,2026-10-01T17:30:13.000Z,ja,0,0,0.06
obsidian,https://x.com/i/status/2105707262916657472,2026-10-01T17:11:48.000Z,zxx,3,0,0.17
obsidian,https://x.com/i/status/2105705815969800291,2026-10-01T17:06:03.000Z,zxx,2,0,0.16
obsidian,https://x.com/i/status/2105705064216277086,2026-10-01T17:03:04.000Z,fr,8,1,0.61
obsidian,https://x.com/i/status/2105704301155033268,2026-10-01T17:00:02.000Z,en,0,0,0.35
obsidian,https://x.com/i/status/2105701156290982353,2026-10-01T16:47:32.000Z,zxx,1,0,0.17
obsidian,https://x.com/i/status/2105690376434786522,2026-10-01T16:04:42.000Z,en,2,0,0.66
obsidian,https://x.com/i/status/2105689252457492500,2026-10-01T16:00:14.000Z,en,21,1,0.58
obsidian,https://x.com/i/status/2105688231148748916,2026-10-01T15:56:10.000Z,en,1,0,0.63
obsidian,https://x.com/i/status/2105685068253462693,2026-10-01T15:43:36.000Z,en,0,0,0.57
obsidian,https://x.com/i/status/2105681361441001642,2026-10-01T15:28:52.000Z,en,0,0,0.59
obsidian,https://x.com/i/status/2105676594740441097,2026-10-01T15:09:56.000Z,zh,0,0,0.06
obsidian,https://x.com/i/status/2105676259212857701,2026-10-01T15:08:36.000Z,en,1,0,0.68
obsidian,https://x.com/i/status/2105675430565122343,2026-10-01T15:05:18.000Z,fr,0,0,0.73
obsidian,https://x.com/i/status/2105671519057871147,2026-10-01T14:49:46.000Z,ja,30,0,0.68
obsidian,https://x.com/i/status/2105671343916060796,2026-10-01T14:49:04.000Z,en,1,0,0.68
obsidian,https://x.com/i/status/2105671052739362840,2026-10-01T14:47:55.000Z,zxx,226,48,0.18
obsidian,https://x.com/i/status/2105667753915064484,2026-10-01T14:34:48.000Z,en,0,0,0.38
obsidian,https://x.com/i/status/2105667308517814778,2026-10-01T14:33:02.000Z,zh,2,0,0.49
obsidian,https://x.com/i/status/2105665102624301393,2026-10-01T14:24:16.000Z,ja,0,0,0.74
obsidian,https://x.com/i/status/2105663258342645767,2026-10-01T14:16:56.000Z,en,0,0,0.43
obsidian,https://x.com/i/status/2105663103677645272,2026-10-01T14:16:19.000Z,ja,9,1,0.08
obsidian,https://x.com/i/status/2105662842846236717,2026-10-01T14:15:17.000Z,en,1,0,0.08
obsidian,https://x.com/i/status/2105656461967712581,2026-10-01T13:49:56.000Z,es,4,0,0.56
obsidian,https://x.com/i/status/2105654006513029511,2026-10-01T13:40:10.000Z,fr,0,0,0.54
obsidian,https://x.com/i/status/2105643098504417476,2026-10-01T12:56:50.000Z,en,1,0,0.47
obsidian,https://x.com/i/status/2105642744769392839,2026-10-01T12:55:25.000Z,en,0,0,0.15
obsidian,https://x.com/i/status/2105642418469245024,2026-10-01T12:54:08.000Z,en,0,0,0.44
obsidian,https://x.com/i/status/2105640422236164458,2026-10-01T12:46:12.000Z,en,0,0,0.77
obsidian,https://x.com/i/status/2105635844245918072,2026-10-01T12:28:00.000Z,en,0,0,0.72
obsidian,https://x.com/i/status/2105628663626748141,2026-10-01T11:59:28.000Z,zh,0,0,0.36
obsidian,https://x.com/i/status/2105627789059919952,2026-10-01T11:56:00.000Z,zh,0,0,0.05
obsidian,https://x.com/i/status/2105627627734110482,2026-10-01T11:55:21.000Z,en,1,0,0.04
obsidian,https://x.com/i/status/2105626515975401900,2026-10-01T11:50:56.000Z,en,2,0,0.72
obsidian,https://x.com/i/status/2105623767322161475,2026-10-01T11:40:01.000Z,en,0,0,0.04
obsidian,https://x.com/i/status/2105619176635199850,2026-10-01T11:21:46.000Z,en,1,0,0.04
obsidian,https://x.com/i/status/2105616438337892783,2026-10-01T11:10:54.000Z,ja,3,0,0.59
obsidian,https://x.com/i/status/2105614832229629983,2026-10-01T11:04:31.000Z,en,0,0,0.66
obsidian,https://x.com/i/status/2105606565319623107,2026-10-01T10:31:40.000Z,ja,3,1,0.19
obsidian,https://x.com/i/status/2105605244180934843,2026-10-01T10:26:25.000Z,en,1,0,0.56
obsidian,https://x.com/i/status/2105605007210877006,2026-10-01T10:25:28.000Z,en,0,0,0.58
obsidian,https://x.com/i/status/2105603634092261390,2026-10-01T10:20:01.000Z,zh,1,0,0.89
obsidian,https://x.com/i/status/2105600716706594849,2026-10-01T10:08:25.000Z,ja,2,0,0.2
obsidian,https://x.com/i/status/2105599196111700468,2026-10-01T10:02:23.000Z,en,0,0,0.61
obsidian,https://x.com/i/status/2105599190055227393,2026-10-01T10:02:21.000Z,zh,0,0,0.58
obsidian,https://x.com/i/status/2105593577090982150,2026-10-01T09:40:03.000Z,ja,2,0,0.72
obsidian,https://x.com/i/status/2105593501144490266,2026-10-01T09:39:45.000Z,ja,0,0,0.68
obsidian,https://x.com/i/status/2105591550424035746,2026-10-01T09:32:00.000Z,zh,2,1,0.77
obsidian,https://x.com/i/status/2105591109455896709,2026-10-01T09:30:15.000Z,fr,5,0,0.33
obsidian,https://x.com/i/status/2105588018702905501,2026-10-01T09:17:58.000Z,en,1,0,0.39
obsidian,https://x.com/i/status/2105583506034479337,2026-10-01T09:00:02.000Z,zh,6,0,0.07
obsidian,https://x.com/i/status/2105581760616816824,2026-10-01T08:53:06.000Z,ja,0,0,0.5
obsidian,https://x.com/i/status/2105579080179696114,2026-10-01T08:42:27.000Z,zh,5,0,0.61
obsidian,https://x.com/i/status/2105574343078277286,2026-10-01T08:23:37.000Z,zh,0,0,0.69
obsidian,https://x.com/i/status/2105566565685166223,2026-10-01T07:52:43.000Z,zh,0,0,0.05
obsidian,https://x.com/i/status/2105562849313698267,2026-10-01T07:37:57.000Z,en,0,0,0.56
obsidian,https://x.com/i/status/2105562395133522362,2026-10-01T07:36:09.000Z,en,2,0,0.78
obsidian,https://x.com/i/status/2105559090084864137,2026-10-01T07:23:01.000Z,en,0,0,0.27
obsidian,https://x.com/i/status/2105554689479922074,2026-10-01T07:05:31.000Z,zh,4,0,0.41
obsidian,https://x.com/i/status/2105548885473009735,2026-10-01T06:42:28.000Z,en,1,0,0.59
obsidian,https://x.com/i/status/2105541804267274335,2026-10-01T06:14:19.000Z,en,4,0,0.66
obsidian,https://x.com/i/status/2105541315006202224,2026-10-01T06:12:23.000Z,en,7,0,0.81
obsidian,https://x.com/i/status/2105537951602016489,2026-10-01T05:59:01.000Z,zh,1,0,0.47
obsidian,https://x.com/i/status/2105535293084586302,2026-10-01T05:48:27.000Z,en,1,0,0.63
obsidian,https://x.com/i/status/2105513629181489638,2026-10-01T04:22:22.000Z,en,0,0,0.09
obsidian,https://x.com/i/status/2105503470023291102,2026-10-01T03:42:00.000Z,zh,82,12,0.07
obsidian,https://x.com/i/status/2105501571257970733,2026-10-01T03:34:27.000Z,en,1,0,0.86
obsidian,https://x.com/i/status/2105500394407538989,2026-10-01T03:29:46.000Z,ja,6,0,0.56
obsidian,https://x.com/i/status/2105499946698834124,2026-10-01T03:28:00.000Z,en,13,1,0.59
obsidian,https://x.com/i/status/2105498776555409752,2026-10-01T03:23:21.000Z,en,0,0,0.63
obsidian,https://x.com/i/status/2105496675145892343,2026-10-01T03:15:00.000Z,zh,69,16,0.63
obsidian,https://x.com/i/status/2105496097536041153,2026-10-01T03:12:42.000Z,ja,1,0,0.8
obsidian,https://x.com/i/status/2105494153539076469,2026-10-01T03:04:59.000Z,zh,0,0,0.55
obsidian,https://x.com/i/status/2105493320453820491,2026-10-01T03:01:40.000Z,ja,4,0,0.64
image-to-video,https://x.com/i/status/2105810996707078645,2026-10-02T00:04:00.000Z,en,3,0,0.32
image-to-video,https://x.com/i/status/2105704617786900763,2026-10-01T17:01:17.000Z,en,1,0,0.45
image-to-video,https://x.com/i/status/2105638176815755353,2026-10-01T12:37:16.000Z,en,0,0,0.27
image-to-video,https://x.com/i/status/2105632737977901448,2026-10-01T12:15:40.000Z,en,15,0,0.15
image-to-video,https://x.com/i/status/2105587887500911001,2026-10-01T09:17:26.000Z,en,6,0,0.43
image-to-video,https://x.com/i/status/2105583430016602376,2026-10-01T08:59:44.000Z,en,1,0,0.2
image-to-video,https://x.com/i/status/2105574114761261516,2026-10-01T08:22:43.000Z,en,3,0,0.35
image-to-video,https://x.com/i/status/2105572135389352204,2026-10-01T08:14:51.000Z,en,1076,115,0.27
image-to-video,https://x.com/i/status/2105539901722972195,2026-10-01T06:06:46.000Z,en,62,4,0.27
image-to-video,https://x.com/i/status/2105375296669319518,2026-09-30T19:12:41.000Z,en,747,71,0.23
image-to-video,https://x.com/i/status/2105369756933186002,2026-09-30T18:50:40.000Z,zxx,4,2,0.07
image-to-video,https://x.com/i/status/2105274698397270130,2026-09-30T12:32:56.000Z,en,80,7,0.08
image-to-video,https://x.com/i/status/2105268066670239934,2026-09-30T12:06:35.000Z,en,667,51,0.27
image-to-video,https://x.com/i/status/2105238395777925123,2026-09-30T10:08:41.000Z,ja,81,7,0.25
image-to-video,https://x.com/i/status/2105198147366797450,2026-09-30T07:28:45.000Z,en,1,0,0.3
image-to-video,https://x.com/i/status/2105180366311166283,2026-09-30T06:18:06.000Z,en,9,3,0.54
image-to-video,https://x.com/i/status/2105001961825456444,2026-09-29T18:29:11.000Z,zxx,17,2,0.09
image-to-video,https://x.com/i/status/2104931208530465273,2026-09-29T13:48:02.000Z,en,0,0,0.1
image-to-video,https://x.com/i/status/2104915487129739450,2026-09-29T12:45:34.000Z,en,2,0,0.05
image-to-video,https://x.com/i/status/2104850750618870221,2026-09-29T08:28:19.000Z,en,1,0,0.39
image-to-video,https://x.com/i/status/2104849091398135955,2026-09-29T08:21:44.000Z,en,0,0,0.27
image-to-video,https://x.com/i/status/2104682803174453603,2026-09-28T21:20:58.000Z,en,110,5,0.09
image-to-video,https://x.com/i/status/2104650831379218689,2026-09-28T19:13:55.000Z,en,11,0,0.06
image-to-video,https://x.com/i/status/2104633295841472661,2026-09-28T18:04:14.000Z,en,4,0,0.18
image-to-video,https://x.com/i/status/2104595739615584534,2026-09-28T15:35:00.000Z,en,3,0,0.03
image-to-video,https://x.com/i/status/2104571946989985812,2026-09-28T14:00:27.000Z,en,0,0,0.15
image-to-video,https://x.com/i/status/2104551944631017703,2026-09-28T12:40:58.000Z,en,0,0,0.19
image-to-video,https://x.com/i/status/2104549525557842398,2026-09-28T12:31:22.000Z,en,1,0,0.25
image-to-video,https://x.com/i/status/2104507469229924704,2026-09-28T09:44:15.000Z,en,49,31,0.06
image-to-video,https://x.com/i/status/2104498092284235949,2026-09-28T09:06:59.000Z,en,50,2,0.08
image-to-video,https://x.com/i/status/2104490497310162968,2026-09-28T08:36:48.000Z,en,1,0,0.34
image-to-video,https://x.com/i/status/2104364097353683219,2026-09-28T00:14:32.000Z,zxx,70,9,0.1
image-to-video,https://x.com/i/status/2104263656556929148,2026-09-27T17:35:25.000Z,en,6,2,0.08
image-to-video,https://x.com/i/status/2104215997238665627,2026-09-27T14:26:02.000Z,en,153,32,0.08
image-to-video,https://x.com/i/status/2104179215159448057,2026-09-27T11:59:53.000Z,en,17,1,0.12
image-to-video,https://x.com/i/status/2104163924031770901,2026-09-27T10:59:07.000Z,en,1,0,0.49
image-to-video,https://x.com/i/status/2104163515221377246,2026-09-27T10:57:30.000Z,en,2,0,0.24
image-to-video,https://x.com/i/status/2104070401945149454,2026-09-27T04:47:30.000Z,zxx,1,0,0.1
image-to-video,https://x.com/i/status/2103961765667311943,2026-09-26T21:35:49.000Z,en,8,2,0.06
image-to-video,https://x.com/i/status/2103945889169526829,2026-09-26T20:32:44.000Z,en,50,3,0.23
image-to-video,https://x.com/i/status/2103945856789676490,2026-09-26T20:32:36.000Z,en,117,2,0.37
image-to-video,https://x.com/i/status/2103894315109843175,2026-09-26T17:07:47.000Z,zxx,58,1,0.11
image-to-video,https://x.com/i/status/2103882274626248720,2026-09-26T16:19:57.000Z,en,3,0,0.13
image-to-video,https://x.com/i/status/2103815242174370281,2026-09-26T11:53:35.000Z,zxx,4,0,0.08
image-to-video,https://x.com/i/status/2103796876017557769,2026-09-26T10:40:36.000Z,en,37,10,0.03
image-to-video,https://x.com/i/status/2103634152658440531,2026-09-25T23:54:00.000Z,zh,0,0,0.25
image-to-video,https://x.com/i/status/2103571372236784125,2026-09-25T19:44:32.000Z,en,0,0,0.45
image-to-video,https://x.com/i/status/2103467101474508821,2026-09-25T12:50:12.000Z,en,11,0,0.1
image-to-video,https://x.com/i/status/2103448780045488505,2026-09-25T11:37:24.000Z,zxx,6,0,0.08
ai-image-generation,https://x.com/i/status/2105721514310111659,2026-10-01T18:08:26.000Z,en,6,5,0.12
ai-image-generation,https://x.com/i/status/2105659010506510386,2026-10-01T14:00:04.000Z,en,1,0,0.61
ai-image-generation,https://x.com/i/status/2105623767322161475,2026-10-01T11:40:01.000Z,en,0,0,0.03
ai-image-generation,https://x.com/i/status/2105462901213667472,2026-10-01T01:00:47.000Z,en,62,35,0.51
ai-image-generation,https://x.com/i/status/2105321486122979439,2026-09-30T15:38:51.000Z,en,2,0,0.48
ai-image-generation,https://x.com/i/status/2105297398578774089,2026-09-30T14:03:09.000Z,en,9,9,0.46
ai-image-generation,https://x.com/i/status/2105280315480580589,2026-09-30T12:55:16.000Z,en,3,0,0.19
ai-image-generation,https://x.com/i/status/2105213951227343251,2026-09-30T08:31:33.000Z,en,80,48,0.1
ai-image-generation,https://x.com/i/status/2105190642351759658,2026-09-30T06:58:56.000Z,en,16,3,0.1
ai-image-generation,https://x.com/i/status/2105154924145181132,2026-09-30T04:37:00.000Z,en,103,44,0.45
ai-image-generation,https://x.com/i/status/2105145628690944467,2026-09-30T04:00:04.000Z,en,2,1,0.51
ai-image-generation,https://x.com/i/status/2104955265649201603,2026-09-29T15:23:38.000Z,en,127,59,0.37
ai-image-generation,https://x.com/i/status/2104599423716384801,2026-09-28T15:49:38.000Z,en,27,18,0.33
ai-image-generation,https://x.com/i/status/2104562241282470302,2026-09-28T13:21:53.000Z,en,1,0,0.26
ai-image-generation,https://x.com/i/status/2104537385442959594,2026-09-28T11:43:07.000Z,en,33,14,0.33
ai-image-generation,https://x.com/i/status/2104535049681219800,2026-09-28T11:33:50.000Z,en,64,21,0.06
ai-image-generation,https://x.com/i/status/2104485340736102695,2026-09-28T08:16:19.000Z,en,0,0,0.28
ai-image-generation,https://x.com/i/status/2104439839663989036,2026-09-28T05:15:31.000Z,en,84,24,0.04
ai-image-generation,https://x.com/i/status/2104430780705575376,2026-09-28T04:39:31.000Z,en,0,0,0.32
ai-image-generation,https://x.com/i/status/2104295512275059005,2026-09-27T19:42:00.000Z,en,9,4,0.36
ai-image-generation,https://x.com/i/status/2104175942104973742,2026-09-27T11:46:52.000Z,en,44,31,0.23
ai-image-generation,https://x.com/i/status/2104157206925222207,2026-09-27T10:32:26.000Z,en,29,22,0.29
ai-image-generation,https://x.com/i/status/2104141550984790490,2026-09-27T09:30:13.000Z,en,1,2,0.03
ai-image-generation,https://x.com/i/status/2104074275481436648,2026-09-27T05:02:53.000Z,en,545,142,0.27
ai-image-generation,https://x.com/i/status/2103673411310428313,2026-09-26T02:30:00.000Z,en,358,70,0.04
ai-image-generation,https://x.com/i/status/2103534825617662400,2026-09-25T17:19:18.000Z,en,80,46,0.09
ai-image-generation,https://x.com/i/status/2103421275784007794,2026-09-25T09:48:06.000Z,zh,3,1,0.93
ai-image-generation,https://x.com/i/status/2103318107460919453,2026-09-25T02:58:09.000Z,en,88,37,0.18
ai-image-generation,https://x.com/i/status/2103299022631154025,2026-09-25T01:42:19.000Z,en,31,15,0.22
nano-banana-pro,https://x.com/i/status/2105751222422786123,2026-10-01T20:06:29.000Z,en,1,0,0.86
nano-banana-pro,https://x.com/i/status/2105721858138001646,2026-10-01T18:09:48.000Z,en,3,1,0.83
nano-banana-pro,https://x.com/i/status/2105682210657546281,2026-10-01T15:32:15.000Z,en,0,0,0.05
nano-banana-pro,https://x.com/i/status/2105663103677645272,2026-10-01T14:16:19.000Z,ja,9,1,0.07
nano-banana-pro,https://x.com/i/status/2105645994671329696,2026-10-01T13:08:20.000Z,zxx,0,0,0.13
nano-banana-pro,https://x.com/i/status/2105597256078696516,2026-10-01T09:54:40.000Z,en,2,0,0.9
nano-banana-pro,https://x.com/i/status/2105520149407334654,2026-10-01T04:48:16.000Z,zxx,3,0,0.17
nano-banana-pro,https://x.com/i/status/2105415455662117010,2026-09-30T21:52:16.000Z,zxx,0,0,0.17
nano-banana-pro,https://x.com/i/status/2105399071066493140,2026-09-30T20:47:09.000Z,ja,5,2,0.07
nano-banana-pro,https://x.com/i/status/2105323095825219607,2026-09-30T15:45:15.000Z,es,0,0,0.9
nano-banana-pro,https://x.com/i/status/2105176148233826485,2026-09-30T06:01:20.000Z,en,0,0,0.89
nano-banana-pro,https://x.com/i/status/2105166877035253836,2026-09-30T05:24:30.000Z,en,1,0,0.72
nano-banana-pro,https://x.com/i/status/2105134539773280503,2026-09-30T03:16:00.000Z,en,93,22,0.62
nano-banana-pro,https://x.com/i/status/2105039924395221377,2026-09-29T21:00:02.000Z,ja,5,1,0.88
nano-banana-pro,https://x.com/i/status/2105001961825456444,2026-09-29T18:29:11.000Z,zxx,17,2,0.2
nano-banana-pro,https://x.com/i/status/2104977276567769444,2026-09-29T16:51:05.000Z,en,3,0,0.91
nano-banana-pro,https://x.com/i/status/2104976946350223417,2026-09-29T16:49:47.000Z,en,1,0,0.62
nano-banana-pro,https://x.com/i/status/2104906579288154499,2026-09-29T12:10:10.000Z,en,4,0,0.92
nano-banana-pro,https://x.com/i/status/2104893809293447565,2026-09-29T11:19:25.000Z,en,0,0,0.94
nano-banana-pro,https://x.com/i/status/2104805403699880246,2026-09-29T05:28:08.000Z,zxx,59,6,0.17
nano-banana-pro,https://x.com/i/status/2104710496721023058,2026-09-28T23:11:00.000Z,ja,14,1,0.83
nano-banana-pro,https://x.com/i/status/2104701695213396134,2026-09-28T22:36:02.000Z,en,6,1,0.79
nano-banana-pro,https://x.com/i/status/2104672893145899091,2026-09-28T20:41:35.000Z,zxx,3,0,0.14
nano-banana-pro,https://x.com/i/status/2104632355986260395,2026-09-28T18:00:30.000Z,en,27,4,0.83
nano-banana-pro,https://x.com/i/status/2104591824186736804,2026-09-28T15:19:26.000Z,en,10,2,0.87
nano-banana-pro,https://x.com/i/status/2104518983160664199,2026-09-28T10:30:00.000Z,en,1,0,0.09
nano-banana-pro,https://x.com/i/status/2104495332302471649,2026-09-28T08:56:01.000Z,ja,4,1,0.49
nano-banana-pro,https://x.com/i/status/2104468099361837343,2026-09-28T07:07:48.000Z,zh,0,0,0.53
nano-banana-pro,https://x.com/i/status/2104419677774737476,2026-09-28T03:55:24.000Z,en,1,0,0.83
nano-banana-pro,https://x.com/i/status/2104391661648495099,2026-09-28T02:04:04.000Z,zh,16,1,0.07
nano-banana-pro,https://x.com/i/status/2104389405477949560,2026-09-28T01:55:06.000Z,zxx,51,1,0.14
nano-banana-pro,https://x.com/i/status/2104364097353683219,2026-09-28T00:14:32.000Z,zxx,70,9,0.18
nano-banana-pro,https://x.com/i/status/2104314652138393756,2026-09-27T20:58:04.000Z,en,3,0,0.87
nano-banana-pro,https://x.com/i/status/2104262810473787872,2026-09-27T17:32:03.000Z,zxx,327,47,0.2
nano-banana-pro,https://x.com/i/status/2104255107189854408,2026-09-27T17:01:27.000Z,ja,1,0,0.88
nano-banana-pro,https://x.com/i/status/2104253138945311131,2026-09-27T16:53:38.000Z,zxx,35,9,0.18
nano-banana-pro,https://x.com/i/status/2104244128238141554,2026-09-27T16:17:49.000Z,en,754,69,0.12
nano-banana-pro,https://x.com/i/status/2104219326966341987,2026-09-27T14:39:16.000Z,en,0,0,0.12
nano-banana-pro,https://x.com/i/status/2104197474999255136,2026-09-27T13:12:26.000Z,en,1,0,0.87
nano-banana-pro,https://x.com/i/status/2104196089649987671,2026-09-27T13:06:56.000Z,ja,1,1,0.86
nano-banana-pro,https://x.com/i/status/2104190342660510019,2026-09-27T12:44:06.000Z,en,695,37,0.06
nano-banana-pro,https://x.com/i/status/2104132948580573353,2026-09-27T08:56:02.000Z,en,0,0,0.83
nano-banana-pro,https://x.com/i/status/2104110338530476226,2026-09-27T07:26:11.000Z,zh,17,3,0.14
nano-banana-pro,https://x.com/i/status/2104095543962263992,2026-09-27T06:27:24.000Z,en,0,0,0.81
nano-banana-pro,https://x.com/i/status/2104078689654952182,2026-09-27T05:20:26.000Z,en,1,0,0.87
nano-banana-pro,https://x.com/i/status/2104042969682903116,2026-09-27T02:58:29.000Z,en,2,0,0.2
nano-banana-pro,https://x.com/i/status/2104037340746502422,2026-09-27T02:36:07.000Z,en,5,0,0.16
nano-banana-pro,https://x.com/i/status/2104035456967209472,2026-09-27T02:28:38.000Z,en,7,0,0.12
nano-banana-pro,https://x.com/i/status/2103978566916415754,2026-09-26T22:42:35.000Z,en,1,0,0.08
nano-banana-pro,https://x.com/i/status/2103961765667311943,2026-09-26T21:35:49.000Z,en,8,2,0.12
nano-banana-pro,https://x.com/i/status/2103949057895080197,2026-09-26T20:45:19.000Z,en,8,0,0.11
nano-banana-pro,https://x.com/i/status/2103865583519379692,2026-09-26T15:13:37.000Z,en,3,0,0.05
nano-banana-pro,https://x.com/i/status/2103855032198382000,2026-09-26T14:31:42.000Z,en,2,0,0.73
nano-banana-pro,https://x.com/i/status/2103817500085641559,2026-09-26T12:02:33.000Z,zxx,41,2,0.15
nano-banana-pro,https://x.com/i/status/2103806865914388962,2026-09-26T11:20:18.000Z,ja,1,0,0.81
nano-banana-pro,https://x.com/i/status/2103766766753358174,2026-09-26T08:40:57.000Z,in,3,0,0.67
nano-banana-pro,https://x.com/i/status/2103696085411897400,2026-09-26T04:00:06.000Z,zh,102,12,0.41
nano-banana-pro,https://x.com/i/status/2103559855298711612,2026-09-25T18:58:46.000Z,en,0,0,0.75
nano-banana-pro,https://x.com/i/status/2103559392696426857,2026-09-25T18:56:56.000Z,en,8,0,0.41
nano-banana-pro,https://x.com/i/status/2103552919249563691,2026-09-25T18:31:12.000Z,ja,114,6,0.83
nano-banana-pro,https://x.com/i/status/2103547259975557493,2026-09-25T18:08:43.000Z,en,6,0,0.16
nano-banana-pro,https://x.com/i/status/2103534594528272502,2026-09-25T17:18:23.000Z,en,10,1,0.76
nano-banana-pro,https://x.com/i/status/2103482786673836524,2026-09-25T13:52:31.000Z,en,1,0,0.11
nano-banana-pro,https://x.com/i/status/2103476992574111944,2026-09-25T13:29:30.000Z,en,8,0,0.76
nano-banana-pro,https://x.com/i/status/2103433806250492198,2026-09-25T10:37:53.000Z,en,14,0,0.91
nano-banana-pro,https://x.com/i/status/2103402695805501867,2026-09-25T08:34:16.000Z,und,0,0,0.76
nano-banana-pro,https://x.com/i/status/2103365344111063114,2026-09-25T06:05:51.000Z,zxx,11,0,0.15
vercel-react-best-practices,https://x.com/i/status/2104960643829010775,2026-09-29T15:45:00.000Z,en,220,29,0.07
vercel-react-best-practices,https://x.com/i/status/2104840846516338946,2026-09-29T07:48:58.000Z,en,0,0,0.83
notion,https://x.com/i/status/2105821806640693708,2026-10-02T00:46:57.000Z,pt,0,0,0.71
notion,https://x.com/i/status/2105821197426667971,2026-10-02T00:44:32.000Z,en,0,0,0.48
notion,https://x.com/i/status/2105818496189833557,2026-10-02T00:33:48.000Z,en,0,0,0.03
notion,https://x.com/i/status/2105814510775030232,2026-10-02T00:17:58.000Z,ja,0,0,0.14
notion,https://x.com/i/status/2105809324841075131,2026-10-01T23:57:21.000Z,ja,5,0,0.16
notion,https://x.com/i/status/2105808479055433776,2026-10-01T23:54:00.000Z,ja,0,0,0.06
notion,https://x.com/i/status/2105807472829084015,2026-10-01T23:50:00.000Z,ja,0,0,0.43
notion,https://x.com/i/status/2105806662737265127,2026-10-01T23:46:47.000Z,ja,0,0,0.49
notion,https://x.com/i/status/2105805076610875527,2026-10-01T23:40:28.000Z,zxx,2,0,0.15
notion,https://x.com/i/status/2105804392473747632,2026-10-01T23:37:45.000Z,ja,0,0,0.34
notion,https://x.com/i/status/2105799420256321858,2026-10-01T23:18:00.000Z,en,1,0,0.05
notion,https://x.com/i/status/2105798321155739706,2026-10-01T23:13:38.000Z,en,3,0,0.11
notion,https://x.com/i/status/2105794874402324692,2026-10-01T22:59:56.000Z,en,60,7,0.16
notion,https://x.com/i/status/2105793379002957879,2026-10-01T22:53:59.000Z,en,1,0,0.04
notion,https://x.com/i/status/2105791002464366601,2026-10-01T22:44:33.000Z,en,7,0,0.08
notion,https://x.com/i/status/2105787436190105809,2026-10-01T22:30:23.000Z,ja,0,0,0.47
notion,https://x.com/i/status/2105780381534290317,2026-10-01T22:02:21.000Z,en,0,0,0.26
notion,https://x.com/i/status/2105780264148598888,2026-10-01T22:01:53.000Z,en,0,0,0.11
notion,https://x.com/i/status/2105778866241622089,2026-10-01T21:56:19.000Z,en,0,0,0.59
notion,https://x.com/i/status/2105776150727610423,2026-10-01T21:45:32.000Z,en,1,0,0.28
notion,https://x.com/i/status/2105775164642496798,2026-10-01T21:41:37.000Z,en,1,0,0.1
notion,https://x.com/i/status/2105775147886264493,2026-10-01T21:41:33.000Z,zxx,10,0,0.15
notion,https://x.com/i/status/2105774013868114249,2026-10-01T21:37:02.000Z,zxx,12,2,0.17
notion,https://x.com/i/status/2105772840041717855,2026-10-01T21:32:23.000Z,en,0,0,0.03
notion,https://x.com/i/status/2105772552828363132,2026-10-01T21:31:14.000Z,en,1,0,0.69
notion,https://x.com/i/status/2105769597110800483,2026-10-01T21:19:29.000Z,en,1,0,0.44
notion,https://x.com/i/status/2105765325434401112,2026-10-01T21:02:31.000Z,en,0,0,0.26
notion,https://x.com/i/status/2105764806506447100,2026-10-01T21:00:27.000Z,en,6,0,0.13
notion,https://x.com/i/status/2105764125767094480,2026-10-01T20:57:45.000Z,zxx,7,1,0.12
notion,https://x.com/i/status/2105762810940841992,2026-10-01T20:52:31.000Z,en,0,0,0.44
notion,https://x.com/i/status/2105755523392159935,2026-10-01T20:23:34.000Z,en,0,0,0.43
notion,https://x.com/i/status/2105751605069160605,2026-10-01T20:08:00.000Z,en,0,0,0.34
notion,https://x.com/i/status/2105749789371417046,2026-10-01T20:00:47.000Z,en,13,0,0.11
notion,https://x.com/i/status/2105746489771491406,2026-10-01T19:47:40.000Z,en,69,0,0.08
notion,https://x.com/i/status/2105737336445178354,2026-10-01T19:11:18.000Z,en,14,0,0.23
notion,https://x.com/i/status/2105730650699669825,2026-10-01T18:44:44.000Z,en,0,0,0.58
notion,https://x.com/i/status/2105729367469179173,2026-10-01T18:39:38.000Z,en,0,0,0.14
notion,https://x.com/i/status/2105729269758660715,2026-10-01T18:39:15.000Z,en,0,0,0.64
notion,https://x.com/i/status/2105725454695215421,2026-10-01T18:24:05.000Z,en,6,0,0.07
notion,https://x.com/i/status/2105721589757321686,2026-10-01T18:08:44.000Z,en,0,0,0.04
notion,https://x.com/i/status/2105721140555714774,2026-10-01T18:06:56.000Z,en,2,1,0.43
notion,https://x.com/i/status/2105721138349269040,2026-10-01T18:06:56.000Z,en,0,0,0.49
notion,https://x.com/i/status/2105712800341639354,2026-10-01T17:33:48.000Z,zxx,0,0,0.17
notion,https://x.com/i/status/2105712765705019436,2026-10-01T17:33:40.000Z,en,0,0,0.03
notion,https://x.com/i/status/2105709099539194349,2026-10-01T17:19:06.000Z,en,22,1,0.07
notion,https://x.com/i/status/2105708104662872123,2026-10-01T17:15:08.000Z,es,0,0,0.22
notion,https://x.com/i/status/2105705534276219052,2026-10-01T17:04:56.000Z,en,0,0,0.59
notion,https://x.com/i/status/2105704291042513050,2026-10-01T16:59:59.000Z,en,2,1,0.39
notion,https://x.com/i/status/2105700134461886809,2026-10-01T16:43:28.000Z,zh,0,0,0.56
notion,https://x.com/i/status/2105694990743540160,2026-10-01T16:23:02.000Z,en,1,0,0.04
notion,https://x.com/i/status/2105690138806194346,2026-10-01T16:03:45.000Z,en,0,0,0.07
notion,https://x.com/i/status/2105689978420470144,2026-10-01T16:03:07.000Z,en,3,0,0.25
notion,https://x.com/i/status/2105685157999153183,2026-10-01T15:43:58.000Z,en,1,0,0.35
notion,https://x.com/i/status/2105683258612781222,2026-10-01T15:36:25.000Z,es,1,0,0.45
notion,https://x.com/i/status/2105682651675857392,2026-10-01T15:34:00.000Z,en,0,0,0.45
notion,https://x.com/i/status/2105680413909766398,2026-10-01T15:25:06.000Z,en,0,0,0.31
notion,https://x.com/i/status/2105676665670050291,2026-10-01T15:10:13.000Z,zxx,193,35,0.14
notion,https://x.com/i/status/2105676594740441097,2026-10-01T15:09:56.000Z,zh,0,0,0.1
notion,https://x.com/i/status/2105673157910921726,2026-10-01T14:56:17.000Z,en,0,0,0.44
notion,https://x.com/i/status/2105671790672458213,2026-10-01T14:50:51.000Z,en,2,0,0.08
notion,https://x.com/i/status/2105670704935137361,2026-10-01T14:46:32.000Z,ja,1,0,0.13
notion,https://x.com/i/status/2105670471228506224,2026-10-01T14:45:36.000Z,zh,14,3,0.43
notion,https://x.com/i/status/2105670192365727867,2026-10-01T14:44:29.000Z,zxx,13,1,0.17
notion,https://x.com/i/status/2105669312589828479,2026-10-01T14:41:00.000Z,es,0,0,0.38
notion,https://x.com/i/status/2105669157584822427,2026-10-01T14:40:23.000Z,en,0,0,0.13
notion,https://x.com/i/status/2105667048936226907,2026-10-01T14:32:00.000Z,en,114,11,0.25
notion,https://x.com/i/status/2105664783152480649,2026-10-01T14:23:00.000Z,en,0,0,0.17
notion,https://x.com/i/status/2105662867756265898,2026-10-01T14:15:23.000Z,en,6,4,0.59
notion,https://x.com/i/status/2105659336173199822,2026-10-01T14:01:21.000Z,en,0,0,0.03
notion,https://x.com/i/status/2105658200255016968,2026-10-01T13:56:50.000Z,en,1,0,0.43
notion,https://x.com/i/status/2105652711026757700,2026-10-01T13:35:02.000Z,en,2,0,0.32
notion,https://x.com/i/status/2105652680425181538,2026-10-01T13:34:54.000Z,en,5,0,0.13
notion,https://x.com/i/status/2105651648270061794,2026-10-01T13:30:48.000Z,en,19,11,0.26
notion,https://x.com/i/status/2105651534100943218,2026-10-01T13:30:21.000Z,en,0,0,0.67
notion,https://x.com/i/status/2105651036325081206,2026-10-01T13:28:22.000Z,zxx,42,5,0.21
notion,https://x.com/i/status/2105649472906633484,2026-10-01T13:22:10.000Z,en,0,0,0.06
notion,https://x.com/i/status/2105648147137712419,2026-10-01T13:16:53.000Z,en,15,9,0.08
notion,https://x.com/i/status/2105644299694244314,2026-10-01T13:01:36.000Z,ja,1,0,0.39
notion,https://x.com/i/status/2105644084924952647,2026-10-01T13:00:45.000Z,ja,1,0,0.36
notion,https://x.com/i/status/2105643962975338850,2026-10-01T13:00:16.000Z,en,2,0,0.51
notion,https://x.com/i/status/2105642427549974854,2026-10-01T12:54:10.000Z,en,0,0,0.63
notion,https://x.com/i/status/2105641369482170806,2026-10-01T12:49:58.000Z,en,5,0,0.39
notion,https://x.com/i/status/2105637781879902552,2026-10-01T12:35:42.000Z,en,2,0,0.34
notion,https://x.com/i/status/2105637694437298393,2026-10-01T12:35:21.000Z,zh,13,0,0.09
notion,https://x.com/i/status/2105636020066652611,2026-10-01T12:28:42.000Z,en,0,0,0.03
notion,https://x.com/i/status/2105631946080755756,2026-10-01T12:12:31.000Z,es,0,0,0.62
notion,https://x.com/i/status/2105628811958096059,2026-10-01T12:00:04.000Z,en,0,0,0.21
notion,https://x.com/i/status/2105627789059919952,2026-10-01T11:56:00.000Z,zh,0,0,0.08
notion,https://x.com/i/status/2105624079755526362,2026-10-01T11:41:15.000Z,pt,0,0,0.57
notion,https://x.com/i/status/2105623767322161475,2026-10-01T11:40:01.000Z,en,0,0,0.05
notion,https://x.com/i/status/2105620741299519522,2026-10-01T11:27:59.000Z,ja,1,0,0.58
notion,https://x.com/i/status/2105619793311138061,2026-10-01T11:24:13.000Z,pt,0,0,0.68
notion,https://x.com/i/status/2105619161640587376,2026-10-01T11:21:43.000Z,zxx,6,0,0.19
notion,https://x.com/i/status/2105617795841175866,2026-10-01T11:16:17.000Z,zxx,0,0,0.2
notion,https://x.com/i/status/2105616716055068987,2026-10-01T11:12:00.000Z,ja,0,0,0.44
notion,https://x.com/i/status/2105616284020842767,2026-10-01T11:10:17.000Z,pt,0,0,0.58
notion,https://x.com/i/status/2105615660227154423,2026-10-01T11:07:48.000Z,es,0,0,0.46
notion,https://x.com/i/status/2105615204444954790,2026-10-01T11:05:59.000Z,ja,0,0,0.69
notion,https://x.com/i/status/2105614656337326458,2026-10-01T11:03:49.000Z,es,0,0,0.52
notion,https://x.com/i/status/2105614354355806580,2026-10-01T11:02:37.000Z,pt,0,0,0.69
hyperframes-cli,https://x.com/i/status/2104707129101988095,2026-09-28T22:57:37.000Z,en,136,18,0.39
hyperframes-cli,https://x.com/i/status/2104247395294814324,2026-09-27T16:30:48.000Z,en,0,0,0.19
hyperframes-cli,https://x.com/i/status/2103934280380411986,2026-09-26T19:46:36.000Z,en,3,0,0.52
hyperframes-cli,https://x.com/i/status/2103688171221565746,2026-09-26T03:28:39.000Z,zxx,5,0,0.19
skill-creator,https://x.com/i/status/2105759548376228267,2026-10-01T20:39:34.000Z,es,0,0,0.91
skill-creator,https://x.com/i/status/2105759536208343550,2026-10-01T20:39:31.000Z,en,0,0,0.72
skill-creator,https://x.com/i/status/2105649432502927666,2026-10-01T13:22:00.000Z,zh,1,0,0.48
skill-creator,https://x.com/i/status/2105636525589270898,2026-10-01T12:30:43.000Z,en,0,0,0.09
skill-creator,https://x.com/i/status/2105631236647780470,2026-10-01T12:09:42.000Z,ja,1,1,0.66
skill-creator,https://x.com/i/status/2105566395173945426,2026-10-01T07:52:02.000Z,th,789,480,0.49
skill-creator,https://x.com/i/status/2105565200531460354,2026-10-01T07:47:17.000Z,zxx,0,0,0.19
skill-creator,https://x.com/i/status/2105427825415049503,2026-09-30T22:41:25.000Z,en,6,0,0.75
skill-creator,https://x.com/i/status/2105417447557963872,2026-09-30T22:00:10.000Z,zxx,0,0,0.2
skill-creator,https://x.com/i/status/2105390127602098592,2026-09-30T20:11:37.000Z,en,12,1,0.23
skill-creator,https://x.com/i/status/2105339138287321443,2026-09-30T16:49:00.000Z,en,0,0,0.93
skill-creator,https://x.com/i/status/2105311855992598868,2026-09-30T15:00:35.000Z,en,88,10,0.08
skill-creator,https://x.com/i/status/2105273624613564563,2026-09-30T12:28:40.000Z,en,7,0,0.18
skill-creator,https://x.com/i/status/2105258083609985101,2026-09-30T11:26:55.000Z,und,0,0,0.85
skill-creator,https://x.com/i/status/2105176230995882212,2026-09-30T06:01:40.000Z,zxx,74,9,0.22
skill-creator,https://x.com/i/status/2105056472660939059,2026-09-29T22:05:47.000Z,en,0,0,0.91
skill-creator,https://x.com/i/status/2104956408483725606,2026-09-29T15:28:10.000Z,en,117,73,0.86
skill-creator,https://x.com/i/status/2104948929276121195,2026-09-29T14:58:27.000Z,zxx,7,1,0.17
skill-creator,https://x.com/i/status/2104948197215146003,2026-09-29T14:55:32.000Z,en,79,27,0.44
skill-creator,https://x.com/i/status/2104936513259852221,2026-09-29T14:09:07.000Z,ja,0,0,0.85
skill-creator,https://x.com/i/status/2104928848295211469,2026-09-29T13:38:39.000Z,en,35,5,0.79
skill-creator,https://x.com/i/status/2104915923681579051,2026-09-29T12:47:18.000Z,zh,9,2,0.75
skill-creator,https://x.com/i/status/2104906579288154499,2026-09-29T12:10:10.000Z,en,4,0,0.74
skill-creator,https://x.com/i/status/2104858848851054788,2026-09-29T09:00:30.000Z,ja,7,0,0.09
skill-creator,https://x.com/i/status/2104813734237528106,2026-09-29T06:01:14.000Z,en,0,0,0.56
skill-creator,https://x.com/i/status/2104729561808400875,2026-09-29T00:26:46.000Z,zxx,0,0,0.16
skill-creator,https://x.com/i/status/2104665570465677423,2026-09-28T20:12:29.000Z,en,0,0,0.72
skill-creator,https://x.com/i/status/2104605560041595102,2026-09-28T16:14:01.000Z,en,17,0,0.15
skill-creator,https://x.com/i/status/2104605232454160795,2026-09-28T16:12:43.000Z,en,0,0,0.46
skill-creator,https://x.com/i/status/2104587086334693544,2026-09-28T15:00:37.000Z,en,701,38,0.43
skill-creator,https://x.com/i/status/2104573348844077270,2026-09-28T14:06:02.000Z,ja,2,0,0.83
skill-creator,https://x.com/i/status/2104526951973109852,2026-09-28T11:01:40.000Z,ja,485,32,0.42
skill-creator,https://x.com/i/status/2104449368325779838,2026-09-28T05:53:22.000Z,en,1,1,0.03
skill-creator,https://x.com/i/status/2104409512769966526,2026-09-28T03:15:00.000Z,en,2,0,0.45
skill-creator,https://x.com/i/status/2104397848699666767,2026-09-28T02:28:39.000Z,en,0,0,0.77
skill-creator,https://x.com/i/status/2104266406401634523,2026-09-27T17:46:21.000Z,zh,0,0,0.76
skill-creator,https://x.com/i/status/2104224565257961538,2026-09-27T15:00:05.000Z,en,125,16,0.16
skill-creator,https://x.com/i/status/2104194216176025691,2026-09-27T12:59:29.000Z,ja,0,0,0.76
skill-creator,https://x.com/i/status/2104179828991680531,2026-09-27T12:02:19.000Z,ar,0,0,0.12
skill-creator,https://x.com/i/status/2104169555287285854,2026-09-27T11:21:30.000Z,en,0,0,0.11
skill-creator,https://x.com/i/status/2104143636829200496,2026-09-27T09:38:30.000Z,ja,10,2,0.05
skill-creator,https://x.com/i/status/2104039176282988809,2026-09-27T02:43:25.000Z,zh,116,16,0.06
skill-creator,https://x.com/i/status/2103978065877680151,2026-09-26T22:40:35.000Z,ja,0,0,0.5
skill-creator,https://x.com/i/status/2103779902298509664,2026-09-26T09:33:09.000Z,en,0,0,0.74
skill-creator,https://x.com/i/status/2103619659685892302,2026-09-25T22:56:24.000Z,zxx,104,11,0.13
skill-creator,https://x.com/i/status/2103499833059500425,2026-09-25T15:00:15.000Z,en,195,25,0.64
skill-creator,https://x.com/i/status/2103498327216337330,2026-09-25T14:54:16.000Z,zh,82,20,0.57
skill-creator,https://x.com/i/status/2103336203315487059,2026-09-25T04:10:03.000Z,zxx,0,0,0.14
lark-base,https://x.com/i/status/2104898798489387470,2026-09-29T11:39:15.000Z,en,23,2,0.07
auto-updater,https://x.com/i/status/2105262995446145054,2026-09-30T11:46:26.000Z,en,3,0,0.01
auto-updater,https://x.com/i/status/2104253317241098511,2026-09-27T16:54:20.000Z,en,310,19,0.02
word-docx,https://x.com/i/status/2105534180457173306,2026-10-01T05:44:02.000Z,en,6,4,0.06
word-docx,https://x.com/i/status/2104854375038697979,2026-09-29T08:42:43.000Z,zxx,14,2,0.07
word-docx,https://x.com/i/status/2104303476859957290,2026-09-27T20:13:39.000Z,en,64,29,0.22
word-docx,https://x.com/i/status/2103421589744226428,2026-09-25T09:49:21.000Z,en,0,0,0.54
evolver,https://x.com/i/status/2104850403062104482,2026-09-29T08:26:56.000Z,zh,44,7,0.19
