skill_key,tweet_url,created_at,lang,favorites,retweets
find-skills,https://x.com/i/status/2093859696541389229,2026-08-30T00:33:48.000Z,ja,4,0
find-skills,https://x.com/i/status/2093786985509061082,2026-08-29T19:44:52.000Z,en,37,5
find-skills,https://x.com/i/status/2093743652312887342,2026-08-29T16:52:41.000Z,fr,0,0
find-skills,https://x.com/i/status/2093714796696723886,2026-08-29T14:58:01.000Z,es,125,6
find-skills,https://x.com/i/status/2093630453660225730,2026-08-29T09:22:52.000Z,zh,29,3
find-skills,https://x.com/i/status/2093544430812991643,2026-08-29T03:41:03.000Z,ja,0,0
find-skills,https://x.com/i/status/2093407520639324611,2026-08-28T18:37:01.000Z,es,323,33
find-skills,https://x.com/i/status/2092912127501914379,2026-08-27T09:48:30.000Z,zh,0,0
find-skills,https://x.com/i/status/2092911861369053588,2026-08-27T09:47:26.000Z,zh,0,0
find-skills,https://x.com/i/status/2092911783090728991,2026-08-27T09:47:08.000Z,zh,0,0
find-skills,https://x.com/i/status/2092877776063803544,2026-08-27T07:32:00.000Z,zh,434,75
find-skills,https://x.com/i/status/2092811075100254568,2026-08-27T03:06:57.000Z,zh,14,4
find-skills,https://x.com/i/status/2092668577987854662,2026-08-26T17:40:43.000Z,en,0,0
find-skills,https://x.com/i/status/2092668468277506078,2026-08-26T17:40:17.000Z,en,6,0
find-skills,https://x.com/i/status/2092415401749512245,2026-08-26T00:54:41.000Z,en,0,0
find-skills,https://x.com/i/status/2092236466026062089,2026-08-25T13:03:40.000Z,zxx,22,1
find-skills,https://x.com/i/status/2092228979172188321,2026-08-25T12:33:55.000Z,en,0,0
find-skills,https://x.com/i/status/2092213428689522840,2026-08-25T11:32:07.000Z,en,4,2
find-skills,https://x.com/i/status/2092155291681136954,2026-08-25T07:41:06.000Z,en,45,24
find-skills,https://x.com/i/status/2092074463416455666,2026-08-25T02:19:55.000Z,en,30,9
find-skills,https://x.com/i/status/2092024237792153631,2026-08-24T23:00:20.000Z,en,8,7
find-skills,https://x.com/i/status/2091917271052767262,2026-08-24T15:55:18.000Z,en,28,1
find-skills,https://x.com/i/status/2091868583878172710,2026-08-24T12:41:50.000Z,en,54,25
find-skills,https://x.com/i/status/2091813101465379105,2026-08-24T09:01:22.000Z,en,0,0
find-skills,https://x.com/i/status/2091805251712258418,2026-08-24T08:30:10.000Z,en,0,0
find-skills,https://x.com/i/status/2091779929687875991,2026-08-24T06:49:33.000Z,en,648,44
self-improving-agent,https://x.com/i/status/2093724170358292670,2026-08-29T15:35:16.000Z,en,0,0
self-improving-agent,https://x.com/i/status/2093721509017903283,2026-08-29T15:24:41.000Z,zxx,17,2
self-improving-agent,https://x.com/i/status/2093721424120664449,2026-08-29T15:24:21.000Z,en,0,0
self-improving-agent,https://x.com/i/status/2093568701266272457,2026-08-29T05:17:29.000Z,zh,1,0
self-improving-agent,https://x.com/i/status/2093380913535348931,2026-08-28T16:51:17.000Z,en,0,0
self-improving-agent,https://x.com/i/status/2093366215922307356,2026-08-28T15:52:53.000Z,en,0,0
self-improving-agent,https://x.com/i/status/2093347555312578659,2026-08-28T14:38:44.000Z,en,10,0
self-improving-agent,https://x.com/i/status/2093335148142235977,2026-08-28T13:49:26.000Z,en,64,17
self-improving-agent,https://x.com/i/status/2093258255376261253,2026-08-28T08:43:53.000Z,en,0,0
self-improving-agent,https://x.com/i/status/2093179378591220001,2026-08-28T03:30:27.000Z,en,1,0
self-improving-agent,https://x.com/i/status/2093155710435799364,2026-08-28T01:56:24.000Z,en,50,10
self-improving-agent,https://x.com/i/status/2093117298307731793,2026-08-27T23:23:46.000Z,en,14,1
self-improving-agent,https://x.com/i/status/2093100626964332840,2026-08-27T22:17:32.000Z,zxx,3,0
self-improving-agent,https://x.com/i/status/2092983677919830336,2026-08-27T14:32:49.000Z,en,658,140
self-improving-agent,https://x.com/i/status/2092975567838818432,2026-08-27T14:00:35.000Z,en,1,0
self-improving-agent,https://x.com/i/status/2092783109339242753,2026-08-27T01:15:49.000Z,en,0,0
self-improving-agent,https://x.com/i/status/2092765892170150225,2026-08-27T00:07:25.000Z,en,6,0
self-improving-agent,https://x.com/i/status/2092655210338361521,2026-08-26T16:47:36.000Z,en,39,5
self-improving-agent,https://x.com/i/status/2092634186280841706,2026-08-26T15:24:03.000Z,en,1,0
self-improving-agent,https://x.com/i/status/2092628136517345414,2026-08-26T15:00:01.000Z,en,0,0
self-improving-agent,https://x.com/i/status/2092586595501351198,2026-08-26T12:14:57.000Z,en,2,0
self-improving-agent,https://x.com/i/status/2092340181177335986,2026-08-25T19:55:47.000Z,en,0,0
self-improving-agent,https://x.com/i/status/2092319298811544019,2026-08-25T18:32:48.000Z,en,0,0
self-improving-agent,https://x.com/i/status/2092284353368019014,2026-08-25T16:13:57.000Z,en,20,3
self-improving-agent,https://x.com/i/status/2092265777034347004,2026-08-25T15:00:08.000Z,en,32,1
self-improving-agent,https://x.com/i/status/2092235569413644658,2026-08-25T13:00:06.000Z,en,18,0
self-improving-agent,https://x.com/i/status/2092233766349775210,2026-08-25T12:52:56.000Z,en,58,17
self-improving-agent,https://x.com/i/status/2092178688674795940,2026-08-25T09:14:04.000Z,en,30,3
self-improving-agent,https://x.com/i/status/2092076999745614077,2026-08-25T02:30:00.000Z,en,21,9
self-improving-agent,https://x.com/i/status/2092032702937477379,2026-08-24T23:33:59.000Z,en,7,1
self-improving-agent,https://x.com/i/status/2092028697574293774,2026-08-24T23:18:04.000Z,en,1,0
self-improving-agent,https://x.com/i/status/2091992218232140280,2026-08-24T20:53:06.000Z,zxx,11,3
self-improving-agent,https://x.com/i/status/2091915697282568346,2026-08-24T15:49:02.000Z,en,85,14
self-improving-agent,https://x.com/i/status/2091907294179054066,2026-08-24T15:15:39.000Z,en,86,6
self-improving-agent,https://x.com/i/status/2091821187701883195,2026-08-24T09:33:29.000Z,en,0,0
self-improving-agent,https://x.com/i/status/2091815496479920387,2026-08-24T09:10:53.000Z,en,0,0
self-improving-agent,https://x.com/i/status/2091728192856015130,2026-08-24T03:23:58.000Z,en,1,0
self-improving-agent,https://x.com/i/status/2091683634403328046,2026-08-24T00:26:54.000Z,en,0,0
self-improving-agent,https://x.com/i/status/2091671663431565490,2026-08-23T23:39:20.000Z,en,0,0
self-improving-agent,https://x.com/i/status/2091598410004807810,2026-08-23T18:48:15.000Z,en,4,0
self-improving-agent,https://x.com/i/status/2091573735375454343,2026-08-23T17:10:12.000Z,en,0,0
self-improving-agent,https://x.com/i/status/2091541283286233261,2026-08-23T15:01:15.000Z,en,2,0
self-improving-agent,https://x.com/i/status/2091536268236615815,2026-08-23T14:41:19.000Z,zxx,12,0
self-improving-agent,https://x.com/i/status/2091520454993354984,2026-08-23T13:38:29.000Z,en,16,0
self-improving-agent,https://x.com/i/status/2091505476454281264,2026-08-23T12:38:58.000Z,en,57,9
grill-me,https://x.com/i/status/2093894339344953348,2026-08-30T02:51:27.000Z,en,0,0
grill-me,https://x.com/i/status/2093890952310169889,2026-08-30T02:38:00.000Z,ja,1,0
grill-me,https://x.com/i/status/2093839874294243612,2026-08-29T23:15:02.000Z,en,124,13
grill-me,https://x.com/i/status/2093837899103953386,2026-08-29T23:07:11.000Z,en,0,0
grill-me,https://x.com/i/status/2093827407879004653,2026-08-29T22:25:30.000Z,ja,3,0
grill-me,https://x.com/i/status/2093824636555317695,2026-08-29T22:14:29.000Z,en,0,0
grill-me,https://x.com/i/status/2093755762069864541,2026-08-29T17:40:48.000Z,ja,0,0
grill-me,https://x.com/i/status/2093734459061174302,2026-08-29T16:16:09.000Z,en,1,0
grill-me,https://x.com/i/status/2093731591122202769,2026-08-29T16:04:45.000Z,en,2,0
grill-me,https://x.com/i/status/2093706838856421392,2026-08-29T14:26:24.000Z,ja,1,0
grill-me,https://x.com/i/status/2093693957490487559,2026-08-29T13:35:13.000Z,zxx,13,2
grill-me,https://x.com/i/status/2093688715168333851,2026-08-29T13:14:23.000Z,ja,1,0
grill-me,https://x.com/i/status/2093684563558256723,2026-08-29T12:57:53.000Z,ja,0,0
grill-me,https://x.com/i/status/2093682302220136502,2026-08-29T12:48:54.000Z,zh,15,0
grill-me,https://x.com/i/status/2093647911964033207,2026-08-29T10:32:14.000Z,zh,32,3
grill-me,https://x.com/i/status/2093582029657137580,2026-08-29T06:10:27.000Z,ja,1095,68
grill-me,https://x.com/i/status/2093521464628765143,2026-08-29T02:09:47.000Z,ja,0,0
grill-me,https://x.com/i/status/2093508254399893625,2026-08-29T01:17:18.000Z,zxx,11,2
grill-me,https://x.com/i/status/2093446669161398557,2026-08-28T21:12:34.000Z,en,1,0
grill-me,https://x.com/i/status/2093419563019071974,2026-08-28T19:24:52.000Z,en,34,1
grill-me,https://x.com/i/status/2093380063047672312,2026-08-28T16:47:54.000Z,en,1,0
grill-me,https://x.com/i/status/2093368240298745916,2026-08-28T16:00:56.000Z,fr,0,0
grill-me,https://x.com/i/status/2093356440500969761,2026-08-28T15:14:02.000Z,en,5,0
grill-me,https://x.com/i/status/2093332326663311431,2026-08-28T13:38:13.000Z,en,0,0
grill-me,https://x.com/i/status/2093329741767905308,2026-08-28T13:27:57.000Z,pt,2,1
grill-me,https://x.com/i/status/2093220640308285865,2026-08-28T06:14:25.000Z,zxx,236,63
grill-me,https://x.com/i/status/2093194705463025933,2026-08-28T04:31:22.000Z,ja,0,0
grill-me,https://x.com/i/status/2093177053218537800,2026-08-28T03:21:13.000Z,en,4,0
grill-me,https://x.com/i/status/2093172813733782009,2026-08-28T03:04:22.000Z,en,0,0
grill-me,https://x.com/i/status/2093161613700268214,2026-08-28T02:19:52.000Z,zxx,62,23
grill-me,https://x.com/i/status/2093127169438531935,2026-08-28T00:03:00.000Z,en,0,0
grill-me,https://x.com/i/status/2093060404356268098,2026-08-27T19:37:42.000Z,en,5,0
grill-me,https://x.com/i/status/2093021955846963220,2026-08-27T17:04:55.000Z,en,0,0
grill-me,https://x.com/i/status/2093009994233127099,2026-08-27T16:17:23.000Z,en,2,0
grill-me,https://x.com/i/status/2093008099057475988,2026-08-27T16:09:51.000Z,en,0,0
grill-me,https://x.com/i/status/2092995049856381061,2026-08-27T15:18:00.000Z,en,5,2
grill-me,https://x.com/i/status/2092992398263787665,2026-08-27T15:07:28.000Z,ja,5,0
grill-me,https://x.com/i/status/2092962055150084466,2026-08-27T13:06:53.000Z,fa,135,5
grill-me,https://x.com/i/status/2092949437949874411,2026-08-27T12:16:45.000Z,en,0,0
grill-me,https://x.com/i/status/2092933494515139052,2026-08-27T11:13:24.000Z,en,0,0
grill-me,https://x.com/i/status/2092932640949100645,2026-08-27T11:10:01.000Z,en,1,0
grill-me,https://x.com/i/status/2092930121527386182,2026-08-27T11:00:00.000Z,en,689,134
grill-me,https://x.com/i/status/2092927603594146029,2026-08-27T10:50:00.000Z,es,0,0
grill-me,https://x.com/i/status/2092890095682810159,2026-08-27T08:20:57.000Z,ja,3721,292
grill-me,https://x.com/i/status/2092877776063803544,2026-08-27T07:32:00.000Z,zh,434,75
grill-me,https://x.com/i/status/2092856996089491482,2026-08-27T06:09:25.000Z,en,6,1
grill-me,https://x.com/i/status/2092841166622568498,2026-08-27T05:06:31.000Z,en,3,0
grill-me,https://x.com/i/status/2092815138785247436,2026-08-27T03:23:06.000Z,zxx,179,28
grill-me,https://x.com/i/status/2092785979837071475,2026-08-27T01:27:14.000Z,ja,3,0
grill-me,https://x.com/i/status/2092755968773747159,2026-08-26T23:27:59.000Z,en,0,0
grill-me,https://x.com/i/status/2092717323912356254,2026-08-26T20:54:25.000Z,en,0,1
grill-me,https://x.com/i/status/2092694845080969497,2026-08-26T19:25:06.000Z,en,1,0
grill-me,https://x.com/i/status/2092681586487738578,2026-08-26T18:32:25.000Z,zxx,15,1
grill-me,https://x.com/i/status/2092653074519056572,2026-08-26T16:39:07.000Z,en,2,0
grill-me,https://x.com/i/status/2092644889762599281,2026-08-26T16:06:35.000Z,en,793,97
grill-me,https://x.com/i/status/2092628438586892551,2026-08-26T15:01:13.000Z,en,5,0
grill-me,https://x.com/i/status/2092614050589147503,2026-08-26T14:04:03.000Z,en,0,0
grill-me,https://x.com/i/status/2092601251943084037,2026-08-26T13:13:11.000Z,en,28,1
grill-me,https://x.com/i/status/2092596126793003195,2026-08-26T12:52:49.000Z,ja,1,0
grill-me,https://x.com/i/status/2092580136633741708,2026-08-26T11:49:17.000Z,en,2,0
grill-me,https://x.com/i/status/2092580064290340935,2026-08-26T11:49:00.000Z,zh,7,0
grill-me,https://x.com/i/status/2092557968718090542,2026-08-26T10:21:12.000Z,en,0,0
grill-me,https://x.com/i/status/2092556921899491791,2026-08-26T10:17:02.000Z,zh,0,0
grill-me,https://x.com/i/status/2092533142930300985,2026-08-26T08:42:33.000Z,en,0,0
grill-me,https://x.com/i/status/2092510355201446253,2026-08-26T07:12:00.000Z,zxx,0,0
grill-me,https://x.com/i/status/2092509538159398968,2026-08-26T07:08:45.000Z,zh,2,0
grill-me,https://x.com/i/status/2092506856396902800,2026-08-26T06:58:06.000Z,zh,2,0
grill-me,https://x.com/i/status/2092504302669680781,2026-08-26T06:47:57.000Z,zh,17,5
grill-me,https://x.com/i/status/2092495559743730005,2026-08-26T06:13:12.000Z,zh,134,27
grill-me,https://x.com/i/status/2092445863436026273,2026-08-26T02:55:44.000Z,en,0,0
grill-me,https://x.com/i/status/2092403949181505916,2026-08-26T00:09:11.000Z,en,1084,21
grill-me,https://x.com/i/status/2092396582272729557,2026-08-25T23:39:54.000Z,ja,1,0
grill-me,https://x.com/i/status/2092354654281888005,2026-08-25T20:53:18.000Z,en,2,0
grill-me,https://x.com/i/status/2092339777836306788,2026-08-25T19:54:11.000Z,ja,4,0
grill-me,https://x.com/i/status/2092319346957730177,2026-08-25T18:33:00.000Z,en,1,0
grill-me,https://x.com/i/status/2092317378801488127,2026-08-25T18:25:11.000Z,en,1,0
grill-me,https://x.com/i/status/2092301743623163922,2026-08-25T17:23:03.000Z,es,291,19
grill-me,https://x.com/i/status/2092296333352652927,2026-08-25T17:01:33.000Z,en,3,0
grill-me,https://x.com/i/status/2092245356872429910,2026-08-25T13:38:59.000Z,en,14,3
grill-me,https://x.com/i/status/2092225683401691643,2026-08-25T12:20:49.000Z,en,0,0
grill-me,https://x.com/i/status/2092213475317842104,2026-08-25T11:32:18.000Z,en,0,0
grill-me,https://x.com/i/status/2092213473396887719,2026-08-25T11:32:18.000Z,en,1,0
grill-me,https://x.com/i/status/2092213398494752842,2026-08-25T11:32:00.000Z,zh,10,1
grill-me,https://x.com/i/status/2092186196902625513,2026-08-25T09:43:54.000Z,zh,0,0
grill-me,https://x.com/i/status/2092164743305789573,2026-08-25T08:18:40.000Z,en,0,0
grill-me,https://x.com/i/status/2092155925599805872,2026-08-25T07:43:37.000Z,in,5,2
grill-me,https://x.com/i/status/2092110219518357522,2026-08-25T04:42:00.000Z,in,10,0
grill-me,https://x.com/i/status/2092057296532599063,2026-08-25T01:11:42.000Z,en,1,0
grill-me,https://x.com/i/status/2092056267649163699,2026-08-25T01:07:37.000Z,ja,2,0
grill-me,https://x.com/i/status/2092026333865893946,2026-08-24T23:08:40.000Z,en,1,0
grill-me,https://x.com/i/status/2091994041303040298,2026-08-24T21:00:21.000Z,ja,3,0
grill-me,https://x.com/i/status/2091939061673947305,2026-08-24T17:21:53.000Z,en,0,0
grill-me,https://x.com/i/status/2091933620827037982,2026-08-24T17:00:16.000Z,en,0,0
grill-me,https://x.com/i/status/2091929663589191966,2026-08-24T16:44:32.000Z,en,0,0
grill-me,https://x.com/i/status/2091924194070053136,2026-08-24T16:22:48.000Z,en,0,0
grill-me,https://x.com/i/status/2091909174112252219,2026-08-24T15:23:07.000Z,en,0,0
grill-me,https://x.com/i/status/2091872820586545210,2026-08-24T12:58:40.000Z,en,0,0
grill-me,https://x.com/i/status/2091856501929611273,2026-08-24T11:53:49.000Z,zh,1,0
grill-me,https://x.com/i/status/2091843372520550820,2026-08-24T11:01:39.000Z,en,1,0
grill-me,https://x.com/i/status/2091840666850439293,2026-08-24T10:50:54.000Z,en,0,0
grill-with-docs,https://x.com/i/status/2093684563558256723,2026-08-29T12:57:53.000Z,ja,0,0
grill-with-docs,https://x.com/i/status/2093500075179758031,2026-08-29T00:44:47.000Z,pt,0,0
grill-with-docs,https://x.com/i/status/2093487163551969769,2026-08-28T23:53:29.000Z,ja,0,0
grill-with-docs,https://x.com/i/status/2093484170924196251,2026-08-28T23:41:36.000Z,pt,20,0
grill-with-docs,https://x.com/i/status/2093351681618759755,2026-08-28T14:55:08.000Z,en,191,14
grill-with-docs,https://x.com/i/status/2093222396517904581,2026-08-28T06:21:24.000Z,en,0,0
grill-with-docs,https://x.com/i/status/2093041369589617108,2026-08-27T18:22:03.000Z,en,1,0
grill-with-docs,https://x.com/i/status/2092747983175758206,2026-08-26T22:56:15.000Z,en,1,0
grill-with-docs,https://x.com/i/status/2092681586487738578,2026-08-26T18:32:25.000Z,zxx,15,1
grill-with-docs,https://x.com/i/status/2092495559743730005,2026-08-26T06:13:12.000Z,zh,134,27
grill-with-docs,https://x.com/i/status/2092424722940117151,2026-08-26T01:31:43.000Z,en,3,0
grill-with-docs,https://x.com/i/status/2092188338056806775,2026-08-25T09:52:25.000Z,en,1,0
grill-with-docs,https://x.com/i/status/2092098890111865322,2026-08-25T03:56:59.000Z,en,0,0
grill-with-docs,https://x.com/i/status/2091833499850613076,2026-08-24T10:22:25.000Z,zh,0,0
grill-with-docs,https://x.com/i/status/2091434459220398476,2026-08-23T07:56:46.000Z,zxx,0,0
self-improving,https://x.com/i/status/2093942442131382328,2026-08-30T06:02:36.000Z,en,0,0
self-improving,https://x.com/i/status/2093940512093077757,2026-08-30T05:54:56.000Z,en,3,2
self-improving,https://x.com/i/status/2093911271896965306,2026-08-30T03:58:44.000Z,zh,0,0
self-improving,https://x.com/i/status/2093901670568595634,2026-08-30T03:20:35.000Z,zh,0,0
self-improving,https://x.com/i/status/2093900068604538911,2026-08-30T03:14:13.000Z,en,0,0
self-improving,https://x.com/i/status/2093887041272680467,2026-08-30T02:22:27.000Z,en,13,2
self-improving,https://x.com/i/status/2093884916182266195,2026-08-30T02:14:01.000Z,en,0,0
self-improving,https://x.com/i/status/2093862246623609301,2026-08-30T00:43:56.000Z,ko,0,0
self-improving,https://x.com/i/status/2093843140742443490,2026-08-29T23:28:01.000Z,en,1,1
self-improving,https://x.com/i/status/2093838493235700183,2026-08-29T23:09:33.000Z,ko,2,0
self-improving,https://x.com/i/status/2093828149448704315,2026-08-29T22:28:26.000Z,en,0,0
self-improving,https://x.com/i/status/2093827742928417194,2026-08-29T22:26:50.000Z,en,83,15
self-improving,https://x.com/i/status/2093821076031840461,2026-08-29T22:00:20.000Z,ja,0,0
self-improving,https://x.com/i/status/2093821006301278584,2026-08-29T22:00:03.000Z,en,10,0
self-improving,https://x.com/i/status/2093817805603029459,2026-08-29T21:47:20.000Z,ro,9,1
self-improving,https://x.com/i/status/2093813554558169542,2026-08-29T21:30:27.000Z,en,0,0
self-improving,https://x.com/i/status/2093810646781424094,2026-08-29T21:18:53.000Z,en,0,0
self-improving,https://x.com/i/status/2093806349188534584,2026-08-29T21:01:49.000Z,en,2,0
self-improving,https://x.com/i/status/2093805914566578658,2026-08-29T21:00:05.000Z,en,7,0
self-improving,https://x.com/i/status/2093804660327059638,2026-08-29T20:55:06.000Z,en,11,1
self-improving,https://x.com/i/status/2093803178831540268,2026-08-29T20:49:13.000Z,en,22,0
self-improving,https://x.com/i/status/2093799725246079291,2026-08-29T20:35:30.000Z,en,26,9
self-improving,https://x.com/i/status/2093793700144906429,2026-08-29T20:11:33.000Z,tr,38,2
self-improving,https://x.com/i/status/2093791907793051964,2026-08-29T20:04:26.000Z,en,24,2
self-improving,https://x.com/i/status/2093787879868953022,2026-08-29T19:48:25.000Z,en,0,0
self-improving,https://x.com/i/status/2093786930844451270,2026-08-29T19:44:39.000Z,zxx,0,0
self-improving,https://x.com/i/status/2093779581991878950,2026-08-29T19:15:27.000Z,en,4,0
self-improving,https://x.com/i/status/2093761700558229523,2026-08-29T18:04:24.000Z,en,54,9
self-improving,https://x.com/i/status/2093753567458845162,2026-08-29T17:32:05.000Z,en,0,0
self-improving,https://x.com/i/status/2093744616780505255,2026-08-29T16:56:31.000Z,en,125,11
self-improving,https://x.com/i/status/2093737944809169107,2026-08-29T16:30:00.000Z,en,29,2
self-improving,https://x.com/i/status/2093726468371083532,2026-08-29T15:44:24.000Z,zxx,1,0
self-improving,https://x.com/i/status/2093724170358292670,2026-08-29T15:35:16.000Z,en,0,0
self-improving,https://x.com/i/status/2093723788940575190,2026-08-29T15:33:45.000Z,en,21,1
self-improving,https://x.com/i/status/2093722644579500188,2026-08-29T15:29:12.000Z,en,1,0
self-improving,https://x.com/i/status/2093721509017903283,2026-08-29T15:24:41.000Z,zxx,17,2
self-improving,https://x.com/i/status/2093721424120664449,2026-08-29T15:24:21.000Z,en,0,0
self-improving,https://x.com/i/status/2093715090314854828,2026-08-29T14:59:11.000Z,en,0,0
self-improving,https://x.com/i/status/2093714341300166970,2026-08-29T14:56:12.000Z,en,32,3
self-improving,https://x.com/i/status/2093696662015529452,2026-08-29T13:45:57.000Z,en,6,0
self-improving,https://x.com/i/status/2093693782613012955,2026-08-29T13:34:31.000Z,en,1,0
self-improving,https://x.com/i/status/2093688573803352361,2026-08-29T13:13:49.000Z,zh,2,0
self-improving,https://x.com/i/status/2093682832358941143,2026-08-29T12:51:00.000Z,en,0,0
self-improving,https://x.com/i/status/2093676019492192679,2026-08-29T12:23:56.000Z,en,0,0
self-improving,https://x.com/i/status/2093670428661494100,2026-08-29T12:01:43.000Z,en,0,0
self-improving,https://x.com/i/status/2093656213011726580,2026-08-29T11:05:14.000Z,zh,112,24
self-improving,https://x.com/i/status/2093652992360866252,2026-08-29T10:52:26.000Z,en,1,0
self-improving,https://x.com/i/status/2093647822147228044,2026-08-29T10:31:53.000Z,zh,15,0
self-improving,https://x.com/i/status/2093637346566586377,2026-08-29T09:50:15.000Z,en,6,0
self-improving,https://x.com/i/status/2093611176777175302,2026-08-29T08:06:16.000Z,en,0,0
self-improving,https://x.com/i/status/2093591124862816677,2026-08-29T06:46:35.000Z,en,0,0
self-improving,https://x.com/i/status/2093568701266272457,2026-08-29T05:17:29.000Z,zh,1,0
self-improving,https://x.com/i/status/2093549117360541742,2026-08-29T03:59:40.000Z,ja,0,0
self-improving,https://x.com/i/status/2093548045380255790,2026-08-29T03:55:24.000Z,en,704,152
self-improving,https://x.com/i/status/2093547165113327717,2026-08-29T03:51:55.000Z,zxx,0,0
self-improving,https://x.com/i/status/2093539751127040157,2026-08-29T03:22:27.000Z,zh,475,90
self-improving,https://x.com/i/status/2093534714640413009,2026-08-29T03:02:26.000Z,en,1,0
self-improving,https://x.com/i/status/2093533294444925099,2026-08-29T02:56:48.000Z,zxx,1,0
self-improving,https://x.com/i/status/2093516258398667126,2026-08-29T01:49:06.000Z,ja,2,0
self-improving,https://x.com/i/status/2093487934448214351,2026-08-28T23:56:33.000Z,zxx,447,49
self-improving,https://x.com/i/status/2093477430736650573,2026-08-28T23:14:49.000Z,en,72,15
self-improving,https://x.com/i/status/2093470456497963479,2026-08-28T22:47:06.000Z,en,1,0
self-improving,https://x.com/i/status/2093458677823078498,2026-08-28T22:00:18.000Z,ja,2,0
self-improving,https://x.com/i/status/2093458649889075234,2026-08-28T22:00:11.000Z,en,7,0
self-improving,https://x.com/i/status/2093457570375598172,2026-08-28T21:55:53.000Z,en,2,0
self-improving,https://x.com/i/status/2093453522440216920,2026-08-28T21:39:48.000Z,en,246,40
self-improving,https://x.com/i/status/2093439967351759108,2026-08-28T20:45:57.000Z,en,1,0
self-improving,https://x.com/i/status/2093426702751879446,2026-08-28T19:53:14.000Z,en,0,0
self-improving,https://x.com/i/status/2093425764251406700,2026-08-28T19:49:30.000Z,en,0,0
self-improving,https://x.com/i/status/2093425655241486508,2026-08-28T19:49:04.000Z,en,12,1
self-improving,https://x.com/i/status/2093425208619110797,2026-08-28T19:47:18.000Z,en,0,0
self-improving,https://x.com/i/status/2093418882824339508,2026-08-28T19:22:10.000Z,en,1,0
self-improving,https://x.com/i/status/2093411541257257169,2026-08-28T18:52:59.000Z,en,12,2
self-improving,https://x.com/i/status/2093411337376321892,2026-08-28T18:52:11.000Z,en,226,22
self-improving,https://x.com/i/status/2093380913535348931,2026-08-28T16:51:17.000Z,en,0,0
self-improving,https://x.com/i/status/2093371463097024566,2026-08-28T16:13:44.000Z,zxx,16,4
self-improving,https://x.com/i/status/2093366215922307356,2026-08-28T15:52:53.000Z,en,0,0
self-improving,https://x.com/i/status/2093363293201019216,2026-08-28T15:41:16.000Z,en,0,0
self-improving,https://x.com/i/status/2093358658377617618,2026-08-28T15:22:51.000Z,en,75,12
self-improving,https://x.com/i/status/2093356075672064297,2026-08-28T15:12:35.000Z,en,180,20
self-improving,https://x.com/i/status/2093354573494947845,2026-08-28T15:06:37.000Z,en,1,0
self-improving,https://x.com/i/status/2093349349354786954,2026-08-28T14:45:52.000Z,en,10,1
self-improving,https://x.com/i/status/2093347555312578659,2026-08-28T14:38:44.000Z,en,10,0
self-improving,https://x.com/i/status/2093343430772392065,2026-08-28T14:22:20.000Z,en,12,2
self-improving,https://x.com/i/status/2093341639968231572,2026-08-28T14:15:14.000Z,en,151,19
self-improving,https://x.com/i/status/2093335148142235977,2026-08-28T13:49:26.000Z,en,64,17
self-improving,https://x.com/i/status/2093324682783076470,2026-08-28T13:07:51.000Z,en,29,6
self-improving,https://x.com/i/status/2093322757186417017,2026-08-28T13:00:12.000Z,en,97,5
self-improving,https://x.com/i/status/2093315377648562259,2026-08-28T12:30:52.000Z,zh,0,0
self-improving,https://x.com/i/status/2093312280406397284,2026-08-28T12:18:34.000Z,en,150,19
self-improving,https://x.com/i/status/2093295159123542457,2026-08-28T11:10:32.000Z,ja,0,0
self-improving,https://x.com/i/status/2093277784650949013,2026-08-28T10:01:29.000Z,en,3,0
self-improving,https://x.com/i/status/2093272506425917514,2026-08-28T09:40:31.000Z,zxx,0,1
self-improving,https://x.com/i/status/2093258255376261253,2026-08-28T08:43:53.000Z,en,0,0
self-improving,https://x.com/i/status/2093202284008329541,2026-08-28T05:01:28.000Z,zxx,2,0
self-improving,https://x.com/i/status/2093199122073280720,2026-08-28T04:48:55.000Z,en,298,51
self-improving,https://x.com/i/status/2093194351241531682,2026-08-28T04:29:57.000Z,en,15,0
self-improving,https://x.com/i/status/2093184358144520470,2026-08-28T03:50:15.000Z,en,16,5
self-improving,https://x.com/i/status/2093179378591220001,2026-08-28T03:30:27.000Z,en,1,0
self-improving,https://x.com/i/status/2093177417615679842,2026-08-28T03:22:40.000Z,zh,0,0
frontend-design,https://x.com/i/status/2093950525545013398,2026-08-30T06:34:43.000Z,ja,1,0
frontend-design,https://x.com/i/status/2093834148444278823,2026-08-29T22:52:17.000Z,en,1,0
frontend-design,https://x.com/i/status/2093767665101807822,2026-08-29T18:28:06.000Z,qme,0,0
frontend-design,https://x.com/i/status/2093719175302918455,2026-08-29T15:15:25.000Z,zh,0,0
frontend-design,https://x.com/i/status/2093660812447551566,2026-08-29T11:23:30.000Z,es,94,14
frontend-design,https://x.com/i/status/2093660658541682809,2026-08-29T11:22:53.000Z,en,17,3
frontend-design,https://x.com/i/status/2093634528749527251,2026-08-29T09:39:04.000Z,zh,2,0
frontend-design,https://x.com/i/status/2093630453660225730,2026-08-29T09:22:52.000Z,zh,29,3
frontend-design,https://x.com/i/status/2093547941931933929,2026-08-29T03:55:00.000Z,en,1,0
frontend-design,https://x.com/i/status/2093506027568439394,2026-08-29T01:08:27.000Z,en,0,0
frontend-design,https://x.com/i/status/2093454241733951738,2026-08-28T21:42:40.000Z,en,1,0
frontend-design,https://x.com/i/status/2093425242257682800,2026-08-28T19:47:26.000Z,en,10,0
frontend-design,https://x.com/i/status/2093368020865364068,2026-08-28T16:00:03.000Z,en,50,4
frontend-design,https://x.com/i/status/2093360498595029483,2026-08-28T15:30:10.000Z,en,19,1
frontend-design,https://x.com/i/status/2093352964505166030,2026-08-28T15:00:14.000Z,en,96,10
frontend-design,https://x.com/i/status/2093345537554530458,2026-08-28T14:30:43.000Z,en,0,0
frontend-design,https://x.com/i/status/2093334200627638699,2026-08-28T13:45:40.000Z,tr,1,0
frontend-design,https://x.com/i/status/2093323226797744557,2026-08-28T13:02:03.000Z,zxx,59,1
frontend-design,https://x.com/i/status/2093315523534639109,2026-08-28T12:31:27.000Z,en,0,0
frontend-design,https://x.com/i/status/2093280374562656302,2026-08-28T10:11:47.000Z,zxx,0,0
frontend-design,https://x.com/i/status/2093242206232752638,2026-08-28T07:40:07.000Z,en,0,0
frontend-design,https://x.com/i/status/2093172720213410036,2026-08-28T03:04:00.000Z,zh,1,0
frontend-design,https://x.com/i/status/2093169986739085425,2026-08-28T02:53:08.000Z,en,1,0
frontend-design,https://x.com/i/status/2093086975192375445,2026-08-27T21:23:17.000Z,en,2,0
frontend-design,https://x.com/i/status/2092990555923914804,2026-08-27T15:00:09.000Z,en,155,29
frontend-design,https://x.com/i/status/2092941223635845535,2026-08-27T11:44:07.000Z,en,5,0
frontend-design,https://x.com/i/status/2092886615559663628,2026-08-27T08:07:07.000Z,en,0,0
frontend-design,https://x.com/i/status/2092878827634696326,2026-08-27T07:36:10.000Z,zxx,125,9
frontend-design,https://x.com/i/status/2092827368985395218,2026-08-27T04:11:42.000Z,en,143,2
frontend-design,https://x.com/i/status/2092788357067583924,2026-08-27T01:36:41.000Z,en,8,0
frontend-design,https://x.com/i/status/2092788186485264522,2026-08-27T01:36:00.000Z,en,54,10
frontend-design,https://x.com/i/status/2092728605285716257,2026-08-26T21:39:15.000Z,en,6,0
frontend-design,https://x.com/i/status/2092682235375988810,2026-08-26T18:34:59.000Z,en,74,4
frontend-design,https://x.com/i/status/2092681402193969232,2026-08-26T18:31:41.000Z,en,0,0
frontend-design,https://x.com/i/status/2092628133241307210,2026-08-26T15:00:00.000Z,en,2,0
frontend-design,https://x.com/i/status/2092598914767618517,2026-08-26T13:03:54.000Z,en,0,0
frontend-design,https://x.com/i/status/2092584238084161841,2026-08-26T12:05:35.000Z,en,0,0
frontend-design,https://x.com/i/status/2092582873324806158,2026-08-26T12:00:09.000Z,en,1,0
frontend-design,https://x.com/i/status/2092553718965399931,2026-08-26T10:04:19.000Z,ja,1,0
frontend-design,https://x.com/i/status/2092546291884867632,2026-08-26T09:34:48.000Z,zxx,0,0
frontend-design,https://x.com/i/status/2092444705548288503,2026-08-26T02:51:08.000Z,zh,0,0
frontend-design,https://x.com/i/status/2092444696257937509,2026-08-26T02:51:05.000Z,zh,0,0
frontend-design,https://x.com/i/status/2092416434529816792,2026-08-26T00:58:47.000Z,en,188,17
frontend-design,https://x.com/i/status/2092413972309774339,2026-08-26T00:49:00.000Z,en,1,0
frontend-design,https://x.com/i/status/2092387884967813312,2026-08-25T23:05:21.000Z,en,4,0
frontend-design,https://x.com/i/status/2092308885575020643,2026-08-25T17:51:26.000Z,en,2,0
frontend-design,https://x.com/i/status/2092271529035989172,2026-08-25T15:22:59.000Z,en,1,0
frontend-design,https://x.com/i/status/2092265464626078181,2026-08-25T14:58:53.000Z,zxx,0,1
frontend-design,https://x.com/i/status/2092250905655812121,2026-08-25T14:01:02.000Z,en,6122,352
frontend-design,https://x.com/i/status/2092239038166061529,2026-08-25T13:13:53.000Z,en,1,0
frontend-design,https://x.com/i/status/2092228979172188321,2026-08-25T12:33:55.000Z,en,0,0
frontend-design,https://x.com/i/status/2092197043825689043,2026-08-25T10:27:01.000Z,en,9,2
frontend-design,https://x.com/i/status/2092191011632218388,2026-08-25T10:03:02.000Z,zxx,87,14
frontend-design,https://x.com/i/status/2092163033027994050,2026-08-25T08:11:52.000Z,en,0,0
frontend-design,https://x.com/i/status/2092141538281472187,2026-08-25T06:46:27.000Z,zxx,8,0
frontend-design,https://x.com/i/status/2092087317624414561,2026-08-25T03:11:00.000Z,en,2763,153
frontend-design,https://x.com/i/status/2092044292105601231,2026-08-25T00:20:02.000Z,en,2,0
frontend-design,https://x.com/i/status/2092027653482299455,2026-08-24T23:13:55.000Z,en,122,22
frontend-design,https://x.com/i/status/2092007739937435926,2026-08-24T21:54:47.000Z,en,0,0
frontend-design,https://x.com/i/status/2091925493016592457,2026-08-24T16:27:58.000Z,en,50,0
frontend-design,https://x.com/i/status/2091900124599345559,2026-08-24T14:47:09.000Z,en,73,5
frontend-design,https://x.com/i/status/2091889196453519873,2026-08-24T14:03:44.000Z,en,0,0
frontend-design,https://x.com/i/status/2091875414398717990,2026-08-24T13:08:58.000Z,en,1,0
frontend-design,https://x.com/i/status/2091865968582476213,2026-08-24T12:31:26.000Z,en,24,0
frontend-design,https://x.com/i/status/2091862336130662733,2026-08-24T12:17:00.000Z,en,145,1
frontend-design,https://x.com/i/status/2091860321963012190,2026-08-24T12:09:00.000Z,zh,0,0
frontend-design,https://x.com/i/status/2091853451181592918,2026-08-24T11:41:42.000Z,zxx,0,0
frontend-design,https://x.com/i/status/2091840989677961292,2026-08-24T10:52:11.000Z,zxx,0,0
frontend-design,https://x.com/i/status/2091833499850613076,2026-08-24T10:22:25.000Z,zh,0,0
frontend-design,https://x.com/i/status/2091702081971486837,2026-08-24T01:40:12.000Z,ja,0,0
frontend-design,https://x.com/i/status/2091671145691132174,2026-08-23T23:37:17.000Z,zxx,1,0
frontend-design,https://x.com/i/status/2091670832259223859,2026-08-23T23:36:02.000Z,ja,0,0
frontend-design,https://x.com/i/status/2091659598973546872,2026-08-23T22:51:24.000Z,ja,0,0
frontend-design,https://x.com/i/status/2091597585387491402,2026-08-23T18:44:59.000Z,en,0,0
frontend-design,https://x.com/i/status/2091591299178562023,2026-08-23T18:20:00.000Z,en,42,4
frontend-design,https://x.com/i/status/2091578073431081019,2026-08-23T17:27:27.000Z,en,2,0
frontend-design,https://x.com/i/status/2091575707642069374,2026-08-23T17:18:02.000Z,zxx,6,1
frontend-design,https://x.com/i/status/2091535101171491113,2026-08-23T14:36:41.000Z,pt,2,1
frontend-design,https://x.com/i/status/2091523345762193613,2026-08-23T13:49:58.000Z,en,38,3
frontend-design,https://x.com/i/status/2091520803179561364,2026-08-23T13:39:52.000Z,en,9,1
frontend-design,https://x.com/i/status/2091463239678706147,2026-08-23T09:51:08.000Z,en,0,0
ontology,https://x.com/i/status/2093942994604900536,2026-08-30T06:04:48.000Z,en,0,0
ontology,https://x.com/i/status/2093935412792422485,2026-08-30T05:34:40.000Z,en,0,0
ontology,https://x.com/i/status/2093895366152171744,2026-08-30T02:55:32.000Z,en,0,0
ontology,https://x.com/i/status/2093881930425213088,2026-08-30T02:02:09.000Z,ja,0,0
ontology,https://x.com/i/status/2093806548153995745,2026-08-29T21:02:36.000Z,en,0,0
ontology,https://x.com/i/status/2093801376237138152,2026-08-29T20:42:03.000Z,en,0,0
ontology,https://x.com/i/status/2093794928690377114,2026-08-29T20:16:26.000Z,en,7,2
ontology,https://x.com/i/status/2093783538974003564,2026-08-29T19:31:10.000Z,en,0,0
ontology,https://x.com/i/status/2093774372104536064,2026-08-29T18:54:45.000Z,en,0,0
ontology,https://x.com/i/status/2093770675613802984,2026-08-29T18:40:04.000Z,en,3,1
ontology,https://x.com/i/status/2093731108030763283,2026-08-29T16:02:50.000Z,en,3,0
ontology,https://x.com/i/status/2093726274283794783,2026-08-29T15:43:37.000Z,en,0,0
ontology,https://x.com/i/status/2093713257097777514,2026-08-29T14:51:54.000Z,zxx,1,0
ontology,https://x.com/i/status/2093694749417013495,2026-08-29T13:38:21.000Z,en,8,0
ontology,https://x.com/i/status/2093680574988792065,2026-08-29T12:42:02.000Z,en,0,0
ontology,https://x.com/i/status/2093582734853898400,2026-08-29T06:13:15.000Z,zxx,1,0
ontology,https://x.com/i/status/2093571090157097317,2026-08-29T05:26:59.000Z,en,4,0
ontology,https://x.com/i/status/2093563590431404507,2026-08-29T04:57:11.000Z,en,2,0
ontology,https://x.com/i/status/2093553880584090026,2026-08-29T04:18:36.000Z,en,0,0
ontology,https://x.com/i/status/2093553258321019298,2026-08-29T04:16:07.000Z,en,1,0
ontology,https://x.com/i/status/2093518091959337412,2026-08-29T01:56:23.000Z,en,0,0
ontology,https://x.com/i/status/2093510155245920536,2026-08-29T01:24:51.000Z,en,2,0
ontology,https://x.com/i/status/2093488430533447691,2026-08-28T23:58:31.000Z,en,0,0
ontology,https://x.com/i/status/2093477314570936397,2026-08-28T23:14:21.000Z,en,0,0
ontology,https://x.com/i/status/2093467235381633256,2026-08-28T22:34:18.000Z,en,165,22
ontology,https://x.com/i/status/2093464291928391830,2026-08-28T22:22:36.000Z,en,0,0
ontology,https://x.com/i/status/2093453152183877694,2026-08-28T21:38:20.000Z,en,3,0
ontology,https://x.com/i/status/2093447958289101113,2026-08-28T21:17:42.000Z,en,0,0
ontology,https://x.com/i/status/2093428353080398005,2026-08-28T19:59:48.000Z,zxx,1,0
ontology,https://x.com/i/status/2093423439629410506,2026-08-28T19:40:16.000Z,zxx,0,0
ontology,https://x.com/i/status/2093409033223045615,2026-08-28T18:43:01.000Z,en,4,0
ontology,https://x.com/i/status/2093392131167522922,2026-08-28T17:35:52.000Z,zxx,1,0
ontology,https://x.com/i/status/2093376560665391205,2026-08-28T16:33:59.000Z,en,0,0
ontology,https://x.com/i/status/2093360581801607520,2026-08-28T15:30:30.000Z,zxx,1,0
ontology,https://x.com/i/status/2093348491171164591,2026-08-28T14:42:27.000Z,en,0,0
ontology,https://x.com/i/status/2093294956597461389,2026-08-28T11:09:43.000Z,en,2,1
ontology,https://x.com/i/status/2093282727680233931,2026-08-28T10:21:08.000Z,en,0,0
ontology,https://x.com/i/status/2093272016417595685,2026-08-28T09:38:34.000Z,en,9,3
ontology,https://x.com/i/status/2093212472886940143,2026-08-28T05:41:58.000Z,en,0,0
ontology,https://x.com/i/status/2093193435113242842,2026-08-28T04:26:19.000Z,en,0,0
ontology,https://x.com/i/status/2093188881512317183,2026-08-28T04:08:13.000Z,en,1,2
ontology,https://x.com/i/status/2093171175484502459,2026-08-28T02:57:52.000Z,en,3,0
ontology,https://x.com/i/status/2093145162796953733,2026-08-28T01:14:30.000Z,en,1,0
ontology,https://x.com/i/status/2093134875943649527,2026-08-28T00:33:37.000Z,en,1,0
ontology,https://x.com/i/status/2093116520591159396,2026-08-27T23:20:41.000Z,en,0,0
ontology,https://x.com/i/status/2093084104040333626,2026-08-27T21:11:52.000Z,en,0,0
ontology,https://x.com/i/status/2093067309795684765,2026-08-27T20:05:08.000Z,en,1,1
ontology,https://x.com/i/status/2093054547023307018,2026-08-27T19:14:25.000Z,en,2,0
ontology,https://x.com/i/status/2093044212019126281,2026-08-27T18:33:21.000Z,zxx,20,8
ontology,https://x.com/i/status/2093016034689053006,2026-08-27T16:41:23.000Z,zxx,6,1
ontology,https://x.com/i/status/2092988757339521258,2026-08-27T14:53:00.000Z,en,1,0
ontology,https://x.com/i/status/2092970722243014846,2026-08-27T13:41:20.000Z,en,1,0
ontology,https://x.com/i/status/2092965604873699814,2026-08-27T13:21:00.000Z,en,0,0
ontology,https://x.com/i/status/2092955713135837573,2026-08-27T12:41:41.000Z,en,0,0
ontology,https://x.com/i/status/2092948476527100243,2026-08-27T12:12:56.000Z,en,122,6
ontology,https://x.com/i/status/2092947026442899631,2026-08-27T12:07:10.000Z,en,0,0
ontology,https://x.com/i/status/2092845974960177369,2026-08-27T05:25:38.000Z,zh,23,2
ontology,https://x.com/i/status/2092803473045876948,2026-08-27T02:36:45.000Z,en,1,0
ontology,https://x.com/i/status/2092794775988748516,2026-08-27T02:02:11.000Z,en,0,0
ontology,https://x.com/i/status/2092782981866045883,2026-08-27T01:15:19.000Z,en,3,0
ontology,https://x.com/i/status/2092769420875833538,2026-08-27T00:21:26.000Z,en,1,1
ontology,https://x.com/i/status/2092768289856643184,2026-08-27T00:16:56.000Z,en,1,0
ontology,https://x.com/i/status/2092759483982160057,2026-08-26T23:41:57.000Z,en,7,0
ontology,https://x.com/i/status/2092757460004032800,2026-08-26T23:33:54.000Z,zxx,0,0
ontology,https://x.com/i/status/2092727184406499712,2026-08-26T21:33:36.000Z,en,0,0
ontology,https://x.com/i/status/2092723805277843514,2026-08-26T21:20:10.000Z,en,2,0
ontology,https://x.com/i/status/2092644776935878753,2026-08-26T16:06:08.000Z,en,0,0
ontology,https://x.com/i/status/2092641235039301933,2026-08-26T15:52:04.000Z,en,0,0
ontology,https://x.com/i/status/2092628007928103308,2026-08-26T14:59:30.000Z,en,5,1
ontology,https://x.com/i/status/2092613474689986885,2026-08-26T14:01:45.000Z,en,3,0
ontology,https://x.com/i/status/2092611624175632747,2026-08-26T13:54:24.000Z,en,0,0
ontology,https://x.com/i/status/2092585760910373117,2026-08-26T12:11:38.000Z,en,1,1
ontology,https://x.com/i/status/2092558456716767504,2026-08-26T10:23:08.000Z,en,9,2
ontology,https://x.com/i/status/2092558393940615600,2026-08-26T10:22:53.000Z,en,0,0
ontology,https://x.com/i/status/2092557488147042334,2026-08-26T10:19:17.000Z,en,2,0
ontology,https://x.com/i/status/2092460500307300835,2026-08-26T03:53:53.000Z,en,9,5
ontology,https://x.com/i/status/2092460000346268066,2026-08-26T03:51:54.000Z,en,4,0
ontology,https://x.com/i/status/2092416384890515626,2026-08-26T00:58:36.000Z,zxx,4,0
ontology,https://x.com/i/status/2092360896412872867,2026-08-25T21:18:06.000Z,en,8,2
ontology,https://x.com/i/status/2092350947804807504,2026-08-25T20:38:34.000Z,en,0,0
ontology,https://x.com/i/status/2092347689522593993,2026-08-25T20:25:37.000Z,en,1,0
ontology,https://x.com/i/status/2092321764227662133,2026-08-25T18:42:36.000Z,en,0,0
ontology,https://x.com/i/status/2092321208289398784,2026-08-25T18:40:24.000Z,en,2,1
ontology,https://x.com/i/status/2092313765002047967,2026-08-25T18:10:49.000Z,zxx,3,0
ontology,https://x.com/i/status/2092307430151758061,2026-08-25T17:45:39.000Z,zxx,27,1
ontology,https://x.com/i/status/2092280307244216416,2026-08-25T15:57:52.000Z,zxx,0,0
ontology,https://x.com/i/status/2092279727147168027,2026-08-25T15:55:34.000Z,en,10,0
ontology,https://x.com/i/status/2092277953803780579,2026-08-25T15:48:31.000Z,zh,105,22
ontology,https://x.com/i/status/2092274944663298155,2026-08-25T15:36:34.000Z,en,10,0
ontology,https://x.com/i/status/2092273875128389987,2026-08-25T15:32:19.000Z,en,11,0
ontology,https://x.com/i/status/2092271353152094706,2026-08-25T15:22:17.000Z,en,463,28
ontology,https://x.com/i/status/2092267792833696164,2026-08-25T15:08:08.000Z,en,0,0
ontology,https://x.com/i/status/2092266104068473299,2026-08-25T15:01:26.000Z,en,5,1
ontology,https://x.com/i/status/2092265852502716437,2026-08-25T15:00:26.000Z,en,1,0
ontology,https://x.com/i/status/2092248406068772974,2026-08-25T13:51:06.000Z,en,0,0
ontology,https://x.com/i/status/2092235823995613452,2026-08-25T13:01:06.000Z,en,15,4
ontology,https://x.com/i/status/2092230061394919635,2026-08-25T12:38:13.000Z,en,4,0
ontology,https://x.com/i/status/2092227316726288549,2026-08-25T12:27:18.000Z,en,0,0
ontology,https://x.com/i/status/2092226636204974523,2026-08-25T12:24:36.000Z,zxx,54,28
ontology,https://x.com/i/status/2092224603208679741,2026-08-25T12:16:31.000Z,zxx,0,0
improve-codebase-architecture,https://x.com/i/status/2092295961762525411,2026-08-25T17:00:04.000Z,fa,2,0
improve-codebase-architecture,https://x.com/i/status/2091950919114178879,2026-08-24T18:09:00.000Z,en,2,0
improve-codebase-architecture,https://x.com/i/status/2091861696658776220,2026-08-24T12:14:28.000Z,fr,1,0
improve-codebase-architecture,https://x.com/i/status/2091442379064586721,2026-08-23T08:28:14.000Z,en,4,0
improve-codebase-architecture,https://x.com/i/status/2091421376976724477,2026-08-23T07:04:47.000Z,en,3,0
github,https://x.com/i/status/2093955376588698074,2026-08-30T06:54:00.000Z,zh,1,0
github,https://x.com/i/status/2093954734474609023,2026-08-30T06:51:27.000Z,zh,0,0
github,https://x.com/i/status/2093954621655957695,2026-08-30T06:51:00.000Z,zh,1,0
github,https://x.com/i/status/2093954612969521383,2026-08-30T06:50:58.000Z,en,0,0
github,https://x.com/i/status/2093954341904306415,2026-08-30T06:49:53.000Z,zxx,0,0
github,https://x.com/i/status/2093954182826893541,2026-08-30T06:49:15.000Z,en,2,0
github,https://x.com/i/status/2093953576355926091,2026-08-30T06:46:51.000Z,ja,0,0
github,https://x.com/i/status/2093953339331408300,2026-08-30T06:45:54.000Z,zh,0,0
github,https://x.com/i/status/2093953111475802404,2026-08-30T06:45:00.000Z,en,12,0
github,https://x.com/i/status/2093952363539419381,2026-08-30T06:42:01.000Z,en,3,0
github,https://x.com/i/status/2093952105044431018,2026-08-30T06:41:00.000Z,zh,0,0
github,https://x.com/i/status/2093950873671991711,2026-08-30T06:36:06.000Z,en,0,0
github,https://x.com/i/status/2093950820538540129,2026-08-30T06:35:53.000Z,en,1,0
github,https://x.com/i/status/2093950311614251205,2026-08-30T06:33:52.000Z,en,6,2
github,https://x.com/i/status/2093949338074689690,2026-08-30T06:30:00.000Z,es,1,0
github,https://x.com/i/status/2093949248186241412,2026-08-30T06:29:39.000Z,en,1,1
github,https://x.com/i/status/2093948364039884834,2026-08-30T06:26:08.000Z,zh,0,0
github,https://x.com/i/status/2093947779051638913,2026-08-30T06:23:48.000Z,en,0,0
github,https://x.com/i/status/2093947391032610932,2026-08-30T06:22:16.000Z,zh,0,0
github,https://x.com/i/status/2093946875422625978,2026-08-30T06:20:13.000Z,zh,0,0
github,https://x.com/i/status/2093946568923639866,2026-08-30T06:19:00.000Z,en,2,0
github,https://x.com/i/status/2093945888637174062,2026-08-30T06:16:18.000Z,zh,1,0
github,https://x.com/i/status/2093945711511654772,2026-08-30T06:15:35.000Z,zh,0,0
github,https://x.com/i/status/2093945325555748871,2026-08-30T06:14:03.000Z,en,0,0
github,https://x.com/i/status/2093942772935823868,2026-08-30T06:03:55.000Z,en,1,0
github,https://x.com/i/status/2093942667193536587,2026-08-30T06:03:30.000Z,ja,2,0
github,https://x.com/i/status/2093940339312894226,2026-08-30T05:54:15.000Z,en,0,0
github,https://x.com/i/status/2093938264046756282,2026-08-30T05:46:00.000Z,zh,0,0
github,https://x.com/i/status/2093937760591827233,2026-08-30T05:44:00.000Z,zh,1,0
github,https://x.com/i/status/2093936687357501888,2026-08-30T05:39:44.000Z,zxx,2,0
github,https://x.com/i/status/2093936217394200692,2026-08-30T05:37:52.000Z,en,0,0
github,https://x.com/i/status/2093936210884374557,2026-08-30T05:37:50.000Z,en,0,0
github,https://x.com/i/status/2093934959639842922,2026-08-30T05:32:52.000Z,en,0,0
github,https://x.com/i/status/2093932978749727226,2026-08-30T05:25:00.000Z,en,1,1
github,https://x.com/i/status/2093932830959264241,2026-08-30T05:24:24.000Z,en,0,0
github,https://x.com/i/status/2093930114413445629,2026-08-30T05:13:37.000Z,ja,1,0
github,https://x.com/i/status/2093929731343208775,2026-08-30T05:12:05.000Z,en,22,2
github,https://x.com/i/status/2093929702130131254,2026-08-30T05:11:58.000Z,en,1,0
github,https://x.com/i/status/2093929582500135130,2026-08-30T05:11:30.000Z,ja,1,0
github,https://x.com/i/status/2093928133627957721,2026-08-30T05:05:45.000Z,zh,0,0
github,https://x.com/i/status/2093927975951519988,2026-08-30T05:05:07.000Z,en,3,0
github,https://x.com/i/status/2093927908926742579,2026-08-30T05:04:51.000Z,zh,0,0
github,https://x.com/i/status/2093927761308213599,2026-08-30T05:04:16.000Z,ja,1,0
github,https://x.com/i/status/2093927442956104140,2026-08-30T05:03:00.000Z,en,0,0
github,https://x.com/i/status/2093926630179693049,2026-08-30T04:59:46.000Z,zxx,0,0
github,https://x.com/i/status/2093925858868338860,2026-08-30T04:56:42.000Z,en,0,0
github,https://x.com/i/status/2093925312526757974,2026-08-30T04:54:32.000Z,zh,4,0
github,https://x.com/i/status/2093924925971042356,2026-08-30T04:53:00.000Z,zh,9,0
github,https://x.com/i/status/2093924145755234464,2026-08-30T04:49:54.000Z,ja,0,0
github,https://x.com/i/status/2093923416285794608,2026-08-30T04:47:00.000Z,en,2,0
github,https://x.com/i/status/2093922971278868897,2026-08-30T04:45:14.000Z,ja,2,0
github,https://x.com/i/status/2093922844304638305,2026-08-30T04:44:43.000Z,en,2,0
github,https://x.com/i/status/2093922756543029505,2026-08-30T04:44:23.000Z,en,1,0
github,https://x.com/i/status/2093922161140572175,2026-08-30T04:42:01.000Z,en,10,0
github,https://x.com/i/status/2093922158028484962,2026-08-30T04:42:00.000Z,en,1,1
github,https://x.com/i/status/2093921815437656403,2026-08-30T04:40:38.000Z,en,0,0
github,https://x.com/i/status/2093921745556459858,2026-08-30T04:40:21.000Z,en,0,0
github,https://x.com/i/status/2093921602178281645,2026-08-30T04:39:47.000Z,en,0,0
github,https://x.com/i/status/2093921540542984470,2026-08-30T04:39:33.000Z,en,2,0
github,https://x.com/i/status/2093921205518840088,2026-08-30T04:38:13.000Z,en,0,0
github,https://x.com/i/status/2093920981324902596,2026-08-30T04:37:19.000Z,zxx,2,0
github,https://x.com/i/status/2093920899535650886,2026-08-30T04:37:00.000Z,zh,0,0
github,https://x.com/i/status/2093920696716128386,2026-08-30T04:36:11.000Z,zxx,0,0
github,https://x.com/i/status/2093920556697747879,2026-08-30T04:35:38.000Z,en,0,0
github,https://x.com/i/status/2093919141635985735,2026-08-30T04:30:01.000Z,ja,1,0
github,https://x.com/i/status/2093918950450979303,2026-08-30T04:29:15.000Z,en,0,0
github,https://x.com/i/status/2093918180838453343,2026-08-30T04:26:12.000Z,en,0,0
github,https://x.com/i/status/2093917883286114679,2026-08-30T04:25:01.000Z,ja,15,0
github,https://x.com/i/status/2093917230128112016,2026-08-30T04:22:25.000Z,en,15,0
github,https://x.com/i/status/2093915662272102746,2026-08-30T04:16:11.000Z,en,1,0
github,https://x.com/i/status/2093914665684529565,2026-08-30T04:12:14.000Z,en,0,0
github,https://x.com/i/status/2093914072765149609,2026-08-30T04:09:52.000Z,zxx,4,0
github,https://x.com/i/status/2093913852970926553,2026-08-30T04:09:00.000Z,zh,2,0
github,https://x.com/i/status/2093913823086600673,2026-08-30T04:08:53.000Z,zh,0,0
github,https://x.com/i/status/2093912786233618771,2026-08-30T04:04:45.000Z,en,0,0
github,https://x.com/i/status/2093911821312758176,2026-08-30T04:00:55.000Z,ja,0,0
github,https://x.com/i/status/2093911603435733194,2026-08-30T04:00:03.000Z,en,0,0
github,https://x.com/i/status/2093911477652459521,2026-08-30T03:59:33.000Z,en,0,0
github,https://x.com/i/status/2093911271896965306,2026-08-30T03:58:44.000Z,zh,0,0
github,https://x.com/i/status/2093910991587422460,2026-08-30T03:57:38.000Z,ja,2,0
github,https://x.com/i/status/2093909970882605215,2026-08-30T03:53:34.000Z,ja,0,0
github,https://x.com/i/status/2093908973132906573,2026-08-30T03:49:36.000Z,en,0,0
github,https://x.com/i/status/2093907991624024245,2026-08-30T03:45:42.000Z,en,0,0
github,https://x.com/i/status/2093907243330850830,2026-08-30T03:42:44.000Z,en,0,0
github,https://x.com/i/status/2093906165952311396,2026-08-30T03:38:27.000Z,en,1,0
github,https://x.com/i/status/2093905622836158662,2026-08-30T03:36:18.000Z,en,1,0
github,https://x.com/i/status/2093905272662315128,2026-08-30T03:34:54.000Z,ja,0,0
github,https://x.com/i/status/2093905045129437336,2026-08-30T03:34:00.000Z,zh,0,0
github,https://x.com/i/status/2093904372295950833,2026-08-30T03:31:19.000Z,pt,0,0
github,https://x.com/i/status/2093904233494172106,2026-08-30T03:30:46.000Z,en,6,3
github,https://x.com/i/status/2093904162547232902,2026-08-30T03:30:29.000Z,en,2,1
github,https://x.com/i/status/2093904054808179034,2026-08-30T03:30:04.000Z,en,0,0
github,https://x.com/i/status/2093903463016960319,2026-08-30T03:27:43.000Z,en,73,18
github,https://x.com/i/status/2093902779831967943,2026-08-30T03:25:00.000Z,en,6,0
github,https://x.com/i/status/2093901671965348270,2026-08-30T03:20:36.000Z,zh,0,0
github,https://x.com/i/status/2093900497057091678,2026-08-30T03:15:55.000Z,ja,6,0
github,https://x.com/i/status/2093900326609002543,2026-08-30T03:15:15.000Z,ja,2,0
github,https://x.com/i/status/2093900284896657841,2026-08-30T03:15:05.000Z,en,30,7
github,https://x.com/i/status/2093900256240886158,2026-08-30T03:14:58.000Z,ja,0,0
github,https://x.com/i/status/2093899457305665867,2026-08-30T03:11:48.000Z,en,1,0
tdd,https://x.com/i/status/2093834148444278823,2026-08-29T22:52:17.000Z,en,1,0
tdd,https://x.com/i/status/2093824507970556043,2026-08-29T22:13:58.000Z,en,14,4
tdd,https://x.com/i/status/2093793856068178216,2026-08-29T20:12:10.000Z,en,2,0
tdd,https://x.com/i/status/2093771795044163809,2026-08-29T18:44:30.000Z,en,1,0
tdd,https://x.com/i/status/2093764524016865666,2026-08-29T18:15:37.000Z,en,1,0
tdd,https://x.com/i/status/2093720945655792053,2026-08-29T15:22:27.000Z,en,0,0
tdd,https://x.com/i/status/2093692849993003479,2026-08-29T13:30:49.000Z,en,10,0
tdd,https://x.com/i/status/2093656709910651148,2026-08-29T11:07:12.000Z,en,0,0
tdd,https://x.com/i/status/2093647911964033207,2026-08-29T10:32:14.000Z,zh,32,3
tdd,https://x.com/i/status/2093611108385050704,2026-08-29T08:06:00.000Z,zh,2,0
tdd,https://x.com/i/status/2093571930393567590,2026-08-29T05:30:19.000Z,en,7,0
tdd,https://x.com/i/status/2093518497934356711,2026-08-29T01:58:00.000Z,en,1,0
tdd,https://x.com/i/status/2093489729698169069,2026-08-29T00:03:41.000Z,en,0,0
tdd,https://x.com/i/status/2093489111420051647,2026-08-29T00:01:13.000Z,es,13,1
tdd,https://x.com/i/status/2093477722815070565,2026-08-28T23:15:58.000Z,en,0,0
tdd,https://x.com/i/status/2093475363284246735,2026-08-28T23:06:36.000Z,en,0,0
tdd,https://x.com/i/status/2093461320699953591,2026-08-28T22:10:48.000Z,es,4,0
tdd,https://x.com/i/status/2093431891579871468,2026-08-28T20:13:51.000Z,en,0,0
tdd,https://x.com/i/status/2093374300136824870,2026-08-28T16:25:00.000Z,pt,2,0
tdd,https://x.com/i/status/2093351495865450683,2026-08-28T14:54:23.000Z,en,0,0
tdd,https://x.com/i/status/2093329741767905308,2026-08-28T13:27:57.000Z,pt,2,1
tdd,https://x.com/i/status/2093328157570990266,2026-08-28T13:21:39.000Z,en,0,0
tdd,https://x.com/i/status/2093325879359218109,2026-08-28T13:12:36.000Z,en,6,4
tdd,https://x.com/i/status/2093323290475450464,2026-08-28T13:02:19.000Z,en,17,2
tdd,https://x.com/i/status/2093301059540164941,2026-08-28T11:33:58.000Z,en,6,2
tdd,https://x.com/i/status/2093258190318092644,2026-08-28T08:43:38.000Z,fr,0,0
tdd,https://x.com/i/status/2093256004075139412,2026-08-28T08:34:56.000Z,zh,1,0
tdd,https://x.com/i/status/2093242932547772574,2026-08-28T07:43:00.000Z,fr,21,3
tdd,https://x.com/i/status/2093242330660872263,2026-08-28T07:40:36.000Z,zh,0,0
tdd,https://x.com/i/status/2093226332473761887,2026-08-28T06:37:02.000Z,en,0,0
tdd,https://x.com/i/status/2093118973487529988,2026-08-27T23:30:26.000Z,pt,11,1
tdd,https://x.com/i/status/2093043691590164689,2026-08-27T18:31:17.000Z,zxx,3,0
tdd,https://x.com/i/status/2093009261429510418,2026-08-27T16:14:28.000Z,en,0,0
tdd,https://x.com/i/status/2092988022790705470,2026-08-27T14:50:05.000Z,fr,8,0
tdd,https://x.com/i/status/2092963119337476137,2026-08-27T13:11:07.000Z,zxx,596,86
tdd,https://x.com/i/status/2092948308683878739,2026-08-27T12:12:16.000Z,zh,1,1
tdd,https://x.com/i/status/2092916532401627609,2026-08-27T10:06:00.000Z,en,0,0
tdd,https://x.com/i/status/2092862639172972676,2026-08-27T06:31:51.000Z,en,0,0
tdd,https://x.com/i/status/2092859296879202536,2026-08-27T06:18:34.000Z,ja,8,1
tdd,https://x.com/i/status/2092856999277187333,2026-08-27T06:09:26.000Z,en,1,0
tdd,https://x.com/i/status/2092787251281334593,2026-08-27T01:32:17.000Z,zh,91,10
tdd,https://x.com/i/status/2092751516880760890,2026-08-26T23:10:17.000Z,en,22,1
tdd,https://x.com/i/status/2092749464436187221,2026-08-26T23:02:08.000Z,ja,3,1
tdd,https://x.com/i/status/2092714030427455908,2026-08-26T20:41:20.000Z,en,0,0
tdd,https://x.com/i/status/2092681586487738578,2026-08-26T18:32:25.000Z,zxx,15,1
tdd,https://x.com/i/status/2092671594963390741,2026-08-26T17:52:42.000Z,en,2,0
tdd,https://x.com/i/status/2092638643039154269,2026-08-26T15:41:46.000Z,zh,11,1
tdd,https://x.com/i/status/2092590537245184066,2026-08-26T12:30:37.000Z,en,1,0
tdd,https://x.com/i/status/2092553890839572651,2026-08-26T10:05:00.000Z,en,1,0
tdd,https://x.com/i/status/2092495559743730005,2026-08-26T06:13:12.000Z,zh,134,27
tdd,https://x.com/i/status/2092488002555838493,2026-08-26T05:43:11.000Z,zh,259,55
tdd,https://x.com/i/status/2092455679198105972,2026-08-26T03:34:44.000Z,zh,21,2
tdd,https://x.com/i/status/2092453002548580767,2026-08-26T03:24:06.000Z,ja,29,3
tdd,https://x.com/i/status/2092452419536146710,2026-08-26T03:21:47.000Z,en,6,0
tdd,https://x.com/i/status/2092444705548288503,2026-08-26T02:51:08.000Z,zh,0,0
tdd,https://x.com/i/status/2092444703706980448,2026-08-26T02:51:07.000Z,zh,1,0
tdd,https://x.com/i/status/2092444685285675015,2026-08-26T02:51:03.000Z,zh,1,0
tdd,https://x.com/i/status/2092436179228713122,2026-08-26T02:17:15.000Z,zh,63,7
tdd,https://x.com/i/status/2092424439417704795,2026-08-26T01:30:36.000Z,en,0,0
tdd,https://x.com/i/status/2092401222850658808,2026-08-25T23:58:21.000Z,ja,0,0
tdd,https://x.com/i/status/2092275755388412127,2026-08-25T15:39:47.000Z,en,0,0
tdd,https://x.com/i/status/2092275753136107535,2026-08-25T15:39:46.000Z,en,0,0
tdd,https://x.com/i/status/2092272791361814851,2026-08-25T15:28:00.000Z,en,1,0
tdd,https://x.com/i/status/2092256036233310687,2026-08-25T14:21:25.000Z,zxx,0,0
tdd,https://x.com/i/status/2092230071540994557,2026-08-25T12:38:15.000Z,en,8,1
tdd,https://x.com/i/status/2092215447210889330,2026-08-25T11:40:08.000Z,en,0,0
tdd,https://x.com/i/status/2092213473396887719,2026-08-25T11:32:18.000Z,en,1,0
tdd,https://x.com/i/status/2092209814122467739,2026-08-25T11:17:45.000Z,zxx,3,0
tdd,https://x.com/i/status/2092208335403507898,2026-08-25T11:11:53.000Z,en,0,0
tdd,https://x.com/i/status/2092197827384664355,2026-08-25T10:30:07.000Z,en,0,0
tdd,https://x.com/i/status/2092185139942175129,2026-08-25T09:39:42.000Z,en,5,0
tdd,https://x.com/i/status/2092170304340869494,2026-08-25T08:40:45.000Z,zh,0,0
tdd,https://x.com/i/status/2092106368694325455,2026-08-25T04:26:42.000Z,zxx,0,0
tdd,https://x.com/i/status/2092077512767725684,2026-08-25T02:32:02.000Z,en,1,0
tdd,https://x.com/i/status/2092060489798783244,2026-08-25T01:24:24.000Z,es,17,0
tdd,https://x.com/i/status/2092043134892945830,2026-08-25T00:15:26.000Z,zh,1,0
tdd,https://x.com/i/status/2092033378258219096,2026-08-24T23:36:40.000Z,es,379,32
tdd,https://x.com/i/status/2091983682273718302,2026-08-24T20:19:11.000Z,en,1,0
tdd,https://x.com/i/status/2091971568700137672,2026-08-24T19:31:03.000Z,en,0,0
tdd,https://x.com/i/status/2091950919114178879,2026-08-24T18:09:00.000Z,en,2,0
tdd,https://x.com/i/status/2091948025853943917,2026-08-24T17:57:30.000Z,zxx,21,3
tdd,https://x.com/i/status/2091940368808104405,2026-08-24T17:27:04.000Z,en,1,0
tdd,https://x.com/i/status/2091929191881355463,2026-08-24T16:42:40.000Z,en,1,0
tdd,https://x.com/i/status/2091911809645039969,2026-08-24T15:33:35.000Z,en,23,1
tdd,https://x.com/i/status/2091894779273445411,2026-08-24T14:25:55.000Z,en,0,0
tdd,https://x.com/i/status/2091892708801675562,2026-08-24T14:17:41.000Z,ko,3,0
tdd,https://x.com/i/status/2091886684086444302,2026-08-24T13:53:45.000Z,en,1,1
tdd,https://x.com/i/status/2091858273607786908,2026-08-24T12:00:51.000Z,en,1,0
tdd,https://x.com/i/status/2091833499850613076,2026-08-24T10:22:25.000Z,zh,0,0
tdd,https://x.com/i/status/2091830985864483040,2026-08-24T10:12:26.000Z,ja,1,0
tdd,https://x.com/i/status/2091812035277578556,2026-08-24T08:57:07.000Z,en,1,0
tdd,https://x.com/i/status/2091779739342041224,2026-08-24T06:48:47.000Z,en,1,0
tdd,https://x.com/i/status/2091740520200487300,2026-08-24T04:12:57.000Z,zh,21,1
tdd,https://x.com/i/status/2091731753786581490,2026-08-24T03:38:07.000Z,en,3,1
tdd,https://x.com/i/status/2091646710166814894,2026-08-23T22:00:11.000Z,en,8,1
tdd,https://x.com/i/status/2091577034359099486,2026-08-23T17:23:19.000Z,es,565,86
tdd,https://x.com/i/status/2091564037750378515,2026-08-23T16:31:40.000Z,en,2,0
tdd,https://x.com/i/status/2091551745688338516,2026-08-23T15:42:49.000Z,en,1,0
tdd,https://x.com/i/status/2091526304432799855,2026-08-23T14:01:44.000Z,en,1,0
gog,https://x.com/i/status/2093680109764899237,2026-08-29T12:40:11.000Z,en,3,0
gog,https://x.com/i/status/2093386484065960144,2026-08-28T17:13:25.000Z,en,1,0
gog,https://x.com/i/status/2093145987212874173,2026-08-28T01:17:46.000Z,en,0,0
gog,https://x.com/i/status/2092765152198168617,2026-08-27T00:04:28.000Z,en,0,0
gog,https://x.com/i/status/2092643235403272699,2026-08-26T16:00:01.000Z,en,1,0
gog,https://x.com/i/status/2092641785092714913,2026-08-26T15:54:15.000Z,zxx,11,4
gog,https://x.com/i/status/2092628800768983388,2026-08-26T15:02:39.000Z,en,0,0
gog,https://x.com/i/status/2092500858667680186,2026-08-26T06:34:16.000Z,en,2,1
gog,https://x.com/i/status/2092363456024588446,2026-08-25T21:28:16.000Z,en,2,0
gog,https://x.com/i/status/2092356914051273190,2026-08-25T21:02:17.000Z,zxx,6,2
gog,https://x.com/i/status/2092347728491872303,2026-08-25T20:25:47.000Z,pl,30,0
gog,https://x.com/i/status/2092344682068013178,2026-08-25T20:13:40.000Z,en,1,0
gog,https://x.com/i/status/2092006174149562437,2026-08-24T21:48:34.000Z,en,1,0
gog,https://x.com/i/status/2091882890938196262,2026-08-24T13:38:41.000Z,en,0,0
gog,https://x.com/i/status/2091879503421198656,2026-08-24T13:25:13.000Z,en,1,0
agent-browser,https://x.com/i/status/2093913942116671599,2026-08-30T04:09:21.000Z,zh,1,0
agent-browser,https://x.com/i/status/2093812823671341562,2026-08-29T21:27:32.000Z,en,0,0
agent-browser,https://x.com/i/status/2093810917779632587,2026-08-29T21:19:58.000Z,en,0,0
agent-browser,https://x.com/i/status/2093790637061800406,2026-08-29T19:59:23.000Z,en,0,0
agent-browser,https://x.com/i/status/2093790547122991251,2026-08-29T19:59:01.000Z,en,7,2
agent-browser,https://x.com/i/status/2093764004569088295,2026-08-29T18:13:33.000Z,en,0,0
agent-browser,https://x.com/i/status/2093756124117741757,2026-08-29T17:42:14.000Z,en,0,0
agent-browser,https://x.com/i/status/2093735411638305142,2026-08-29T16:19:56.000Z,en,3,0
agent-browser,https://x.com/i/status/2093716694284046339,2026-08-29T15:05:33.000Z,en,0,0
agent-browser,https://x.com/i/status/2093659760780365919,2026-08-29T11:19:19.000Z,en,2,0
agent-browser,https://x.com/i/status/2093633375063933213,2026-08-29T09:34:29.000Z,en,0,0
agent-browser,https://x.com/i/status/2093629152200925265,2026-08-29T09:17:42.000Z,en,11,2
agent-browser,https://x.com/i/status/2093625557330337987,2026-08-29T09:03:25.000Z,en,1,0
agent-browser,https://x.com/i/status/2093607008687845412,2026-08-29T07:49:42.000Z,ja,0,0
agent-browser,https://x.com/i/status/2093557012533834190,2026-08-29T04:31:02.000Z,en,0,0
agent-browser,https://x.com/i/status/2093554677652529257,2026-08-29T04:21:46.000Z,en,3,0
agent-browser,https://x.com/i/status/2093550263915454731,2026-08-29T04:04:13.000Z,en,1,0
agent-browser,https://x.com/i/status/2093543692493856865,2026-08-29T03:38:07.000Z,ja,4,0
agent-browser,https://x.com/i/status/2093521929768759517,2026-08-29T02:11:38.000Z,en,0,0
agent-browser,https://x.com/i/status/2093485833244340507,2026-08-28T23:48:12.000Z,pt,4,0
agent-browser,https://x.com/i/status/2093481443070804421,2026-08-28T23:30:45.000Z,en,2,0
agent-browser,https://x.com/i/status/2093477886145474627,2026-08-28T23:16:37.000Z,en,88,3
agent-browser,https://x.com/i/status/2093403832860459344,2026-08-28T18:22:21.000Z,en,2,0
agent-browser,https://x.com/i/status/2093398513656680875,2026-08-28T18:01:13.000Z,en,1,0
agent-browser,https://x.com/i/status/2093379813658816907,2026-08-28T16:46:55.000Z,en,0,0
agent-browser,https://x.com/i/status/2093379809699312046,2026-08-28T16:46:54.000Z,en,0,0
agent-browser,https://x.com/i/status/2093358185851547775,2026-08-28T15:20:58.000Z,en,0,0
agent-browser,https://x.com/i/status/2093348125788496206,2026-08-28T14:41:00.000Z,en,3,0
agent-browser,https://x.com/i/status/2093333175615271078,2026-08-28T13:41:35.000Z,en,1,0
agent-browser,https://x.com/i/status/2093323288978010337,2026-08-28T13:02:18.000Z,en,1,0
agent-browser,https://x.com/i/status/2093319302212706622,2026-08-28T12:46:28.000Z,zxx,1,0
agent-browser,https://x.com/i/status/2093310061707735548,2026-08-28T12:09:45.000Z,en,4,0
agent-browser,https://x.com/i/status/2093270388407173558,2026-08-28T09:32:06.000Z,qme,0,0
agent-browser,https://x.com/i/status/2093267660763189729,2026-08-28T09:21:16.000Z,zh,51,8
agent-browser,https://x.com/i/status/2093195872427548938,2026-08-28T04:36:00.000Z,zh,98,8
agent-browser,https://x.com/i/status/2093179340691509720,2026-08-28T03:30:18.000Z,en,0,0
agent-browser,https://x.com/i/status/2093097395252781498,2026-08-27T22:04:41.000Z,en,0,0
agent-browser,https://x.com/i/status/2093088181881102842,2026-08-27T21:28:04.000Z,en,12,0
agent-browser,https://x.com/i/status/2093087819136729364,2026-08-27T21:26:38.000Z,en,1,0
agent-browser,https://x.com/i/status/2093084545746899035,2026-08-27T21:13:37.000Z,en,0,0
agent-browser,https://x.com/i/status/2093077457150607557,2026-08-27T20:45:27.000Z,en,0,0
agent-browser,https://x.com/i/status/2093041981236920335,2026-08-27T18:24:29.000Z,en,0,0
agent-browser,https://x.com/i/status/2093039551358914796,2026-08-27T18:14:50.000Z,en,0,0
agent-browser,https://x.com/i/status/2093034809211625535,2026-08-27T17:55:59.000Z,es,0,0
agent-browser,https://x.com/i/status/2093020445666623762,2026-08-27T16:58:55.000Z,en,0,0
agent-browser,https://x.com/i/status/2093019310725951683,2026-08-27T16:54:24.000Z,en,674,30
agent-browser,https://x.com/i/status/2093012561943785844,2026-08-27T16:27:35.000Z,en,35,0
agent-browser,https://x.com/i/status/2093004447488295262,2026-08-27T15:55:21.000Z,en,2,0
agent-browser,https://x.com/i/status/2093000269843841156,2026-08-27T15:38:45.000Z,en,1,0
agent-browser,https://x.com/i/status/2092996269950075360,2026-08-27T15:22:51.000Z,zxx,0,0
agent-browser,https://x.com/i/status/2092968591750578521,2026-08-27T13:32:52.000Z,en,1,0
agent-browser,https://x.com/i/status/2092964136259064229,2026-08-27T13:15:10.000Z,zh,0,0
agent-browser,https://x.com/i/status/2092957714938769495,2026-08-27T12:49:39.000Z,en,0,0
agent-browser,https://x.com/i/status/2092937701628551470,2026-08-27T11:30:07.000Z,en,0,0
agent-browser,https://x.com/i/status/2092920134688243955,2026-08-27T10:20:19.000Z,en,161,18
agent-browser,https://x.com/i/status/2092915075556241750,2026-08-27T10:00:13.000Z,en,1,0
agent-browser,https://x.com/i/status/2092915063052972152,2026-08-27T10:00:10.000Z,en,7,0
agent-browser,https://x.com/i/status/2092838193603231891,2026-08-27T04:54:43.000Z,iw,0,0
agent-browser,https://x.com/i/status/2092824875610366392,2026-08-27T04:01:47.000Z,zh,5,0
agent-browser,https://x.com/i/status/2092821544959447522,2026-08-27T03:48:33.000Z,zxx,674,182
agent-browser,https://x.com/i/status/2092767148850778344,2026-08-27T00:12:24.000Z,en,1,0
agent-browser,https://x.com/i/status/2092764452617928789,2026-08-27T00:01:41.000Z,en,1,0
agent-browser,https://x.com/i/status/2092730717377589437,2026-08-26T21:47:38.000Z,en,2,0
agent-browser,https://x.com/i/status/2092714404727132649,2026-08-26T20:42:49.000Z,en,19,1
agent-browser,https://x.com/i/status/2092674303275761712,2026-08-26T18:03:28.000Z,zxx,6,0
agent-browser,https://x.com/i/status/2092652263340654678,2026-08-26T16:35:53.000Z,en,28,1
agent-browser,https://x.com/i/status/2092643917720342992,2026-08-26T16:02:44.000Z,zh,3,1
agent-browser,https://x.com/i/status/2092614314586984845,2026-08-26T14:05:06.000Z,en,14,5
agent-browser,https://x.com/i/status/2092599024251527322,2026-08-26T13:04:20.000Z,en,0,0
agent-browser,https://x.com/i/status/2092595463476117646,2026-08-26T12:50:11.000Z,en,2,0
agent-browser,https://x.com/i/status/2092580064432988660,2026-08-26T11:49:00.000Z,zh,3,0
agent-browser,https://x.com/i/status/2092557318726562286,2026-08-26T10:18:37.000Z,en,0,0
agent-browser,https://x.com/i/status/2092554949511262605,2026-08-26T10:09:12.000Z,zh,1,0
agent-browser,https://x.com/i/status/2092547694699139138,2026-08-26T09:40:22.000Z,zh,552,63
agent-browser,https://x.com/i/status/2092466958608355758,2026-08-26T04:19:33.000Z,en,0,0
agent-browser,https://x.com/i/status/2092465373618860115,2026-08-26T04:13:15.000Z,en,9,0
agent-browser,https://x.com/i/status/2092450602068644335,2026-08-26T03:14:34.000Z,en,4,0
agent-browser,https://x.com/i/status/2092444774771159217,2026-08-26T02:51:24.000Z,en,0,0
agent-browser,https://x.com/i/status/2092422532607410402,2026-08-26T01:23:01.000Z,en,18,3
agent-browser,https://x.com/i/status/2092413440589775182,2026-08-26T00:46:54.000Z,ja,0,0
agent-browser,https://x.com/i/status/2092405830209745080,2026-08-26T00:16:39.000Z,en,2,0
agent-browser,https://x.com/i/status/2092405646301819141,2026-08-26T00:15:55.000Z,pt,5,1
agent-browser,https://x.com/i/status/2092404737132109885,2026-08-26T00:12:18.000Z,en,11,0
agent-browser,https://x.com/i/status/2092396409815507220,2026-08-25T23:39:13.000Z,ja,1,0
agent-browser,https://x.com/i/status/2092330683209265155,2026-08-25T19:18:03.000Z,en,0,0
agent-browser,https://x.com/i/status/2092319210395545951,2026-08-25T18:32:27.000Z,ja,1,1
agent-browser,https://x.com/i/status/2092315619727229049,2026-08-25T18:18:11.000Z,ja,3,0
agent-browser,https://x.com/i/status/2092303508938928187,2026-08-25T17:30:04.000Z,en,16,0
agent-browser,https://x.com/i/status/2092277312733729028,2026-08-25T15:45:58.000Z,en,0,0
agent-browser,https://x.com/i/status/2092276076009390134,2026-08-25T15:41:03.000Z,en,20,3
agent-browser,https://x.com/i/status/2092267175876661261,2026-08-25T15:05:41.000Z,en,1,0
agent-browser,https://x.com/i/status/2092258814200623157,2026-08-25T14:32:28.000Z,en,3,0
agent-browser,https://x.com/i/status/2092249874276503847,2026-08-25T13:56:56.000Z,en,2,0
agent-browser,https://x.com/i/status/2092248697279046143,2026-08-25T13:52:16.000Z,en,0,0
agent-browser,https://x.com/i/status/2092228979172188321,2026-08-25T12:33:55.000Z,en,0,0
agent-browser,https://x.com/i/status/2092228964253069759,2026-08-25T12:33:51.000Z,zxx,68,7
agent-browser,https://x.com/i/status/2092166901623410809,2026-08-25T08:27:14.000Z,en,1,0
agent-browser,https://x.com/i/status/2092165647287583190,2026-08-25T08:22:15.000Z,en,1,0
agent-browser,https://x.com/i/status/2092155291681136954,2026-08-25T07:41:06.000Z,en,45,24
agent-browser,https://x.com/i/status/2092121599772398028,2026-08-25T05:27:13.000Z,en,16,0
skillscan,https://x.com/i/status/2093667944899158214,2026-08-29T11:51:51.000Z,en,0,0
setup-matt-pocock-skills,https://x.com/i/status/2092495559743730005,2026-08-26T06:13:12.000Z,zh,134,27
proactive-agent,https://x.com/i/status/2093891931835437178,2026-08-30T02:41:53.000Z,en,1,0
proactive-agent,https://x.com/i/status/2093787236043284929,2026-08-29T19:45:52.000Z,en,0,0
proactive-agent,https://x.com/i/status/2093786788628185328,2026-08-29T19:44:05.000Z,en,40,3
proactive-agent,https://x.com/i/status/2093677386659188742,2026-08-29T12:29:22.000Z,en,0,0
proactive-agent,https://x.com/i/status/2093635592274010318,2026-08-29T09:43:17.000Z,ja,1,0
proactive-agent,https://x.com/i/status/2093543741650850218,2026-08-29T03:38:18.000Z,en,1,0
proactive-agent,https://x.com/i/status/2093355153906671679,2026-08-28T15:08:56.000Z,en,3,0
proactive-agent,https://x.com/i/status/2093307961732903257,2026-08-28T12:01:24.000Z,en,16,1
proactive-agent,https://x.com/i/status/2093296477519094043,2026-08-28T11:15:46.000Z,zh,0,0
proactive-agent,https://x.com/i/status/2093285668088668495,2026-08-28T10:32:49.000Z,en,533,10
proactive-agent,https://x.com/i/status/2093206476026507331,2026-08-28T05:18:08.000Z,en,0,0
proactive-agent,https://x.com/i/status/2093152039668695305,2026-08-28T01:41:49.000Z,en,0,0
proactive-agent,https://x.com/i/status/2093137129299701773,2026-08-28T00:42:34.000Z,en,13,0
proactive-agent,https://x.com/i/status/2093060877159395792,2026-08-27T19:39:34.000Z,en,0,0
proactive-agent,https://x.com/i/status/2093018169904378062,2026-08-27T16:49:52.000Z,en,1,0
proactive-agent,https://x.com/i/status/2093011175613284676,2026-08-27T16:22:05.000Z,en,16,3
proactive-agent,https://x.com/i/status/2092977824072183955,2026-08-27T14:09:33.000Z,en,1,0
proactive-agent,https://x.com/i/status/2092863083882389789,2026-08-27T06:33:37.000Z,en,4,0
proactive-agent,https://x.com/i/status/2092789055322763333,2026-08-27T01:39:27.000Z,en,116,2
proactive-agent,https://x.com/i/status/2092705793724305886,2026-08-26T20:08:36.000Z,en,39,1
proactive-agent,https://x.com/i/status/2092683880059027691,2026-08-26T18:41:31.000Z,en,0,0
proactive-agent,https://x.com/i/status/2092663441806991683,2026-08-26T17:20:18.000Z,en,0,0
proactive-agent,https://x.com/i/status/2092592436250087631,2026-08-26T12:38:09.000Z,en,172,49
proactive-agent,https://x.com/i/status/2092591851236679712,2026-08-26T12:35:50.000Z,en,0,0
proactive-agent,https://x.com/i/status/2092591629576327238,2026-08-26T12:34:57.000Z,en,0,0
proactive-agent,https://x.com/i/status/2092589901300867256,2026-08-26T12:28:05.000Z,en,1,0
proactive-agent,https://x.com/i/status/2092494347094966338,2026-08-26T06:08:23.000Z,en,0,0
proactive-agent,https://x.com/i/status/2092426017118028266,2026-08-26T01:36:52.000Z,en,128,5
proactive-agent,https://x.com/i/status/2092306939237867676,2026-08-25T17:43:42.000Z,en,37,2
proactive-agent,https://x.com/i/status/2092249732668436866,2026-08-25T13:56:23.000Z,en,0,0
proactive-agent,https://x.com/i/status/2091903471968497888,2026-08-24T15:00:28.000Z,en,0,0
proactive-agent,https://x.com/i/status/2091890893355925922,2026-08-24T14:10:29.000Z,en,0,0
proactive-agent,https://x.com/i/status/2091880136819745051,2026-08-24T13:27:44.000Z,en,0,0
handoff,https://x.com/i/status/2093955124779532345,2026-08-30T06:53:00.000Z,en,0,0
handoff,https://x.com/i/status/2093949361939984881,2026-08-30T06:30:06.000Z,en,0,0
handoff,https://x.com/i/status/2093946160792899956,2026-08-30T06:17:23.000Z,en,4,0
handoff,https://x.com/i/status/2093946078085406793,2026-08-30T06:17:03.000Z,zh,2,0
handoff,https://x.com/i/status/2093934728109752725,2026-08-30T05:31:57.000Z,en,0,0
handoff,https://x.com/i/status/2093929156421800333,2026-08-30T05:09:48.000Z,en,4,0
handoff,https://x.com/i/status/2093922227959812246,2026-08-30T04:42:16.000Z,en,2,0
handoff,https://x.com/i/status/2093921076023640269,2026-08-30T04:37:42.000Z,en,0,0
handoff,https://x.com/i/status/2093919489134084436,2026-08-30T04:31:24.000Z,en,0,0
handoff,https://x.com/i/status/2093907627394601320,2026-08-30T03:44:15.000Z,en,3,0
handoff,https://x.com/i/status/2093903463016960319,2026-08-30T03:27:43.000Z,en,74,18
handoff,https://x.com/i/status/2093897428806357193,2026-08-30T03:03:44.000Z,en,1,0
handoff,https://x.com/i/status/2093894610632237393,2026-08-30T02:52:32.000Z,en,0,0
handoff,https://x.com/i/status/2093882837183209516,2026-08-30T02:05:45.000Z,en,11,0
handoff,https://x.com/i/status/2093882656685805798,2026-08-30T02:05:02.000Z,zxx,0,0
handoff,https://x.com/i/status/2093881858513637511,2026-08-30T02:01:52.000Z,zxx,2,0
handoff,https://x.com/i/status/2093880613300261115,2026-08-30T01:56:55.000Z,es,0,0
handoff,https://x.com/i/status/2093876767777784159,2026-08-30T01:41:38.000Z,en,0,0
handoff,https://x.com/i/status/2093871601439879414,2026-08-30T01:21:06.000Z,zxx,1,0
handoff,https://x.com/i/status/2093869670617264544,2026-08-30T01:13:26.000Z,ja,0,0
handoff,https://x.com/i/status/2093866482820116587,2026-08-30T01:00:46.000Z,en,1,0
handoff,https://x.com/i/status/2093861489438581183,2026-08-30T00:40:55.000Z,en,0,0
handoff,https://x.com/i/status/2093860749449777367,2026-08-30T00:37:59.000Z,en,0,0
handoff,https://x.com/i/status/2093858655389040701,2026-08-30T00:29:40.000Z,zxx,4,0
handoff,https://x.com/i/status/2093858577350037533,2026-08-30T00:29:21.000Z,zxx,1,0
handoff,https://x.com/i/status/2093857595576430958,2026-08-30T00:25:27.000Z,en,4,0
handoff,https://x.com/i/status/2093857212821340368,2026-08-30T00:23:56.000Z,zxx,0,0
handoff,https://x.com/i/status/2093851334860742727,2026-08-30T00:00:34.000Z,en,0,0
handoff,https://x.com/i/status/2093844229189521795,2026-08-29T23:32:20.000Z,en,1,0
handoff,https://x.com/i/status/2093843983172771841,2026-08-29T23:31:21.000Z,en,0,0
handoff,https://x.com/i/status/2093842959708123521,2026-08-29T23:27:17.000Z,en,2,0
handoff,https://x.com/i/status/2093838260653219899,2026-08-29T23:08:37.000Z,en,0,0
handoff,https://x.com/i/status/2093837371313655983,2026-08-29T23:05:05.000Z,en,2,0
handoff,https://x.com/i/status/2093837293685481929,2026-08-29T23:04:47.000Z,zxx,1,0
handoff,https://x.com/i/status/2093825072947433955,2026-08-29T22:16:13.000Z,en,1,0
handoff,https://x.com/i/status/2093817502513999993,2026-08-29T21:46:08.000Z,en,0,0
handoff,https://x.com/i/status/2093815206375768306,2026-08-29T21:37:01.000Z,en,30,1
handoff,https://x.com/i/status/2093800137571103057,2026-08-29T20:37:08.000Z,en,13,3
handoff,https://x.com/i/status/2093795711426924602,2026-08-29T20:19:33.000Z,en,1,0
handoff,https://x.com/i/status/2093795029471088719,2026-08-29T20:16:50.000Z,en,1,0
handoff,https://x.com/i/status/2093791709926715790,2026-08-29T20:03:39.000Z,en,3,0
handoff,https://x.com/i/status/2093790600923398233,2026-08-29T19:59:14.000Z,en,9,0
handoff,https://x.com/i/status/2093782352895922185,2026-08-29T19:26:28.000Z,en,75,1
handoff,https://x.com/i/status/2093781769526894595,2026-08-29T19:24:09.000Z,en,0,0
handoff,https://x.com/i/status/2093777192165454015,2026-08-29T19:05:57.000Z,en,0,0
handoff,https://x.com/i/status/2093775714071847248,2026-08-29T19:00:05.000Z,en,0,0
handoff,https://x.com/i/status/2093772608286445789,2026-08-29T18:47:44.000Z,zxx,4,0
handoff,https://x.com/i/status/2093771949151592658,2026-08-29T18:45:07.000Z,zxx,1,0
handoff,https://x.com/i/status/2093770195646943281,2026-08-29T18:38:09.000Z,en,0,0
handoff,https://x.com/i/status/2093769185621074265,2026-08-29T18:34:08.000Z,en,0,0
handoff,https://x.com/i/status/2093768336614084804,2026-08-29T18:30:46.000Z,en,0,0
handoff,https://x.com/i/status/2093766075901239524,2026-08-29T18:21:47.000Z,en,1,0
handoff,https://x.com/i/status/2093758464262615217,2026-08-29T17:51:32.000Z,en,0,0
handoff,https://x.com/i/status/2093758286830919725,2026-08-29T17:50:50.000Z,en,1,0
handoff,https://x.com/i/status/2093758230388154427,2026-08-29T17:50:36.000Z,en,0,0
handoff,https://x.com/i/status/2093752205270458802,2026-08-29T17:26:40.000Z,en,38,4
handoff,https://x.com/i/status/2093750242411938224,2026-08-29T17:18:52.000Z,en,0,0
handoff,https://x.com/i/status/2093749283308945512,2026-08-29T17:15:03.000Z,en,0,0
handoff,https://x.com/i/status/2093748474458046506,2026-08-29T17:11:50.000Z,en,0,0
handoff,https://x.com/i/status/2093747913155608644,2026-08-29T17:09:37.000Z,en,0,0
handoff,https://x.com/i/status/2093747014945349818,2026-08-29T17:06:02.000Z,en,1,0
handoff,https://x.com/i/status/2093744551051886614,2026-08-29T16:56:15.000Z,zxx,0,0
handoff,https://x.com/i/status/2093739506117628084,2026-08-29T16:36:12.000Z,en,2,0
handoff,https://x.com/i/status/2093738954172383459,2026-08-29T16:34:01.000Z,en,3,0
handoff,https://x.com/i/status/2093736538186072301,2026-08-29T16:24:25.000Z,en,1,0
handoff,https://x.com/i/status/2093735358621942004,2026-08-29T16:19:43.000Z,en,0,0
handoff,https://x.com/i/status/2093731877416849622,2026-08-29T16:05:53.000Z,zh,0,0
handoff,https://x.com/i/status/2093731504111206780,2026-08-29T16:04:24.000Z,en,1,0
handoff,https://x.com/i/status/2093729619799318651,2026-08-29T15:56:55.000Z,en,0,0
handoff,https://x.com/i/status/2093729408121217222,2026-08-29T15:56:05.000Z,en,0,0
handoff,https://x.com/i/status/2093728916649488670,2026-08-29T15:54:07.000Z,en,3,1
handoff,https://x.com/i/status/2093727996578545755,2026-08-29T15:50:28.000Z,en,0,0
handoff,https://x.com/i/status/2093722855116599404,2026-08-29T15:30:02.000Z,en,0,0
handoff,https://x.com/i/status/2093720847340929315,2026-08-29T15:22:04.000Z,en,0,0
handoff,https://x.com/i/status/2093720403999175096,2026-08-29T15:20:18.000Z,en,2,0
handoff,https://x.com/i/status/2093715551583359262,2026-08-29T15:01:01.000Z,en,1,0
handoff,https://x.com/i/status/2093712879358992431,2026-08-29T14:50:24.000Z,zxx,0,0
handoff,https://x.com/i/status/2093711431501791566,2026-08-29T14:44:39.000Z,en,1,0
handoff,https://x.com/i/status/2093708526241636461,2026-08-29T14:33:06.000Z,zxx,30,4
handoff,https://x.com/i/status/2093707987462578669,2026-08-29T14:30:58.000Z,en,40,3
handoff,https://x.com/i/status/2093707955954749630,2026-08-29T14:30:50.000Z,es,2,0
handoff,https://x.com/i/status/2093706023009689908,2026-08-29T14:23:09.000Z,en,0,0
handoff,https://x.com/i/status/2093702789532684792,2026-08-29T14:10:18.000Z,en,1,0
handoff,https://x.com/i/status/2093702354138771733,2026-08-29T14:08:34.000Z,en,0,0
handoff,https://x.com/i/status/2093702080305225901,2026-08-29T14:07:29.000Z,en,0,0
handoff,https://x.com/i/status/2093699032019304871,2026-08-29T13:55:22.000Z,en,2,0
handoff,https://x.com/i/status/2093685711207887170,2026-08-29T13:02:27.000Z,en,2,0
handoff,https://x.com/i/status/2093682001446375638,2026-08-29T12:47:42.000Z,en,2,0
handoff,https://x.com/i/status/2093671397297946827,2026-08-29T12:05:34.000Z,en,1,0
handoff,https://x.com/i/status/2093670115728413048,2026-08-29T12:00:28.000Z,en,1,0
handoff,https://x.com/i/status/2093667768134422617,2026-08-29T11:51:09.000Z,en,0,0
handoff,https://x.com/i/status/2093666828665168021,2026-08-29T11:47:25.000Z,en,0,0
handoff,https://x.com/i/status/2093660172316979544,2026-08-29T11:20:58.000Z,en,0,0
handoff,https://x.com/i/status/2093656591983874291,2026-08-29T11:06:44.000Z,en,1,0
handoff,https://x.com/i/status/2093654172344439285,2026-08-29T10:57:07.000Z,en,0,0
handoff,https://x.com/i/status/2093652469746434429,2026-08-29T10:50:21.000Z,en,1,0
handoff,https://x.com/i/status/2093645707341451306,2026-08-29T10:23:29.000Z,en,0,0
handoff,https://x.com/i/status/2093643009401512054,2026-08-29T10:12:46.000Z,en,0,0
handoff,https://x.com/i/status/2093640639623663772,2026-08-29T10:03:21.000Z,en,21,2
handoff,https://x.com/i/status/2093633255438488031,2026-08-29T09:34:00.000Z,zh,56,6
weather,https://x.com/i/status/2093944680048128277,2026-08-30T06:11:29.000Z,en,10,2
weather,https://x.com/i/status/2093943558218633550,2026-08-30T06:07:02.000Z,en,1,0
weather,https://x.com/i/status/2093933753869697101,2026-08-30T05:28:04.000Z,en,1,0
weather,https://x.com/i/status/2093923120948105253,2026-08-30T04:45:49.000Z,en,83,11
weather,https://x.com/i/status/2093921429850919223,2026-08-30T04:39:06.000Z,en,0,0
weather,https://x.com/i/status/2093919049268768805,2026-08-30T04:29:39.000Z,en,23,1
weather,https://x.com/i/status/2093915819252252921,2026-08-30T04:16:49.000Z,und,0,0
weather,https://x.com/i/status/2093910787073184031,2026-08-30T03:56:49.000Z,en,0,0
weather,https://x.com/i/status/2093902748177838397,2026-08-30T03:24:52.000Z,en,0,0
weather,https://x.com/i/status/2093902534163513721,2026-08-30T03:24:01.000Z,en,0,0
weather,https://x.com/i/status/2093895602786509097,2026-08-30T02:56:29.000Z,en,0,0
weather,https://x.com/i/status/2093889798503285091,2026-08-30T02:33:25.000Z,zxx,0,0
weather,https://x.com/i/status/2093886201816129850,2026-08-30T02:19:07.000Z,en,4,0
weather,https://x.com/i/status/2093885891928334809,2026-08-30T02:17:53.000Z,en,0,0
weather,https://x.com/i/status/2093883016548364504,2026-08-30T02:06:28.000Z,en,1,0
weather,https://x.com/i/status/2093874752448274803,2026-08-30T01:33:37.000Z,en,2,0
weather,https://x.com/i/status/2093870437054726319,2026-08-30T01:16:29.000Z,en,0,0
weather,https://x.com/i/status/2093866653109084212,2026-08-30T01:01:26.000Z,en,178,45
weather,https://x.com/i/status/2093865921219866919,2026-08-30T00:58:32.000Z,en,27,2
weather,https://x.com/i/status/2093858728021721404,2026-08-30T00:29:57.000Z,en,0,0
weather,https://x.com/i/status/2093858650120999322,2026-08-30T00:29:38.000Z,en,1,0
weather,https://x.com/i/status/2093854327211184413,2026-08-30T00:12:28.000Z,en,0,0
weather,https://x.com/i/status/2093851607834239265,2026-08-30T00:01:39.000Z,en,8,0
weather,https://x.com/i/status/2093848692490940896,2026-08-29T23:50:04.000Z,en,25,0
weather,https://x.com/i/status/2093839741938774470,2026-08-29T23:14:30.000Z,en,5,0
weather,https://x.com/i/status/2093837856171290869,2026-08-29T23:07:01.000Z,en,4,0
weather,https://x.com/i/status/2093825313348391341,2026-08-29T22:17:10.000Z,en,0,0
weather,https://x.com/i/status/2093805315628183724,2026-08-29T20:57:42.000Z,en,0,0
weather,https://x.com/i/status/2093803757180264679,2026-08-29T20:51:31.000Z,en,1,0
weather,https://x.com/i/status/2093802388712747182,2026-08-29T20:46:05.000Z,en,0,0
weather,https://x.com/i/status/2093801245236470065,2026-08-29T20:41:32.000Z,en,0,3
weather,https://x.com/i/status/2093798881070809583,2026-08-29T20:32:08.000Z,en,26,0
weather,https://x.com/i/status/2093795618107871591,2026-08-29T20:19:10.000Z,en,4,0
weather,https://x.com/i/status/2093795056327229564,2026-08-29T20:16:56.000Z,en,7,0
weather,https://x.com/i/status/2093794928690377114,2026-08-29T20:16:26.000Z,en,7,2
weather,https://x.com/i/status/2093792497982169428,2026-08-29T20:06:46.000Z,en,1,0
weather,https://x.com/i/status/2093791065484743131,2026-08-29T20:01:05.000Z,en,6,3
weather,https://x.com/i/status/2093790684289413392,2026-08-29T19:59:34.000Z,en,0,0
weather,https://x.com/i/status/2093785859166208305,2026-08-29T19:40:24.000Z,en,48,0
weather,https://x.com/i/status/2093782793771696354,2026-08-29T19:28:13.000Z,en,2,0
weather,https://x.com/i/status/2093777932032589966,2026-08-29T19:08:54.000Z,en,1,0
weather,https://x.com/i/status/2093777102432817630,2026-08-29T19:05:36.000Z,zxx,0,0
weather,https://x.com/i/status/2093765756949315822,2026-08-29T18:20:31.000Z,zxx,1,0
weather,https://x.com/i/status/2093757163256828230,2026-08-29T17:46:22.000Z,en,88,4
weather,https://x.com/i/status/2093755636538634670,2026-08-29T17:40:18.000Z,en,6,2
weather,https://x.com/i/status/2093753822980022432,2026-08-29T17:33:06.000Z,en,0,0
weather,https://x.com/i/status/2093744536598041050,2026-08-29T16:56:12.000Z,en,2140,145
weather,https://x.com/i/status/2093735247154401390,2026-08-29T16:19:17.000Z,en,0,0
weather,https://x.com/i/status/2093723713057206725,2026-08-29T15:33:27.000Z,en,1,0
weather,https://x.com/i/status/2093721309025013956,2026-08-29T15:23:54.000Z,en,3,1
weather,https://x.com/i/status/2093718346923495717,2026-08-29T15:12:07.000Z,zxx,0,0
weather,https://x.com/i/status/2093718151452065990,2026-08-29T15:11:21.000Z,en,1,0
weather,https://x.com/i/status/2093717913639477506,2026-08-29T15:10:24.000Z,en,0,0
weather,https://x.com/i/status/2093715300198109517,2026-08-29T15:00:01.000Z,en,0,0
weather,https://x.com/i/status/2093711631612067951,2026-08-29T14:45:26.000Z,en,2,0
weather,https://x.com/i/status/2093711409318433182,2026-08-29T14:44:33.000Z,en,0,0
weather,https://x.com/i/status/2093706610577195149,2026-08-29T14:25:29.000Z,en,2,0
weather,https://x.com/i/status/2093700790238040109,2026-08-29T14:02:22.000Z,en,204,18
weather,https://x.com/i/status/2093699631356256461,2026-08-29T13:57:45.000Z,en,0,0
weather,https://x.com/i/status/2093697624859718119,2026-08-29T13:49:47.000Z,en,26,5
weather,https://x.com/i/status/2093689952886194241,2026-08-29T13:19:18.000Z,uk,0,0
weather,https://x.com/i/status/2093656757503426888,2026-08-29T11:07:23.000Z,en,0,0
weather,https://x.com/i/status/2093646534197809249,2026-08-29T10:26:46.000Z,zxx,3,0
weather,https://x.com/i/status/2093643473236750765,2026-08-29T10:14:36.000Z,en,1,0
weather,https://x.com/i/status/2093642211783049372,2026-08-29T10:09:35.000Z,en,1,0
weather,https://x.com/i/status/2093640757600985476,2026-08-29T10:03:49.000Z,en,2,0
weather,https://x.com/i/status/2093639626074304815,2026-08-29T09:59:19.000Z,en,5,0
weather,https://x.com/i/status/2093631995586686991,2026-08-29T09:29:00.000Z,en,0,0
weather,https://x.com/i/status/2093617652120047826,2026-08-29T08:32:00.000Z,en,0,1
weather,https://x.com/i/status/2093612189420540144,2026-08-29T08:10:18.000Z,en,3,0
weather,https://x.com/i/status/2093604544190054895,2026-08-29T07:39:55.000Z,en,0,0
weather,https://x.com/i/status/2093599566687797293,2026-08-29T07:20:08.000Z,zxx,1,0
weather,https://x.com/i/status/2093592178996150385,2026-08-29T06:50:47.000Z,en,2,1
weather,https://x.com/i/status/2093589453625528604,2026-08-29T06:39:57.000Z,zxx,2,0
weather,https://x.com/i/status/2093584978927886482,2026-08-29T06:22:10.000Z,en,233,40
weather,https://x.com/i/status/2093578080501870929,2026-08-29T05:54:45.000Z,en,2,0
weather,https://x.com/i/status/2093576082649727198,2026-08-29T05:46:49.000Z,en,2,0
weather,https://x.com/i/status/2093552329039483006,2026-08-29T04:12:26.000Z,zxx,7,0
weather,https://x.com/i/status/2093550748760240343,2026-08-29T04:06:09.000Z,en,0,0
weather,https://x.com/i/status/2093543044821705049,2026-08-29T03:35:32.000Z,en,4,2
weather,https://x.com/i/status/2093542552561647699,2026-08-29T03:33:35.000Z,en,2,0
weather,https://x.com/i/status/2093534105158008973,2026-08-29T03:00:01.000Z,ja,6,0
weather,https://x.com/i/status/2093522919787786292,2026-08-29T02:15:34.000Z,en,0,0
weather,https://x.com/i/status/2093519505863700718,2026-08-29T02:02:00.000Z,en,2,0
weather,https://x.com/i/status/2093513207537345021,2026-08-29T01:36:58.000Z,en,0,0
weather,https://x.com/i/status/2093501898745577502,2026-08-29T00:52:02.000Z,en,0,0
weather,https://x.com/i/status/2093496471878242412,2026-08-29T00:30:28.000Z,en,5,1
weather,https://x.com/i/status/2093491662152691800,2026-08-29T00:11:22.000Z,en,73,3
weather,https://x.com/i/status/2093475032613769414,2026-08-28T23:05:17.000Z,en,1,0
weather,https://x.com/i/status/2093448599363625205,2026-08-28T21:20:15.000Z,en,1,0
weather,https://x.com/i/status/2093442144220398024,2026-08-28T20:54:36.000Z,en,0,0
weather,https://x.com/i/status/2093439066054258764,2026-08-28T20:42:22.000Z,en,13,0
weather,https://x.com/i/status/2093434940851425574,2026-08-28T20:25:58.000Z,en,73,0
weather,https://x.com/i/status/2093431725212979352,2026-08-28T20:13:12.000Z,en,1,0
weather,https://x.com/i/status/2093431561764888900,2026-08-28T20:12:33.000Z,en,3,0
weather,https://x.com/i/status/2093430437704319344,2026-08-28T20:08:05.000Z,en,93,9
weather,https://x.com/i/status/2093428353080398005,2026-08-28T19:59:48.000Z,zxx,1,0
weather,https://x.com/i/status/2093423469157638327,2026-08-28T19:40:23.000Z,en,0,0
weather,https://x.com/i/status/2093421402732785992,2026-08-28T19:32:10.000Z,en,0,0
weather,https://x.com/i/status/2093410627830108218,2026-08-28T18:49:22.000Z,en,212,10
triage,https://x.com/i/status/2093944052626702700,2026-08-30T06:09:00.000Z,en,0,0
triage,https://x.com/i/status/2093911271896965306,2026-08-30T03:58:44.000Z,zh,0,0
triage,https://x.com/i/status/2093908851762585998,2026-08-30T03:49:07.000Z,en,0,0
triage,https://x.com/i/status/2093904325844038036,2026-08-30T03:31:08.000Z,en,2,0
triage,https://x.com/i/status/2093901673261416497,2026-08-30T03:20:36.000Z,zh,0,0
triage,https://x.com/i/status/2093901671965348270,2026-08-30T03:20:36.000Z,zh,0,0
triage,https://x.com/i/status/2093895122022764560,2026-08-30T02:54:34.000Z,en,2,0
triage,https://x.com/i/status/2093869787176718455,2026-08-30T01:13:54.000Z,en,0,0
triage,https://x.com/i/status/2093869197877264681,2026-08-30T01:11:33.000Z,en,0,0
triage,https://x.com/i/status/2093858823823880382,2026-08-30T00:30:20.000Z,en,0,0
triage,https://x.com/i/status/2093846066731114829,2026-08-29T23:39:38.000Z,en,2,0
triage,https://x.com/i/status/2093845826845999370,2026-08-29T23:38:41.000Z,en,47,0
triage,https://x.com/i/status/2093833494161961089,2026-08-29T22:49:41.000Z,zxx,0,0
triage,https://x.com/i/status/2093830283799744707,2026-08-29T22:36:55.000Z,en,1,0
triage,https://x.com/i/status/2093829793808588861,2026-08-29T22:34:58.000Z,en,0,0
triage,https://x.com/i/status/2093826479532732870,2026-08-29T22:21:48.000Z,zxx,1,0
triage,https://x.com/i/status/2093817393650831829,2026-08-29T21:45:42.000Z,en,33,3
triage,https://x.com/i/status/2093809781840425065,2026-08-29T21:15:27.000Z,zxx,1,0
triage,https://x.com/i/status/2093786489175839063,2026-08-29T19:42:54.000Z,en,1,0
triage,https://x.com/i/status/2093783061875876166,2026-08-29T19:29:17.000Z,en,1,0
triage,https://x.com/i/status/2093776794469954007,2026-08-29T19:04:22.000Z,en,11,0
triage,https://x.com/i/status/2093755280714772963,2026-08-29T17:38:53.000Z,en,1,0
triage,https://x.com/i/status/2093742335708282961,2026-08-29T16:47:27.000Z,en,3,0
triage,https://x.com/i/status/2093740909347377378,2026-08-29T16:41:47.000Z,en,2,0
triage,https://x.com/i/status/2093737944809169107,2026-08-29T16:30:00.000Z,en,29,2
triage,https://x.com/i/status/2093737892472602729,2026-08-29T16:29:47.000Z,en,0,0
triage,https://x.com/i/status/2093734035931779111,2026-08-29T16:14:28.000Z,ja,4,1
triage,https://x.com/i/status/2093731649989005598,2026-08-29T16:04:59.000Z,en,2,0
triage,https://x.com/i/status/2093730583750832352,2026-08-29T16:00:45.000Z,en,1,0
triage,https://x.com/i/status/2093727955180834999,2026-08-29T15:50:18.000Z,en,1,0
triage,https://x.com/i/status/2093714870239727629,2026-08-29T14:58:19.000Z,en,0,0
triage,https://x.com/i/status/2093706824558256493,2026-08-29T14:26:20.000Z,en,2,0
triage,https://x.com/i/status/2093685711207887170,2026-08-29T13:02:27.000Z,en,2,0
triage,https://x.com/i/status/2093684845654548688,2026-08-29T12:59:00.000Z,en,0,1
triage,https://x.com/i/status/2093675295857418674,2026-08-29T12:21:03.000Z,en,40,1
triage,https://x.com/i/status/2093673517224968419,2026-08-29T12:13:59.000Z,ja,3,0
triage,https://x.com/i/status/2093634172053070325,2026-08-29T09:37:39.000Z,en,0,0
triage,https://x.com/i/status/2093630653179015586,2026-08-29T09:23:40.000Z,en,0,0
triage,https://x.com/i/status/2093624765822996531,2026-08-29T09:00:16.000Z,en,0,0
triage,https://x.com/i/status/2093620185538105732,2026-08-29T08:42:04.000Z,en,3,0
triage,https://x.com/i/status/2093610574206685580,2026-08-29T08:03:52.000Z,en,1,0
triage,https://x.com/i/status/2093608285454963103,2026-08-29T07:54:47.000Z,en,48,14
triage,https://x.com/i/status/2093571023119770017,2026-08-29T05:26:43.000Z,en,0,0
triage,https://x.com/i/status/2093557131333046535,2026-08-29T04:31:31.000Z,en,1,0
triage,https://x.com/i/status/2093552989638107410,2026-08-29T04:15:03.000Z,en,0,0
triage,https://x.com/i/status/2093547165113327717,2026-08-29T03:51:55.000Z,zxx,0,0
triage,https://x.com/i/status/2093532553659781569,2026-08-29T02:53:51.000Z,en,0,0
triage,https://x.com/i/status/2093509865981522228,2026-08-29T01:23:42.000Z,en,0,0
triage,https://x.com/i/status/2093489879581921340,2026-08-29T00:04:17.000Z,zxx,1,0
triage,https://x.com/i/status/2093479845522997335,2026-08-28T23:24:24.000Z,en,1,0
triage,https://x.com/i/status/2093461688167109068,2026-08-28T22:12:15.000Z,en,0,0
triage,https://x.com/i/status/2093450884994761083,2026-08-28T21:29:20.000Z,en,0,0
triage,https://x.com/i/status/2093449578184159445,2026-08-28T21:24:08.000Z,en,5,0
triage,https://x.com/i/status/2093438799602991285,2026-08-28T20:41:18.000Z,zxx,17,0
triage,https://x.com/i/status/2093433909266534568,2026-08-28T20:21:52.000Z,en,1,0
triage,https://x.com/i/status/2093433332835246082,2026-08-28T20:19:35.000Z,zxx,147,11
triage,https://x.com/i/status/2093428158506713118,2026-08-28T19:59:01.000Z,en,15,2
triage,https://x.com/i/status/2093421472920506866,2026-08-28T19:32:27.000Z,en,0,0
triage,https://x.com/i/status/2093409852995572074,2026-08-28T18:46:17.000Z,en,3,0
triage,https://x.com/i/status/2093408787084214374,2026-08-28T18:42:03.000Z,en,0,0
triage,https://x.com/i/status/2093407266699657503,2026-08-28T18:36:00.000Z,en,2,0
triage,https://x.com/i/status/2093405858940227986,2026-08-28T18:30:25.000Z,en,83,7
triage,https://x.com/i/status/2093403813856100543,2026-08-28T18:22:17.000Z,tr,22,1
triage,https://x.com/i/status/2093403609207820370,2026-08-28T18:21:28.000Z,en,0,0
triage,https://x.com/i/status/2093394470012100878,2026-08-28T17:45:09.000Z,en,0,0
triage,https://x.com/i/status/2093393647517454693,2026-08-28T17:41:53.000Z,en,3,0
triage,https://x.com/i/status/2093389558620577884,2026-08-28T17:25:38.000Z,en,0,0
triage,https://x.com/i/status/2093387978382991788,2026-08-28T17:19:21.000Z,en,38,2
triage,https://x.com/i/status/2093386004686422093,2026-08-28T17:11:31.000Z,en,1,0
triage,https://x.com/i/status/2093379309566308664,2026-08-28T16:44:55.000Z,en,97,5
triage,https://x.com/i/status/2093372175759651273,2026-08-28T16:16:34.000Z,zxx,7,2
triage,https://x.com/i/status/2093370404505362699,2026-08-28T16:09:32.000Z,zxx,14,2
triage,https://x.com/i/status/2093368976122507476,2026-08-28T16:03:51.000Z,en,2,0
triage,https://x.com/i/status/2093357949590933943,2026-08-28T15:20:02.000Z,en,3,1
triage,https://x.com/i/status/2093356165631516857,2026-08-28T15:12:57.000Z,en,11,1
triage,https://x.com/i/status/2093352925083078708,2026-08-28T15:00:04.000Z,en,0,0
triage,https://x.com/i/status/2093352916589355474,2026-08-28T15:00:02.000Z,en,16,1
triage,https://x.com/i/status/2093342858501820901,2026-08-28T14:20:04.000Z,en,199,24
triage,https://x.com/i/status/2093338243865395633,2026-08-28T14:01:44.000Z,en,0,0
triage,https://x.com/i/status/2093333551760503102,2026-08-28T13:43:05.000Z,en,0,0
triage,https://x.com/i/status/2093323609531933131,2026-08-28T13:03:35.000Z,en,4,1
triage,https://x.com/i/status/2093315355620048974,2026-08-28T12:30:47.000Z,en,2,0
triage,https://x.com/i/status/2093311693010894922,2026-08-28T12:16:14.000Z,zxx,154,22
triage,https://x.com/i/status/2093305468399780254,2026-08-28T11:51:30.000Z,en,0,0
triage,https://x.com/i/status/2093305437642993915,2026-08-28T11:51:22.000Z,en,1,0
triage,https://x.com/i/status/2093302953671376972,2026-08-28T11:41:30.000Z,en,0,0
triage,https://x.com/i/status/2093302072145825969,2026-08-28T11:38:00.000Z,zxx,6,2
triage,https://x.com/i/status/2093299037705236540,2026-08-28T11:25:56.000Z,zxx,4,0
triage,https://x.com/i/status/2093277427262759008,2026-08-28T10:00:04.000Z,en,105,14
triage,https://x.com/i/status/2093265589900857411,2026-08-28T09:13:02.000Z,zxx,7,1
triage,https://x.com/i/status/2093262344151269584,2026-08-28T09:00:08.000Z,ja,27,19
triage,https://x.com/i/status/2093260137779642577,2026-08-28T08:51:22.000Z,en,0,0
triage,https://x.com/i/status/2093258052766171405,2026-08-28T08:43:05.000Z,en,2,0
triage,https://x.com/i/status/2093258044930920459,2026-08-28T08:43:03.000Z,en,2,0
triage,https://x.com/i/status/2093258028187353361,2026-08-28T08:42:59.000Z,en,6,0
triage,https://x.com/i/status/2093250364279582875,2026-08-28T08:12:32.000Z,en,19,2
triage,https://x.com/i/status/2093238920922239380,2026-08-28T07:27:03.000Z,en,20,0
triage,https://x.com/i/status/2093236137884299704,2026-08-28T07:16:00.000Z,ja,0,0
triage,https://x.com/i/status/2093235886762692731,2026-08-28T07:15:00.000Z,en,0,0
triage,https://x.com/i/status/2093235009905741912,2026-08-28T07:11:31.000Z,en,0,0
multi-search-engine,https://x.com/i/status/2092893379118113060,2026-08-27T08:34:00.000Z,zh,20,0
prototype,https://x.com/i/status/2093952506191892951,2026-08-30T06:42:35.000Z,en,1,0
prototype,https://x.com/i/status/2093949371259707495,2026-08-30T06:30:08.000Z,en,0,0
prototype,https://x.com/i/status/2093940033397174307,2026-08-30T05:53:02.000Z,en,0,0
prototype,https://x.com/i/status/2093937431896535231,2026-08-30T05:42:41.000Z,en,3,0
prototype,https://x.com/i/status/2093927442469535858,2026-08-30T05:03:00.000Z,en,0,0
prototype,https://x.com/i/status/2093926503050330226,2026-08-30T04:59:16.000Z,en,0,0
prototype,https://x.com/i/status/2093921847226065394,2026-08-30T04:40:46.000Z,en,74,8
prototype,https://x.com/i/status/2093894853239189730,2026-08-30T02:53:30.000Z,en,0,0
prototype,https://x.com/i/status/2093889798503285091,2026-08-30T02:33:25.000Z,zxx,0,0
prototype,https://x.com/i/status/2093887138018574694,2026-08-30T02:22:50.000Z,en,0,0
prototype,https://x.com/i/status/2093885134961516754,2026-08-30T02:14:53.000Z,en,0,0
prototype,https://x.com/i/status/2093883548847747248,2026-08-30T02:08:35.000Z,en,3,1
prototype,https://x.com/i/status/2093880130817163726,2026-08-30T01:55:00.000Z,en,47,11
prototype,https://x.com/i/status/2093872430754173004,2026-08-30T01:24:24.000Z,en,0,0
prototype,https://x.com/i/status/2093858757058994459,2026-08-30T00:30:04.000Z,en,0,0
prototype,https://x.com/i/status/2093832106820403672,2026-08-29T22:44:10.000Z,en,0,0
prototype,https://x.com/i/status/2093829270564958516,2026-08-29T22:32:54.000Z,zxx,8,3
prototype,https://x.com/i/status/2093814067966165272,2026-08-29T21:32:29.000Z,en,0,0
prototype,https://x.com/i/status/2093796189301047534,2026-08-29T20:21:27.000Z,en,6,0
prototype,https://x.com/i/status/2093789442817556904,2026-08-29T19:54:38.000Z,en,0,0
prototype,https://x.com/i/status/2093783818700489211,2026-08-29T19:32:17.000Z,en,1,0
prototype,https://x.com/i/status/2093783132939972904,2026-08-29T19:29:34.000Z,en,6,1
prototype,https://x.com/i/status/2093777048720597456,2026-08-29T19:05:23.000Z,en,66,4
prototype,https://x.com/i/status/2093772608286445789,2026-08-29T18:47:44.000Z,zxx,4,0
prototype,https://x.com/i/status/2093770766781452366,2026-08-29T18:40:25.000Z,en,25,3
prototype,https://x.com/i/status/2093764682683220087,2026-08-29T18:16:15.000Z,en,1,0
prototype,https://x.com/i/status/2093764436787896662,2026-08-29T18:15:16.000Z,en,8,2
prototype,https://x.com/i/status/2093764223423684850,2026-08-29T18:14:25.000Z,en,0,0
prototype,https://x.com/i/status/2093759340100329976,2026-08-29T17:55:01.000Z,en,2,0
prototype,https://x.com/i/status/2093749397481738338,2026-08-29T17:15:30.000Z,en,1,0
prototype,https://x.com/i/status/2093749283308945512,2026-08-29T17:15:03.000Z,en,0,0
prototype,https://x.com/i/status/2093748114402271596,2026-08-29T17:10:25.000Z,en,0,0
prototype,https://x.com/i/status/2093737146788335633,2026-08-29T16:26:50.000Z,in,1,0
prototype,https://x.com/i/status/2093732833307078751,2026-08-29T16:09:41.000Z,en,2,0
prototype,https://x.com/i/status/2093731271360881063,2026-08-29T16:03:29.000Z,en,0,0
prototype,https://x.com/i/status/2093730080015220925,2026-08-29T15:58:45.000Z,zxx,3,1
prototype,https://x.com/i/status/2093727959727366490,2026-08-29T15:50:19.000Z,zh,11,2
prototype,https://x.com/i/status/2093720958888481106,2026-08-29T15:22:30.000Z,en,1,0
prototype,https://x.com/i/status/2093719530086310274,2026-08-29T15:16:50.000Z,fr,0,0
prototype,https://x.com/i/status/2093717631501324363,2026-08-29T15:09:17.000Z,en,12,1
prototype,https://x.com/i/status/2093715346373160977,2026-08-29T15:00:12.000Z,en,196,7
prototype,https://x.com/i/status/2093711631612067951,2026-08-29T14:45:26.000Z,en,2,0
prototype,https://x.com/i/status/2093708187761262866,2026-08-29T14:31:45.000Z,en,0,0
prototype,https://x.com/i/status/2093708051622617331,2026-08-29T14:31:13.000Z,en,0,0
prototype,https://x.com/i/status/2093706981613658159,2026-08-29T14:26:58.000Z,en,0,0
prototype,https://x.com/i/status/2093705254491632058,2026-08-29T14:20:06.000Z,en,2,0
prototype,https://x.com/i/status/2093704641745727526,2026-08-29T14:17:40.000Z,en,2,0
prototype,https://x.com/i/status/2093700897998037195,2026-08-29T14:02:47.000Z,und,0,0
prototype,https://x.com/i/status/2093700334996615599,2026-08-29T14:00:33.000Z,en,0,0
prototype,https://x.com/i/status/2093699295522300018,2026-08-29T13:56:25.000Z,en,0,0
prototype,https://x.com/i/status/2093696833289961705,2026-08-29T13:46:38.000Z,en,2,0
prototype,https://x.com/i/status/2093696544251797985,2026-08-29T13:45:29.000Z,zxx,26,3
prototype,https://x.com/i/status/2093695656179179526,2026-08-29T13:41:58.000Z,en,19,0
prototype,https://x.com/i/status/2093687620882890835,2026-08-29T13:10:02.000Z,zxx,7,1
prototype,https://x.com/i/status/2093686222111506810,2026-08-29T13:04:28.000Z,en,2,0
prototype,https://x.com/i/status/2093678069336645823,2026-08-29T12:32:05.000Z,ar,23,0
prototype,https://x.com/i/status/2093677473552900466,2026-08-29T12:29:42.000Z,zxx,2,1
prototype,https://x.com/i/status/2093672067367313721,2026-08-29T12:08:14.000Z,en,1,2
prototype,https://x.com/i/status/2093670445492944983,2026-08-29T12:01:47.000Z,en,2,1
prototype,https://x.com/i/status/2093667831850418412,2026-08-29T11:51:24.000Z,en,61,4
prototype,https://x.com/i/status/2093660949655715846,2026-08-29T11:24:03.000Z,en,11,0
prototype,https://x.com/i/status/2093656580474728768,2026-08-29T11:06:41.000Z,en,7,0
prototype,https://x.com/i/status/2093652914166444433,2026-08-29T10:52:07.000Z,en,2,0
prototype,https://x.com/i/status/2093639939904741617,2026-08-29T10:00:34.000Z,zxx,3,0
prototype,https://x.com/i/status/2093639834204287423,2026-08-29T10:00:09.000Z,en,1,0
prototype,https://x.com/i/status/2093632974747205743,2026-08-29T09:32:53.000Z,zxx,23,4
prototype,https://x.com/i/status/2093632515412029920,2026-08-29T09:31:04.000Z,en,0,0
prototype,https://x.com/i/status/2093625818274840679,2026-08-29T09:04:27.000Z,en,1,0
prototype,https://x.com/i/status/2093623396659544266,2026-08-29T08:54:50.000Z,en,3,0
prototype,https://x.com/i/status/2093622796966646099,2026-08-29T08:52:27.000Z,en,0,0
prototype,https://x.com/i/status/2093622334745682419,2026-08-29T08:50:36.000Z,en,0,0
prototype,https://x.com/i/status/2093620548672672070,2026-08-29T08:43:31.000Z,en,0,0
prototype,https://x.com/i/status/2093618567098912938,2026-08-29T08:35:38.000Z,nl,0,0
prototype,https://x.com/i/status/2093600225126461614,2026-08-29T07:22:45.000Z,zh,0,0
prototype,https://x.com/i/status/2093598835054649504,2026-08-29T07:17:14.000Z,en,45,1
prototype,https://x.com/i/status/2093598383311311216,2026-08-29T07:15:26.000Z,en,26,0
prototype,https://x.com/i/status/2093598325933306075,2026-08-29T07:15:12.000Z,en,20,0
prototype,https://x.com/i/status/2093597757240181197,2026-08-29T07:12:57.000Z,en,1,0
prototype,https://x.com/i/status/2093596698899829125,2026-08-29T07:08:44.000Z,en,0,0
prototype,https://x.com/i/status/2093596418699125061,2026-08-29T07:07:38.000Z,en,0,0
prototype,https://x.com/i/status/2093595659605872858,2026-08-29T07:04:37.000Z,en,0,0
prototype,https://x.com/i/status/2093590472296186314,2026-08-29T06:44:00.000Z,en,132,17
prototype,https://x.com/i/status/2093589311862026607,2026-08-29T06:39:23.000Z,en,59,17
prototype,https://x.com/i/status/2093589212281057421,2026-08-29T06:38:59.000Z,zxx,73,10
prototype,https://x.com/i/status/2093574871079166323,2026-08-29T05:42:00.000Z,en,1,0
prototype,https://x.com/i/status/2093553698752405981,2026-08-29T04:17:52.000Z,en,6,0
prototype,https://x.com/i/status/2093531505746472999,2026-08-29T02:49:41.000Z,en,82,10
prototype,https://x.com/i/status/2093521475739230414,2026-08-29T02:09:50.000Z,en,15,2
prototype,https://x.com/i/status/2093520371261579469,2026-08-29T02:05:26.000Z,zh,36,0
prototype,https://x.com/i/status/2093497645230887007,2026-08-29T00:35:08.000Z,en,10,1
prototype,https://x.com/i/status/2093487790285603039,2026-08-28T23:55:58.000Z,en,3,0
prototype,https://x.com/i/status/2093476430067769517,2026-08-28T23:10:50.000Z,en,1,0
prototype,https://x.com/i/status/2093470071540830539,2026-08-28T22:45:34.000Z,en,1,0
prototype,https://x.com/i/status/2093463639764373517,2026-08-28T22:20:01.000Z,en,0,1
prototype,https://x.com/i/status/2093454212986556683,2026-08-28T21:42:33.000Z,zxx,166,16
prototype,https://x.com/i/status/2093450299495321879,2026-08-28T21:27:00.000Z,en,0,0
prototype,https://x.com/i/status/2093443564898251005,2026-08-28T21:00:14.000Z,en,0,0
prototype,https://x.com/i/status/2093436781903614236,2026-08-28T20:33:17.000Z,en,20,4
prototype,https://x.com/i/status/2093433332835246082,2026-08-28T20:19:35.000Z,zxx,147,11
prototype,https://x.com/i/status/2093429268227514631,2026-08-28T20:03:26.000Z,zxx,3,0
vercel-react-best-practices,https://x.com/i/status/2093421034242203826,2026-08-28T19:30:43.000Z,en,0,0
vercel-react-best-practices,https://x.com/i/status/2093119018760589316,2026-08-27T23:30:37.000Z,en,0,0
vercel-react-best-practices,https://x.com/i/status/2092228979172188321,2026-08-25T12:33:55.000Z,en,0,0
lark-doc,https://x.com/i/status/2091459288644636715,2026-08-23T09:35:26.000Z,zxx,0,0
humanizer,https://x.com/i/status/2093785261515710914,2026-08-29T19:38:01.000Z,fr,0,0
humanizer,https://x.com/i/status/2093706272885420402,2026-08-29T14:24:09.000Z,zxx,40,1
humanizer,https://x.com/i/status/2093662448893022372,2026-08-29T11:30:00.000Z,en,6,0
humanizer,https://x.com/i/status/2093654908322951447,2026-08-29T11:00:03.000Z,en,1319,115
humanizer,https://x.com/i/status/2093594540888486099,2026-08-29T07:00:10.000Z,zh,51,9
humanizer,https://x.com/i/status/2093590095337275611,2026-08-29T06:42:30.000Z,en,0,0
humanizer,https://x.com/i/status/2093565544544805266,2026-08-29T05:04:57.000Z,es,10,4
humanizer,https://x.com/i/status/2093552704970969515,2026-08-29T04:13:55.000Z,en,2,0
humanizer,https://x.com/i/status/2093507173468786740,2026-08-29T01:13:00.000Z,en,5,0
humanizer,https://x.com/i/status/2093477878109479237,2026-08-28T23:16:35.000Z,zh,4,1
humanizer,https://x.com/i/status/2093410622549410229,2026-08-28T18:49:20.000Z,en,1,0
humanizer,https://x.com/i/status/2093396393071161354,2026-08-28T17:52:48.000Z,en,0,0
humanizer,https://x.com/i/status/2093390543938286054,2026-08-28T17:29:33.000Z,en,5,1
humanizer,https://x.com/i/status/2093357436942057866,2026-08-28T15:18:00.000Z,zh,44,1
humanizer,https://x.com/i/status/2093351651654414655,2026-08-28T14:55:01.000Z,en,3,0
humanizer,https://x.com/i/status/2093347115238105257,2026-08-28T14:36:59.000Z,en,1,0
humanizer,https://x.com/i/status/2093327515121004789,2026-08-28T13:19:06.000Z,und,6,2
humanizer,https://x.com/i/status/2093318933151658245,2026-08-28T12:45:00.000Z,en,430,56
humanizer,https://x.com/i/status/2093312883262452206,2026-08-28T12:20:57.000Z,en,2,1
humanizer,https://x.com/i/status/2093283549931876806,2026-08-28T10:24:24.000Z,zh,0,0
humanizer,https://x.com/i/status/2093257244905213961,2026-08-28T08:39:52.000Z,en,0,0
humanizer,https://x.com/i/status/2093238769184899131,2026-08-28T07:26:27.000Z,en,1,0
humanizer,https://x.com/i/status/2093142325375779298,2026-08-28T01:03:13.000Z,zh,5,1
humanizer,https://x.com/i/status/2093106979724292362,2026-08-27T22:42:46.000Z,en,0,0
humanizer,https://x.com/i/status/2093099556166947086,2026-08-27T22:13:16.000Z,en,2,0
humanizer,https://x.com/i/status/2093099210606542994,2026-08-27T22:11:54.000Z,en,479,55
humanizer,https://x.com/i/status/2093079433749893559,2026-08-27T20:53:19.000Z,en,126,0
humanizer,https://x.com/i/status/2093045406825382188,2026-08-27T18:38:06.000Z,en,0,0
humanizer,https://x.com/i/status/2093028692138057763,2026-08-27T17:31:41.000Z,en,3,0
humanizer,https://x.com/i/status/2093004738082267536,2026-08-27T15:56:30.000Z,en,1,0
humanizer,https://x.com/i/status/2092987295032844376,2026-08-27T14:47:11.000Z,en,0,1
humanizer,https://x.com/i/status/2092983214713315428,2026-08-27T14:30:58.000Z,en,1,0
humanizer,https://x.com/i/status/2092956069727195167,2026-08-27T12:43:06.000Z,en,0,0
humanizer,https://x.com/i/status/2092905215557321037,2026-08-27T09:21:02.000Z,ja,3,0
humanizer,https://x.com/i/status/2092903443656568946,2026-08-27T09:13:59.000Z,en,2,0
humanizer,https://x.com/i/status/2092898653820400076,2026-08-27T08:54:57.000Z,en,1444,170
humanizer,https://x.com/i/status/2092893014402515373,2026-08-27T08:32:33.000Z,zxx,11,0
humanizer,https://x.com/i/status/2092827247073693731,2026-08-27T04:11:13.000Z,en,10,6
humanizer,https://x.com/i/status/2092811075100254568,2026-08-27T03:06:57.000Z,zh,14,4
humanizer,https://x.com/i/status/2092766605625401695,2026-08-27T00:10:15.000Z,en,0,0
humanizer,https://x.com/i/status/2092736525351956971,2026-08-26T22:10:43.000Z,pt,11,1
humanizer,https://x.com/i/status/2092673671676727314,2026-08-26T18:00:57.000Z,en,1286,174
humanizer,https://x.com/i/status/2092661892254695683,2026-08-26T17:14:09.000Z,fa,149,5
humanizer,https://x.com/i/status/2092658417089556827,2026-08-26T17:00:21.000Z,tr,3,0
humanizer,https://x.com/i/status/2092609257338200469,2026-08-26T13:45:00.000Z,en,1812,263
humanizer,https://x.com/i/status/2092597936580391392,2026-08-26T13:00:01.000Z,en,2,0
humanizer,https://x.com/i/status/2092590405300973579,2026-08-26T12:30:05.000Z,ja,12,0
humanizer,https://x.com/i/status/2092546291884867632,2026-08-26T09:34:48.000Z,zxx,0,0
humanizer,https://x.com/i/status/2092364949846970793,2026-08-25T21:34:12.000Z,en,10,2
humanizer,https://x.com/i/status/2092353302411518173,2026-08-25T20:47:55.000Z,en,8,2
humanizer,https://x.com/i/status/2092303260904566905,2026-08-25T17:29:05.000Z,lt,0,0
humanizer,https://x.com/i/status/2092299915674173577,2026-08-25T17:15:47.000Z,en,0,0
humanizer,https://x.com/i/status/2092299684341510495,2026-08-25T17:14:52.000Z,en,5,0
humanizer,https://x.com/i/status/2092256296242438236,2026-08-25T14:22:27.000Z,en,790,155
humanizer,https://x.com/i/status/2092226012587151383,2026-08-25T12:22:07.000Z,qme,0,0
humanizer,https://x.com/i/status/2092221053464465606,2026-08-25T12:02:25.000Z,en,1,0
humanizer,https://x.com/i/status/2092155291681136954,2026-08-25T07:41:06.000Z,en,45,24
humanizer,https://x.com/i/status/2092024237792153631,2026-08-24T23:00:20.000Z,en,8,7
humanizer,https://x.com/i/status/2091971347496722615,2026-08-24T19:30:10.000Z,pt,3,0
humanizer,https://x.com/i/status/2091967085882572882,2026-08-24T19:13:14.000Z,es,2,0
humanizer,https://x.com/i/status/2091908176467648656,2026-08-24T15:19:09.000Z,en,1,0
humanizer,https://x.com/i/status/2091886240916451709,2026-08-24T13:51:59.000Z,en,168,23
humanizer,https://x.com/i/status/2091868583878172710,2026-08-24T12:41:50.000Z,en,54,25
humanizer,https://x.com/i/status/2091862606156104149,2026-08-24T12:18:04.000Z,en,0,0
humanizer,https://x.com/i/status/2091803477752045779,2026-08-24T08:23:07.000Z,en,0,0
humanizer,https://x.com/i/status/2091801698708693015,2026-08-24T08:16:03.000Z,en,0,0
humanizer,https://x.com/i/status/2091797649825628299,2026-08-24T07:59:58.000Z,zh,167,31
humanizer,https://x.com/i/status/2091764751965823402,2026-08-24T05:49:14.000Z,en,45,11
humanizer,https://x.com/i/status/2091763073417621686,2026-08-24T05:42:34.000Z,en,0,0
humanizer,https://x.com/i/status/2091538403611533820,2026-08-23T14:49:48.000Z,zxx,1710,183
humanizer,https://x.com/i/status/2091537226320486894,2026-08-23T14:45:08.000Z,de,0,0
humanizer,https://x.com/i/status/2091526119787020694,2026-08-23T14:01:00.000Z,zh,5,0
lark-base,https://x.com/i/status/2093547284386795966,2026-08-29T03:52:23.000Z,ja,3,0
lark-base,https://x.com/i/status/2092410274682954143,2026-08-26T00:34:19.000Z,zxx,509,103
lark-base,https://x.com/i/status/2091459288644636715,2026-08-23T09:35:26.000Z,zxx,0,0
lark-drive,https://x.com/i/status/2091459288644636715,2026-08-23T09:35:26.000Z,zxx,0,0
obsidian,https://x.com/i/status/2093954631462507001,2026-08-30T06:51:02.000Z,zh,0,0
obsidian,https://x.com/i/status/2093953157995082027,2026-08-30T06:45:11.000Z,en,0,0
obsidian,https://x.com/i/status/2093951750554415156,2026-08-30T06:39:35.000Z,ja,2,0
obsidian,https://x.com/i/status/2093945463326257557,2026-08-30T06:14:36.000Z,zh,0,0
obsidian,https://x.com/i/status/2093940059376587104,2026-08-30T05:53:08.000Z,zh,8,1
obsidian,https://x.com/i/status/2093929622198944074,2026-08-30T05:11:39.000Z,zh,0,0
obsidian,https://x.com/i/status/2093908595402489936,2026-08-30T03:48:06.000Z,ja,0,0
obsidian,https://x.com/i/status/2093903720371171626,2026-08-30T03:28:44.000Z,ja,0,0
obsidian,https://x.com/i/status/2093901529124393464,2026-08-30T03:20:02.000Z,ja,5,1
obsidian,https://x.com/i/status/2093899983816647052,2026-08-30T03:13:53.000Z,zh,35,6
obsidian,https://x.com/i/status/2093897440617513412,2026-08-30T03:03:47.000Z,ja,9,3
obsidian,https://x.com/i/status/2093896500896018765,2026-08-30T03:00:03.000Z,ja,8,2
obsidian,https://x.com/i/status/2093895876397682974,2026-08-30T02:57:34.000Z,ja,1,0
obsidian,https://x.com/i/status/2093881896526574067,2026-08-30T02:02:01.000Z,pt,0,0
obsidian,https://x.com/i/status/2093881298029003102,2026-08-30T01:59:38.000Z,en,0,0
obsidian,https://x.com/i/status/2093880105827455088,2026-08-30T01:54:54.000Z,zh,1,0
obsidian,https://x.com/i/status/2093870518076424457,2026-08-30T01:16:48.000Z,ja,1,0
obsidian,https://x.com/i/status/2093865729326215402,2026-08-30T00:57:46.000Z,ja,0,0
obsidian,https://x.com/i/status/2093865415638401045,2026-08-30T00:56:31.000Z,ja,3,0
obsidian,https://x.com/i/status/2093862851995935117,2026-08-30T00:46:20.000Z,ja,1,0
obsidian,https://x.com/i/status/2093862012912836963,2026-08-30T00:43:00.000Z,ja,0,0
obsidian,https://x.com/i/status/2093860540812832935,2026-08-30T00:37:09.000Z,ja,1,0
obsidian,https://x.com/i/status/2093859696541389229,2026-08-30T00:33:48.000Z,ja,4,0
obsidian,https://x.com/i/status/2093858577350037533,2026-08-30T00:29:21.000Z,zxx,1,0
obsidian,https://x.com/i/status/2093857237144084684,2026-08-30T00:24:01.000Z,en,2,0
obsidian,https://x.com/i/status/2093854818360070187,2026-08-30T00:14:25.000Z,en,1,0
obsidian,https://x.com/i/status/2093852395268943974,2026-08-30T00:04:47.000Z,en,1,0
obsidian,https://x.com/i/status/2093851442092396917,2026-08-30T00:01:00.000Z,en,0,0
obsidian,https://x.com/i/status/2093846561373462916,2026-08-29T23:41:36.000Z,en,0,0
obsidian,https://x.com/i/status/2093846272419774617,2026-08-29T23:40:27.000Z,en,2,0
obsidian,https://x.com/i/status/2093844361054417038,2026-08-29T23:32:52.000Z,ja,0,0
obsidian,https://x.com/i/status/2093838613880750385,2026-08-29T23:10:01.000Z,ja,6,0
obsidian,https://x.com/i/status/2093837711392329785,2026-08-29T23:06:26.000Z,zxx,1,0
obsidian,https://x.com/i/status/2093836976407679441,2026-08-29T23:03:31.000Z,zxx,1,0
obsidian,https://x.com/i/status/2093836917750325669,2026-08-29T23:03:17.000Z,ja,0,0
obsidian,https://x.com/i/status/2093836258980274595,2026-08-29T23:00:40.000Z,en,0,0
obsidian,https://x.com/i/status/2093824011079766346,2026-08-29T22:12:00.000Z,zh,2,1
obsidian,https://x.com/i/status/2093823025456304508,2026-08-29T22:08:05.000Z,ja,4,0
obsidian,https://x.com/i/status/2093820995975131160,2026-08-29T22:00:01.000Z,en,1,0
obsidian,https://x.com/i/status/2093815956657074596,2026-08-29T21:39:59.000Z,en,3,0
obsidian,https://x.com/i/status/2093813458580250855,2026-08-29T21:30:04.000Z,zxx,26,2
obsidian,https://x.com/i/status/2093813152202842608,2026-08-29T21:28:51.000Z,en,0,0
obsidian,https://x.com/i/status/2093808686481482146,2026-08-29T21:11:06.000Z,en,1,0
obsidian,https://x.com/i/status/2093805894806999087,2026-08-29T21:00:01.000Z,en,9,3
obsidian,https://x.com/i/status/2093803753824571770,2026-08-29T20:51:30.000Z,en,2,0
obsidian,https://x.com/i/status/2093781894244503887,2026-08-29T19:24:38.000Z,en,1,0
obsidian,https://x.com/i/status/2093775692823712227,2026-08-29T19:00:00.000Z,en,3,1
obsidian,https://x.com/i/status/2093773686331289907,2026-08-29T18:52:01.000Z,en,2,0
obsidian,https://x.com/i/status/2093773379316682894,2026-08-29T18:50:48.000Z,en,0,0
obsidian,https://x.com/i/status/2093770469610557839,2026-08-29T18:39:14.000Z,en,0,0
obsidian,https://x.com/i/status/2093767587331203348,2026-08-29T18:27:47.000Z,zxx,2,0
obsidian,https://x.com/i/status/2093761653334806580,2026-08-29T18:04:13.000Z,zxx,1,0
obsidian,https://x.com/i/status/2093751628121919722,2026-08-29T17:24:22.000Z,zxx,11,0
obsidian,https://x.com/i/status/2093749989465890874,2026-08-29T17:17:52.000Z,en,0,0
obsidian,https://x.com/i/status/2093746896066273684,2026-08-29T17:05:34.000Z,zxx,0,0
obsidian,https://x.com/i/status/2093744551051886614,2026-08-29T16:56:15.000Z,zxx,0,0
obsidian,https://x.com/i/status/2093744363490902145,2026-08-29T16:55:30.000Z,en,0,0
obsidian,https://x.com/i/status/2093742079201722405,2026-08-29T16:46:26.000Z,en,0,0
obsidian,https://x.com/i/status/2093741718818463793,2026-08-29T16:45:00.000Z,en,54,2
obsidian,https://x.com/i/status/2093740460317749433,2026-08-29T16:40:00.000Z,en,0,0
obsidian,https://x.com/i/status/2093739032799068593,2026-08-29T16:34:19.000Z,ja,0,0
obsidian,https://x.com/i/status/2093738814707749158,2026-08-29T16:33:27.000Z,en,0,0
obsidian,https://x.com/i/status/2093738800484643182,2026-08-29T16:33:24.000Z,en,134,24
obsidian,https://x.com/i/status/2093737865532547359,2026-08-29T16:29:41.000Z,en,0,0
obsidian,https://x.com/i/status/2093726468371083532,2026-08-29T15:44:24.000Z,zxx,1,0
obsidian,https://x.com/i/status/2093723021684994312,2026-08-29T15:30:42.000Z,en,1,0
obsidian,https://x.com/i/status/2093721758792908901,2026-08-29T15:25:41.000Z,zxx,0,0
obsidian,https://x.com/i/status/2093720176818823361,2026-08-29T15:19:24.000Z,ja,0,0
obsidian,https://x.com/i/status/2093717398180467122,2026-08-29T15:08:21.000Z,zxx,2,0
obsidian,https://x.com/i/status/2093716713233695053,2026-08-29T15:05:38.000Z,en,0,0
obsidian,https://x.com/i/status/2093715752755052921,2026-08-29T15:01:49.000Z,ja,39,1
obsidian,https://x.com/i/status/2093714532766208476,2026-08-29T14:56:58.000Z,en,0,0
obsidian,https://x.com/i/status/2093714419968851988,2026-08-29T14:56:31.000Z,en,2,0
obsidian,https://x.com/i/status/2093712825156010144,2026-08-29T14:50:11.000Z,en,0,0
obsidian,https://x.com/i/status/2093711871459332591,2026-08-29T14:46:24.000Z,en,0,0
obsidian,https://x.com/i/status/2093709845631471785,2026-08-29T14:38:21.000Z,en,0,0
obsidian,https://x.com/i/status/2093709400175222900,2026-08-29T14:36:34.000Z,ja,0,0
obsidian,https://x.com/i/status/2093708563311128684,2026-08-29T14:33:15.000Z,en,0,0
obsidian,https://x.com/i/status/2093708433178423770,2026-08-29T14:32:44.000Z,zxx,0,0
obsidian,https://x.com/i/status/2093705352592409026,2026-08-29T14:20:29.000Z,en,1,0
obsidian,https://x.com/i/status/2093704966812659923,2026-08-29T14:18:57.000Z,zh,1,0
obsidian,https://x.com/i/status/2093704813288853836,2026-08-29T14:18:21.000Z,en,1,0
obsidian,https://x.com/i/status/2093703473384788324,2026-08-29T14:13:01.000Z,ja,0,0
obsidian,https://x.com/i/status/2093703305268715816,2026-08-29T14:12:21.000Z,en,0,0
obsidian,https://x.com/i/status/2093701050737864828,2026-08-29T14:03:24.000Z,en,0,0
obsidian,https://x.com/i/status/2093700895380742155,2026-08-29T14:02:47.000Z,en,0,0
obsidian,https://x.com/i/status/2093699694627278963,2026-08-29T13:58:00.000Z,en,0,0
obsidian,https://x.com/i/status/2093698833826115733,2026-08-29T13:54:35.000Z,en,0,0
obsidian,https://x.com/i/status/2093698279108382901,2026-08-29T13:52:23.000Z,en,0,0
obsidian,https://x.com/i/status/2093696662015529452,2026-08-29T13:45:57.000Z,en,6,0
obsidian,https://x.com/i/status/2093694380393804149,2026-08-29T13:36:53.000Z,en,1,0
obsidian,https://x.com/i/status/2093694312546758822,2026-08-29T13:36:37.000Z,ja,0,0
obsidian,https://x.com/i/status/2093694044127805481,2026-08-29T13:35:33.000Z,es,5,1
obsidian,https://x.com/i/status/2093693543978246172,2026-08-29T13:33:34.000Z,zh,5,1
obsidian,https://x.com/i/status/2093692648439570921,2026-08-29T13:30:00.000Z,en,2,0
obsidian,https://x.com/i/status/2093690787552727466,2026-08-29T13:22:37.000Z,ja,1,0
obsidian,https://x.com/i/status/2093688814585754046,2026-08-29T13:14:46.000Z,en,8,0
obsidian,https://x.com/i/status/2093688788430082218,2026-08-29T13:14:40.000Z,en,0,0
obsidian,https://x.com/i/status/2093686629730791902,2026-08-29T13:06:06.000Z,en,3,0
obsidian,https://x.com/i/status/2093686552920539644,2026-08-29T13:05:47.000Z,en,148,12
lark-approval,https://x.com/i/status/2092410274682954143,2026-08-26T00:34:19.000Z,zxx,509,103
nano-banana-pro,https://x.com/i/status/2093878834097533095,2026-08-30T01:49:51.000Z,en,0,0
nano-banana-pro,https://x.com/i/status/2093704930133430303,2026-08-29T14:18:49.000Z,en,84,6
nano-banana-pro,https://x.com/i/status/2093698290655318216,2026-08-29T13:52:26.000Z,en,0,0
nano-banana-pro,https://x.com/i/status/2093661064240189574,2026-08-29T11:24:30.000Z,zh,0,0
nano-banana-pro,https://x.com/i/status/2093659984835870984,2026-08-29T11:20:13.000Z,zxx,27,11
nano-banana-pro,https://x.com/i/status/2093634593845129722,2026-08-29T09:39:19.000Z,ko,0,0
nano-banana-pro,https://x.com/i/status/2093512541108601334,2026-08-29T01:34:20.000Z,zxx,144,16
nano-banana-pro,https://x.com/i/status/2093486020750610588,2026-08-28T23:48:57.000Z,ar,67,12
nano-banana-pro,https://x.com/i/status/2093481408316506425,2026-08-28T23:30:37.000Z,en,108,5
nano-banana-pro,https://x.com/i/status/2093368001936388281,2026-08-28T15:59:59.000Z,en,76,3
nano-banana-pro,https://x.com/i/status/2093337693061062950,2026-08-28T13:59:33.000Z,en,1,0
nano-banana-pro,https://x.com/i/status/2093322716044779791,2026-08-28T13:00:02.000Z,en,0,0
nano-banana-pro,https://x.com/i/status/2093317773271380238,2026-08-28T12:40:23.000Z,zxx,2,0
nano-banana-pro,https://x.com/i/status/2093307622191718427,2026-08-28T12:00:03.000Z,th,4,1
nano-banana-pro,https://x.com/i/status/2093272638709977191,2026-08-28T09:41:02.000Z,en,1,0
nano-banana-pro,https://x.com/i/status/2093247221789819124,2026-08-28T08:00:02.000Z,en,0,0
nano-banana-pro,https://x.com/i/status/2093228576246288569,2026-08-28T06:45:57.000Z,en,0,0
nano-banana-pro,https://x.com/i/status/2093052494100251128,2026-08-27T19:06:16.000Z,en,1,0
nano-banana-pro,https://x.com/i/status/2093023110559912230,2026-08-27T17:09:30.000Z,en,0,0
nano-banana-pro,https://x.com/i/status/2092953544273928496,2026-08-27T12:33:04.000Z,en,39,0
nano-banana-pro,https://x.com/i/status/2092909706436067682,2026-08-27T09:38:53.000Z,tr,54,4
nano-banana-pro,https://x.com/i/status/2092853889108434965,2026-08-27T05:57:05.000Z,ja,7,0
nano-banana-pro,https://x.com/i/status/2092716454777131380,2026-08-26T20:50:58.000Z,en,9,0
nano-banana-pro,https://x.com/i/status/2092656108431126788,2026-08-26T16:51:10.000Z,en,114,8
nano-banana-pro,https://x.com/i/status/2092378992116666508,2026-08-25T22:30:00.000Z,ja,9,2
nano-banana-pro,https://x.com/i/status/2092344898318221419,2026-08-25T20:14:32.000Z,en,16,0
nano-banana-pro,https://x.com/i/status/2092238661425201374,2026-08-25T13:12:23.000Z,en,13,3
nano-banana-pro,https://x.com/i/status/2091993265486590265,2026-08-24T20:57:16.000Z,en,4,1
nano-banana-pro,https://x.com/i/status/2091876234590326981,2026-08-24T13:12:14.000Z,en,0,0
nano-banana-pro,https://x.com/i/status/2091839643302109258,2026-08-24T10:46:50.000Z,en,97,9
nano-banana-pro,https://x.com/i/status/2091838015681257651,2026-08-24T10:40:22.000Z,fa,127,6
nano-banana-pro,https://x.com/i/status/2091718880834261076,2026-08-24T02:46:58.000Z,zxx,30,1
nano-banana-pro,https://x.com/i/status/2091705449716621578,2026-08-24T01:53:35.000Z,en,1,0
nano-banana-pro,https://x.com/i/status/2091679713999925432,2026-08-24T00:11:20.000Z,ja,0,0
nano-banana-pro,https://x.com/i/status/2091518037224804828,2026-08-23T13:28:53.000Z,zxx,4,0
nano-banana-pro,https://x.com/i/status/2091435340334858738,2026-08-23T08:00:16.000Z,ja,6,0
lark-shared,https://x.com/i/status/2091459288644636715,2026-08-23T09:35:26.000Z,zxx,0,0
lark-im,https://x.com/i/status/2091459288644636715,2026-08-23T09:35:26.000Z,zxx,0,0
notion,https://x.com/i/status/2093956307426398704,2026-08-30T06:57:42.000Z,zxx,0,0
notion,https://x.com/i/status/2093955269218726041,2026-08-30T06:53:34.000Z,en,4,1
notion,https://x.com/i/status/2093951532287046015,2026-08-30T06:38:43.000Z,en,0,0
notion,https://x.com/i/status/2093951243911827694,2026-08-30T06:37:34.000Z,en,0,0
notion,https://x.com/i/status/2093940195481792778,2026-08-30T05:53:40.000Z,en,0,0
notion,https://x.com/i/status/2093936831360598091,2026-08-30T05:40:18.000Z,ja,0,0
notion,https://x.com/i/status/2093936610278506789,2026-08-30T05:39:26.000Z,en,0,0
notion,https://x.com/i/status/2093933044822655330,2026-08-30T05:25:15.000Z,zh,1,0
notion,https://x.com/i/status/2093927442956104140,2026-08-30T05:03:00.000Z,en,0,0
notion,https://x.com/i/status/2093925722654126231,2026-08-30T04:56:10.000Z,zh,1,0
notion,https://x.com/i/status/2093917692306804975,2026-08-30T04:24:15.000Z,en,2,0
notion,https://x.com/i/status/2093917435900612879,2026-08-30T04:23:14.000Z,en,0,0
notion,https://x.com/i/status/2093915616008941596,2026-08-30T04:16:00.000Z,en,0,0
notion,https://x.com/i/status/2093915375100641679,2026-08-30T04:15:03.000Z,en,0,0
notion,https://x.com/i/status/2093915232032923984,2026-08-30T04:14:29.000Z,en,0,0
notion,https://x.com/i/status/2093913236584239115,2026-08-30T04:06:33.000Z,en,0,0
notion,https://x.com/i/status/2093912172917121444,2026-08-30T04:02:19.000Z,zxx,9,0
notion,https://x.com/i/status/2093896493719760984,2026-08-30T03:00:01.000Z,ja,1,0
notion,https://x.com/i/status/2093891640041816388,2026-08-30T02:40:44.000Z,zh,18,0
notion,https://x.com/i/status/2093884920124883186,2026-08-30T02:14:02.000Z,en,0,0
notion,https://x.com/i/status/2093881390370603031,2026-08-30T02:00:00.000Z,en,0,0
notion,https://x.com/i/status/2093880105827455088,2026-08-30T01:54:54.000Z,zh,1,0
notion,https://x.com/i/status/2093878643684684133,2026-08-30T01:49:05.000Z,zxx,26,2
notion,https://x.com/i/status/2093875170406810102,2026-08-30T01:35:17.000Z,en,0,0
notion,https://x.com/i/status/2093871320530632814,2026-08-30T01:19:59.000Z,in,0,0
notion,https://x.com/i/status/2093870594244927547,2026-08-30T01:17:06.000Z,en,40,34
notion,https://x.com/i/status/2093870355714539654,2026-08-30T01:16:09.000Z,en,0,0
notion,https://x.com/i/status/2093869520192782399,2026-08-30T01:12:50.000Z,zxx,0,0
notion,https://x.com/i/status/2093861262073761869,2026-08-30T00:40:01.000Z,ja,8,0
notion,https://x.com/i/status/2093859621199077613,2026-08-30T00:33:30.000Z,ja,1,0
notion,https://x.com/i/status/2093850426181665018,2026-08-29T23:56:58.000Z,ko,4,0
notion,https://x.com/i/status/2093842967446409604,2026-08-29T23:27:19.000Z,en,1,0
notion,https://x.com/i/status/2093842580069077220,2026-08-29T23:25:47.000Z,ko,2,0
notion,https://x.com/i/status/2093841113304224045,2026-08-29T23:19:57.000Z,ja,0,0
notion,https://x.com/i/status/2093839685638623359,2026-08-29T23:14:17.000Z,zxx,2,0
notion,https://x.com/i/status/2093832756736250356,2026-08-29T22:46:45.000Z,en,0,0
notion,https://x.com/i/status/2093825489081131409,2026-08-29T22:17:52.000Z,en,0,0
notion,https://x.com/i/status/2093822462043754519,2026-08-29T22:05:50.000Z,ja,1,1
notion,https://x.com/i/status/2093821076178411706,2026-08-29T22:00:20.000Z,en,0,0
notion,https://x.com/i/status/2093820241172185370,2026-08-29T21:57:01.000Z,en,0,0
notion,https://x.com/i/status/2093817646428950825,2026-08-29T21:46:42.000Z,en,6,0
notion,https://x.com/i/status/2093817502513999993,2026-08-29T21:46:08.000Z,en,0,0
notion,https://x.com/i/status/2093807796869349753,2026-08-29T21:07:34.000Z,en,1,0
notion,https://x.com/i/status/2093805544444198959,2026-08-29T20:58:37.000Z,en,4,0
notion,https://x.com/i/status/2093805284883845533,2026-08-29T20:57:35.000Z,en,10,0
notion,https://x.com/i/status/2093803548987285563,2026-08-29T20:50:41.000Z,en,8,1
notion,https://x.com/i/status/2093800345269125169,2026-08-29T20:37:57.000Z,en,5,0
notion,https://x.com/i/status/2093798707338592531,2026-08-29T20:31:27.000Z,en,1,0
notion,https://x.com/i/status/2093792943064646005,2026-08-29T20:08:33.000Z,en,2,0
notion,https://x.com/i/status/2093787102794449232,2026-08-29T19:45:20.000Z,ja,1,0
notion,https://x.com/i/status/2093784741669474806,2026-08-29T19:35:57.000Z,iw,2,0
notion,https://x.com/i/status/2093784645544394958,2026-08-29T19:35:34.000Z,en,4,0
notion,https://x.com/i/status/2093784125752631329,2026-08-29T19:33:30.000Z,en,0,0
notion,https://x.com/i/status/2093779828180762883,2026-08-29T19:16:26.000Z,en,0,0
notion,https://x.com/i/status/2093775530902298695,2026-08-29T18:59:21.000Z,es,0,0
notion,https://x.com/i/status/2093771147812700394,2026-08-29T18:41:56.000Z,en,77,15
notion,https://x.com/i/status/2093770469610557839,2026-08-29T18:39:14.000Z,en,0,0
notion,https://x.com/i/status/2093769018427822179,2026-08-29T18:33:28.000Z,en,2,0
notion,https://x.com/i/status/2093766772029559077,2026-08-29T18:24:33.000Z,en,475,41
notion,https://x.com/i/status/2093765631254704308,2026-08-29T18:20:01.000Z,en,0,0
notion,https://x.com/i/status/2093765268405174439,2026-08-29T18:18:34.000Z,en,1,0
notion,https://x.com/i/status/2093762105166233610,2026-08-29T18:06:00.000Z,ja,1,0
notion,https://x.com/i/status/2093756089653252479,2026-08-29T17:42:06.000Z,en,0,0
notion,https://x.com/i/status/2093754317882982623,2026-08-29T17:35:04.000Z,ja,3,0
notion,https://x.com/i/status/2093751628121919722,2026-08-29T17:24:22.000Z,zxx,11,0
notion,https://x.com/i/status/2093751253692002430,2026-08-29T17:22:53.000Z,en,0,0
notion,https://x.com/i/status/2093747333322137645,2026-08-29T17:07:18.000Z,en,0,0
notion,https://x.com/i/status/2093745598432194899,2026-08-29T17:00:25.000Z,en,1,0
notion,https://x.com/i/status/2093745523006284281,2026-08-29T17:00:07.000Z,zxx,1,1
notion,https://x.com/i/status/2093744691724550367,2026-08-29T16:56:49.000Z,en,0,0
notion,https://x.com/i/status/2093740678119604315,2026-08-29T16:40:52.000Z,en,0,0
notion,https://x.com/i/status/2093739032106906034,2026-08-29T16:34:19.000Z,en,2,0
notion,https://x.com/i/status/2093738800484643182,2026-08-29T16:33:24.000Z,en,135,24
notion,https://x.com/i/status/2093738763314725295,2026-08-29T16:33:15.000Z,en,0,0
notion,https://x.com/i/status/2093738202435903757,2026-08-29T16:31:01.000Z,zh,0,0
notion,https://x.com/i/status/2093737963238936831,2026-08-29T16:30:04.000Z,en,0,0
notion,https://x.com/i/status/2093737950274265089,2026-08-29T16:30:01.000Z,en,26,0
notion,https://x.com/i/status/2093737947782926731,2026-08-29T16:30:01.000Z,en,24,0
notion,https://x.com/i/status/2093737944591028537,2026-08-29T16:30:00.000Z,en,30,0
notion,https://x.com/i/status/2093737941814403404,2026-08-29T16:29:59.000Z,en,24,0
notion,https://x.com/i/status/2093737939021045979,2026-08-29T16:29:59.000Z,en,24,0
notion,https://x.com/i/status/2093737936030503365,2026-08-29T16:29:58.000Z,en,34,0
notion,https://x.com/i/status/2093732161593692180,2026-08-29T16:07:01.000Z,en,17,3
notion,https://x.com/i/status/2093731649989005598,2026-08-29T16:04:59.000Z,en,2,0
notion,https://x.com/i/status/2093726692560838939,2026-08-29T15:45:17.000Z,ar,405,39
notion,https://x.com/i/status/2093723387256316359,2026-08-29T15:32:09.000Z,ja,3,0
notion,https://x.com/i/status/2093720977351876848,2026-08-29T15:22:35.000Z,en,1,0
notion,https://x.com/i/status/2093719175302918455,2026-08-29T15:15:25.000Z,zh,0,0
notion,https://x.com/i/status/2093717017530622245,2026-08-29T15:06:51.000Z,en,4,0
notion,https://x.com/i/status/2093715549712941319,2026-08-29T15:01:01.000Z,en,1,0
notion,https://x.com/i/status/2093715356938387615,2026-08-29T15:00:15.000Z,en,3,0
notion,https://x.com/i/status/2093715307470745734,2026-08-29T15:00:03.000Z,en,0,0
notion,https://x.com/i/status/2093715307164545480,2026-08-29T15:00:03.000Z,en,0,0
notion,https://x.com/i/status/2093713055616282750,2026-08-29T14:51:06.000Z,zxx,2,1
notion,https://x.com/i/status/2093712183892877536,2026-08-29T14:47:38.000Z,en,9,3
notion,https://x.com/i/status/2093710952784961806,2026-08-29T14:42:45.000Z,es,35,3
notion,https://x.com/i/status/2093707290344145372,2026-08-29T14:28:11.000Z,en,1,0
notion,https://x.com/i/status/2093706817776087211,2026-08-29T14:26:19.000Z,en,0,0
notion,https://x.com/i/status/2093706272885420402,2026-08-29T14:24:09.000Z,zxx,40,1
notion,https://x.com/i/status/2093702786949271619,2026-08-29T14:10:18.000Z,en,4,0
lark-calendar,https://x.com/i/status/2091459288644636715,2026-08-23T09:35:26.000Z,zxx,0,0
skill-creator,https://x.com/i/status/2093861971644882985,2026-08-30T00:42:50.000Z,en,0,0
skill-creator,https://x.com/i/status/2093778709534884055,2026-08-29T19:11:59.000Z,ja,0,0
skill-creator,https://x.com/i/status/2093746375003373696,2026-08-29T17:03:30.000Z,en,17,5
skill-creator,https://x.com/i/status/2093745814241747046,2026-08-29T17:01:16.000Z,es,497,89
skill-creator,https://x.com/i/status/2093701636296515884,2026-08-29T14:05:43.000Z,zxx,1,0
skill-creator,https://x.com/i/status/2093674113567261121,2026-08-29T12:16:21.000Z,ja,0,0
skill-creator,https://x.com/i/status/2093594777858249116,2026-08-29T07:01:06.000Z,en,0,0
skill-creator,https://x.com/i/status/2093547579816739284,2026-08-29T03:53:33.000Z,zxx,0,0
skill-creator,https://x.com/i/status/2093461037135859931,2026-08-28T22:09:40.000Z,en,1,0
skill-creator,https://x.com/i/status/2093408169582354917,2026-08-28T18:39:35.000Z,en,0,0
skill-creator,https://x.com/i/status/2093392131167522922,2026-08-28T17:35:52.000Z,zxx,1,0
skill-creator,https://x.com/i/status/2093389074556154256,2026-08-28T17:23:43.000Z,zh,0,0
skill-creator,https://x.com/i/status/2093372536503324753,2026-08-28T16:18:00.000Z,en,0,0
skill-creator,https://x.com/i/status/2093368020865364068,2026-08-28T16:00:03.000Z,en,50,4
skill-creator,https://x.com/i/status/2093360498595029483,2026-08-28T15:30:10.000Z,en,19,1
skill-creator,https://x.com/i/status/2093358432606965906,2026-08-28T15:21:57.000Z,zh,0,0
skill-creator,https://x.com/i/status/2093352964505166030,2026-08-28T15:00:14.000Z,en,96,10
skill-creator,https://x.com/i/status/2093349902512226438,2026-08-28T14:48:03.000Z,en,4,0
skill-creator,https://x.com/i/status/2093341523949818139,2026-08-28T14:14:46.000Z,zh,0,0
skill-creator,https://x.com/i/status/2093242733792264256,2026-08-28T07:42:12.000Z,zh,42,8
skill-creator,https://x.com/i/status/2093220640308285865,2026-08-28T06:14:25.000Z,zxx,236,63
skill-creator,https://x.com/i/status/2093161613700268214,2026-08-28T02:19:52.000Z,zxx,62,23
skill-creator,https://x.com/i/status/2092990555923914804,2026-08-27T15:00:09.000Z,en,155,29
skill-creator,https://x.com/i/status/2092968416403435909,2026-08-27T13:32:10.000Z,en,0,0
skill-creator,https://x.com/i/status/2092968406387425602,2026-08-27T13:32:08.000Z,en,0,0
skill-creator,https://x.com/i/status/2092888777400406389,2026-08-27T08:15:43.000Z,en,19,1
skill-creator,https://x.com/i/status/2092850064091980096,2026-08-27T05:41:53.000Z,zh,1,0
skill-creator,https://x.com/i/status/2092843397027639736,2026-08-27T05:15:23.000Z,zxx,1707,343
skill-creator,https://x.com/i/status/2092825531527901291,2026-08-27T04:04:24.000Z,en,0,0
skill-creator,https://x.com/i/status/2092799626596487632,2026-08-27T02:21:27.000Z,zh,0,0
skill-creator,https://x.com/i/status/2092643487682597315,2026-08-26T16:01:01.000Z,en,2,0
skill-creator,https://x.com/i/status/2092582873324806158,2026-08-26T12:00:09.000Z,en,1,0
skill-creator,https://x.com/i/status/2092526727440294095,2026-08-26T08:17:03.000Z,en,250,33
skill-creator,https://x.com/i/status/2092524086547431748,2026-08-26T08:06:34.000Z,en,0,0
skill-creator,https://x.com/i/status/2092507280449085812,2026-08-26T06:59:47.000Z,en,0,0
skill-creator,https://x.com/i/status/2092507017030111274,2026-08-26T06:58:44.000Z,en,0,0
skill-creator,https://x.com/i/status/2092488002555838493,2026-08-26T05:43:11.000Z,zh,259,55
skill-creator,https://x.com/i/status/2092447168389071028,2026-08-26T03:00:55.000Z,zxx,60,4
skill-creator,https://x.com/i/status/2092444705548288503,2026-08-26T02:51:08.000Z,zh,0,0
skill-creator,https://x.com/i/status/2092444699953091012,2026-08-26T02:51:06.000Z,zh,0,0
skill-creator,https://x.com/i/status/2092387884967813312,2026-08-25T23:05:21.000Z,en,4,0
skill-creator,https://x.com/i/status/2092382627923722391,2026-08-25T22:44:27.000Z,it,0,0
skill-creator,https://x.com/i/status/2092333612922269927,2026-08-25T19:29:41.000Z,en,28,1
skill-creator,https://x.com/i/status/2092322154985464213,2026-08-25T18:44:09.000Z,en,0,0
skill-creator,https://x.com/i/status/2092292775169401281,2026-08-25T16:47:25.000Z,en,32,3
skill-creator,https://x.com/i/status/2092233400035975339,2026-08-25T12:51:29.000Z,en,0,0
skill-creator,https://x.com/i/status/2092230244392751179,2026-08-25T12:38:56.000Z,ja,23,7
skill-creator,https://x.com/i/status/2092202037823828244,2026-08-25T10:46:51.000Z,en,0,0
skill-creator,https://x.com/i/status/2092201361777827966,2026-08-25T10:44:10.000Z,ja,1,0
skill-creator,https://x.com/i/status/2092165334774006050,2026-08-25T08:21:01.000Z,en,0,0
skill-creator,https://x.com/i/status/2092155291681136954,2026-08-25T07:41:06.000Z,en,45,24
skill-creator,https://x.com/i/status/2092141538281472187,2026-08-25T06:46:27.000Z,zxx,8,0
skill-creator,https://x.com/i/status/2092133077183344848,2026-08-25T06:12:50.000Z,en,1,0
skill-creator,https://x.com/i/status/2092119298466894062,2026-08-25T05:18:05.000Z,zxx,0,0
skill-creator,https://x.com/i/status/2092087708470608378,2026-08-25T03:12:33.000Z,en,0,0
skill-creator,https://x.com/i/status/2092087700417585575,2026-08-25T03:12:31.000Z,ja,1,0
skill-creator,https://x.com/i/status/2092027653482299455,2026-08-24T23:13:55.000Z,en,122,22
skill-creator,https://x.com/i/status/2092024237792153631,2026-08-24T23:00:20.000Z,en,8,7
skill-creator,https://x.com/i/status/2091930880902156659,2026-08-24T16:49:22.000Z,en,0,0
skill-creator,https://x.com/i/status/2091868583878172710,2026-08-24T12:41:50.000Z,en,54,25
skill-creator,https://x.com/i/status/2091843274172666130,2026-08-24T11:01:15.000Z,ja,0,0
skill-creator,https://x.com/i/status/2091843272406868306,2026-08-24T11:01:15.000Z,ja,0,0
skill-creator,https://x.com/i/status/2091843264584564809,2026-08-24T11:01:13.000Z,ja,0,0
skill-creator,https://x.com/i/status/2091839111934136693,2026-08-24T10:44:43.000Z,ja,2,0
skill-creator,https://x.com/i/status/2091801699585286526,2026-08-24T08:16:03.000Z,en,1,0
skill-creator,https://x.com/i/status/2091789833794376005,2026-08-24T07:28:54.000Z,en,66,2
skill-creator,https://x.com/i/status/2091771851726836099,2026-08-24T06:17:27.000Z,en,0,0
skill-creator,https://x.com/i/status/2091721596453126597,2026-08-24T02:57:45.000Z,ja,10,0
skill-creator,https://x.com/i/status/2091715809282543842,2026-08-24T02:34:45.000Z,zh,86,10
skill-creator,https://x.com/i/status/2091694358324236447,2026-08-24T01:09:31.000Z,en,0,0
skill-creator,https://x.com/i/status/2091677869705679296,2026-08-24T00:04:00.000Z,zh,21,7
skill-creator,https://x.com/i/status/2091654226665726104,2026-08-23T22:30:03.000Z,en,50,2
skill-creator,https://x.com/i/status/2091564487723872476,2026-08-23T16:33:27.000Z,en,3,0
skill-creator,https://x.com/i/status/2091422687457431735,2026-08-23T07:10:00.000Z,zh,0,0
auto-updater,https://x.com/i/status/2091597899381526564,2026-08-23T18:46:13.000Z,en,5,0
lark-wiki,https://x.com/i/status/2093380747403166137,2026-08-28T16:50:37.000Z,ja,18,1
word-docx,https://x.com/i/status/2093228449062404231,2026-08-28T06:45:27.000Z,zh,0,0
word-docx,https://x.com/i/status/2092575295169831201,2026-08-26T11:30:03.000Z,zxx,3,0
openai-whisper,https://x.com/i/status/2093290135156564030,2026-08-28T10:50:34.000Z,zxx,17,0
openai-whisper,https://x.com/i/status/2092969521023795245,2026-08-27T13:36:33.000Z,en,1,0
openai-whisper,https://x.com/i/status/2091838389695762920,2026-08-24T10:41:51.000Z,de,1,0
openai-whisper,https://x.com/i/status/2091636624291709282,2026-08-23T21:20:06.000Z,en,77,16
