skill_key,tweet_url,created_at,lang,favorites,retweets
find-skills,https://x.com/i/status/2094813903960080677,2026-09-01T15:45:29.000Z,en,8,1
find-skills,https://x.com/i/status/2094787365810094355,2026-09-01T14:00:01.000Z,en,0,0
find-skills,https://x.com/i/status/2094462252107886731,2026-08-31T16:28:08.000Z,en,346,62
find-skills,https://x.com/i/status/2094341935884603846,2026-08-31T08:30:03.000Z,en,37,12
find-skills,https://x.com/i/status/2093859696541389229,2026-08-30T00:33:48.000Z,ja,4,0
find-skills,https://x.com/i/status/2093786985509061082,2026-08-29T19:44:52.000Z,en,45,6
find-skills,https://x.com/i/status/2093743652312887342,2026-08-29T16:52:41.000Z,fr,0,0
find-skills,https://x.com/i/status/2093714796696723886,2026-08-29T14:58:01.000Z,es,105,6
find-skills,https://x.com/i/status/2093630453660225730,2026-08-29T09:22:52.000Z,zh,30,3
find-skills,https://x.com/i/status/2093544430812991643,2026-08-29T03:41:03.000Z,ja,0,0
find-skills,https://x.com/i/status/2093407520639324611,2026-08-28T18:37:01.000Z,es,327,33
find-skills,https://x.com/i/status/2092912127501914379,2026-08-27T09:48:30.000Z,zh,0,0
find-skills,https://x.com/i/status/2092911861369053588,2026-08-27T09:47:26.000Z,zh,0,0
find-skills,https://x.com/i/status/2092911783090728991,2026-08-27T09:47:08.000Z,zh,0,0
find-skills,https://x.com/i/status/2092877776063803544,2026-08-27T07:32:00.000Z,zh,433,76
find-skills,https://x.com/i/status/2092811075100254568,2026-08-27T03:06:57.000Z,zh,15,4
find-skills,https://x.com/i/status/2092668577987854662,2026-08-26T17:40:43.000Z,en,0,0
find-skills,https://x.com/i/status/2092668468277506078,2026-08-26T17:40:17.000Z,en,6,0
self-improving-agent,https://x.com/i/status/2094967888457142531,2026-09-02T01:57:21.000Z,zxx,1,0
self-improving-agent,https://x.com/i/status/2094934185874014686,2026-09-01T23:43:26.000Z,en,0,0
self-improving-agent,https://x.com/i/status/2094918531553112150,2026-09-01T22:41:14.000Z,en,1,0
self-improving-agent,https://x.com/i/status/2094818134918152363,2026-09-01T16:02:17.000Z,en,55,6
self-improving-agent,https://x.com/i/status/2094777203984896418,2026-09-01T13:19:39.000Z,zh,75,14
self-improving-agent,https://x.com/i/status/2094748789831831575,2026-09-01T11:26:44.000Z,en,0,0
self-improving-agent,https://x.com/i/status/2094571059140010226,2026-08-31T23:40:30.000Z,ja,2,0
self-improving-agent,https://x.com/i/status/2094540011219583413,2026-08-31T21:37:08.000Z,en,2,0
self-improving-agent,https://x.com/i/status/2094478075828515111,2026-08-31T17:31:01.000Z,en,329,10
self-improving-agent,https://x.com/i/status/2094436607642448060,2026-08-31T14:46:14.000Z,en,0,0
self-improving-agent,https://x.com/i/status/2094403911792967843,2026-08-31T12:36:19.000Z,en,0,0
self-improving-agent,https://x.com/i/status/2094336995120304504,2026-08-31T08:10:25.000Z,en,0,3
self-improving-agent,https://x.com/i/status/2094301308971077850,2026-08-31T05:48:36.000Z,zxx,2,0
self-improving-agent,https://x.com/i/status/2094281494499844468,2026-08-31T04:29:52.000Z,en,11,1
self-improving-agent,https://x.com/i/status/2094207148184195567,2026-08-30T23:34:27.000Z,en,1,0
self-improving-agent,https://x.com/i/status/2094064685066924371,2026-08-30T14:08:21.000Z,en,1,1
self-improving-agent,https://x.com/i/status/2093967616322789761,2026-08-30T07:42:38.000Z,tr,18,3
self-improving-agent,https://x.com/i/status/2093724170358292670,2026-08-29T15:35:16.000Z,en,0,0
self-improving-agent,https://x.com/i/status/2093721509017903283,2026-08-29T15:24:41.000Z,zxx,30,3
self-improving-agent,https://x.com/i/status/2093721424120664449,2026-08-29T15:24:21.000Z,en,0,0
self-improving-agent,https://x.com/i/status/2093568701266272457,2026-08-29T05:17:29.000Z,zh,1,0
self-improving-agent,https://x.com/i/status/2093380913535348931,2026-08-28T16:51:17.000Z,en,0,0
self-improving-agent,https://x.com/i/status/2093366215922307356,2026-08-28T15:52:53.000Z,en,0,0
self-improving-agent,https://x.com/i/status/2093347555312578659,2026-08-28T14:38:44.000Z,en,10,0
self-improving-agent,https://x.com/i/status/2093335148142235977,2026-08-28T13:49:26.000Z,en,58,16
self-improving-agent,https://x.com/i/status/2093258255376261253,2026-08-28T08:43:53.000Z,en,0,0
self-improving-agent,https://x.com/i/status/2093179378591220001,2026-08-28T03:30:27.000Z,en,1,0
self-improving-agent,https://x.com/i/status/2093155710435799364,2026-08-28T01:56:24.000Z,en,51,10
self-improving-agent,https://x.com/i/status/2093117298307731793,2026-08-27T23:23:46.000Z,en,14,1
self-improving-agent,https://x.com/i/status/2093100626964332840,2026-08-27T22:17:32.000Z,zxx,5,0
self-improving-agent,https://x.com/i/status/2092983677919830336,2026-08-27T14:32:49.000Z,en,662,141
self-improving-agent,https://x.com/i/status/2092975567838818432,2026-08-27T14:00:35.000Z,en,1,0
self-improving-agent,https://x.com/i/status/2092783109339242753,2026-08-27T01:15:49.000Z,en,0,0
self-improving-agent,https://x.com/i/status/2092765892170150225,2026-08-27T00:07:25.000Z,en,6,0
self-improving-agent,https://x.com/i/status/2092655210338361521,2026-08-26T16:47:36.000Z,en,39,5
self-improving-agent,https://x.com/i/status/2092634186280841706,2026-08-26T15:24:03.000Z,en,1,0
self-improving-agent,https://x.com/i/status/2092628136517345414,2026-08-26T15:00:01.000Z,en,0,0
self-improving-agent,https://x.com/i/status/2092586595501351198,2026-08-26T12:14:57.000Z,en,2,0
grill-me,https://x.com/i/status/2094960819205452249,2026-09-02T01:29:16.000Z,en,0,0
grill-me,https://x.com/i/status/2094800747904806924,2026-09-01T14:53:12.000Z,en,0,0
grill-me,https://x.com/i/status/2094796424483680341,2026-09-01T14:36:01.000Z,en,0,0
grill-me,https://x.com/i/status/2094792055276949698,2026-09-01T14:18:39.000Z,en,8,0
grill-me,https://x.com/i/status/2094790110793413079,2026-09-01T14:10:56.000Z,en,0,0
grill-me,https://x.com/i/status/2094769371029651908,2026-09-01T12:48:31.000Z,en,2,0
grill-me,https://x.com/i/status/2094761459561759026,2026-09-01T12:17:05.000Z,en,0,0
grill-me,https://x.com/i/status/2094759305077821553,2026-09-01T12:08:31.000Z,zh,0,0
grill-me,https://x.com/i/status/2094719963067978013,2026-09-01T09:32:11.000Z,en,1,0
grill-me,https://x.com/i/status/2094682602825449732,2026-09-01T07:03:44.000Z,zh,0,0
grill-me,https://x.com/i/status/2094656049600934076,2026-09-01T05:18:13.000Z,ja,0,0
grill-me,https://x.com/i/status/2094651465415491966,2026-09-01T05:00:00.000Z,en,150,17
grill-me,https://x.com/i/status/2094634791220204032,2026-09-01T03:53:45.000Z,en,4,2
grill-me,https://x.com/i/status/2094617135356002767,2026-09-01T02:43:35.000Z,zxx,211,24
grill-me,https://x.com/i/status/2094597791071035553,2026-09-01T01:26:43.000Z,en,0,0
grill-me,https://x.com/i/status/2094589612585038116,2026-09-01T00:54:13.000Z,zh,0,0
grill-me,https://x.com/i/status/2094580991545225388,2026-09-01T00:19:58.000Z,zxx,1,0
grill-me,https://x.com/i/status/2094559866073296930,2026-08-31T22:56:01.000Z,en,0,0
grill-me,https://x.com/i/status/2094545671277658299,2026-08-31T21:59:37.000Z,en,0,0
grill-me,https://x.com/i/status/2094540512854225381,2026-08-31T21:39:07.000Z,en,1,0
grill-me,https://x.com/i/status/2094519856552984963,2026-08-31T20:17:02.000Z,en,0,0
grill-me,https://x.com/i/status/2094512493251166581,2026-08-31T19:47:47.000Z,en,183,10
grill-me,https://x.com/i/status/2094509954447106232,2026-08-31T19:37:41.000Z,en,0,0
grill-me,https://x.com/i/status/2094498274413535693,2026-08-31T18:51:17.000Z,en,0,0
grill-me,https://x.com/i/status/2094451348569825694,2026-08-31T15:44:49.000Z,en,0,0
grill-me,https://x.com/i/status/2094440427445469661,2026-08-31T15:01:25.000Z,in,0,0
grill-me,https://x.com/i/status/2094425738778964465,2026-08-31T14:03:03.000Z,en,1454,80
grill-me,https://x.com/i/status/2094417646284587282,2026-08-31T13:30:53.000Z,zxx,574,93
grill-me,https://x.com/i/status/2094411922640953432,2026-08-31T13:08:09.000Z,ja,1,0
grill-me,https://x.com/i/status/2094406780927299802,2026-08-31T12:47:43.000Z,en,0,0
grill-me,https://x.com/i/status/2094396321478152207,2026-08-31T12:06:09.000Z,en,0,0
grill-me,https://x.com/i/status/2094380895222542343,2026-08-31T11:04:51.000Z,ja,8,1
grill-me,https://x.com/i/status/2094349505839743338,2026-08-31T09:00:07.000Z,en,6,2
grill-me,https://x.com/i/status/2094248944880451865,2026-08-31T02:20:32.000Z,en,1,0
grill-me,https://x.com/i/status/2094160697269629067,2026-08-30T20:29:52.000Z,en,0,0
grill-me,https://x.com/i/status/2094145883701223598,2026-08-30T19:31:00.000Z,en,2,0
grill-me,https://x.com/i/status/2094109006373511566,2026-08-30T17:04:28.000Z,en,9,0
grill-me,https://x.com/i/status/2094092401891479906,2026-08-30T15:58:29.000Z,en,2,0
grill-me,https://x.com/i/status/2094085343607681115,2026-08-30T15:30:26.000Z,en,4,0
grill-me,https://x.com/i/status/2094071983675760823,2026-08-30T14:37:21.000Z,fa,3,0
grill-me,https://x.com/i/status/2094065489173483624,2026-08-30T14:11:33.000Z,en,0,0
grill-me,https://x.com/i/status/2094009111973343255,2026-08-30T10:27:31.000Z,zxx,172,22
grill-me,https://x.com/i/status/2093996810301845894,2026-08-30T09:38:38.000Z,en,1,0
grill-me,https://x.com/i/status/2093987186387599478,2026-08-30T09:00:24.000Z,ja,3,0
grill-me,https://x.com/i/status/2093970341362274327,2026-08-30T07:53:28.000Z,en,2,0
grill-me,https://x.com/i/status/2093894339344953348,2026-08-30T02:51:27.000Z,en,1,0
grill-me,https://x.com/i/status/2093890952310169889,2026-08-30T02:38:00.000Z,ja,2,1
grill-me,https://x.com/i/status/2093839874294243612,2026-08-29T23:15:02.000Z,en,354,23
grill-me,https://x.com/i/status/2093837899103953386,2026-08-29T23:07:11.000Z,en,1,0
grill-me,https://x.com/i/status/2093827407879004653,2026-08-29T22:25:30.000Z,ja,4,0
grill-me,https://x.com/i/status/2093824636555317695,2026-08-29T22:14:29.000Z,en,0,0
grill-me,https://x.com/i/status/2093755762069864541,2026-08-29T17:40:48.000Z,ja,0,0
grill-me,https://x.com/i/status/2093734459061174302,2026-08-29T16:16:09.000Z,en,1,0
grill-me,https://x.com/i/status/2093731591122202769,2026-08-29T16:04:45.000Z,en,2,0
grill-me,https://x.com/i/status/2093706838856421392,2026-08-29T14:26:24.000Z,ja,1,0
grill-me,https://x.com/i/status/2093693957490487559,2026-08-29T13:35:13.000Z,zxx,14,2
grill-me,https://x.com/i/status/2093688715168333851,2026-08-29T13:14:23.000Z,ja,1,0
grill-me,https://x.com/i/status/2093684563558256723,2026-08-29T12:57:53.000Z,ja,0,0
grill-me,https://x.com/i/status/2093682302220136502,2026-08-29T12:48:54.000Z,zh,16,0
grill-me,https://x.com/i/status/2093647911964033207,2026-08-29T10:32:14.000Z,zh,34,4
grill-me,https://x.com/i/status/2093582029657137580,2026-08-29T06:10:27.000Z,ja,1207,85
grill-me,https://x.com/i/status/2093521464628765143,2026-08-29T02:09:47.000Z,ja,0,0
grill-me,https://x.com/i/status/2093508254399893625,2026-08-29T01:17:18.000Z,zxx,23,2
grill-me,https://x.com/i/status/2093446669161398557,2026-08-28T21:12:34.000Z,en,1,0
grill-me,https://x.com/i/status/2093419563019071974,2026-08-28T19:24:52.000Z,en,41,1
grill-me,https://x.com/i/status/2093380063047672312,2026-08-28T16:47:54.000Z,en,1,0
grill-me,https://x.com/i/status/2093368240298745916,2026-08-28T16:00:56.000Z,fr,0,0
grill-me,https://x.com/i/status/2093356440500969761,2026-08-28T15:14:02.000Z,en,5,0
grill-me,https://x.com/i/status/2093332326663311431,2026-08-28T13:38:13.000Z,en,0,0
grill-me,https://x.com/i/status/2093329741767905308,2026-08-28T13:27:57.000Z,pt,2,1
grill-me,https://x.com/i/status/2093220640308285865,2026-08-28T06:14:25.000Z,zxx,241,64
grill-me,https://x.com/i/status/2093194705463025933,2026-08-28T04:31:22.000Z,ja,0,0
grill-me,https://x.com/i/status/2093177053218537800,2026-08-28T03:21:13.000Z,en,5,0
grill-me,https://x.com/i/status/2093172813733782009,2026-08-28T03:04:22.000Z,en,0,0
grill-me,https://x.com/i/status/2093161613700268214,2026-08-28T02:19:52.000Z,zxx,61,23
grill-me,https://x.com/i/status/2093127169438531935,2026-08-28T00:03:00.000Z,en,0,0
grill-me,https://x.com/i/status/2093060404356268098,2026-08-27T19:37:42.000Z,en,5,0
grill-me,https://x.com/i/status/2093021955846963220,2026-08-27T17:04:55.000Z,en,0,0
grill-me,https://x.com/i/status/2093009994233127099,2026-08-27T16:17:23.000Z,en,2,0
grill-me,https://x.com/i/status/2093008099057475988,2026-08-27T16:09:51.000Z,en,0,0
grill-me,https://x.com/i/status/2092995049856381061,2026-08-27T15:18:00.000Z,en,5,2
grill-me,https://x.com/i/status/2092992398263787665,2026-08-27T15:07:28.000Z,ja,6,1
grill-me,https://x.com/i/status/2092962055150084466,2026-08-27T13:06:53.000Z,fa,136,5
grill-me,https://x.com/i/status/2092949437949874411,2026-08-27T12:16:45.000Z,en,0,0
grill-me,https://x.com/i/status/2092933494515139052,2026-08-27T11:13:24.000Z,en,0,0
grill-me,https://x.com/i/status/2092932640949100645,2026-08-27T11:10:01.000Z,en,1,0
grill-me,https://x.com/i/status/2092930121527386182,2026-08-27T11:00:00.000Z,en,699,137
grill-me,https://x.com/i/status/2092927603594146029,2026-08-27T10:50:00.000Z,es,0,0
grill-me,https://x.com/i/status/2092890095682810159,2026-08-27T08:20:57.000Z,ja,3717,292
grill-me,https://x.com/i/status/2092877776063803544,2026-08-27T07:32:00.000Z,zh,433,76
grill-me,https://x.com/i/status/2092856996089491482,2026-08-27T06:09:25.000Z,en,6,1
grill-me,https://x.com/i/status/2092841166622568498,2026-08-27T05:06:31.000Z,en,3,0
grill-me,https://x.com/i/status/2092815138785247436,2026-08-27T03:23:06.000Z,zxx,183,29
grill-me,https://x.com/i/status/2092785979837071475,2026-08-27T01:27:14.000Z,ja,3,0
grill-me,https://x.com/i/status/2092755968773747159,2026-08-26T23:27:59.000Z,en,0,0
grill-me,https://x.com/i/status/2092717323912356254,2026-08-26T20:54:25.000Z,en,0,1
grill-me,https://x.com/i/status/2092694845080969497,2026-08-26T19:25:06.000Z,en,1,0
grill-me,https://x.com/i/status/2092681586487738578,2026-08-26T18:32:25.000Z,zxx,15,1
grill-me,https://x.com/i/status/2092653074519056572,2026-08-26T16:39:07.000Z,en,2,0
grill-me,https://x.com/i/status/2092644889762599281,2026-08-26T16:06:35.000Z,en,798,97
grill-with-docs,https://x.com/i/status/2094886432607256831,2026-09-01T20:33:41.000Z,zxx,114,14
grill-with-docs,https://x.com/i/status/2094730855289671763,2026-09-01T10:15:28.000Z,ar,0,0
grill-with-docs,https://x.com/i/status/2094644168849264848,2026-09-01T04:31:01.000Z,ja,3,0
grill-with-docs,https://x.com/i/status/2094589612585038116,2026-09-01T00:54:13.000Z,zh,0,0
grill-with-docs,https://x.com/i/status/2094585098326987008,2026-09-01T00:36:17.000Z,zh,36,7
grill-with-docs,https://x.com/i/status/2094380895222542343,2026-08-31T11:04:51.000Z,ja,8,1
grill-with-docs,https://x.com/i/status/2094092970882666512,2026-08-30T16:00:45.000Z,en,1,0
grill-with-docs,https://x.com/i/status/2094044177973510580,2026-08-30T12:46:52.000Z,en,0,0
grill-with-docs,https://x.com/i/status/2093684563558256723,2026-08-29T12:57:53.000Z,ja,0,0
grill-with-docs,https://x.com/i/status/2093500075179758031,2026-08-29T00:44:47.000Z,pt,0,0
grill-with-docs,https://x.com/i/status/2093487163551969769,2026-08-28T23:53:29.000Z,ja,0,0
grill-with-docs,https://x.com/i/status/2093484170924196251,2026-08-28T23:41:36.000Z,pt,20,0
grill-with-docs,https://x.com/i/status/2093351681618759755,2026-08-28T14:55:08.000Z,en,198,15
grill-with-docs,https://x.com/i/status/2093222396517904581,2026-08-28T06:21:24.000Z,en,0,0
grill-with-docs,https://x.com/i/status/2093041369589617108,2026-08-27T18:22:03.000Z,en,1,0
grill-with-docs,https://x.com/i/status/2092747983175758206,2026-08-26T22:56:15.000Z,en,1,0
grill-with-docs,https://x.com/i/status/2092681586487738578,2026-08-26T18:32:25.000Z,zxx,15,1
grill-with-docs,https://x.com/i/status/2092495559743730005,2026-08-26T06:13:12.000Z,zh,135,28
self-improving,https://x.com/i/status/2094997127621448060,2026-09-02T03:53:33.000Z,en,1,0
self-improving,https://x.com/i/status/2094994297053659600,2026-09-02T03:42:18.000Z,en,0,0
self-improving,https://x.com/i/status/2094987745567674569,2026-09-02T03:16:16.000Z,ja,1,0
self-improving,https://x.com/i/status/2094973738643341796,2026-09-02T02:20:36.000Z,en,19,1
self-improving,https://x.com/i/status/2094967888457142531,2026-09-02T01:57:21.000Z,zxx,1,0
self-improving,https://x.com/i/status/2094958428632522788,2026-09-02T01:19:46.000Z,zxx,1,0
self-improving,https://x.com/i/status/2094934185874014686,2026-09-01T23:43:26.000Z,en,0,0
self-improving,https://x.com/i/status/2094928112324841679,2026-09-01T23:19:18.000Z,en,0,0
self-improving,https://x.com/i/status/2094918531553112150,2026-09-01T22:41:14.000Z,en,1,0
self-improving,https://x.com/i/status/2094916098454147470,2026-09-01T22:31:34.000Z,in,0,0
self-improving,https://x.com/i/status/2094908280770335018,2026-09-01T22:00:30.000Z,en,19,0
self-improving,https://x.com/i/status/2094898361585545579,2026-09-01T21:21:05.000Z,en,1,0
self-improving,https://x.com/i/status/2094893685297262904,2026-09-01T21:02:30.000Z,zxx,0,0
self-improving,https://x.com/i/status/2094893208538861600,2026-09-01T21:00:36.000Z,en,7,3
self-improving,https://x.com/i/status/2094880554353299721,2026-09-01T20:10:19.000Z,en,7,1
self-improving,https://x.com/i/status/2094875954149560754,2026-09-01T19:52:03.000Z,en,1,0
self-improving,https://x.com/i/status/2094874711381463420,2026-09-01T19:47:06.000Z,en,3,0
self-improving,https://x.com/i/status/2094872060707397747,2026-09-01T19:36:34.000Z,en,12,3
self-improving,https://x.com/i/status/2094867930081337730,2026-09-01T19:20:09.000Z,zxx,142,33
self-improving,https://x.com/i/status/2094858523150537092,2026-09-01T18:42:47.000Z,en,16,2
self-improving,https://x.com/i/status/2094818511331917835,2026-09-01T16:03:47.000Z,en,29,9
self-improving,https://x.com/i/status/2094818134918152363,2026-09-01T16:02:17.000Z,en,55,6
self-improving,https://x.com/i/status/2094817857821704659,2026-09-01T16:01:11.000Z,en,233,17
self-improving,https://x.com/i/status/2094817573132984774,2026-09-01T16:00:03.000Z,en,15,1
self-improving,https://x.com/i/status/2094817565738471561,2026-09-01T16:00:02.000Z,en,70,11
self-improving,https://x.com/i/status/2094816857123332531,2026-09-01T15:57:13.000Z,zxx,41,6
self-improving,https://x.com/i/status/2094800803747754167,2026-09-01T14:53:25.000Z,en,154,6
self-improving,https://x.com/i/status/2094792493879750957,2026-09-01T14:20:24.000Z,en,1,0
self-improving,https://x.com/i/status/2094789262679945290,2026-09-01T14:07:34.000Z,en,22,1
self-improving,https://x.com/i/status/2094784749935960292,2026-09-01T13:49:38.000Z,en,61,8
self-improving,https://x.com/i/status/2094777203984896418,2026-09-01T13:19:39.000Z,zh,75,14
self-improving,https://x.com/i/status/2094766617922322687,2026-09-01T12:37:35.000Z,zxx,17,8
self-improving,https://x.com/i/status/2094748789831831575,2026-09-01T11:26:44.000Z,en,0,0
self-improving,https://x.com/i/status/2094732667434504283,2026-09-01T10:22:40.000Z,en,0,0
self-improving,https://x.com/i/status/2094667475023475154,2026-09-01T06:03:37.000Z,en,0,0
self-improving,https://x.com/i/status/2094664834105135508,2026-09-01T05:53:08.000Z,en,0,0
self-improving,https://x.com/i/status/2094657333821599848,2026-09-01T05:23:19.000Z,en,2,0
self-improving,https://x.com/i/status/2094636481440858398,2026-09-01T04:00:28.000Z,zh,3,0
self-improving,https://x.com/i/status/2094628206607568967,2026-09-01T03:27:35.000Z,en,7,0
self-improving,https://x.com/i/status/2094618615722988014,2026-09-01T02:49:28.000Z,en,0,0
self-improving,https://x.com/i/status/2094613204429410693,2026-09-01T02:27:58.000Z,en,0,0
self-improving,https://x.com/i/status/2094607490650665387,2026-09-01T02:05:16.000Z,zxx,1,0
self-improving,https://x.com/i/status/2094571059140010226,2026-08-31T23:40:30.000Z,ja,2,0
self-improving,https://x.com/i/status/2094564620824645673,2026-08-31T23:14:55.000Z,ja,5,0
self-improving,https://x.com/i/status/2094558877329297737,2026-08-31T22:52:06.000Z,en,0,0
self-improving,https://x.com/i/status/2094558548269453741,2026-08-31T22:50:47.000Z,en,2,0
self-improving,https://x.com/i/status/2094540655863464323,2026-08-31T21:39:41.000Z,en,78,13
self-improving,https://x.com/i/status/2094540011219583413,2026-08-31T21:37:08.000Z,en,2,0
self-improving,https://x.com/i/status/2094539305129779244,2026-08-31T21:34:19.000Z,en,6,2
self-improving,https://x.com/i/status/2094531653674717651,2026-08-31T21:03:55.000Z,en,1,0
self-improving,https://x.com/i/status/2094520210292093303,2026-08-31T20:18:27.000Z,en,2,0
self-improving,https://x.com/i/status/2094519256457019515,2026-08-31T20:14:39.000Z,en,0,0
self-improving,https://x.com/i/status/2094515685481386401,2026-08-31T20:00:28.000Z,en,3,0
self-improving,https://x.com/i/status/2094509025048105464,2026-08-31T19:34:00.000Z,en,17,4
self-improving,https://x.com/i/status/2094501861885649354,2026-08-31T19:05:32.000Z,en,806,148
self-improving,https://x.com/i/status/2094501323945198018,2026-08-31T19:03:24.000Z,en,2,0
self-improving,https://x.com/i/status/2094498222127698388,2026-08-31T18:51:04.000Z,en,0,0
self-improving,https://x.com/i/status/2094494252009247054,2026-08-31T18:35:18.000Z,en,8,0
self-improving,https://x.com/i/status/2094492040486588569,2026-08-31T18:26:30.000Z,en,1,0
self-improving,https://x.com/i/status/2094481400657248712,2026-08-31T17:44:14.000Z,en,1,0
self-improving,https://x.com/i/status/2094480943428124979,2026-08-31T17:42:25.000Z,en,134,126
self-improving,https://x.com/i/status/2094479173393981884,2026-08-31T17:35:23.000Z,en,125,123
self-improving,https://x.com/i/status/2094478075828515111,2026-08-31T17:31:01.000Z,en,329,10
self-improving,https://x.com/i/status/2094477171234607311,2026-08-31T17:27:25.000Z,en,55,0
self-improving,https://x.com/i/status/2094473381714203018,2026-08-31T17:12:22.000Z,en,44,3
self-improving,https://x.com/i/status/2094473272796836097,2026-08-31T17:11:56.000Z,en,320,23
self-improving,https://x.com/i/status/2094468543102509271,2026-08-31T16:53:08.000Z,en,42,40
self-improving,https://x.com/i/status/2094461477470011674,2026-08-31T16:25:04.000Z,en,0,0
self-improving,https://x.com/i/status/2094452204211949723,2026-08-31T15:48:13.000Z,zxx,0,1
self-improving,https://x.com/i/status/2094447637659361564,2026-08-31T15:30:04.000Z,en,27,2
self-improving,https://x.com/i/status/2094446852313698799,2026-08-31T15:26:57.000Z,en,4,1
self-improving,https://x.com/i/status/2094445794233647433,2026-08-31T15:22:44.000Z,en,0,0
self-improving,https://x.com/i/status/2094445792962765266,2026-08-31T15:22:44.000Z,en,0,0
self-improving,https://x.com/i/status/2094445031062949978,2026-08-31T15:19:42.000Z,en,65,4
self-improving,https://x.com/i/status/2094442118370722248,2026-08-31T15:08:08.000Z,en,0,0
self-improving,https://x.com/i/status/2094440069314511038,2026-08-31T14:59:59.000Z,en,24,1
self-improving,https://x.com/i/status/2094436607642448060,2026-08-31T14:46:14.000Z,en,0,0
self-improving,https://x.com/i/status/2094426416276541920,2026-08-31T14:05:44.000Z,en,1,1
self-improving,https://x.com/i/status/2094425701856256458,2026-08-31T14:02:54.000Z,zxx,0,0
self-improving,https://x.com/i/status/2094424967345496191,2026-08-31T13:59:59.000Z,zxx,1514,134
self-improving,https://x.com/i/status/2094418583879332121,2026-08-31T13:34:37.000Z,ja,0,0
self-improving,https://x.com/i/status/2094416065740595410,2026-08-31T13:24:37.000Z,en,0,0
self-improving,https://x.com/i/status/2094413786769748067,2026-08-31T13:15:33.000Z,en,17,0
self-improving,https://x.com/i/status/2094412646334562435,2026-08-31T13:11:01.000Z,en,1,0
self-improving,https://x.com/i/status/2094409909467021478,2026-08-31T13:00:09.000Z,en,212,30
self-improving,https://x.com/i/status/2094409800004301037,2026-08-31T12:59:43.000Z,zxx,0,0
self-improving,https://x.com/i/status/2094405437898801378,2026-08-31T12:42:23.000Z,zxx,52,4
self-improving,https://x.com/i/status/2094403911792967843,2026-08-31T12:36:19.000Z,en,0,0
self-improving,https://x.com/i/status/2094402127116345663,2026-08-31T12:29:13.000Z,en,8,0
self-improving,https://x.com/i/status/2094397071830970812,2026-08-31T12:09:08.000Z,en,0,0
self-improving,https://x.com/i/status/2094386511877718032,2026-08-31T11:27:10.000Z,ar,3,0
self-improving,https://x.com/i/status/2094378284700082214,2026-08-31T10:54:29.000Z,en,1,0
self-improving,https://x.com/i/status/2094357864643014677,2026-08-31T09:33:20.000Z,zxx,2,0
self-improving,https://x.com/i/status/2094353446979961112,2026-08-31T09:15:47.000Z,ja,808,80
self-improving,https://x.com/i/status/2094337235441324186,2026-08-31T08:11:22.000Z,en,3,0
self-improving,https://x.com/i/status/2094336995120304504,2026-08-31T08:10:25.000Z,en,0,3
self-improving,https://x.com/i/status/2094317088861036982,2026-08-31T06:51:19.000Z,en,1,0
self-improving,https://x.com/i/status/2094301308971077850,2026-08-31T05:48:36.000Z,zxx,2,0
self-improving,https://x.com/i/status/2094281494499844468,2026-08-31T04:29:52.000Z,en,11,1
self-improving,https://x.com/i/status/2094271272448557186,2026-08-31T03:49:15.000Z,en,78,20
improve-codebase-architecture,https://x.com/i/status/2094589612585038116,2026-09-01T00:54:13.000Z,zh,0,0
improve-codebase-architecture,https://x.com/i/status/2094380895222542343,2026-08-31T11:04:51.000Z,ja,8,1
improve-codebase-architecture,https://x.com/i/status/2094233353545277659,2026-08-31T01:18:35.000Z,en,1,0
ontology,https://x.com/i/status/2095029001102172429,2026-09-02T06:00:12.000Z,en,0,0
ontology,https://x.com/i/status/2094999272089653297,2026-09-02T04:02:04.000Z,en,0,0
ontology,https://x.com/i/status/2094991521343066455,2026-09-02T03:31:16.000Z,en,0,0
ontology,https://x.com/i/status/2094958007658660326,2026-09-02T01:18:06.000Z,zh,0,0
ontology,https://x.com/i/status/2094941081087672790,2026-09-02T00:10:50.000Z,zxx,2,1
ontology,https://x.com/i/status/2094940411701989735,2026-09-02T00:08:10.000Z,en,1,0
ontology,https://x.com/i/status/2094939111098630530,2026-09-02T00:03:00.000Z,en,2,0
ontology,https://x.com/i/status/2094896702457020441,2026-09-01T21:14:29.000Z,en,0,0
ontology,https://x.com/i/status/2094887398412812408,2026-09-01T20:37:31.000Z,en,1,0
ontology,https://x.com/i/status/2094848066352206238,2026-09-01T18:01:14.000Z,en,0,0
ontology,https://x.com/i/status/2094828102924796184,2026-09-01T16:41:54.000Z,en,0,0
ontology,https://x.com/i/status/2094828067063501032,2026-09-01T16:41:45.000Z,en,1,0
ontology,https://x.com/i/status/2094816026605056496,2026-09-01T15:53:55.000Z,en,1,0
ontology,https://x.com/i/status/2094787364635713970,2026-09-01T14:00:01.000Z,en,4,0
ontology,https://x.com/i/status/2094769746205929855,2026-09-01T12:50:01.000Z,en,2,0
ontology,https://x.com/i/status/2094750022252265790,2026-09-01T11:31:38.000Z,en,0,0
ontology,https://x.com/i/status/2094741303686734134,2026-09-01T10:56:59.000Z,en,17,8
ontology,https://x.com/i/status/2094738958357868690,2026-09-01T10:47:40.000Z,en,0,0
ontology,https://x.com/i/status/2094736056071377028,2026-09-01T10:36:08.000Z,en,9,0
ontology,https://x.com/i/status/2094735947787079834,2026-09-01T10:35:42.000Z,en,0,0
ontology,https://x.com/i/status/2094734522340573474,2026-09-01T10:30:03.000Z,en,2,1
ontology,https://x.com/i/status/2094723889393721712,2026-09-01T09:47:47.000Z,en,63,15
ontology,https://x.com/i/status/2094718250529534436,2026-09-01T09:25:23.000Z,zxx,1,0
ontology,https://x.com/i/status/2094701423673950573,2026-09-01T08:18:31.000Z,en,3,1
ontology,https://x.com/i/status/2094665047545172045,2026-09-01T05:53:58.000Z,en,1,0
ontology,https://x.com/i/status/2094660162283810996,2026-09-01T05:34:34.000Z,en,6,1
ontology,https://x.com/i/status/2094647853960265799,2026-09-01T04:45:39.000Z,en,1,0
ontology,https://x.com/i/status/2094641070755954778,2026-09-01T04:18:42.000Z,en,1,0
ontology,https://x.com/i/status/2094622154192990635,2026-09-01T03:03:32.000Z,ja,0,0
ontology,https://x.com/i/status/2094621951721693606,2026-09-01T03:02:44.000Z,zxx,0,0
ontology,https://x.com/i/status/2094603170903441758,2026-09-01T01:48:06.000Z,en,1,0
ontology,https://x.com/i/status/2094581604408857021,2026-09-01T00:22:24.000Z,en,0,0
ontology,https://x.com/i/status/2094562414024949975,2026-08-31T23:06:09.000Z,en,0,0
ontology,https://x.com/i/status/2094530408952062011,2026-08-31T20:58:58.000Z,en,18,6
ontology,https://x.com/i/status/2094503683656765879,2026-08-31T19:12:46.000Z,en,7,2
ontology,https://x.com/i/status/2094500827256021195,2026-08-31T19:01:25.000Z,en,0,0
ontology,https://x.com/i/status/2094487592880464361,2026-08-31T18:08:50.000Z,en,1,0
ontology,https://x.com/i/status/2094485333471797480,2026-08-31T17:59:51.000Z,zxx,104,8
ontology,https://x.com/i/status/2094484599690727693,2026-08-31T17:56:56.000Z,en,6,1
ontology,https://x.com/i/status/2094477621593858344,2026-08-31T17:29:13.000Z,zxx,13,0
ontology,https://x.com/i/status/2094476643695833317,2026-08-31T17:25:20.000Z,en,0,0
ontology,https://x.com/i/status/2094464243235963051,2026-08-31T16:36:03.000Z,en,0,0
ontology,https://x.com/i/status/2094451783028605409,2026-08-31T15:46:32.000Z,en,0,0
ontology,https://x.com/i/status/2094441649455968332,2026-08-31T15:06:16.000Z,en,0,0
ontology,https://x.com/i/status/2094432846593323278,2026-08-31T14:31:17.000Z,zxx,480,75
ontology,https://x.com/i/status/2094430905167421499,2026-08-31T14:23:35.000Z,zh,2,0
ontology,https://x.com/i/status/2094394009120620980,2026-08-31T11:56:58.000Z,zxx,2,1
ontology,https://x.com/i/status/2094380890646548597,2026-08-31T11:04:50.000Z,en,2,1
ontology,https://x.com/i/status/2094372660876550599,2026-08-31T10:32:08.000Z,en,7,0
ontology,https://x.com/i/status/2094371195130986525,2026-08-31T10:26:19.000Z,en,3,1
ontology,https://x.com/i/status/2094357494512406812,2026-08-31T09:31:52.000Z,en,0,0
ontology,https://x.com/i/status/2094341711572934938,2026-08-31T08:29:09.000Z,en,5,1
ontology,https://x.com/i/status/2094307552238678053,2026-08-31T06:13:25.000Z,zxx,6,1
ontology,https://x.com/i/status/2094302376559534111,2026-08-31T05:52:51.000Z,zxx,6,1
ontology,https://x.com/i/status/2094299854520422659,2026-08-31T05:42:50.000Z,en,1,0
ontology,https://x.com/i/status/2094284797484974346,2026-08-31T04:43:00.000Z,en,20,0
ontology,https://x.com/i/status/2094219771650748507,2026-08-31T00:24:36.000Z,en,0,0
ontology,https://x.com/i/status/2094213400809341421,2026-08-30T23:59:18.000Z,ko,0,0
ontology,https://x.com/i/status/2094212802139611136,2026-08-30T23:56:55.000Z,zxx,0,0
ontology,https://x.com/i/status/2094207020421578799,2026-08-30T23:33:56.000Z,zxx,4,1
ontology,https://x.com/i/status/2094195587746804106,2026-08-30T22:48:31.000Z,en,1,0
ontology,https://x.com/i/status/2094193216631484562,2026-08-30T22:39:05.000Z,en,77,10
ontology,https://x.com/i/status/2094165674902114612,2026-08-30T20:49:39.000Z,en,32,2
ontology,https://x.com/i/status/2094164102117827016,2026-08-30T20:43:24.000Z,en,3,0
ontology,https://x.com/i/status/2094162061609840667,2026-08-30T20:35:17.000Z,zxx,111,16
ontology,https://x.com/i/status/2094161131258695701,2026-08-30T20:31:35.000Z,en,3,0
ontology,https://x.com/i/status/2094154974053757139,2026-08-30T20:07:07.000Z,en,4,0
ontology,https://x.com/i/status/2094145668453384289,2026-08-30T19:30:09.000Z,en,1,0
ontology,https://x.com/i/status/2094143039262626179,2026-08-30T19:19:42.000Z,zxx,0,0
ontology,https://x.com/i/status/2094138100444471724,2026-08-30T19:00:05.000Z,en,2,0
ontology,https://x.com/i/status/2094129397577998407,2026-08-30T18:25:30.000Z,en,2,0
ontology,https://x.com/i/status/2094129221765652653,2026-08-30T18:24:48.000Z,zxx,0,0
ontology,https://x.com/i/status/2094126794802679896,2026-08-30T18:15:09.000Z,en,3,1
ontology,https://x.com/i/status/2094093294670323841,2026-08-30T16:02:02.000Z,en,1,0
ontology,https://x.com/i/status/2094063213004615769,2026-08-30T14:02:30.000Z,en,5,0
ontology,https://x.com/i/status/2094034134758719662,2026-08-30T12:06:57.000Z,en,11,0
ontology,https://x.com/i/status/2093942994604900536,2026-08-30T06:04:48.000Z,en,0,0
ontology,https://x.com/i/status/2093935412792422485,2026-08-30T05:34:40.000Z,en,2,0
ontology,https://x.com/i/status/2093895366152171744,2026-08-30T02:55:32.000Z,en,0,0
ontology,https://x.com/i/status/2093881930425213088,2026-08-30T02:02:09.000Z,ja,0,0
ontology,https://x.com/i/status/2093806548153995745,2026-08-29T21:02:36.000Z,en,1,0
ontology,https://x.com/i/status/2093801376237138152,2026-08-29T20:42:03.000Z,en,0,0
ontology,https://x.com/i/status/2093794928690377114,2026-08-29T20:16:26.000Z,en,23,4
ontology,https://x.com/i/status/2093783538974003564,2026-08-29T19:31:10.000Z,en,1,0
ontology,https://x.com/i/status/2093774372104536064,2026-08-29T18:54:45.000Z,en,0,0
ontology,https://x.com/i/status/2093774242429206969,2026-08-29T18:54:14.000Z,en,1,0
ontology,https://x.com/i/status/2093770675613802984,2026-08-29T18:40:04.000Z,en,3,1
ontology,https://x.com/i/status/2093731108030763283,2026-08-29T16:02:50.000Z,en,7,0
ontology,https://x.com/i/status/2093726274283794783,2026-08-29T15:43:37.000Z,en,0,0
ontology,https://x.com/i/status/2093713257097777514,2026-08-29T14:51:54.000Z,zxx,1,0
ontology,https://x.com/i/status/2093694749417013495,2026-08-29T13:38:21.000Z,en,8,0
ontology,https://x.com/i/status/2093582734853898400,2026-08-29T06:13:15.000Z,zxx,1,0
ontology,https://x.com/i/status/2093571090157097317,2026-08-29T05:26:59.000Z,en,4,0
ontology,https://x.com/i/status/2093563590431404507,2026-08-29T04:57:11.000Z,en,2,0
ontology,https://x.com/i/status/2093553880584090026,2026-08-29T04:18:36.000Z,en,0,0
ontology,https://x.com/i/status/2093553258321019298,2026-08-29T04:16:07.000Z,en,1,0
ontology,https://x.com/i/status/2093518091959337412,2026-08-29T01:56:23.000Z,en,0,0
ontology,https://x.com/i/status/2093510155245920536,2026-08-29T01:24:51.000Z,en,2,0
ontology,https://x.com/i/status/2093488430533447691,2026-08-28T23:58:31.000Z,en,0,0
ontology,https://x.com/i/status/2093477314570936397,2026-08-28T23:14:21.000Z,en,0,0
frontend-design,https://x.com/i/status/2095009337991180459,2026-09-02T04:42:04.000Z,en,5,0
frontend-design,https://x.com/i/status/2094967124339130641,2026-09-02T01:54:19.000Z,zh,0,0
frontend-design,https://x.com/i/status/2094958292787433796,2026-09-02T01:19:14.000Z,en,0,0
frontend-design,https://x.com/i/status/2094957767253795099,2026-09-02T01:17:08.000Z,zh,0,0
frontend-design,https://x.com/i/status/2094957757241888846,2026-09-02T01:17:06.000Z,zh,0,0
frontend-design,https://x.com/i/status/2094909413790503314,2026-09-01T22:05:00.000Z,zh,7,0
frontend-design,https://x.com/i/status/2094908156283658697,2026-09-01T22:00:00.000Z,ja,19,1
frontend-design,https://x.com/i/status/2094902512432058661,2026-09-01T21:37:35.000Z,en,0,0
frontend-design,https://x.com/i/status/2094868011056308442,2026-09-01T19:20:29.000Z,en,0,0
frontend-design,https://x.com/i/status/2094754746460422589,2026-09-01T11:50:24.000Z,en,28,1
frontend-design,https://x.com/i/status/2094747596669739450,2026-09-01T11:22:00.000Z,en,135,0
frontend-design,https://x.com/i/status/2094742107952996617,2026-09-01T11:00:11.000Z,en,5,0
frontend-design,https://x.com/i/status/2094724486641963389,2026-09-01T09:50:10.000Z,ja,0,0
frontend-design,https://x.com/i/status/2094696058790219802,2026-09-01T07:57:12.000Z,en,8,0
frontend-design,https://x.com/i/status/2094681707651936638,2026-09-01T07:00:11.000Z,en,13,10
frontend-design,https://x.com/i/status/2094531674407362794,2026-08-31T21:04:00.000Z,zh,13,1
frontend-design,https://x.com/i/status/2094440760191988139,2026-08-31T15:02:44.000Z,en,0,0
frontend-design,https://x.com/i/status/2094425200691384385,2026-08-31T14:00:55.000Z,en,2,0
frontend-design,https://x.com/i/status/2094406627663216733,2026-08-31T12:47:06.000Z,en,544,19
frontend-design,https://x.com/i/status/2094395142484455805,2026-08-31T12:01:28.000Z,es,266,21
frontend-design,https://x.com/i/status/2094383790412226584,2026-08-31T11:16:22.000Z,en,0,0
frontend-design,https://x.com/i/status/2094372796814028888,2026-08-31T10:32:40.000Z,en,146,4
frontend-design,https://x.com/i/status/2094252110619853133,2026-08-31T02:33:07.000Z,zxx,3,0
frontend-design,https://x.com/i/status/2094246669369880904,2026-08-31T02:11:29.000Z,en,2,0
frontend-design,https://x.com/i/status/2094148214928633865,2026-08-30T19:40:16.000Z,en,0,0
frontend-design,https://x.com/i/status/2094120468575842472,2026-08-30T17:50:01.000Z,en,0,0
frontend-design,https://x.com/i/status/2094055864332149011,2026-08-30T13:33:18.000Z,en,0,0
frontend-design,https://x.com/i/status/2093960889401741391,2026-08-30T07:15:54.000Z,en,7,1
frontend-design,https://x.com/i/status/2093950525545013398,2026-08-30T06:34:43.000Z,ja,2,0
frontend-design,https://x.com/i/status/2093834148444278823,2026-08-29T22:52:17.000Z,en,1,0
frontend-design,https://x.com/i/status/2093767665101807822,2026-08-29T18:28:06.000Z,qme,0,0
frontend-design,https://x.com/i/status/2093719175302918455,2026-08-29T15:15:25.000Z,zh,0,0
frontend-design,https://x.com/i/status/2093660812447551566,2026-08-29T11:23:30.000Z,es,102,14
frontend-design,https://x.com/i/status/2093660658541682809,2026-08-29T11:22:53.000Z,en,19,3
frontend-design,https://x.com/i/status/2093634528749527251,2026-08-29T09:39:04.000Z,zh,4,0
frontend-design,https://x.com/i/status/2093630453660225730,2026-08-29T09:22:52.000Z,zh,30,3
frontend-design,https://x.com/i/status/2093547941931933929,2026-08-29T03:55:00.000Z,en,0,0
frontend-design,https://x.com/i/status/2093506027568439394,2026-08-29T01:08:27.000Z,en,0,0
frontend-design,https://x.com/i/status/2093454241733951738,2026-08-28T21:42:40.000Z,en,1,0
frontend-design,https://x.com/i/status/2093425242257682800,2026-08-28T19:47:26.000Z,en,10,0
frontend-design,https://x.com/i/status/2093368020865364068,2026-08-28T16:00:03.000Z,en,52,4
frontend-design,https://x.com/i/status/2093360498595029483,2026-08-28T15:30:10.000Z,en,20,1
frontend-design,https://x.com/i/status/2093352964505166030,2026-08-28T15:00:14.000Z,en,96,10
frontend-design,https://x.com/i/status/2093345537554530458,2026-08-28T14:30:43.000Z,en,0,0
frontend-design,https://x.com/i/status/2093334200627638699,2026-08-28T13:45:40.000Z,tr,1,0
frontend-design,https://x.com/i/status/2093323226797744557,2026-08-28T13:02:03.000Z,zxx,64,1
frontend-design,https://x.com/i/status/2093315523534639109,2026-08-28T12:31:27.000Z,en,0,0
frontend-design,https://x.com/i/status/2093280374562656302,2026-08-28T10:11:47.000Z,zxx,0,0
frontend-design,https://x.com/i/status/2093242206232752638,2026-08-28T07:40:07.000Z,en,0,0
frontend-design,https://x.com/i/status/2093172720213410036,2026-08-28T03:04:00.000Z,zh,1,0
frontend-design,https://x.com/i/status/2093169986739085425,2026-08-28T02:53:08.000Z,en,1,0
frontend-design,https://x.com/i/status/2093086975192375445,2026-08-27T21:23:17.000Z,en,2,0
frontend-design,https://x.com/i/status/2092990555923914804,2026-08-27T15:00:09.000Z,en,155,29
frontend-design,https://x.com/i/status/2092941223635845535,2026-08-27T11:44:07.000Z,en,5,0
frontend-design,https://x.com/i/status/2092886615559663628,2026-08-27T08:07:07.000Z,en,0,0
frontend-design,https://x.com/i/status/2092878827634696326,2026-08-27T07:36:10.000Z,zxx,127,9
frontend-design,https://x.com/i/status/2092827368985395218,2026-08-27T04:11:42.000Z,en,144,2
frontend-design,https://x.com/i/status/2092788357067583924,2026-08-27T01:36:41.000Z,en,8,0
frontend-design,https://x.com/i/status/2092788186485264522,2026-08-27T01:36:00.000Z,en,57,10
frontend-design,https://x.com/i/status/2092728605285716257,2026-08-26T21:39:15.000Z,en,6,0
frontend-design,https://x.com/i/status/2092682235375988810,2026-08-26T18:34:59.000Z,en,76,7
frontend-design,https://x.com/i/status/2092681402193969232,2026-08-26T18:31:41.000Z,en,0,0
frontend-design,https://x.com/i/status/2092628133241307210,2026-08-26T15:00:00.000Z,en,2,0
frontend-design,https://x.com/i/status/2092598914767618517,2026-08-26T13:03:54.000Z,en,1,0
frontend-design,https://x.com/i/status/2092584238084161841,2026-08-26T12:05:35.000Z,en,0,0
frontend-design,https://x.com/i/status/2092582873324806158,2026-08-26T12:00:09.000Z,en,1,0
frontend-design,https://x.com/i/status/2092553718965399931,2026-08-26T10:04:19.000Z,ja,1,0
frontend-design,https://x.com/i/status/2092546291884867632,2026-08-26T09:34:48.000Z,zxx,1,0
github,https://x.com/i/status/2095031187043733726,2026-09-02T06:08:53.000Z,en,0,0
github,https://x.com/i/status/2095031036027523441,2026-09-02T06:08:17.000Z,en,0,0
github,https://x.com/i/status/2095030919694274708,2026-09-02T06:07:49.000Z,en,0,0
github,https://x.com/i/status/2095030027729666379,2026-09-02T06:04:17.000Z,en,0,0
github,https://x.com/i/status/2095029944891908314,2026-09-02T06:03:57.000Z,en,0,0
github,https://x.com/i/status/2095028978385912034,2026-09-02T06:00:06.000Z,fr,0,0
github,https://x.com/i/status/2095028951383208173,2026-09-02T06:00:00.000Z,zh,4,0
github,https://x.com/i/status/2095028699171352840,2026-09-02T05:59:00.000Z,ko,0,0
github,https://x.com/i/status/2095028256831385930,2026-09-02T05:57:14.000Z,en,1,0
github,https://x.com/i/status/2095027944284688707,2026-09-02T05:56:00.000Z,zh,4,0
github,https://x.com/i/status/2095027850000613714,2026-09-02T05:55:37.000Z,en,0,0
github,https://x.com/i/status/2095025679184371873,2026-09-02T05:47:00.000Z,en,11,0
github,https://x.com/i/status/2095024558092742962,2026-09-02T05:42:32.000Z,en,0,0
github,https://x.com/i/status/2095024354010542243,2026-09-02T05:41:44.000Z,en,1,0
github,https://x.com/i/status/2095023114124210242,2026-09-02T05:36:48.000Z,en,0,0
github,https://x.com/i/status/2095022986445086936,2026-09-02T05:36:18.000Z,zh,1,0
github,https://x.com/i/status/2095022745361002731,2026-09-02T05:35:20.000Z,en,0,0
github,https://x.com/i/status/2095022711491928562,2026-09-02T05:35:12.000Z,en,0,0
github,https://x.com/i/status/2095022131042222344,2026-09-02T05:32:54.000Z,en,0,0
github,https://x.com/i/status/2095021899638243687,2026-09-02T05:31:59.000Z,en,1,0
github,https://x.com/i/status/2095021333491097940,2026-09-02T05:29:44.000Z,zh,0,0
github,https://x.com/i/status/2095021268953382971,2026-09-02T05:29:28.000Z,ja,0,0
github,https://x.com/i/status/2095020856502370357,2026-09-02T05:27:50.000Z,en,3,0
github,https://x.com/i/status/2095020499743174829,2026-09-02T05:26:25.000Z,en,0,0
github,https://x.com/i/status/2095019768730333196,2026-09-02T05:23:31.000Z,en,14,3
github,https://x.com/i/status/2095019602015064090,2026-09-02T05:22:51.000Z,en,0,0
github,https://x.com/i/status/2095019089257512972,2026-09-02T05:20:49.000Z,zxx,12,3
github,https://x.com/i/status/2095018294734381398,2026-09-02T05:17:39.000Z,en,0,0
github,https://x.com/i/status/2095017044924354864,2026-09-02T05:12:41.000Z,zxx,0,0
github,https://x.com/i/status/2095016170411679905,2026-09-02T05:09:13.000Z,es,0,0
github,https://x.com/i/status/2095015787014590943,2026-09-02T05:07:41.000Z,es,0,0
github,https://x.com/i/status/2095015333321142344,2026-09-02T05:05:53.000Z,en,4,4
github,https://x.com/i/status/2095015294276182135,2026-09-02T05:05:44.000Z,en,1,0
github,https://x.com/i/status/2095015224336355582,2026-09-02T05:05:27.000Z,en,0,0
github,https://x.com/i/status/2095014131015586120,2026-09-02T05:01:06.000Z,en,1,0
github,https://x.com/i/status/2095014062396731751,2026-09-02T05:00:50.000Z,en,2,0
github,https://x.com/i/status/2095013871358488595,2026-09-02T05:00:05.000Z,zh,0,0
github,https://x.com/i/status/2095013854254444904,2026-09-02T05:00:00.000Z,ja,3,0
github,https://x.com/i/status/2095013288761233783,2026-09-02T04:57:46.000Z,en,0,0
github,https://x.com/i/status/2095012902109344058,2026-09-02T04:56:13.000Z,en,0,0
github,https://x.com/i/status/2095011330264576032,2026-09-02T04:49:59.000Z,en,42,44
github,https://x.com/i/status/2095011006372294799,2026-09-02T04:48:41.000Z,zh,0,0
github,https://x.com/i/status/2095010949812158756,2026-09-02T04:48:28.000Z,en,0,0
github,https://x.com/i/status/2095009259058765838,2026-09-02T04:41:45.000Z,en,3,0
github,https://x.com/i/status/2095008220989538707,2026-09-02T04:37:37.000Z,ja,1,0
github,https://x.com/i/status/2095008108711936066,2026-09-02T04:37:11.000Z,zxx,0,0
github,https://x.com/i/status/2095007937949266014,2026-09-02T04:36:30.000Z,en,0,0
github,https://x.com/i/status/2095007828742397982,2026-09-02T04:36:04.000Z,en,13,0
github,https://x.com/i/status/2095006758091756029,2026-09-02T04:31:49.000Z,en,14,0
github,https://x.com/i/status/2095006562062578062,2026-09-02T04:31:02.000Z,zxx,2,0
github,https://x.com/i/status/2095006111003025598,2026-09-02T04:29:14.000Z,en,0,0
github,https://x.com/i/status/2095005737160417405,2026-09-02T04:27:45.000Z,en,0,0
github,https://x.com/i/status/2095005721486397840,2026-09-02T04:27:41.000Z,ja,0,0
github,https://x.com/i/status/2095005167112651238,2026-09-02T04:25:29.000Z,en,5,0
github,https://x.com/i/status/2095004243891720338,2026-09-02T04:21:49.000Z,en,0,0
github,https://x.com/i/status/2095003884007657737,2026-09-02T04:20:23.000Z,en,0,0
github,https://x.com/i/status/2095003160204968158,2026-09-02T04:17:31.000Z,en,3,0
github,https://x.com/i/status/2095001189536645524,2026-09-02T04:09:41.000Z,zh,1,0
github,https://x.com/i/status/2095000938742505701,2026-09-02T04:08:41.000Z,zxx,12,0
github,https://x.com/i/status/2095000581014442065,2026-09-02T04:07:16.000Z,zh,0,0
github,https://x.com/i/status/2095000242831933723,2026-09-02T04:05:55.000Z,en,8,0
github,https://x.com/i/status/2094999744229658976,2026-09-02T04:03:56.000Z,ko,2,0
github,https://x.com/i/status/2094998837840724458,2026-09-02T04:00:20.000Z,ja,1,2
github,https://x.com/i/status/2094997744968515753,2026-09-02T03:56:00.000Z,zh,0,0
github,https://x.com/i/status/2094997658033172737,2026-09-02T03:55:39.000Z,en,0,0
github,https://x.com/i/status/2094997392768774493,2026-09-02T03:54:36.000Z,zxx,0,0
github,https://x.com/i/status/2094997391539888475,2026-09-02T03:54:35.000Z,en,0,0
github,https://x.com/i/status/2094994995225022639,2026-09-02T03:45:04.000Z,en,5,0
github,https://x.com/i/status/2094991617199686136,2026-09-02T03:31:39.000Z,zh,8,3
github,https://x.com/i/status/2094991091640799285,2026-09-02T03:29:33.000Z,zh,7,0
github,https://x.com/i/status/2094990515104047226,2026-09-02T03:27:16.000Z,de,0,0
github,https://x.com/i/status/2094990416017842441,2026-09-02T03:26:52.000Z,en,0,0
github,https://x.com/i/status/2094990262703718650,2026-09-02T03:26:16.000Z,zh,0,0
github,https://x.com/i/status/2094989786385940710,2026-09-02T03:24:22.000Z,en,0,0
github,https://x.com/i/status/2094989606169219313,2026-09-02T03:23:39.000Z,ja,1,0
github,https://x.com/i/status/2094989314270572706,2026-09-02T03:22:30.000Z,zxx,42,4
github,https://x.com/i/status/2094988820601360870,2026-09-02T03:20:32.000Z,en,3,0
github,https://x.com/i/status/2094987799728644379,2026-09-02T03:16:29.000Z,en,18,11
github,https://x.com/i/status/2094987600205402158,2026-09-02T03:15:41.000Z,en,0,0
github,https://x.com/i/status/2094986863341928657,2026-09-02T03:12:45.000Z,ja,0,0
github,https://x.com/i/status/2094986715983393052,2026-09-02T03:12:10.000Z,en,1,0
github,https://x.com/i/status/2094986588367241390,2026-09-02T03:11:40.000Z,en,1,0
github,https://x.com/i/status/2094985655294284170,2026-09-02T03:07:57.000Z,ja,2,0
github,https://x.com/i/status/2094985107425923269,2026-09-02T03:05:47.000Z,en,1,0
github,https://x.com/i/status/2094985104779104401,2026-09-02T03:05:46.000Z,ja,0,0
github,https://x.com/i/status/2094984920619757570,2026-09-02T03:05:02.000Z,zh,2,0
github,https://x.com/i/status/2094984730269852100,2026-09-02T03:04:17.000Z,vi,6,0
github,https://x.com/i/status/2094983930587832591,2026-09-02T03:01:06.000Z,zh,0,0
github,https://x.com/i/status/2094983828129698242,2026-09-02T03:00:42.000Z,en,5,0
github,https://x.com/i/status/2094983670100828403,2026-09-02T03:00:04.000Z,ja,13,1
github,https://x.com/i/status/2094983656288727439,2026-09-02T03:00:01.000Z,ja,2,0
github,https://x.com/i/status/2094982688021307898,2026-09-02T02:56:10.000Z,en,3,0
github,https://x.com/i/status/2094982209526710406,2026-09-02T02:54:16.000Z,ja,0,0
github,https://x.com/i/status/2094982155386646988,2026-09-02T02:54:03.000Z,ja,1,0
github,https://x.com/i/status/2094980434539196446,2026-09-02T02:47:13.000Z,zh,13,2
github,https://x.com/i/status/2094980405317472356,2026-09-02T02:47:06.000Z,ja,0,0
github,https://x.com/i/status/2094980017000153097,2026-09-02T02:45:33.000Z,zxx,27,0
github,https://x.com/i/status/2094980012965232700,2026-09-02T02:45:32.000Z,en,0,0
github,https://x.com/i/status/2094979997337256338,2026-09-02T02:45:28.000Z,en,0,0
github,https://x.com/i/status/2094979687764402674,2026-09-02T02:44:15.000Z,en,0,0
tdd,https://x.com/i/status/2095016211918848319,2026-09-02T05:09:23.000Z,en,0,0
tdd,https://x.com/i/status/2095011089071079756,2026-09-02T04:49:01.000Z,en,11,4
tdd,https://x.com/i/status/2094982209526710406,2026-09-02T02:54:16.000Z,ja,0,0
tdd,https://x.com/i/status/2094980405317472356,2026-09-02T02:47:06.000Z,ja,0,0
tdd,https://x.com/i/status/2094972454259331310,2026-09-02T02:15:30.000Z,en,0,0
tdd,https://x.com/i/status/2094957767253795099,2026-09-02T01:17:08.000Z,zh,0,0
tdd,https://x.com/i/status/2094957765467021744,2026-09-02T01:17:08.000Z,zh,0,0
tdd,https://x.com/i/status/2094957745493672318,2026-09-02T01:17:03.000Z,zh,0,0
tdd,https://x.com/i/status/2094928274149290122,2026-09-01T23:19:57.000Z,en,1,0
tdd,https://x.com/i/status/2094891076863574022,2026-09-01T20:52:08.000Z,en,0,0
tdd,https://x.com/i/status/2094848666968223931,2026-09-01T18:03:37.000Z,en,1,0
tdd,https://x.com/i/status/2094844673525190831,2026-09-01T17:47:45.000Z,en,0,0
tdd,https://x.com/i/status/2094802556014965115,2026-09-01T15:00:23.000Z,en,2,0
tdd,https://x.com/i/status/2094759305077821553,2026-09-01T12:08:31.000Z,zh,0,0
tdd,https://x.com/i/status/2094727121302339792,2026-09-01T10:00:38.000Z,en,0,0
tdd,https://x.com/i/status/2094721184659333432,2026-09-01T09:37:03.000Z,ja,11,0
tdd,https://x.com/i/status/2094699367987077507,2026-09-01T08:10:21.000Z,en,0,0
tdd,https://x.com/i/status/2094697456944685454,2026-09-01T08:02:45.000Z,en,53,9
tdd,https://x.com/i/status/2094689572701814890,2026-09-01T07:31:26.000Z,zh,24,2
tdd,https://x.com/i/status/2094688207959163127,2026-09-01T07:26:00.000Z,ja,0,0
tdd,https://x.com/i/status/2094681345247293493,2026-09-01T06:58:44.000Z,zh,0,0
tdd,https://x.com/i/status/2094668760728605066,2026-09-01T06:08:44.000Z,en,219,22
tdd,https://x.com/i/status/2094614217890693391,2026-09-01T02:32:00.000Z,en,0,0
tdd,https://x.com/i/status/2094594634106507602,2026-09-01T01:14:11.000Z,zh,0,0
tdd,https://x.com/i/status/2094589612585038116,2026-09-01T00:54:13.000Z,zh,0,0
tdd,https://x.com/i/status/2094500717029675189,2026-08-31T19:00:59.000Z,en,0,0
tdd,https://x.com/i/status/2094488537022255446,2026-08-31T18:12:35.000Z,fr,39,0
tdd,https://x.com/i/status/2094466903544885673,2026-08-31T16:46:37.000Z,en,0,0
tdd,https://x.com/i/status/2094457102727102693,2026-08-31T16:07:41.000Z,en,0,0
tdd,https://x.com/i/status/2094447789417869731,2026-08-31T15:30:40.000Z,en,1,0
tdd,https://x.com/i/status/2094435959706144926,2026-08-31T14:43:40.000Z,en,2,0
tdd,https://x.com/i/status/2094431422165704810,2026-08-31T14:25:38.000Z,en,0,0
tdd,https://x.com/i/status/2094420043152891978,2026-08-31T13:40:25.000Z,en,1,0
tdd,https://x.com/i/status/2094403025636917421,2026-08-31T12:32:48.000Z,es,2630,391
tdd,https://x.com/i/status/2094400295690457502,2026-08-31T12:21:57.000Z,zh,32,5
tdd,https://x.com/i/status/2094356632889397715,2026-08-31T09:28:27.000Z,en,3,1
tdd,https://x.com/i/status/2094340804831490501,2026-08-31T08:25:33.000Z,en,0,0
tdd,https://x.com/i/status/2094327075003928776,2026-08-31T07:31:00.000Z,zh,26,0
tdd,https://x.com/i/status/2094313885214101707,2026-08-31T06:38:35.000Z,ja,1,0
tdd,https://x.com/i/status/2094304789391884727,2026-08-31T06:02:26.000Z,ja,0,0
tdd,https://x.com/i/status/2094304279117074464,2026-08-31T06:00:25.000Z,ja,2,0
tdd,https://x.com/i/status/2094249742502895661,2026-08-31T02:23:42.000Z,es,34,6
tdd,https://x.com/i/status/2094246844843077760,2026-08-31T02:12:11.000Z,en,1,0
tdd,https://x.com/i/status/2094237628346540244,2026-08-31T01:35:34.000Z,zh,0,0
tdd,https://x.com/i/status/2094118818134024204,2026-08-30T17:43:27.000Z,en,2,0
tdd,https://x.com/i/status/2094090345432649819,2026-08-30T15:50:19.000Z,en,0,0
tdd,https://x.com/i/status/2094071037663035819,2026-08-30T14:33:35.000Z,en,2,0
tdd,https://x.com/i/status/2094032412745556103,2026-08-30T12:00:07.000Z,es,1,0
tdd,https://x.com/i/status/2094027833505144919,2026-08-30T11:41:55.000Z,zh,193,44
tdd,https://x.com/i/status/2094018544648196374,2026-08-30T11:05:00.000Z,zh,2,0
tdd,https://x.com/i/status/2093975466487300336,2026-08-30T08:13:50.000Z,ja,21,1
tdd,https://x.com/i/status/2093834148444278823,2026-08-29T22:52:17.000Z,en,1,0
tdd,https://x.com/i/status/2093824507970556043,2026-08-29T22:13:58.000Z,en,25,4
tdd,https://x.com/i/status/2093793856068178216,2026-08-29T20:12:10.000Z,en,3,0
tdd,https://x.com/i/status/2093771795044163809,2026-08-29T18:44:30.000Z,en,2,0
tdd,https://x.com/i/status/2093764524016865666,2026-08-29T18:15:37.000Z,en,1,0
tdd,https://x.com/i/status/2093720945655792053,2026-08-29T15:22:27.000Z,en,0,0
tdd,https://x.com/i/status/2093692849993003479,2026-08-29T13:30:49.000Z,en,17,0
tdd,https://x.com/i/status/2093656709910651148,2026-08-29T11:07:12.000Z,en,0,0
tdd,https://x.com/i/status/2093647911964033207,2026-08-29T10:32:14.000Z,zh,34,4
tdd,https://x.com/i/status/2093611108385050704,2026-08-29T08:06:00.000Z,zh,2,0
tdd,https://x.com/i/status/2093571930393567590,2026-08-29T05:30:19.000Z,en,7,0
tdd,https://x.com/i/status/2093518497934356711,2026-08-29T01:58:00.000Z,en,1,0
tdd,https://x.com/i/status/2093489729698169069,2026-08-29T00:03:41.000Z,en,0,0
tdd,https://x.com/i/status/2093489111420051647,2026-08-29T00:01:13.000Z,es,13,1
tdd,https://x.com/i/status/2093477722815070565,2026-08-28T23:15:58.000Z,en,0,0
tdd,https://x.com/i/status/2093475363284246735,2026-08-28T23:06:36.000Z,en,0,0
tdd,https://x.com/i/status/2093461320699953591,2026-08-28T22:10:48.000Z,es,4,0
tdd,https://x.com/i/status/2093431891579871468,2026-08-28T20:13:51.000Z,en,0,0
tdd,https://x.com/i/status/2093374300136824870,2026-08-28T16:25:00.000Z,pt,2,0
tdd,https://x.com/i/status/2093351495865450683,2026-08-28T14:54:23.000Z,en,0,0
tdd,https://x.com/i/status/2093329741767905308,2026-08-28T13:27:57.000Z,pt,2,1
tdd,https://x.com/i/status/2093328157570990266,2026-08-28T13:21:39.000Z,en,0,0
tdd,https://x.com/i/status/2093325879359218109,2026-08-28T13:12:36.000Z,en,7,4
tdd,https://x.com/i/status/2093323290475450464,2026-08-28T13:02:19.000Z,en,17,2
tdd,https://x.com/i/status/2093301059540164941,2026-08-28T11:33:58.000Z,en,6,2
tdd,https://x.com/i/status/2093258190318092644,2026-08-28T08:43:38.000Z,fr,0,0
tdd,https://x.com/i/status/2093256004075139412,2026-08-28T08:34:56.000Z,zh,1,0
tdd,https://x.com/i/status/2093242932547772574,2026-08-28T07:43:00.000Z,fr,36,3
tdd,https://x.com/i/status/2093242330660872263,2026-08-28T07:40:36.000Z,zh,0,0
tdd,https://x.com/i/status/2093226332473761887,2026-08-28T06:37:02.000Z,en,0,0
tdd,https://x.com/i/status/2093118973487529988,2026-08-27T23:30:26.000Z,pt,11,1
tdd,https://x.com/i/status/2093043691590164689,2026-08-27T18:31:17.000Z,zxx,3,0
tdd,https://x.com/i/status/2093009261429510418,2026-08-27T16:14:28.000Z,en,0,0
tdd,https://x.com/i/status/2092988022790705470,2026-08-27T14:50:05.000Z,fr,8,0
tdd,https://x.com/i/status/2092963119337476137,2026-08-27T13:11:07.000Z,zxx,602,88
tdd,https://x.com/i/status/2092948308683878739,2026-08-27T12:12:16.000Z,zh,1,1
tdd,https://x.com/i/status/2092916532401627609,2026-08-27T10:06:00.000Z,en,0,0
tdd,https://x.com/i/status/2092862639172972676,2026-08-27T06:31:51.000Z,en,0,0
tdd,https://x.com/i/status/2092859296879202536,2026-08-27T06:18:34.000Z,ja,8,1
tdd,https://x.com/i/status/2092856999277187333,2026-08-27T06:09:26.000Z,en,1,0
tdd,https://x.com/i/status/2092787251281334593,2026-08-27T01:32:17.000Z,zh,91,10
tdd,https://x.com/i/status/2092751516880760890,2026-08-26T23:10:17.000Z,en,22,1
tdd,https://x.com/i/status/2092749464436187221,2026-08-26T23:02:08.000Z,ja,3,1
tdd,https://x.com/i/status/2092714030427455908,2026-08-26T20:41:20.000Z,en,0,0
tdd,https://x.com/i/status/2092681586487738578,2026-08-26T18:32:25.000Z,zxx,15,1
tdd,https://x.com/i/status/2092671594963390741,2026-08-26T17:52:42.000Z,en,2,0
tdd,https://x.com/i/status/2092638643039154269,2026-08-26T15:41:46.000Z,zh,11,1
tdd,https://x.com/i/status/2092590537245184066,2026-08-26T12:30:37.000Z,en,1,0
gog,https://x.com/i/status/2094842979932332262,2026-09-01T17:41:01.000Z,cy,1,1
gog,https://x.com/i/status/2094695644665655522,2026-09-01T07:55:33.000Z,en,1,0
gog,https://x.com/i/status/2093680109764899237,2026-08-29T12:40:11.000Z,en,3,0
gog,https://x.com/i/status/2093386484065960144,2026-08-28T17:13:25.000Z,en,1,0
gog,https://x.com/i/status/2093145987212874173,2026-08-28T01:17:46.000Z,en,0,0
gog,https://x.com/i/status/2092765152198168617,2026-08-27T00:04:28.000Z,en,0,0
gog,https://x.com/i/status/2092643235403272699,2026-08-26T16:00:01.000Z,en,1,0
gog,https://x.com/i/status/2092641785092714913,2026-08-26T15:54:15.000Z,zxx,11,4
gog,https://x.com/i/status/2092628800768983388,2026-08-26T15:02:39.000Z,en,0,0
gog,https://x.com/i/status/2092500858667680186,2026-08-26T06:34:16.000Z,en,2,1
agent-browser,https://x.com/i/status/2095021932601348438,2026-09-02T05:32:07.000Z,en,6,0
agent-browser,https://x.com/i/status/2095019619643752731,2026-09-02T05:22:55.000Z,tr,0,0
agent-browser,https://x.com/i/status/2095015032539209991,2026-09-02T05:04:41.000Z,ja,6,0
agent-browser,https://x.com/i/status/2094963457879904697,2026-09-02T01:39:45.000Z,en,1,0
agent-browser,https://x.com/i/status/2094957072349802659,2026-09-02T01:14:23.000Z,en,0,0
agent-browser,https://x.com/i/status/2094954843836223859,2026-09-02T01:05:31.000Z,en,152,0
agent-browser,https://x.com/i/status/2094950149525307892,2026-09-02T00:46:52.000Z,en,0,0
agent-browser,https://x.com/i/status/2094942052597530962,2026-09-02T00:14:42.000Z,en,0,0
agent-browser,https://x.com/i/status/2094895824039743521,2026-09-01T21:11:00.000Z,en,5,1
agent-browser,https://x.com/i/status/2094895346287624402,2026-09-01T21:09:06.000Z,en,1,0
agent-browser,https://x.com/i/status/2094893991602896921,2026-09-01T21:03:43.000Z,en,0,0
agent-browser,https://x.com/i/status/2094879769154179583,2026-09-01T20:07:12.000Z,en,0,0
agent-browser,https://x.com/i/status/2094879223953469508,2026-09-01T20:05:02.000Z,en,1,0
agent-browser,https://x.com/i/status/2094874269792588044,2026-09-01T19:45:21.000Z,en,7,0
agent-browser,https://x.com/i/status/2094873253819085299,2026-09-01T19:41:19.000Z,en,1,0
agent-browser,https://x.com/i/status/2094865867150610869,2026-09-01T19:11:58.000Z,en,0,0
agent-browser,https://x.com/i/status/2094861378951459019,2026-09-01T18:54:08.000Z,ca,0,0
agent-browser,https://x.com/i/status/2094855942051635436,2026-09-01T18:32:31.000Z,en,0,0
agent-browser,https://x.com/i/status/2094850913420599412,2026-09-01T18:12:32.000Z,en,27,0
agent-browser,https://x.com/i/status/2094850640253972706,2026-09-01T18:11:27.000Z,en,672,40
agent-browser,https://x.com/i/status/2094838498331083205,2026-09-01T17:23:12.000Z,en,1,0
agent-browser,https://x.com/i/status/2094836598483349853,2026-09-01T17:15:39.000Z,en,1,0
agent-browser,https://x.com/i/status/2094789865619792293,2026-09-01T14:09:57.000Z,ja,5,0
agent-browser,https://x.com/i/status/2094787365088678239,2026-09-01T14:00:01.000Z,en,0,0
agent-browser,https://x.com/i/status/2094777505160773677,2026-09-01T13:20:50.000Z,qme,0,0
agent-browser,https://x.com/i/status/2094777307671998811,2026-09-01T13:20:03.000Z,en,2,1
agent-browser,https://x.com/i/status/2094715925387985238,2026-09-01T09:16:09.000Z,zh,3,1
agent-browser,https://x.com/i/status/2094710687780012482,2026-09-01T08:55:20.000Z,en,0,0
agent-browser,https://x.com/i/status/2094704779314548779,2026-09-01T08:31:51.000Z,en,0,0
agent-browser,https://x.com/i/status/2094698640535146757,2026-09-01T08:07:28.000Z,en,0,0
agent-browser,https://x.com/i/status/2094692660900503572,2026-09-01T07:43:42.000Z,en,12,1
agent-browser,https://x.com/i/status/2094690722159190125,2026-09-01T07:36:00.000Z,ja,7,0
agent-browser,https://x.com/i/status/2094689578452218078,2026-09-01T07:31:27.000Z,en,2,0
agent-browser,https://x.com/i/status/2094688465913053571,2026-09-01T07:27:02.000Z,en,60,5
agent-browser,https://x.com/i/status/2094686154557710587,2026-09-01T07:17:51.000Z,ca,2,2
agent-browser,https://x.com/i/status/2094685900622246285,2026-09-01T07:16:50.000Z,en,2,0
agent-browser,https://x.com/i/status/2094677901173985682,2026-09-01T06:45:03.000Z,in,4,3
agent-browser,https://x.com/i/status/2094656038830272721,2026-09-01T05:18:11.000Z,zh,5,0
agent-browser,https://x.com/i/status/2094653825433108768,2026-09-01T05:09:23.000Z,en,0,0
agent-browser,https://x.com/i/status/2094653010228175053,2026-09-01T05:06:09.000Z,en,0,0
agent-browser,https://x.com/i/status/2094649718781452476,2026-09-01T04:53:04.000Z,ja,0,0
agent-browser,https://x.com/i/status/2094620618867999220,2026-09-01T02:57:26.000Z,en,1,0
agent-browser,https://x.com/i/status/2094561943210324097,2026-08-31T23:04:16.000Z,ja,1,0
agent-browser,https://x.com/i/status/2094552087262798086,2026-08-31T22:25:07.000Z,ja,1,1
agent-browser,https://x.com/i/status/2094550650189173158,2026-08-31T22:19:24.000Z,en,0,0
agent-browser,https://x.com/i/status/2094546270555693070,2026-08-31T22:02:00.000Z,ja,1,0
agent-browser,https://x.com/i/status/2094537935265677597,2026-08-31T21:28:53.000Z,en,1,0
agent-browser,https://x.com/i/status/2094503354147950912,2026-08-31T19:11:28.000Z,en,0,0
agent-browser,https://x.com/i/status/2094495521419210953,2026-08-31T18:40:20.000Z,en,1,0
agent-browser,https://x.com/i/status/2094493753314623683,2026-08-31T18:33:19.000Z,en,2,0
agent-browser,https://x.com/i/status/2094476880812405229,2026-08-31T17:26:16.000Z,en,0,0
agent-browser,https://x.com/i/status/2094462252107886731,2026-08-31T16:28:08.000Z,en,346,62
agent-browser,https://x.com/i/status/2094449469337325991,2026-08-31T15:37:21.000Z,en,0,0
agent-browser,https://x.com/i/status/2094448939164446764,2026-08-31T15:35:14.000Z,en,0,0
agent-browser,https://x.com/i/status/2094439161776218355,2026-08-31T14:56:23.000Z,en,1,0
agent-browser,https://x.com/i/status/2094376726633816199,2026-08-31T10:48:17.000Z,en,0,0
agent-browser,https://x.com/i/status/2094364895785496598,2026-08-31T10:01:17.000Z,en,1,0
agent-browser,https://x.com/i/status/2094364894539677705,2026-08-31T10:01:16.000Z,en,3,0
agent-browser,https://x.com/i/status/2094352712787701982,2026-08-31T09:12:52.000Z,en,0,0
agent-browser,https://x.com/i/status/2094352644777058507,2026-08-31T09:12:36.000Z,en,4,0
agent-browser,https://x.com/i/status/2094341935884603846,2026-08-31T08:30:03.000Z,en,37,12
agent-browser,https://x.com/i/status/2094301364939817335,2026-08-31T05:48:50.000Z,zh,0,0
agent-browser,https://x.com/i/status/2094300291130933254,2026-08-31T05:44:34.000Z,ja,7,0
agent-browser,https://x.com/i/status/2094294405981393157,2026-08-31T05:21:11.000Z,ja,3,1
agent-browser,https://x.com/i/status/2094265292893704377,2026-08-31T03:25:30.000Z,en,0,0
agent-browser,https://x.com/i/status/2094263953312690433,2026-08-31T03:20:10.000Z,zh,7,0
agent-browser,https://x.com/i/status/2094235350394912903,2026-08-31T01:26:31.000Z,ja,9,0
agent-browser,https://x.com/i/status/2094227486238556591,2026-08-31T00:55:16.000Z,zh,2,0
agent-browser,https://x.com/i/status/2094165186324140199,2026-08-30T20:47:42.000Z,en,3,0
agent-browser,https://x.com/i/status/2094119458742653369,2026-08-30T17:46:00.000Z,en,0,0
agent-browser,https://x.com/i/status/2094103001996620018,2026-08-30T16:40:36.000Z,en,0,0
agent-browser,https://x.com/i/status/2094092431708897453,2026-08-30T15:58:36.000Z,en,1,0
agent-browser,https://x.com/i/status/2094084372454666437,2026-08-30T15:26:35.000Z,en,0,0
agent-browser,https://x.com/i/status/2094075849725120830,2026-08-30T14:52:43.000Z,en,15,3
agent-browser,https://x.com/i/status/2094015729607848375,2026-08-30T10:53:49.000Z,ja,0,0
agent-browser,https://x.com/i/status/2094010265230520425,2026-08-30T10:32:06.000Z,en,0,0
agent-browser,https://x.com/i/status/2093987028643758576,2026-08-30T08:59:46.000Z,iw,1,0
agent-browser,https://x.com/i/status/2093963097300230432,2026-08-30T07:24:41.000Z,ja,11,0
agent-browser,https://x.com/i/status/2093913942116671599,2026-08-30T04:09:21.000Z,zh,1,0
agent-browser,https://x.com/i/status/2093812823671341562,2026-08-29T21:27:32.000Z,en,0,0
agent-browser,https://x.com/i/status/2093810917779632587,2026-08-29T21:19:58.000Z,en,0,0
agent-browser,https://x.com/i/status/2093790637061800406,2026-08-29T19:59:23.000Z,en,0,0
agent-browser,https://x.com/i/status/2093790547122991251,2026-08-29T19:59:01.000Z,en,12,3
agent-browser,https://x.com/i/status/2093764004569088295,2026-08-29T18:13:33.000Z,en,0,0
agent-browser,https://x.com/i/status/2093756124117741757,2026-08-29T17:42:14.000Z,en,0,0
agent-browser,https://x.com/i/status/2093735411638305142,2026-08-29T16:19:56.000Z,en,3,0
agent-browser,https://x.com/i/status/2093716694284046339,2026-08-29T15:05:33.000Z,en,0,0
agent-browser,https://x.com/i/status/2093659760780365919,2026-08-29T11:19:19.000Z,en,2,0
agent-browser,https://x.com/i/status/2093633375063933213,2026-08-29T09:34:29.000Z,en,1,0
agent-browser,https://x.com/i/status/2093629152200925265,2026-08-29T09:17:42.000Z,en,11,2
agent-browser,https://x.com/i/status/2093625557330337987,2026-08-29T09:03:25.000Z,en,1,0
agent-browser,https://x.com/i/status/2093607008687845412,2026-08-29T07:49:42.000Z,ja,0,0
agent-browser,https://x.com/i/status/2093557012533834190,2026-08-29T04:31:02.000Z,en,0,0
agent-browser,https://x.com/i/status/2093554677652529257,2026-08-29T04:21:46.000Z,en,3,0
agent-browser,https://x.com/i/status/2093550263915454731,2026-08-29T04:04:13.000Z,en,1,0
agent-browser,https://x.com/i/status/2093543692493856865,2026-08-29T03:38:07.000Z,ja,4,0
agent-browser,https://x.com/i/status/2093521929768759517,2026-08-29T02:11:38.000Z,en,0,0
agent-browser,https://x.com/i/status/2093485833244340507,2026-08-28T23:48:12.000Z,pt,4,0
agent-browser,https://x.com/i/status/2093481443070804421,2026-08-28T23:30:45.000Z,en,3,0
agent-browser,https://x.com/i/status/2093477886145474627,2026-08-28T23:16:37.000Z,en,93,3
skillscan,https://x.com/i/status/2093667944899158214,2026-08-29T11:51:51.000Z,en,0,0
setup-matt-pocock-skills,https://x.com/i/status/2094886432607256831,2026-09-01T20:33:41.000Z,zxx,114,14
setup-matt-pocock-skills,https://x.com/i/status/2094589612585038116,2026-09-01T00:54:13.000Z,zh,0,0
setup-matt-pocock-skills,https://x.com/i/status/2092495559743730005,2026-08-26T06:13:12.000Z,zh,135,28
proactive-agent,https://x.com/i/status/2095016474309967872,2026-09-02T05:10:25.000Z,en,1,0
proactive-agent,https://x.com/i/status/2094974678267814251,2026-09-02T02:24:20.000Z,en,0,0
proactive-agent,https://x.com/i/status/2094974262687789094,2026-09-02T02:22:41.000Z,en,0,0
proactive-agent,https://x.com/i/status/2094946616356606331,2026-09-02T00:32:50.000Z,en,0,0
proactive-agent,https://x.com/i/status/2094797441916710954,2026-09-01T14:40:04.000Z,en,0,0
proactive-agent,https://x.com/i/status/2094359899614626229,2026-08-31T09:41:26.000Z,zh,1,0
proactive-agent,https://x.com/i/status/2094236051531530413,2026-08-31T01:29:18.000Z,en,0,0
proactive-agent,https://x.com/i/status/2094011543721848850,2026-08-30T10:37:11.000Z,en,0,0
proactive-agent,https://x.com/i/status/2093891931835437178,2026-08-30T02:41:53.000Z,en,1,0
proactive-agent,https://x.com/i/status/2093787236043284929,2026-08-29T19:45:52.000Z,en,0,0
proactive-agent,https://x.com/i/status/2093786788628185328,2026-08-29T19:44:05.000Z,en,63,5
proactive-agent,https://x.com/i/status/2093677386659188742,2026-08-29T12:29:22.000Z,en,0,0
proactive-agent,https://x.com/i/status/2093635592274010318,2026-08-29T09:43:17.000Z,ja,1,0
proactive-agent,https://x.com/i/status/2093543741650850218,2026-08-29T03:38:18.000Z,en,1,0
proactive-agent,https://x.com/i/status/2093355153906671679,2026-08-28T15:08:56.000Z,en,3,0
proactive-agent,https://x.com/i/status/2093307961732903257,2026-08-28T12:01:24.000Z,en,16,1
proactive-agent,https://x.com/i/status/2093296477519094043,2026-08-28T11:15:46.000Z,zh,0,0
proactive-agent,https://x.com/i/status/2093285668088668495,2026-08-28T10:32:49.000Z,en,534,10
proactive-agent,https://x.com/i/status/2093206476026507331,2026-08-28T05:18:08.000Z,en,0,0
proactive-agent,https://x.com/i/status/2093152039668695305,2026-08-28T01:41:49.000Z,en,0,0
proactive-agent,https://x.com/i/status/2093137129299701773,2026-08-28T00:42:34.000Z,en,13,0
proactive-agent,https://x.com/i/status/2093060877159395792,2026-08-27T19:39:34.000Z,en,0,0
proactive-agent,https://x.com/i/status/2093018169904378062,2026-08-27T16:49:52.000Z,en,1,0
proactive-agent,https://x.com/i/status/2093011175613284676,2026-08-27T16:22:05.000Z,en,17,4
proactive-agent,https://x.com/i/status/2092977824072183955,2026-08-27T14:09:33.000Z,en,1,0
proactive-agent,https://x.com/i/status/2092863083882389789,2026-08-27T06:33:37.000Z,en,6,0
proactive-agent,https://x.com/i/status/2092789055322763333,2026-08-27T01:39:27.000Z,en,118,2
proactive-agent,https://x.com/i/status/2092705793724305886,2026-08-26T20:08:36.000Z,en,40,1
proactive-agent,https://x.com/i/status/2092683880059027691,2026-08-26T18:41:31.000Z,en,0,0
proactive-agent,https://x.com/i/status/2092663441806991683,2026-08-26T17:20:18.000Z,en,0,0
proactive-agent,https://x.com/i/status/2092592436250087631,2026-08-26T12:38:09.000Z,en,169,48
proactive-agent,https://x.com/i/status/2092591851236679712,2026-08-26T12:35:50.000Z,en,0,0
proactive-agent,https://x.com/i/status/2092591629576327238,2026-08-26T12:34:57.000Z,en,0,0
proactive-agent,https://x.com/i/status/2092589901300867256,2026-08-26T12:28:05.000Z,en,1,0
proactive-agent,https://x.com/i/status/2092494347094966338,2026-08-26T06:08:23.000Z,en,0,0
handoff,https://x.com/i/status/2095029281126514883,2026-09-02T06:01:19.000Z,en,0,0
handoff,https://x.com/i/status/2095024477843185772,2026-09-02T05:42:13.000Z,en,0,0
handoff,https://x.com/i/status/2095021040003072455,2026-09-02T05:28:34.000Z,en,0,0
handoff,https://x.com/i/status/2095017838553735604,2026-09-02T05:15:50.000Z,en,0,0
handoff,https://x.com/i/status/2095014327073800442,2026-09-02T05:01:53.000Z,en,0,0
handoff,https://x.com/i/status/2095007455721795716,2026-09-02T04:34:35.000Z,en,1,0
handoff,https://x.com/i/status/2095006158784438498,2026-09-02T04:29:26.000Z,en,1,0
handoff,https://x.com/i/status/2095003792521810095,2026-09-02T04:20:02.000Z,en,0,0
handoff,https://x.com/i/status/2095002334917190109,2026-09-02T04:14:14.000Z,en,0,0
handoff,https://x.com/i/status/2095000253162250646,2026-09-02T04:05:58.000Z,en,0,0
handoff,https://x.com/i/status/2094998147596689427,2026-09-02T03:57:36.000Z,en,1,0
handoff,https://x.com/i/status/2094997351807005055,2026-09-02T03:54:26.000Z,en,113,10
handoff,https://x.com/i/status/2094997096436830511,2026-09-02T03:53:25.000Z,en,0,0
handoff,https://x.com/i/status/2094997014597796085,2026-09-02T03:53:06.000Z,en,0,0
handoff,https://x.com/i/status/2094996631590498649,2026-09-02T03:51:34.000Z,en,0,0
handoff,https://x.com/i/status/2094986588367241390,2026-09-02T03:11:40.000Z,en,1,0
handoff,https://x.com/i/status/2094982658619252820,2026-09-02T02:56:03.000Z,en,0,0
handoff,https://x.com/i/status/2094982155386646988,2026-09-02T02:54:03.000Z,ja,1,0
handoff,https://x.com/i/status/2094977566327406680,2026-09-02T02:35:49.000Z,en,0,0
handoff,https://x.com/i/status/2094962066566402260,2026-09-02T01:34:13.000Z,en,7,3
handoff,https://x.com/i/status/2094962046336905306,2026-09-02T01:34:09.000Z,en,0,0
handoff,https://x.com/i/status/2094961746847191055,2026-09-02T01:32:57.000Z,en,0,0
handoff,https://x.com/i/status/2094961710457356487,2026-09-02T01:32:48.000Z,en,0,0
handoff,https://x.com/i/status/2094961183203971114,2026-09-02T01:30:43.000Z,en,3,0
handoff,https://x.com/i/status/2094960823164637586,2026-09-02T01:29:17.000Z,en,0,0
handoff,https://x.com/i/status/2094958184095940623,2026-09-02T01:18:48.000Z,en,0,0
handoff,https://x.com/i/status/2094956571193438527,2026-09-02T01:12:23.000Z,en,0,0
handoff,https://x.com/i/status/2094951173325541778,2026-09-02T00:50:56.000Z,en,1,0
handoff,https://x.com/i/status/2094949944465781039,2026-09-02T00:46:03.000Z,en,4,0
handoff,https://x.com/i/status/2094946813493047599,2026-09-02T00:33:37.000Z,zxx,1,0
handoff,https://x.com/i/status/2094943164142702723,2026-09-02T00:19:07.000Z,en,0,0
handoff,https://x.com/i/status/2094941669212721535,2026-09-02T00:13:10.000Z,en,0,0
handoff,https://x.com/i/status/2094939240438100236,2026-09-02T00:03:31.000Z,en,0,0
handoff,https://x.com/i/status/2094938426009379168,2026-09-02T00:00:17.000Z,en,0,0
handoff,https://x.com/i/status/2094937836139241571,2026-09-01T23:57:56.000Z,en,0,0
handoff,https://x.com/i/status/2094937811652890823,2026-09-01T23:57:51.000Z,en,2,0
handoff,https://x.com/i/status/2094931259428335866,2026-09-01T23:31:48.000Z,en,0,0
handoff,https://x.com/i/status/2094930327814713611,2026-09-01T23:28:06.000Z,en,0,0
handoff,https://x.com/i/status/2094928003083944097,2026-09-01T23:18:52.000Z,en,1,0
handoff,https://x.com/i/status/2094924764418871635,2026-09-01T23:06:00.000Z,en,3,1
handoff,https://x.com/i/status/2094920642961281489,2026-09-01T22:49:37.000Z,zxx,16,0
handoff,https://x.com/i/status/2094919228042133565,2026-09-01T22:44:00.000Z,en,2,0
handoff,https://x.com/i/status/2094917627583856742,2026-09-01T22:37:38.000Z,en,59,4
handoff,https://x.com/i/status/2094912797796626809,2026-09-01T22:18:27.000Z,en,0,0
handoff,https://x.com/i/status/2094912533853278235,2026-09-01T22:17:24.000Z,en,0,0
handoff,https://x.com/i/status/2094909235511382456,2026-09-01T22:04:17.000Z,en,0,0
handoff,https://x.com/i/status/2094908910134280583,2026-09-01T22:03:00.000Z,ja,43,2
handoff,https://x.com/i/status/2094906275238994425,2026-09-01T21:52:32.000Z,en,3,0
handoff,https://x.com/i/status/2094903399422844993,2026-09-01T21:41:06.000Z,en,0,0
handoff,https://x.com/i/status/2094901491551342875,2026-09-01T21:33:31.000Z,zxx,31,1
handoff,https://x.com/i/status/2094901095579730363,2026-09-01T21:31:57.000Z,en,6,1
handoff,https://x.com/i/status/2094898335043735937,2026-09-01T21:20:59.000Z,zxx,0,0
handoff,https://x.com/i/status/2094898318191272384,2026-09-01T21:20:55.000Z,en,0,0
handoff,https://x.com/i/status/2094895341166338159,2026-09-01T21:09:05.000Z,en,0,0
handoff,https://x.com/i/status/2094893124824805437,2026-09-01T21:00:16.000Z,en,0,0
handoff,https://x.com/i/status/2094891539067719873,2026-09-01T20:53:58.000Z,en,0,0
handoff,https://x.com/i/status/2094888223101046946,2026-09-01T20:40:48.000Z,en,15,0
handoff,https://x.com/i/status/2094887876295073967,2026-09-01T20:39:25.000Z,zxx,1,1
handoff,https://x.com/i/status/2094884966723457247,2026-09-01T20:27:51.000Z,en,7,3
handoff,https://x.com/i/status/2094884874897228109,2026-09-01T20:27:29.000Z,en,12,1
handoff,https://x.com/i/status/2094880341605707838,2026-09-01T20:09:29.000Z,en,0,0
handoff,https://x.com/i/status/2094879336855650545,2026-09-01T20:05:29.000Z,zxx,0,0
handoff,https://x.com/i/status/2094878737552527578,2026-09-01T20:03:06.000Z,en,1,0
handoff,https://x.com/i/status/2094878555977191893,2026-09-01T20:02:23.000Z,en,2,0
handoff,https://x.com/i/status/2094871802275123676,2026-09-01T19:35:33.000Z,zxx,0,0
handoff,https://x.com/i/status/2094867955268137368,2026-09-01T19:20:15.000Z,en,0,0
handoff,https://x.com/i/status/2094867244954354102,2026-09-01T19:17:26.000Z,en,1,0
handoff,https://x.com/i/status/2094866957111877828,2026-09-01T19:16:17.000Z,en,1,0
handoff,https://x.com/i/status/2094865520671543476,2026-09-01T19:10:35.000Z,en,0,0
handoff,https://x.com/i/status/2094865168866177412,2026-09-01T19:09:11.000Z,zxx,5,2
handoff,https://x.com/i/status/2094864933682860407,2026-09-01T19:08:15.000Z,en,0,0
handoff,https://x.com/i/status/2094864147133644829,2026-09-01T19:05:08.000Z,en,7,0
handoff,https://x.com/i/status/2094863450967027938,2026-09-01T19:02:22.000Z,en,0,0
handoff,https://x.com/i/status/2094861559642362204,2026-09-01T18:54:51.000Z,zxx,3,0
handoff,https://x.com/i/status/2094852713611747455,2026-09-01T18:19:42.000Z,en,1,0
handoff,https://x.com/i/status/2094852302674837649,2026-09-01T18:18:04.000Z,en,0,0
handoff,https://x.com/i/status/2094852263286059367,2026-09-01T18:17:54.000Z,en,19,0
handoff,https://x.com/i/status/2094851084129079311,2026-09-01T18:13:13.000Z,en,0,0
handoff,https://x.com/i/status/2094851066886262979,2026-09-01T18:13:09.000Z,en,0,0
handoff,https://x.com/i/status/2094848304425377883,2026-09-01T18:02:10.000Z,en,0,0
handoff,https://x.com/i/status/2094845901022097669,2026-09-01T17:52:37.000Z,en,0,0
handoff,https://x.com/i/status/2094845770339934467,2026-09-01T17:52:06.000Z,en,0,0
handoff,https://x.com/i/status/2094842369191391390,2026-09-01T17:38:35.000Z,zxx,0,0
handoff,https://x.com/i/status/2094840580119396553,2026-09-01T17:31:29.000Z,en,0,0
handoff,https://x.com/i/status/2094839333421449408,2026-09-01T17:26:31.000Z,en,0,0
handoff,https://x.com/i/status/2094838913537827309,2026-09-01T17:24:51.000Z,en,0,0
handoff,https://x.com/i/status/2094838898983940579,2026-09-01T17:24:48.000Z,zxx,41,6
handoff,https://x.com/i/status/2094837578381811859,2026-09-01T17:19:33.000Z,en,1,0
handoff,https://x.com/i/status/2094837547075600657,2026-09-01T17:19:26.000Z,en,1,0
handoff,https://x.com/i/status/2094834359106764866,2026-09-01T17:06:46.000Z,zxx,37,18
handoff,https://x.com/i/status/2094833331183759612,2026-09-01T17:02:40.000Z,en,268,80
handoff,https://x.com/i/status/2094831739298570278,2026-09-01T16:56:21.000Z,en,0,0
handoff,https://x.com/i/status/2094829337942143265,2026-09-01T16:46:48.000Z,en,0,0
handoff,https://x.com/i/status/2094825341370220846,2026-09-01T16:30:56.000Z,en,0,0
handoff,https://x.com/i/status/2094825113258500231,2026-09-01T16:30:01.000Z,en,0,0
handoff,https://x.com/i/status/2094824354240676198,2026-09-01T16:27:00.000Z,en,0,1
handoff,https://x.com/i/status/2094823263688171901,2026-09-01T16:22:40.000Z,en,0,0
handoff,https://x.com/i/status/2094823205579935803,2026-09-01T16:22:26.000Z,en,0,0
handoff,https://x.com/i/status/2094823137720545678,2026-09-01T16:22:10.000Z,en,5,0
handoff,https://x.com/i/status/2094821750693335418,2026-09-01T16:16:39.000Z,en,1,0
weather,https://x.com/i/status/2095021899638243687,2026-09-02T05:31:59.000Z,en,1,0
weather,https://x.com/i/status/2095004697346097441,2026-09-02T04:23:37.000Z,en,67,3
weather,https://x.com/i/status/2094992065373323700,2026-09-02T03:33:26.000Z,en,1,0
weather,https://x.com/i/status/2094969981687517694,2026-09-02T02:05:40.000Z,en,8,0
weather,https://x.com/i/status/2094957646923403619,2026-09-02T01:16:40.000Z,en,0,0
weather,https://x.com/i/status/2094956393568915525,2026-09-02T01:11:41.000Z,en,0,0
weather,https://x.com/i/status/2094955466610585914,2026-09-02T01:08:00.000Z,zh,1,0
weather,https://x.com/i/status/2094950241879433301,2026-09-02T00:47:14.000Z,en,8,0
weather,https://x.com/i/status/2094943587230273760,2026-09-02T00:20:48.000Z,en,1,0
weather,https://x.com/i/status/2094934353453396153,2026-09-01T23:44:06.000Z,en,0,0
weather,https://x.com/i/status/2094919063894180330,2026-09-01T22:43:21.000Z,zxx,0,1
weather,https://x.com/i/status/2094914412674941077,2026-09-01T22:24:52.000Z,en,2,0
weather,https://x.com/i/status/2094910463779983770,2026-09-01T22:09:10.000Z,en,1,0
weather,https://x.com/i/status/2094908439650525615,2026-09-01T22:01:08.000Z,en,0,0
weather,https://x.com/i/status/2094905641638982068,2026-09-01T21:50:01.000Z,en,2,2
weather,https://x.com/i/status/2094900025700536741,2026-09-01T21:27:42.000Z,en,1,0
weather,https://x.com/i/status/2094892841717891405,2026-09-01T20:59:09.000Z,zxx,1,0
weather,https://x.com/i/status/2094890471869010044,2026-09-01T20:49:44.000Z,en,0,0
weather,https://x.com/i/status/2094888622994649217,2026-09-01T20:42:23.000Z,zxx,3,0
weather,https://x.com/i/status/2094870448274116790,2026-09-01T19:30:10.000Z,zxx,0,0
weather,https://x.com/i/status/2094867836552232990,2026-09-01T19:19:47.000Z,en,0,0
weather,https://x.com/i/status/2094865375611507141,2026-09-01T19:10:00.000Z,en,0,0
weather,https://x.com/i/status/2094863194305036470,2026-09-01T19:01:20.000Z,en,1,0
weather,https://x.com/i/status/2094858310860279974,2026-09-01T18:41:56.000Z,en,13,2
weather,https://x.com/i/status/2094854741163376653,2026-09-01T18:27:45.000Z,en,0,0
weather,https://x.com/i/status/2094853653035094026,2026-09-01T18:23:26.000Z,en,0,0
weather,https://x.com/i/status/2094849882410365088,2026-09-01T18:08:27.000Z,en,0,0
weather,https://x.com/i/status/2094845783350653254,2026-09-01T17:52:09.000Z,en,3,3
weather,https://x.com/i/status/2094845524608172312,2026-09-01T17:51:08.000Z,en,0,0
weather,https://x.com/i/status/2094845059900355037,2026-09-01T17:49:17.000Z,en,7,4
weather,https://x.com/i/status/2094837656270131248,2026-09-01T17:19:52.000Z,en,1,0
weather,https://x.com/i/status/2094835085224685908,2026-09-01T17:09:39.000Z,en,1,0
weather,https://x.com/i/status/2094833993971818709,2026-09-01T17:05:18.000Z,en,1,0
weather,https://x.com/i/status/2094826030041383016,2026-09-01T16:33:40.000Z,zxx,0,0
weather,https://x.com/i/status/2094821564483256374,2026-09-01T16:15:55.000Z,en,17,3
weather,https://x.com/i/status/2094811762545586442,2026-09-01T15:36:58.000Z,zxx,15,0
weather,https://x.com/i/status/2094810156508844388,2026-09-01T15:30:35.000Z,en,0,0
weather,https://x.com/i/status/2094808673688174611,2026-09-01T15:24:42.000Z,en,0,0
weather,https://x.com/i/status/2094800474339959275,2026-09-01T14:52:07.000Z,en,0,0
weather,https://x.com/i/status/2094800172593164340,2026-09-01T14:50:55.000Z,en,1,1
weather,https://x.com/i/status/2094797994344243453,2026-09-01T14:42:15.000Z,en,1,0
weather,https://x.com/i/status/2094797476951949445,2026-09-01T14:40:12.000Z,en,1,0
weather,https://x.com/i/status/2094792932826214485,2026-09-01T14:22:09.000Z,en,4,0
weather,https://x.com/i/status/2094792375381922040,2026-09-01T14:19:56.000Z,en,6,0
weather,https://x.com/i/status/2094789827296202890,2026-09-01T14:09:48.000Z,en,0,0
weather,https://x.com/i/status/2094784229426999781,2026-09-01T13:47:34.000Z,en,0,0
weather,https://x.com/i/status/2094780718274453520,2026-09-01T13:33:37.000Z,en,0,0
weather,https://x.com/i/status/2094777745989365933,2026-09-01T13:21:48.000Z,zxx,1,0
weather,https://x.com/i/status/2094774786010357920,2026-09-01T13:10:02.000Z,en,7,1
weather,https://x.com/i/status/2094769996287353261,2026-09-01T12:51:00.000Z,en,0,0
weather,https://x.com/i/status/2094767499556335830,2026-09-01T12:41:05.000Z,en,3,0
weather,https://x.com/i/status/2094767393058783376,2026-09-01T12:40:40.000Z,zxx,0,0
weather,https://x.com/i/status/2094761007541604670,2026-09-01T12:15:17.000Z,en,2,1
weather,https://x.com/i/status/2094754434995691762,2026-09-01T11:49:10.000Z,en,1,0
weather,https://x.com/i/status/2094751817468887186,2026-09-01T11:38:46.000Z,zxx,3,0
weather,https://x.com/i/status/2094751009226580234,2026-09-01T11:35:33.000Z,en,0,0
weather,https://x.com/i/status/2094743245138128968,2026-09-01T11:04:42.000Z,en,1,0
weather,https://x.com/i/status/2094742656135954692,2026-09-01T11:02:22.000Z,en,0,0
weather,https://x.com/i/status/2094740120616251769,2026-09-01T10:52:17.000Z,en,0,0
weather,https://x.com/i/status/2094731572972855755,2026-09-01T10:18:19.000Z,ru,0,0
weather,https://x.com/i/status/2094729461174612478,2026-09-01T10:09:56.000Z,en,5,2
weather,https://x.com/i/status/2094714597882142995,2026-09-01T09:10:52.000Z,en,10,0
weather,https://x.com/i/status/2094705814317752701,2026-09-01T08:35:58.000Z,en,70,9
weather,https://x.com/i/status/2094697744216801667,2026-09-01T08:03:54.000Z,en,0,0
weather,https://x.com/i/status/2094693747707531756,2026-09-01T07:48:01.000Z,en,0,0
weather,https://x.com/i/status/2094689724241711259,2026-09-01T07:32:02.000Z,zxx,0,0
weather,https://x.com/i/status/2094684244308025817,2026-09-01T07:10:15.000Z,en,2,0
weather,https://x.com/i/status/2094681469599859031,2026-09-01T06:59:14.000Z,en,2,0
weather,https://x.com/i/status/2094678800743141461,2026-09-01T06:48:38.000Z,en,2,0
weather,https://x.com/i/status/2094678362669396200,2026-09-01T06:46:53.000Z,en,365,2
weather,https://x.com/i/status/2094671687727906927,2026-09-01T06:20:22.000Z,en,1,0
weather,https://x.com/i/status/2094668455991792119,2026-09-01T06:07:31.000Z,en,14,1
weather,https://x.com/i/status/2094668292237713823,2026-09-01T06:06:52.000Z,en,0,0
weather,https://x.com/i/status/2094660162283810996,2026-09-01T05:34:34.000Z,en,6,1
weather,https://x.com/i/status/2094652394567336140,2026-09-01T05:03:42.000Z,en,31,3
weather,https://x.com/i/status/2094647910516572599,2026-09-01T04:45:53.000Z,en,3,0
weather,https://x.com/i/status/2094627586127081491,2026-09-01T03:25:07.000Z,en,0,0
weather,https://x.com/i/status/2094620509262754273,2026-09-01T02:57:00.000Z,zh,31,0
weather,https://x.com/i/status/2094618898792362364,2026-09-01T02:50:36.000Z,en,2,0
weather,https://x.com/i/status/2094618855046041627,2026-09-01T02:50:25.000Z,en,1,0
weather,https://x.com/i/status/2094618535985074586,2026-09-01T02:49:09.000Z,en,2,0
weather,https://x.com/i/status/2094614874781319413,2026-09-01T02:34:36.000Z,zxx,2,0
weather,https://x.com/i/status/2094614494357983376,2026-09-01T02:33:06.000Z,en,0,0
weather,https://x.com/i/status/2094592771093057988,2026-09-01T01:06:46.000Z,zxx,6,2
weather,https://x.com/i/status/2094592575223300276,2026-09-01T01:06:00.000Z,en,4,3
weather,https://x.com/i/status/2094586792079249542,2026-09-01T00:43:01.000Z,zxx,11,1
weather,https://x.com/i/status/2094585219752096250,2026-09-01T00:36:46.000Z,en,132,2
weather,https://x.com/i/status/2094575613567025266,2026-08-31T23:58:36.000Z,en,1,0
weather,https://x.com/i/status/2094571320625201525,2026-08-31T23:41:32.000Z,en,1,1
weather,https://x.com/i/status/2094570292605514173,2026-08-31T23:37:27.000Z,en,1,1
weather,https://x.com/i/status/2094563259353624840,2026-08-31T23:09:30.000Z,en,0,0
weather,https://x.com/i/status/2094556742353129671,2026-08-31T22:43:37.000Z,en,1,0
weather,https://x.com/i/status/2094554677094515152,2026-08-31T22:35:24.000Z,zxx,0,0
weather,https://x.com/i/status/2094545159820022071,2026-08-31T21:57:35.000Z,en,17,0
weather,https://x.com/i/status/2094543234483851301,2026-08-31T21:49:56.000Z,en,1,0
weather,https://x.com/i/status/2094538832876068877,2026-08-31T21:32:27.000Z,en,0,0
weather,https://x.com/i/status/2094536913432756695,2026-08-31T21:24:49.000Z,en,2,0
weather,https://x.com/i/status/2094529444212035835,2026-08-31T20:55:08.000Z,en,1,0
weather,https://x.com/i/status/2094529312104051080,2026-08-31T20:54:37.000Z,en,50,2
weather,https://x.com/i/status/2094529073435525232,2026-08-31T20:53:40.000Z,en,52,1
triage,https://x.com/i/status/2095031036027523441,2026-09-02T06:08:17.000Z,en,0,0
triage,https://x.com/i/status/2095007056449454508,2026-09-02T04:33:00.000Z,en,0,0
triage,https://x.com/i/status/2094997392768774493,2026-09-02T03:54:36.000Z,zxx,0,0
triage,https://x.com/i/status/2094996515148173376,2026-09-02T03:51:07.000Z,en,7,2
triage,https://x.com/i/status/2094991483124224057,2026-09-02T03:31:07.000Z,en,0,0
triage,https://x.com/i/status/2094984463331598743,2026-09-02T03:03:13.000Z,en,12,0
triage,https://x.com/i/status/2094978445683855775,2026-09-02T02:39:18.000Z,en,0,0
triage,https://x.com/i/status/2094970183412588562,2026-09-02T02:06:29.000Z,en,3,0
triage,https://x.com/i/status/2094969068818186427,2026-09-02T02:02:03.000Z,en,0,0
triage,https://x.com/i/status/2094961994608820506,2026-09-02T01:33:56.000Z,en,0,0
triage,https://x.com/i/status/2094954451194814526,2026-09-02T01:03:58.000Z,en,4,0
triage,https://x.com/i/status/2094937274232516699,2026-09-01T23:55:42.000Z,en,0,0
triage,https://x.com/i/status/2094932356956062018,2026-09-01T23:36:10.000Z,en,2,0
triage,https://x.com/i/status/2094929461560881663,2026-09-01T23:24:40.000Z,en,2,0
triage,https://x.com/i/status/2094914027361046943,2026-09-01T22:23:20.000Z,en,29,0
triage,https://x.com/i/status/2094902477099614259,2026-09-01T21:37:26.000Z,zxx,74,4
triage,https://x.com/i/status/2094901114089226563,2026-09-01T21:32:01.000Z,en,4,0
triage,https://x.com/i/status/2094900366693515308,2026-09-01T21:29:03.000Z,en,0,0
triage,https://x.com/i/status/2094899574074655103,2026-09-01T21:25:54.000Z,en,0,0
triage,https://x.com/i/status/2094894641342517285,2026-09-01T21:06:18.000Z,en,1,0
triage,https://x.com/i/status/2094894105889239049,2026-09-01T21:04:10.000Z,zxx,48,7
triage,https://x.com/i/status/2094893382887710968,2026-09-01T21:01:18.000Z,en,1,0
triage,https://x.com/i/status/2094863704034590958,2026-09-01T19:03:22.000Z,en,0,0
triage,https://x.com/i/status/2094863635210191296,2026-09-01T19:03:05.000Z,en,1,0
triage,https://x.com/i/status/2094840734201552945,2026-09-01T17:32:05.000Z,en,4,1
triage,https://x.com/i/status/2094833869245534553,2026-09-01T17:04:49.000Z,en,6,0
triage,https://x.com/i/status/2094831229753311353,2026-09-01T16:54:19.000Z,en,0,0
triage,https://x.com/i/status/2094823137720545678,2026-09-01T16:22:10.000Z,en,5,0
triage,https://x.com/i/status/2094788938812580280,2026-09-01T14:06:16.000Z,en,6,0
triage,https://x.com/i/status/2094786026329821529,2026-09-01T13:54:42.000Z,en,15,2
triage,https://x.com/i/status/2094782941557571741,2026-09-01T13:42:27.000Z,en,13,1
triage,https://x.com/i/status/2094778924110958689,2026-09-01T13:26:29.000Z,en,0,0
triage,https://x.com/i/status/2094777203984896418,2026-09-01T13:19:39.000Z,zh,75,14
triage,https://x.com/i/status/2094776757115077034,2026-09-01T13:17:52.000Z,en,33,2
triage,https://x.com/i/status/2094768423167533058,2026-09-01T12:44:45.000Z,en,4,1
triage,https://x.com/i/status/2094767266667884866,2026-09-01T12:40:09.000Z,zxx,0,0
triage,https://x.com/i/status/2094752350443614237,2026-09-01T11:40:53.000Z,en,4,0
triage,https://x.com/i/status/2094742077783335352,2026-09-01T11:00:04.000Z,en,2,0
triage,https://x.com/i/status/2094741241837617310,2026-09-01T10:56:45.000Z,en,0,0
triage,https://x.com/i/status/2094739173949218908,2026-09-01T10:48:32.000Z,en,1,0
triage,https://x.com/i/status/2094727313057300561,2026-09-01T10:01:24.000Z,en,0,0
triage,https://x.com/i/status/2094727121302339792,2026-09-01T10:00:38.000Z,en,0,0
triage,https://x.com/i/status/2094725287842070782,2026-09-01T09:53:21.000Z,en,16,3
triage,https://x.com/i/status/2094723882196545576,2026-09-01T09:47:46.000Z,zxx,1,0
triage,https://x.com/i/status/2094719424242856390,2026-09-01T09:30:03.000Z,en,77,5
triage,https://x.com/i/status/2094716048801161516,2026-09-01T09:16:38.000Z,en,0,0
triage,https://x.com/i/status/2094715636366635035,2026-09-01T09:15:00.000Z,en,2,0
triage,https://x.com/i/status/2094713710853902543,2026-09-01T09:07:21.000Z,en,68,13
triage,https://x.com/i/status/2094698902272331904,2026-09-01T08:08:30.000Z,en,0,0
triage,https://x.com/i/status/2094692653031936385,2026-09-01T07:43:40.000Z,en,0,0
triage,https://x.com/i/status/2094688584728977480,2026-09-01T07:27:30.000Z,en,0,0
triage,https://x.com/i/status/2094683504428880119,2026-09-01T07:07:19.000Z,en,0,0
triage,https://x.com/i/status/2094671367232798849,2026-09-01T06:19:05.000Z,zxx,329,21
triage,https://x.com/i/status/2094664455472701576,2026-09-01T05:51:37.000Z,en,6,0
triage,https://x.com/i/status/2094646359089701289,2026-09-01T04:39:43.000Z,zxx,1,0
triage,https://x.com/i/status/2094636471907131809,2026-09-01T04:00:26.000Z,zh,1,0
triage,https://x.com/i/status/2094630969588457775,2026-09-01T03:38:34.000Z,zxx,0,0
triage,https://x.com/i/status/2094629087352410151,2026-09-01T03:31:05.000Z,en,0,0
triage,https://x.com/i/status/2094615995126038594,2026-09-01T02:39:03.000Z,en,1,0
triage,https://x.com/i/status/2094611044609978588,2026-09-01T02:19:23.000Z,en,1,0
triage,https://x.com/i/status/2094595377018380619,2026-09-01T01:17:08.000Z,en,37,4
triage,https://x.com/i/status/2094594577445294500,2026-09-01T01:13:57.000Z,en,27,5
triage,https://x.com/i/status/2094593086894587988,2026-09-01T01:08:02.000Z,en,0,0
triage,https://x.com/i/status/2094589612585038116,2026-09-01T00:54:13.000Z,zh,0,0
triage,https://x.com/i/status/2094589035297570821,2026-09-01T00:51:56.000Z,en,0,0
triage,https://x.com/i/status/2094588625333756317,2026-09-01T00:50:18.000Z,zxx,0,0
triage,https://x.com/i/status/2094583604240126073,2026-09-01T00:30:21.000Z,en,1,0
triage,https://x.com/i/status/2094563367075631568,2026-08-31T23:09:56.000Z,en,14,0
triage,https://x.com/i/status/2094561139573301627,2026-08-31T23:01:05.000Z,en,2,0
triage,https://x.com/i/status/2094558959268983218,2026-08-31T22:52:25.000Z,en,4,0
triage,https://x.com/i/status/2094557265911337241,2026-08-31T22:45:41.000Z,en,1,0
triage,https://x.com/i/status/2094552874235592916,2026-08-31T22:28:14.000Z,en,2,0
triage,https://x.com/i/status/2094519279811186791,2026-08-31T20:14:45.000Z,zxx,15,1
triage,https://x.com/i/status/2094516827594670425,2026-08-31T20:05:00.000Z,en,70,5
triage,https://x.com/i/status/2094508028091609486,2026-08-31T19:30:02.000Z,en,417,31
triage,https://x.com/i/status/2094507729947873422,2026-08-31T19:28:51.000Z,en,68,5
triage,https://x.com/i/status/2094507214715179361,2026-08-31T19:26:48.000Z,en,0,2
triage,https://x.com/i/status/2094507214119596216,2026-08-31T19:26:48.000Z,en,3,0
triage,https://x.com/i/status/2094502000297746821,2026-08-31T19:06:05.000Z,en,17,3
triage,https://x.com/i/status/2094498682200887805,2026-08-31T18:52:54.000Z,en,1,0
triage,https://x.com/i/status/2094497079574077584,2026-08-31T18:46:32.000Z,en,8,3
triage,https://x.com/i/status/2094496463879315957,2026-08-31T18:44:05.000Z,en,0,0
triage,https://x.com/i/status/2094495114089660681,2026-08-31T18:38:43.000Z,en,0,0
triage,https://x.com/i/status/2094488947728519488,2026-08-31T18:14:13.000Z,en,1,0
triage,https://x.com/i/status/2094485528716656750,2026-08-31T18:00:38.000Z,en,0,0
triage,https://x.com/i/status/2094484008457625719,2026-08-31T17:54:35.000Z,en,9,2
triage,https://x.com/i/status/2094483919605469650,2026-08-31T17:54:14.000Z,zxx,2,1
triage,https://x.com/i/status/2094477988138287169,2026-08-31T17:30:40.000Z,en,1,0
triage,https://x.com/i/status/2094477323525320841,2026-08-31T17:28:02.000Z,en,1,0
triage,https://x.com/i/status/2094471323326021871,2026-08-31T17:04:11.000Z,en,1,0
triage,https://x.com/i/status/2094467582614962345,2026-08-31T16:49:19.000Z,zxx,103,7
triage,https://x.com/i/status/2094458114624098482,2026-08-31T16:11:42.000Z,en,4,1
triage,https://x.com/i/status/2094456917905014885,2026-08-31T16:06:57.000Z,en,2,0
triage,https://x.com/i/status/2094455790430040146,2026-08-31T16:02:28.000Z,en,2,1
triage,https://x.com/i/status/2094443437336727970,2026-08-31T15:13:22.000Z,en,4,1
triage,https://x.com/i/status/2094439125700997425,2026-08-31T14:56:15.000Z,en,1,0
triage,https://x.com/i/status/2094438470953599023,2026-08-31T14:53:38.000Z,en,2,0
triage,https://x.com/i/status/2094428799567880298,2026-08-31T14:15:13.000Z,en,24,1
triage,https://x.com/i/status/2094425120974446767,2026-08-31T14:00:36.000Z,en,78,7
triage,https://x.com/i/status/2094418956278722842,2026-08-31T13:36:06.000Z,en,1,0
multi-search-engine,https://x.com/i/status/2092893379118113060,2026-08-27T08:34:00.000Z,zh,20,0
prototype,https://x.com/i/status/2095028697422287108,2026-09-02T05:58:59.000Z,en,0,0
prototype,https://x.com/i/status/2095013132859256945,2026-09-02T04:57:08.000Z,zxx,1,0
prototype,https://x.com/i/status/2095010951447634048,2026-09-02T04:48:28.000Z,en,3,4
prototype,https://x.com/i/status/2095010711172788661,2026-09-02T04:47:31.000Z,en,1,0
prototype,https://x.com/i/status/2095007194886316469,2026-09-02T04:33:33.000Z,en,0,0
prototype,https://x.com/i/status/2095006158784438498,2026-09-02T04:29:26.000Z,en,1,0
prototype,https://x.com/i/status/2094986126138519894,2026-09-02T03:09:50.000Z,zh,0,0
prototype,https://x.com/i/status/2094978163088429141,2026-09-02T02:38:11.000Z,en,0,1
prototype,https://x.com/i/status/2094969600869867651,2026-09-02T02:04:10.000Z,en,8,0
prototype,https://x.com/i/status/2094957535384179192,2026-09-02T01:16:13.000Z,ja,0,0
prototype,https://x.com/i/status/2094949450196090988,2026-09-02T00:44:05.000Z,en,27,1
prototype,https://x.com/i/status/2094949048960823746,2026-09-02T00:42:30.000Z,zxx,3,0
prototype,https://x.com/i/status/2094932317081051468,2026-09-01T23:36:01.000Z,zxx,1,0
prototype,https://x.com/i/status/2094931815064612959,2026-09-01T23:34:01.000Z,en,12,1
prototype,https://x.com/i/status/2094924506938691788,2026-09-01T23:04:58.000Z,en,0,0
prototype,https://x.com/i/status/2094915186192691391,2026-09-01T22:27:56.000Z,en,0,0
prototype,https://x.com/i/status/2094912715613511888,2026-09-01T22:18:07.000Z,en,0,0
prototype,https://x.com/i/status/2094912511841587525,2026-09-01T22:17:19.000Z,en,1,0
prototype,https://x.com/i/status/2094908910134280583,2026-09-01T22:03:00.000Z,ja,43,2
prototype,https://x.com/i/status/2094905337061228852,2026-09-01T21:48:48.000Z,en,3,0
prototype,https://x.com/i/status/2094903409254236230,2026-09-01T21:41:08.000Z,en,16,1
prototype,https://x.com/i/status/2094901005997502494,2026-09-01T21:31:35.000Z,en,2,0
prototype,https://x.com/i/status/2094892648871899228,2026-09-01T20:58:23.000Z,en,0,0
prototype,https://x.com/i/status/2094891197353308189,2026-09-01T20:52:37.000Z,en,0,0
prototype,https://x.com/i/status/2094889381597204582,2026-09-01T20:45:24.000Z,zxx,1,0
prototype,https://x.com/i/status/2094886432607256831,2026-09-01T20:33:41.000Z,zxx,114,14
prototype,https://x.com/i/status/2094879451641225259,2026-09-01T20:05:56.000Z,en,0,0
prototype,https://x.com/i/status/2094878751347945846,2026-09-01T20:03:09.000Z,en,32,0
prototype,https://x.com/i/status/2094872181083631734,2026-09-01T19:37:03.000Z,en,1,0
prototype,https://x.com/i/status/2094869518044823778,2026-09-01T19:26:28.000Z,en,49,3
prototype,https://x.com/i/status/2094858637890248804,2026-09-01T18:43:14.000Z,en,1,0
prototype,https://x.com/i/status/2094857930504114229,2026-09-01T18:40:25.000Z,en,1,0
prototype,https://x.com/i/status/2094857416760307852,2026-09-01T18:38:23.000Z,zxx,3,0
prototype,https://x.com/i/status/2094854761119936980,2026-09-01T18:27:50.000Z,en,0,0
prototype,https://x.com/i/status/2094854619121999971,2026-09-01T18:27:16.000Z,zxx,145,21
prototype,https://x.com/i/status/2094852508846022793,2026-09-01T18:18:53.000Z,en,0,0
prototype,https://x.com/i/status/2094851379319935436,2026-09-01T18:14:23.000Z,ja,1,0
prototype,https://x.com/i/status/2094847760662966625,2026-09-01T18:00:01.000Z,en,0,0
prototype,https://x.com/i/status/2094840979295526916,2026-09-01T17:33:04.000Z,en,0,0
prototype,https://x.com/i/status/2094839428963578305,2026-09-01T17:26:54.000Z,en,1,0
prototype,https://x.com/i/status/2094835669281771746,2026-09-01T17:11:58.000Z,en,5,0
prototype,https://x.com/i/status/2094831781149024717,2026-09-01T16:56:31.000Z,en,4,0
prototype,https://x.com/i/status/2094829740469186915,2026-09-01T16:48:24.000Z,zxx,0,0
prototype,https://x.com/i/status/2094825158456303874,2026-09-01T16:30:12.000Z,en,2,0
prototype,https://x.com/i/status/2094822032332488723,2026-09-01T16:17:47.000Z,en,3,1
prototype,https://x.com/i/status/2094820973333623016,2026-09-01T16:13:34.000Z,en,3,0
prototype,https://x.com/i/status/2094817857821704659,2026-09-01T16:01:11.000Z,en,234,17
prototype,https://x.com/i/status/2094816871967064399,2026-09-01T15:57:16.000Z,en,38,0
prototype,https://x.com/i/status/2094813450023346652,2026-09-01T15:43:40.000Z,en,0,0
prototype,https://x.com/i/status/2094810009687265406,2026-09-01T15:30:00.000Z,en,0,0
prototype,https://x.com/i/status/2094807097204478186,2026-09-01T15:18:26.000Z,en,47,4
prototype,https://x.com/i/status/2094805769686237395,2026-09-01T15:13:09.000Z,en,28,1
prototype,https://x.com/i/status/2094805230835900707,2026-09-01T15:11:01.000Z,en,0,0
prototype,https://x.com/i/status/2094801937090892070,2026-09-01T14:57:55.000Z,zxx,1,0
prototype,https://x.com/i/status/2094796450827747683,2026-09-01T14:36:07.000Z,en,0,0
prototype,https://x.com/i/status/2094796314265485805,2026-09-01T14:35:35.000Z,en,4,0
prototype,https://x.com/i/status/2094795765969572175,2026-09-01T14:33:24.000Z,zxx,1,0
prototype,https://x.com/i/status/2094794910524211705,2026-09-01T14:30:00.000Z,en,4,0
prototype,https://x.com/i/status/2094794329386582264,2026-09-01T14:27:42.000Z,en,0,0
prototype,https://x.com/i/status/2094790291769151742,2026-09-01T14:11:39.000Z,en,2,0
prototype,https://x.com/i/status/2094788429393666137,2026-09-01T14:04:15.000Z,zxx,15,0
prototype,https://x.com/i/status/2094788210366755032,2026-09-01T14:03:23.000Z,zxx,1,0
prototype,https://x.com/i/status/2094785432563171565,2026-09-01T13:52:21.000Z,en,0,0
prototype,https://x.com/i/status/2094784370066456590,2026-09-01T13:48:07.000Z,zxx,29,1
prototype,https://x.com/i/status/2094782020282925244,2026-09-01T13:38:47.000Z,en,0,0
prototype,https://x.com/i/status/2094782005405753696,2026-09-01T13:38:43.000Z,en,1,0
prototype,https://x.com/i/status/2094780400212074923,2026-09-01T13:32:21.000Z,en,3,1
prototype,https://x.com/i/status/2094777745989365933,2026-09-01T13:21:48.000Z,zxx,1,0
prototype,https://x.com/i/status/2094775456847237431,2026-09-01T13:12:42.000Z,en,0,0
prototype,https://x.com/i/status/2094775251775152321,2026-09-01T13:11:53.000Z,en,2,0
prototype,https://x.com/i/status/2094774793417728360,2026-09-01T13:10:04.000Z,en,1,1
prototype,https://x.com/i/status/2094774786010357920,2026-09-01T13:10:02.000Z,en,7,1
prototype,https://x.com/i/status/2094774589993713890,2026-09-01T13:09:15.000Z,en,7,0
prototype,https://x.com/i/status/2094774353518874810,2026-09-01T13:08:19.000Z,en,1,1
prototype,https://x.com/i/status/2094769421487108399,2026-09-01T12:48:43.000Z,en,1,0
prototype,https://x.com/i/status/2094768423167533058,2026-09-01T12:44:45.000Z,en,4,1
prototype,https://x.com/i/status/2094767266667884866,2026-09-01T12:40:09.000Z,zxx,0,0
prototype,https://x.com/i/status/2094765393357255008,2026-09-01T12:32:43.000Z,zxx,0,0
prototype,https://x.com/i/status/2094763321803067835,2026-09-01T12:24:29.000Z,en,0,0
prototype,https://x.com/i/status/2094758675671888038,2026-09-01T12:06:01.000Z,en,57,14
prototype,https://x.com/i/status/2094756684870582613,2026-09-01T11:58:07.000Z,en,36,6
prototype,https://x.com/i/status/2094755662039310593,2026-09-01T11:54:03.000Z,en,0,0
prototype,https://x.com/i/status/2094755111910129727,2026-09-01T11:51:52.000Z,en,0,0
prototype,https://x.com/i/status/2094751817468887186,2026-09-01T11:38:46.000Z,zxx,3,0
prototype,https://x.com/i/status/2094745946542215549,2026-09-01T11:15:26.000Z,en,0,0
prototype,https://x.com/i/status/2094743200246423810,2026-09-01T11:04:32.000Z,zxx,21,3
prototype,https://x.com/i/status/2094741321349026152,2026-09-01T10:57:04.000Z,en,1,0
prototype,https://x.com/i/status/2094740190115852478,2026-09-01T10:52:34.000Z,en,2,0
prototype,https://x.com/i/status/2094735025442849074,2026-09-01T10:32:03.000Z,zxx,10,0
prototype,https://x.com/i/status/2094726281384669688,2026-09-01T09:57:18.000Z,en,0,0
prototype,https://x.com/i/status/2094719832478433390,2026-09-01T09:31:40.000Z,en,1,0
prototype,https://x.com/i/status/2094719470963200306,2026-09-01T09:30:14.000Z,zxx,0,0
prototype,https://x.com/i/status/2094712283322589656,2026-09-01T09:01:40.000Z,en,53,4
prototype,https://x.com/i/status/2094706286428389886,2026-09-01T08:37:51.000Z,en,1,0
prototype,https://x.com/i/status/2094705213034959300,2026-09-01T08:33:35.000Z,en,43,3
prototype,https://x.com/i/status/2094689201099080100,2026-09-01T07:29:57.000Z,en,2,0
prototype,https://x.com/i/status/2094681672100773983,2026-09-01T07:00:02.000Z,zxx,2,1
prototype,https://x.com/i/status/2094680467790246149,2026-09-01T06:55:15.000Z,zxx,2,1
prototype,https://x.com/i/status/2094678081147465915,2026-09-01T06:45:46.000Z,en,9,0
prototype,https://x.com/i/status/2094675161274302925,2026-09-01T06:34:10.000Z,en,73,2
vercel-react-best-practices,https://x.com/i/status/2093989163293122585,2026-08-30T09:08:15.000Z,en,4,0
vercel-react-best-practices,https://x.com/i/status/2093421034242203826,2026-08-28T19:30:43.000Z,en,0,0
vercel-react-best-practices,https://x.com/i/status/2093119018760589316,2026-08-27T23:30:37.000Z,en,0,0
humanizer,https://x.com/i/status/2094924797226385658,2026-09-01T23:06:08.000Z,pt,3,0
humanizer,https://x.com/i/status/2094908156799254802,2026-09-01T22:00:00.000Z,en,0,0
humanizer,https://x.com/i/status/2094894062197440585,2026-09-01T21:04:00.000Z,en,0,0
humanizer,https://x.com/i/status/2094884566552994054,2026-09-01T20:26:16.000Z,en,1,0
humanizer,https://x.com/i/status/2094873632660979734,2026-09-01T19:42:49.000Z,en,0,0
humanizer,https://x.com/i/status/2094806667846394223,2026-09-01T15:16:43.000Z,en,0,0
humanizer,https://x.com/i/status/2094735646690603320,2026-09-01T10:34:31.000Z,en,0,0
humanizer,https://x.com/i/status/2094732396075651208,2026-09-01T10:21:36.000Z,en,0,0
humanizer,https://x.com/i/status/2094693763159634287,2026-09-01T07:48:05.000Z,en,0,0
humanizer,https://x.com/i/status/2094651465415491966,2026-09-01T05:00:00.000Z,en,150,17
humanizer,https://x.com/i/status/2094621295455441095,2026-09-01T03:00:07.000Z,zh,0,0
humanizer,https://x.com/i/status/2094608780759880089,2026-09-01T02:10:23.000Z,zh,110,29
humanizer,https://x.com/i/status/2094594877225095480,2026-09-01T01:15:09.000Z,zxx,3,0
humanizer,https://x.com/i/status/2094570043233190362,2026-08-31T23:36:28.000Z,en,1,0
humanizer,https://x.com/i/status/2094556878214955321,2026-08-31T22:44:09.000Z,ja,2,0
humanizer,https://x.com/i/status/2094551333525447072,2026-08-31T22:22:07.000Z,en,420,38
humanizer,https://x.com/i/status/2094536858172588394,2026-08-31T21:24:36.000Z,zxx,22,1
humanizer,https://x.com/i/status/2094465987940860397,2026-08-31T16:42:59.000Z,en,13,9
humanizer,https://x.com/i/status/2094462252107886731,2026-08-31T16:28:08.000Z,en,346,62
humanizer,https://x.com/i/status/2094446940687933888,2026-08-31T15:27:18.000Z,en,2,0
humanizer,https://x.com/i/status/2094446928465666206,2026-08-31T15:27:15.000Z,en,1,0
humanizer,https://x.com/i/status/2094446925143740823,2026-08-31T15:27:14.000Z,en,1,0
humanizer,https://x.com/i/status/2094446922178445375,2026-08-31T15:27:13.000Z,en,1,0
humanizer,https://x.com/i/status/2094446916394442862,2026-08-31T15:27:12.000Z,en,1,0
humanizer,https://x.com/i/status/2094446913378791450,2026-08-31T15:27:11.000Z,en,1,1
humanizer,https://x.com/i/status/2094446910526693585,2026-08-31T15:27:11.000Z,en,19,11
humanizer,https://x.com/i/status/2094414450388508855,2026-08-31T13:18:11.000Z,zh,8,0
humanizer,https://x.com/i/status/2094404521900601544,2026-08-31T12:38:44.000Z,en,0,0
humanizer,https://x.com/i/status/2094382404567728299,2026-08-31T11:10:51.000Z,en,0,0
humanizer,https://x.com/i/status/2094374603925987829,2026-08-31T10:39:51.000Z,ja,43,3
humanizer,https://x.com/i/status/2094341935884603846,2026-08-31T08:30:03.000Z,en,37,12
humanizer,https://x.com/i/status/2094304427150643507,2026-08-31T06:01:00.000Z,en,2,0
humanizer,https://x.com/i/status/2094260669747216583,2026-08-31T03:07:07.000Z,en,174,46
humanizer,https://x.com/i/status/2094234727893115034,2026-08-31T01:24:02.000Z,zh,70,11
humanizer,https://x.com/i/status/2094200657880420618,2026-08-30T23:08:39.000Z,en,2,0
humanizer,https://x.com/i/status/2094146050621640769,2026-08-30T19:31:40.000Z,en,0,0
humanizer,https://x.com/i/status/2094135816016867828,2026-08-30T18:51:00.000Z,zxx,10,1
humanizer,https://x.com/i/status/2094080368341381459,2026-08-30T15:10:40.000Z,en,1,0
humanizer,https://x.com/i/status/2094051113792065629,2026-08-30T13:14:25.000Z,und,3,1
humanizer,https://x.com/i/status/2094048114269196703,2026-08-30T13:02:30.000Z,en,4,0
humanizer,https://x.com/i/status/2094048111488348365,2026-08-30T13:02:29.000Z,en,11,1
humanizer,https://x.com/i/status/2094034589656469925,2026-08-30T12:08:46.000Z,en,189,6
humanizer,https://x.com/i/status/2094032980381737124,2026-08-30T12:02:22.000Z,en,0,0
humanizer,https://x.com/i/status/2093997248438841508,2026-08-30T09:40:23.000Z,en,2,0
humanizer,https://x.com/i/status/2093994412216885737,2026-08-30T09:29:07.000Z,en,0,0
humanizer,https://x.com/i/status/2093785261515710914,2026-08-29T19:38:01.000Z,fr,0,0
humanizer,https://x.com/i/status/2093706272885420402,2026-08-29T14:24:09.000Z,zxx,77,10
humanizer,https://x.com/i/status/2093662448893022372,2026-08-29T11:30:00.000Z,en,6,0
humanizer,https://x.com/i/status/2093654908322951447,2026-08-29T11:00:03.000Z,en,1928,185
humanizer,https://x.com/i/status/2093594540888486099,2026-08-29T07:00:10.000Z,zh,55,11
humanizer,https://x.com/i/status/2093590095337275611,2026-08-29T06:42:30.000Z,en,0,0
humanizer,https://x.com/i/status/2093565544544805266,2026-08-29T05:04:57.000Z,es,10,4
humanizer,https://x.com/i/status/2093552704970969515,2026-08-29T04:13:55.000Z,en,2,0
humanizer,https://x.com/i/status/2093507173468786740,2026-08-29T01:13:00.000Z,en,5,0
humanizer,https://x.com/i/status/2093477878109479237,2026-08-28T23:16:35.000Z,zh,4,1
humanizer,https://x.com/i/status/2093410622549410229,2026-08-28T18:49:20.000Z,en,1,0
humanizer,https://x.com/i/status/2093396393071161354,2026-08-28T17:52:48.000Z,en,0,0
humanizer,https://x.com/i/status/2093390543938286054,2026-08-28T17:29:33.000Z,en,5,1
humanizer,https://x.com/i/status/2093357436942057866,2026-08-28T15:18:00.000Z,zh,42,1
humanizer,https://x.com/i/status/2093351651654414655,2026-08-28T14:55:01.000Z,en,4,0
humanizer,https://x.com/i/status/2093347115238105257,2026-08-28T14:36:59.000Z,en,1,0
humanizer,https://x.com/i/status/2093327515121004789,2026-08-28T13:19:06.000Z,und,6,2
humanizer,https://x.com/i/status/2093318933151658245,2026-08-28T12:45:00.000Z,en,432,58
humanizer,https://x.com/i/status/2093312883262452206,2026-08-28T12:20:57.000Z,en,2,1
humanizer,https://x.com/i/status/2093283549931876806,2026-08-28T10:24:24.000Z,zh,0,0
humanizer,https://x.com/i/status/2093257244905213961,2026-08-28T08:39:52.000Z,en,0,0
humanizer,https://x.com/i/status/2093238769184899131,2026-08-28T07:26:27.000Z,en,1,0
humanizer,https://x.com/i/status/2093142325375779298,2026-08-28T01:03:13.000Z,zh,5,1
humanizer,https://x.com/i/status/2093106979724292362,2026-08-27T22:42:46.000Z,en,0,0
humanizer,https://x.com/i/status/2093099556166947086,2026-08-27T22:13:16.000Z,en,2,0
humanizer,https://x.com/i/status/2093099210606542994,2026-08-27T22:11:54.000Z,en,480,55
humanizer,https://x.com/i/status/2093079433749893559,2026-08-27T20:53:19.000Z,en,126,0
humanizer,https://x.com/i/status/2093045406825382188,2026-08-27T18:38:06.000Z,en,0,0
humanizer,https://x.com/i/status/2093028692138057763,2026-08-27T17:31:41.000Z,en,3,0
humanizer,https://x.com/i/status/2093004738082267536,2026-08-27T15:56:30.000Z,en,1,0
humanizer,https://x.com/i/status/2092987295032844376,2026-08-27T14:47:11.000Z,en,0,1
humanizer,https://x.com/i/status/2092983214713315428,2026-08-27T14:30:58.000Z,en,1,0
humanizer,https://x.com/i/status/2092956069727195167,2026-08-27T12:43:06.000Z,en,0,0
humanizer,https://x.com/i/status/2092905215557321037,2026-08-27T09:21:02.000Z,ja,3,0
humanizer,https://x.com/i/status/2092903443656568946,2026-08-27T09:13:59.000Z,en,2,0
humanizer,https://x.com/i/status/2092898653820400076,2026-08-27T08:54:57.000Z,en,1453,170
humanizer,https://x.com/i/status/2092893014402515373,2026-08-27T08:32:33.000Z,zxx,12,0
humanizer,https://x.com/i/status/2092827247073693731,2026-08-27T04:11:13.000Z,en,11,6
humanizer,https://x.com/i/status/2092811075100254568,2026-08-27T03:06:57.000Z,zh,15,4
humanizer,https://x.com/i/status/2092766605625401695,2026-08-27T00:10:15.000Z,en,0,0
humanizer,https://x.com/i/status/2092736525351956971,2026-08-26T22:10:43.000Z,pt,11,1
humanizer,https://x.com/i/status/2092673671676727314,2026-08-26T18:00:57.000Z,en,1330,180
humanizer,https://x.com/i/status/2092661892254695683,2026-08-26T17:14:09.000Z,fa,149,5
humanizer,https://x.com/i/status/2092658417089556827,2026-08-26T17:00:21.000Z,tr,3,0
humanizer,https://x.com/i/status/2092609257338200469,2026-08-26T13:45:00.000Z,en,1819,265
humanizer,https://x.com/i/status/2092597936580391392,2026-08-26T13:00:01.000Z,en,2,0
humanizer,https://x.com/i/status/2092590405300973579,2026-08-26T12:30:05.000Z,ja,12,0
humanizer,https://x.com/i/status/2092546291884867632,2026-08-26T09:34:48.000Z,zxx,1,0
lark-base,https://x.com/i/status/2093547284386795966,2026-08-29T03:52:23.000Z,ja,5,0
obsidian,https://x.com/i/status/2095030649258205246,2026-09-02T06:06:45.000Z,ko,2,0
obsidian,https://x.com/i/status/2095024360243556377,2026-09-02T05:41:45.000Z,en,1,0
obsidian,https://x.com/i/status/2095021497660141780,2026-09-02T05:30:23.000Z,en,0,0
obsidian,https://x.com/i/status/2095013740177682862,2026-09-02T04:59:33.000Z,zxx,7,0
obsidian,https://x.com/i/status/2095001804949921859,2026-09-02T04:12:08.000Z,pt,3,0
obsidian,https://x.com/i/status/2095000119435198801,2026-09-02T04:05:26.000Z,pt,0,0
obsidian,https://x.com/i/status/2094998477763936407,2026-09-02T03:58:54.000Z,en,0,0
obsidian,https://x.com/i/status/2094998409027686755,2026-09-02T03:58:38.000Z,ja,0,0
obsidian,https://x.com/i/status/2094997688970588294,2026-09-02T03:55:46.000Z,zh,0,0
obsidian,https://x.com/i/status/2094995219641139260,2026-09-02T03:45:58.000Z,ja,4,0
obsidian,https://x.com/i/status/2094989116828266688,2026-09-02T03:21:43.000Z,ja,2,0
obsidian,https://x.com/i/status/2094988699570507849,2026-09-02T03:20:03.000Z,ja,0,0
obsidian,https://x.com/i/status/2094983639050408064,2026-09-02T02:59:57.000Z,en,5,0
obsidian,https://x.com/i/status/2094980743860785237,2026-09-02T02:48:26.000Z,ja,8,0
obsidian,https://x.com/i/status/2094975244951859631,2026-09-02T02:26:35.000Z,en,1,0
obsidian,https://x.com/i/status/2094969078192689410,2026-09-02T02:02:05.000Z,zh,1,0
obsidian,https://x.com/i/status/2094963811237105840,2026-09-02T01:41:09.000Z,en,0,0
obsidian,https://x.com/i/status/2094953376572129735,2026-09-02T00:59:41.000Z,en,0,0
obsidian,https://x.com/i/status/2094952162732499251,2026-09-02T00:54:52.000Z,ja,0,0
obsidian,https://x.com/i/status/2094950191950373105,2026-09-02T00:47:02.000Z,zxx,0,0
obsidian,https://x.com/i/status/2094949320843747691,2026-09-02T00:43:35.000Z,en,1,0
obsidian,https://x.com/i/status/2094947938644693128,2026-09-02T00:38:05.000Z,ja,0,0
obsidian,https://x.com/i/status/2094946476720062727,2026-09-02T00:32:16.000Z,zh,0,0
obsidian,https://x.com/i/status/2094942675787305405,2026-09-02T00:17:10.000Z,en,64,2
obsidian,https://x.com/i/status/2094941343197880572,2026-09-02T00:11:53.000Z,en,0,0
obsidian,https://x.com/i/status/2094938353670201613,2026-09-02T00:00:00.000Z,en,0,2
obsidian,https://x.com/i/status/2094929975044661440,2026-09-01T23:26:42.000Z,ja,0,0
obsidian,https://x.com/i/status/2094927977331212513,2026-09-01T23:18:46.000Z,ja,2,1
obsidian,https://x.com/i/status/2094926249177014531,2026-09-01T23:11:54.000Z,en,0,0
obsidian,https://x.com/i/status/2094924746983141559,2026-09-01T23:05:56.000Z,zxx,5,1
obsidian,https://x.com/i/status/2094920595624394756,2026-09-01T22:49:26.000Z,en,0,0
obsidian,https://x.com/i/status/2094916779659125216,2026-09-01T22:34:16.000Z,ja,0,0
obsidian,https://x.com/i/status/2094908166907560224,2026-09-01T22:00:03.000Z,en,2,0
obsidian,https://x.com/i/status/2094904756426916315,2026-09-01T21:46:30.000Z,zxx,10,0
obsidian,https://x.com/i/status/2094903738205135227,2026-09-01T21:42:27.000Z,zxx,28,1
obsidian,https://x.com/i/status/2094901589240668415,2026-09-01T21:33:54.000Z,en,5,0
obsidian,https://x.com/i/status/2094900627101094305,2026-09-01T21:30:05.000Z,zxx,21,0
obsidian,https://x.com/i/status/2094893256169648386,2026-09-01T21:00:48.000Z,zxx,13,1
obsidian,https://x.com/i/status/2094893204436820390,2026-09-01T21:00:35.000Z,en,0,0
obsidian,https://x.com/i/status/2094892311713030407,2026-09-01T20:57:02.000Z,en,0,0
obsidian,https://x.com/i/status/2094889653031567483,2026-09-01T20:46:29.000Z,en,4,0
obsidian,https://x.com/i/status/2094885508543562017,2026-09-01T20:30:00.000Z,en,5,1
obsidian,https://x.com/i/status/2094880780912644606,2026-09-01T20:11:13.000Z,en,203,9
obsidian,https://x.com/i/status/2094880689862922269,2026-09-01T20:10:52.000Z,zh,0,0
obsidian,https://x.com/i/status/2094880211225747920,2026-09-01T20:08:58.000Z,zh,0,0
obsidian,https://x.com/i/status/2094879771465252867,2026-09-01T20:07:13.000Z,en,1,0
obsidian,https://x.com/i/status/2094874138963808559,2026-09-01T19:44:50.000Z,zh,0,0
obsidian,https://x.com/i/status/2094865758454940135,2026-09-01T19:11:32.000Z,en,33,1
obsidian,https://x.com/i/status/2094863618265489503,2026-09-01T19:03:01.000Z,zxx,0,0
obsidian,https://x.com/i/status/2094858120971329563,2026-09-01T18:41:11.000Z,fr,1,0
obsidian,https://x.com/i/status/2094849856175292850,2026-09-01T18:08:20.000Z,en,4,0
obsidian,https://x.com/i/status/2094847971833577924,2026-09-01T18:00:51.000Z,en,11,0
obsidian,https://x.com/i/status/2094845697841680823,2026-09-01T17:51:49.000Z,ja,0,0
obsidian,https://x.com/i/status/2094842102320447634,2026-09-01T17:37:32.000Z,ja,0,0
obsidian,https://x.com/i/status/2094839978492911617,2026-09-01T17:29:05.000Z,en,0,0
obsidian,https://x.com/i/status/2094838744180253120,2026-09-01T17:24:11.000Z,en,0,0
obsidian,https://x.com/i/status/2094838237676400949,2026-09-01T17:22:10.000Z,zxx,1,0
obsidian,https://x.com/i/status/2094837200676327802,2026-09-01T17:18:03.000Z,en,1,0
obsidian,https://x.com/i/status/2094836677407842652,2026-09-01T17:15:58.000Z,en,5,0
obsidian,https://x.com/i/status/2094835789318455732,2026-09-01T17:12:26.000Z,zxx,4,0
obsidian,https://x.com/i/status/2094833129202856114,2026-09-01T17:01:52.000Z,en,0,0
obsidian,https://x.com/i/status/2094832512673677358,2026-09-01T16:59:25.000Z,en,0,0
obsidian,https://x.com/i/status/2094826797825470799,2026-09-01T16:36:43.000Z,en,7,0
obsidian,https://x.com/i/status/2094825329797783574,2026-09-01T16:30:53.000Z,en,0,0
obsidian,https://x.com/i/status/2094822611339690400,2026-09-01T16:20:05.000Z,ja,0,0
obsidian,https://x.com/i/status/2094821930927112259,2026-09-01T16:17:22.000Z,en,1,0
obsidian,https://x.com/i/status/2094816032204480798,2026-09-01T15:53:56.000Z,en,0,0
obsidian,https://x.com/i/status/2094814292289999088,2026-09-01T15:47:01.000Z,zh,28,4
obsidian,https://x.com/i/status/2094814140544254136,2026-09-01T15:46:25.000Z,zh,322,59
obsidian,https://x.com/i/status/2094813671528788392,2026-09-01T15:44:33.000Z,en,1,0
obsidian,https://x.com/i/status/2094809006896242861,2026-09-01T15:26:01.000Z,zh,4,0
obsidian,https://x.com/i/status/2094808388974580192,2026-09-01T15:23:34.000Z,zh,4,0
obsidian,https://x.com/i/status/2094804976090435723,2026-09-01T15:10:00.000Z,en,0,0
obsidian,https://x.com/i/status/2094803214948237618,2026-09-01T15:03:00.000Z,en,3,0
obsidian,https://x.com/i/status/2094802263332307198,2026-09-01T14:59:13.000Z,en,119,1
obsidian,https://x.com/i/status/2094801567451087304,2026-09-01T14:56:27.000Z,ja,2,0
obsidian,https://x.com/i/status/2094798719556153427,2026-09-01T14:45:08.000Z,en,0,0
obsidian,https://x.com/i/status/2094798202155229675,2026-09-01T14:43:05.000Z,en,33,1
obsidian,https://x.com/i/status/2094783052853698686,2026-09-01T13:42:53.000Z,en,0,0
obsidian,https://x.com/i/status/2094776468748570892,2026-09-01T13:16:43.000Z,en,0,0
obsidian,https://x.com/i/status/2094773916644639198,2026-09-01T13:06:35.000Z,en,1,0
obsidian,https://x.com/i/status/2094772260704067706,2026-09-01T13:00:00.000Z,en,1,0
obsidian,https://x.com/i/status/2094771147464384993,2026-09-01T12:55:35.000Z,zxx,0,0
obsidian,https://x.com/i/status/2094770445631586583,2026-09-01T12:52:47.000Z,en,0,0
obsidian,https://x.com/i/status/2094768956326441250,2026-09-01T12:46:52.000Z,en,0,0
obsidian,https://x.com/i/status/2094768776164081744,2026-09-01T12:46:09.000Z,fr,1,0
obsidian,https://x.com/i/status/2094768334722281695,2026-09-01T12:44:24.000Z,ja,0,0
obsidian,https://x.com/i/status/2094767588576509979,2026-09-01T12:41:26.000Z,en,0,0
obsidian,https://x.com/i/status/2094767186464387087,2026-09-01T12:39:50.000Z,en,7,1
obsidian,https://x.com/i/status/2094765664527601891,2026-09-01T12:33:47.000Z,en,2,1
obsidian,https://x.com/i/status/2094765066323202285,2026-09-01T12:31:25.000Z,en,0,0
obsidian,https://x.com/i/status/2094764202892132360,2026-09-01T12:27:59.000Z,en,0,0
obsidian,https://x.com/i/status/2094763679992697162,2026-09-01T12:25:54.000Z,en,0,0
obsidian,https://x.com/i/status/2094763252773539921,2026-09-01T12:24:12.000Z,ja,1,0
obsidian,https://x.com/i/status/2094762149109522655,2026-09-01T12:19:49.000Z,en,3,0
obsidian,https://x.com/i/status/2094760936624333135,2026-09-01T12:15:00.000Z,ja,4,0
obsidian,https://x.com/i/status/2094760883545342115,2026-09-01T12:14:48.000Z,ja,0,0
obsidian,https://x.com/i/status/2094760117585748186,2026-09-01T12:11:45.000Z,en,346,33
obsidian,https://x.com/i/status/2094759304847073445,2026-09-01T12:08:31.000Z,zh,4,0
obsidian,https://x.com/i/status/2094758228303183980,2026-09-01T12:04:15.000Z,es,0,0
nano-banana-pro,https://x.com/i/status/2095018872713961776,2026-09-02T05:19:57.000Z,zh,11,0
nano-banana-pro,https://x.com/i/status/2095002215543153105,2026-09-02T04:13:46.000Z,zh,13,1
nano-banana-pro,https://x.com/i/status/2094995292546601156,2026-09-02T03:46:15.000Z,zh,21,1
nano-banana-pro,https://x.com/i/status/2094984724767006839,2026-09-02T03:04:15.000Z,zh,17,3
nano-banana-pro,https://x.com/i/status/2094980220734541974,2026-09-02T02:46:22.000Z,en,67,0
nano-banana-pro,https://x.com/i/status/2094901074981458130,2026-09-01T21:31:52.000Z,pt,0,0
nano-banana-pro,https://x.com/i/status/2094866140266672614,2026-09-01T19:13:03.000Z,en,7,0
nano-banana-pro,https://x.com/i/status/2094857416760307852,2026-09-01T18:38:23.000Z,zxx,3,0
nano-banana-pro,https://x.com/i/status/2094811267097915406,2026-09-01T15:35:00.000Z,pt,2,0
nano-banana-pro,https://x.com/i/status/2094751200218374552,2026-09-01T11:36:19.000Z,en,8,0
nano-banana-pro,https://x.com/i/status/2094719926099660930,2026-09-01T09:32:03.000Z,ja,2,0
nano-banana-pro,https://x.com/i/status/2094703407441359287,2026-09-01T08:26:24.000Z,en,0,0
nano-banana-pro,https://x.com/i/status/2094673033734869013,2026-09-01T06:25:43.000Z,th,5,0
nano-banana-pro,https://x.com/i/status/2094511252584141285,2026-08-31T19:42:51.000Z,en,2,0
nano-banana-pro,https://x.com/i/status/2094423825685315874,2026-08-31T13:55:27.000Z,en,42,2
nano-banana-pro,https://x.com/i/status/2094380005727809842,2026-08-31T11:01:19.000Z,fa,15,2
nano-banana-pro,https://x.com/i/status/2094379375957565471,2026-08-31T10:58:49.000Z,zxx,4,1
nano-banana-pro,https://x.com/i/status/2094362981425463655,2026-08-31T09:53:40.000Z,en,1,0
nano-banana-pro,https://x.com/i/status/2094307792203157821,2026-08-31T06:14:22.000Z,zxx,7,2
nano-banana-pro,https://x.com/i/status/2094288317600694384,2026-08-31T04:56:59.000Z,th,5,4
nano-banana-pro,https://x.com/i/status/2094046152756961792,2026-08-30T12:54:42.000Z,zxx,1,0
nano-banana-pro,https://x.com/i/status/2094033249630654708,2026-08-30T12:03:26.000Z,en,10,0
nano-banana-pro,https://x.com/i/status/2093965987679003009,2026-08-30T07:36:10.000Z,ja,0,0
nano-banana-pro,https://x.com/i/status/2093878834097533095,2026-08-30T01:49:51.000Z,en,0,0
nano-banana-pro,https://x.com/i/status/2093704930133430303,2026-08-29T14:18:49.000Z,en,97,8
nano-banana-pro,https://x.com/i/status/2093698290655318216,2026-08-29T13:52:26.000Z,en,0,0
nano-banana-pro,https://x.com/i/status/2093661064240189574,2026-08-29T11:24:30.000Z,zh,0,0
nano-banana-pro,https://x.com/i/status/2093659984835870984,2026-08-29T11:20:13.000Z,zxx,29,11
nano-banana-pro,https://x.com/i/status/2093634593845129722,2026-08-29T09:39:19.000Z,ko,0,0
nano-banana-pro,https://x.com/i/status/2093512541108601334,2026-08-29T01:34:20.000Z,zxx,154,17
nano-banana-pro,https://x.com/i/status/2093486020750610588,2026-08-28T23:48:57.000Z,ar,70,12
nano-banana-pro,https://x.com/i/status/2093481408316506425,2026-08-28T23:30:37.000Z,en,109,5
nano-banana-pro,https://x.com/i/status/2093368001936388281,2026-08-28T15:59:59.000Z,en,78,3
nano-banana-pro,https://x.com/i/status/2093337693061062950,2026-08-28T13:59:33.000Z,en,1,0
nano-banana-pro,https://x.com/i/status/2093322716044779791,2026-08-28T13:00:02.000Z,en,0,0
nano-banana-pro,https://x.com/i/status/2093317773271380238,2026-08-28T12:40:23.000Z,zxx,2,0
nano-banana-pro,https://x.com/i/status/2093307622191718427,2026-08-28T12:00:03.000Z,th,4,1
nano-banana-pro,https://x.com/i/status/2093272638709977191,2026-08-28T09:41:02.000Z,en,1,0
nano-banana-pro,https://x.com/i/status/2093247221789819124,2026-08-28T08:00:02.000Z,en,0,0
nano-banana-pro,https://x.com/i/status/2093228576246288569,2026-08-28T06:45:57.000Z,en,0,0
nano-banana-pro,https://x.com/i/status/2093052494100251128,2026-08-27T19:06:16.000Z,en,1,0
nano-banana-pro,https://x.com/i/status/2093023110559912230,2026-08-27T17:09:30.000Z,en,0,0
nano-banana-pro,https://x.com/i/status/2092953544273928496,2026-08-27T12:33:04.000Z,en,41,0
nano-banana-pro,https://x.com/i/status/2092909706436067682,2026-08-27T09:38:53.000Z,tr,55,4
nano-banana-pro,https://x.com/i/status/2092853889108434965,2026-08-27T05:57:05.000Z,ja,7,0
nano-banana-pro,https://x.com/i/status/2092716454777131380,2026-08-26T20:50:58.000Z,en,9,0
nano-banana-pro,https://x.com/i/status/2092656108431126788,2026-08-26T16:51:10.000Z,en,115,8
lark-im,https://x.com/i/status/2094949695613452335,2026-09-02T00:45:04.000Z,zxx,2,0
notion,https://x.com/i/status/2095019089257512972,2026-09-02T05:20:49.000Z,zxx,13,3
notion,https://x.com/i/status/2095018804984103371,2026-09-02T05:19:41.000Z,en,1,0
notion,https://x.com/i/status/2095018505074778129,2026-09-02T05:18:29.000Z,en,19,9
notion,https://x.com/i/status/2095017044924354864,2026-09-02T05:12:41.000Z,zxx,0,0
notion,https://x.com/i/status/2095015467392090280,2026-09-02T05:06:25.000Z,en,0,0
notion,https://x.com/i/status/2095014871343706139,2026-09-02T05:04:03.000Z,zxx,0,0
notion,https://x.com/i/status/2095014204269068355,2026-09-02T05:01:24.000Z,en,9,4
notion,https://x.com/i/status/2095012548794110270,2026-09-02T04:54:49.000Z,en,0,0
notion,https://x.com/i/status/2095012199278514472,2026-09-02T04:53:26.000Z,zh,1,0
notion,https://x.com/i/status/2095012066113593372,2026-09-02T04:52:54.000Z,en,25,0
notion,https://x.com/i/status/2095011913042473172,2026-09-02T04:52:18.000Z,zh,0,0
notion,https://x.com/i/status/2095010108866793760,2026-09-02T04:45:08.000Z,ja,2,0
notion,https://x.com/i/status/2095009397487374481,2026-09-02T04:42:18.000Z,en,0,0
notion,https://x.com/i/status/2095007864536621484,2026-09-02T04:36:12.000Z,zh,4,0
notion,https://x.com/i/status/2095004928402141661,2026-09-02T04:24:32.000Z,zh,0,0
notion,https://x.com/i/status/2095003259706736900,2026-09-02T04:17:55.000Z,en,0,0
notion,https://x.com/i/status/2095002164225585259,2026-09-02T04:13:33.000Z,en,0,0
notion,https://x.com/i/status/2095001804949921859,2026-09-02T04:12:08.000Z,pt,3,0
notion,https://x.com/i/status/2095001796347625681,2026-09-02T04:12:06.000Z,en,2,0
notion,https://x.com/i/status/2095001701648588912,2026-09-02T04:11:43.000Z,en,3,0
notion,https://x.com/i/status/2095000938742505701,2026-09-02T04:08:41.000Z,zxx,13,0
notion,https://x.com/i/status/2094993751093739619,2026-09-02T03:40:08.000Z,ja,2,0
notion,https://x.com/i/status/2094987427639112099,2026-09-02T03:15:00.000Z,ja,0,0
notion,https://x.com/i/status/2094984045927051677,2026-09-02T03:01:34.000Z,en,4,1
notion,https://x.com/i/status/2094982209526710406,2026-09-02T02:54:16.000Z,ja,0,0
notion,https://x.com/i/status/2094980405317472356,2026-09-02T02:47:06.000Z,ja,0,0
notion,https://x.com/i/status/2094980017000153097,2026-09-02T02:45:33.000Z,zxx,27,0
notion,https://x.com/i/status/2094979812427452878,2026-09-02T02:44:44.000Z,ja,0,0
notion,https://x.com/i/status/2094979352299741464,2026-09-02T02:42:55.000Z,en,0,0
notion,https://x.com/i/status/2094976917657256172,2026-09-02T02:33:14.000Z,en,6,0
notion,https://x.com/i/status/2094973470077489657,2026-09-02T02:19:32.000Z,en,11,0
notion,https://x.com/i/status/2094973390914453891,2026-09-02T02:19:13.000Z,en,0,0
notion,https://x.com/i/status/2094969749658915115,2026-09-02T02:04:45.000Z,ja,4,0
notion,https://x.com/i/status/2094968409109008874,2026-09-02T01:59:26.000Z,en,0,0
notion,https://x.com/i/status/2094965770224635959,2026-09-02T01:48:56.000Z,en,1,0
notion,https://x.com/i/status/2094962623867715949,2026-09-02T01:36:26.000Z,ja,0,0
notion,https://x.com/i/status/2094953527600927021,2026-09-02T01:00:17.000Z,ja,2,1
notion,https://x.com/i/status/2094953202852745442,2026-09-02T00:59:00.000Z,ja,0,0
notion,https://x.com/i/status/2094952900447576275,2026-09-02T00:57:48.000Z,ja,1,0
notion,https://x.com/i/status/2094950685146267652,2026-09-02T00:49:00.000Z,en,4,0
notion,https://x.com/i/status/2094950206240600308,2026-09-02T00:47:06.000Z,en,53,6
notion,https://x.com/i/status/2094946840533938432,2026-09-02T00:33:43.000Z,ja,4,0
notion,https://x.com/i/status/2094941343197880572,2026-09-02T00:11:53.000Z,en,0,0
notion,https://x.com/i/status/2094933153810977134,2026-09-01T23:39:20.000Z,en,179,4
notion,https://x.com/i/status/2094928003083944097,2026-09-01T23:18:52.000Z,en,1,0
notion,https://x.com/i/status/2094920642961281489,2026-09-01T22:49:37.000Z,zxx,16,0
notion,https://x.com/i/status/2094919299211375050,2026-09-01T22:44:17.000Z,ja,4,0
notion,https://x.com/i/status/2094916164380213615,2026-09-01T22:31:49.000Z,zxx,0,0
notion,https://x.com/i/status/2094915741120409766,2026-09-01T22:30:08.000Z,ja,4,0
notion,https://x.com/i/status/2094905077454471196,2026-09-01T21:47:46.000Z,en,5,0
notion,https://x.com/i/status/2094903273710858311,2026-09-01T21:40:36.000Z,en,3,1
notion,https://x.com/i/status/2094898535246516488,2026-09-01T21:21:46.000Z,en,1,0
notion,https://x.com/i/status/2094893831707615430,2026-09-01T21:03:05.000Z,en,0,0
notion,https://x.com/i/status/2094893066121318432,2026-09-01T21:00:02.000Z,ja,13,0
notion,https://x.com/i/status/2094893064716476845,2026-09-01T21:00:02.000Z,ja,1,0
notion,https://x.com/i/status/2094890721467630071,2026-09-01T20:50:43.000Z,en,0,0
notion,https://x.com/i/status/2094889044199002254,2026-09-01T20:44:03.000Z,zxx,54,9
notion,https://x.com/i/status/2094887443061477471,2026-09-01T20:37:42.000Z,en,1,0
notion,https://x.com/i/status/2094886185499791864,2026-09-01T20:32:42.000Z,en,1,0
notion,https://x.com/i/status/2094880552361025715,2026-09-01T20:10:19.000Z,en,9,0
notion,https://x.com/i/status/2094879335899627737,2026-09-01T20:05:29.000Z,ja,2,0
notion,https://x.com/i/status/2094879010702688416,2026-09-01T20:04:11.000Z,en,93,4
notion,https://x.com/i/status/2094873250501373956,2026-09-01T19:41:18.000Z,en,5,0
notion,https://x.com/i/status/2094872130081194088,2026-09-01T19:36:51.000Z,zxx,12,2
notion,https://x.com/i/status/2094870021810061448,2026-09-01T19:28:28.000Z,zxx,4,0
notion,https://x.com/i/status/2094866854174978488,2026-09-01T19:15:53.000Z,en,0,0
notion,https://x.com/i/status/2094865782786408684,2026-09-01T19:11:37.000Z,zxx,0,0
notion,https://x.com/i/status/2094865758454940135,2026-09-01T19:11:32.000Z,en,33,1
notion,https://x.com/i/status/2094862033485189175,2026-09-01T18:56:44.000Z,en,0,0
notion,https://x.com/i/status/2094859427128209641,2026-09-01T18:46:22.000Z,en,0,0
notion,https://x.com/i/status/2094859015151026480,2026-09-01T18:44:44.000Z,en,6,2
notion,https://x.com/i/status/2094858830605656479,2026-09-01T18:44:00.000Z,en,0,0
notion,https://x.com/i/status/2094858216337268809,2026-09-01T18:41:34.000Z,en,0,0
notion,https://x.com/i/status/2094856060767273271,2026-09-01T18:33:00.000Z,zxx,37,0
notion,https://x.com/i/status/2094855736362725873,2026-09-01T18:31:42.000Z,en,1,0
notion,https://x.com/i/status/2094855099965141262,2026-09-01T18:29:11.000Z,en,0,0
notion,https://x.com/i/status/2094854649278861362,2026-09-01T18:27:23.000Z,en,0,0
notion,https://x.com/i/status/2094853966719070510,2026-09-01T18:24:40.000Z,en,1,0
notion,https://x.com/i/status/2094852410812301783,2026-09-01T18:18:29.000Z,en,2,0
notion,https://x.com/i/status/2094851455161086031,2026-09-01T18:14:42.000Z,zxx,38,6
notion,https://x.com/i/status/2094851238542147943,2026-09-01T18:13:50.000Z,en,0,0
notion,https://x.com/i/status/2094851101602599175,2026-09-01T18:13:17.000Z,en,2,0
notion,https://x.com/i/status/2094850942478729384,2026-09-01T18:12:39.000Z,en,0,0
notion,https://x.com/i/status/2094849913427271769,2026-09-01T18:08:34.000Z,es,3,0
notion,https://x.com/i/status/2094849375763886555,2026-09-01T18:06:26.000Z,en,396,18
notion,https://x.com/i/status/2094848651940270309,2026-09-01T18:03:33.000Z,en,19,0
notion,https://x.com/i/status/2094847971833577924,2026-09-01T18:00:51.000Z,en,11,0
notion,https://x.com/i/status/2094843423761293468,2026-09-01T17:42:47.000Z,en,0,0
notion,https://x.com/i/status/2094843328395461048,2026-09-01T17:42:24.000Z,en,0,0
notion,https://x.com/i/status/2094842008263446929,2026-09-01T17:37:09.000Z,en,0,0
notion,https://x.com/i/status/2094840734201552945,2026-09-01T17:32:05.000Z,en,4,1
notion,https://x.com/i/status/2094840209586184325,2026-09-01T17:30:00.000Z,en,3,0
notion,https://x.com/i/status/2094836240906633642,2026-09-01T17:14:14.000Z,en,25,4
notion,https://x.com/i/status/2094834227871166796,2026-09-01T17:06:14.000Z,en,35,2
notion,https://x.com/i/status/2094833507801649338,2026-09-01T17:03:23.000Z,en,0,0
notion,https://x.com/i/status/2094833468400447618,2026-09-01T17:03:13.000Z,zxx,908,73
notion,https://x.com/i/status/2094831209184456883,2026-09-01T16:54:15.000Z,en,0,0
notion,https://x.com/i/status/2094829712845463762,2026-09-01T16:48:18.000Z,en,0,0
notion,https://x.com/i/status/2094829193779720485,2026-09-01T16:46:14.000Z,zxx,50,4
notion,https://x.com/i/status/2094828617138139381,2026-09-01T16:43:57.000Z,en,0,0
skill-creator,https://x.com/i/status/2095029608781389943,2026-09-02T06:02:37.000Z,zxx,0,0
skill-creator,https://x.com/i/status/2095007725377962373,2026-09-02T04:35:39.000Z,en,0,0
skill-creator,https://x.com/i/status/2095005705795481807,2026-09-02T04:27:38.000Z,en,0,0
skill-creator,https://x.com/i/status/2095004563874947509,2026-09-02T04:23:05.000Z,en,0,0
skill-creator,https://x.com/i/status/2094957767253795099,2026-09-02T01:17:08.000Z,zh,0,0
skill-creator,https://x.com/i/status/2094957761448862103,2026-09-02T01:17:07.000Z,zh,0,0
skill-creator,https://x.com/i/status/2094954031018037374,2026-09-02T01:02:18.000Z,ja,0,0
skill-creator,https://x.com/i/status/2094926606318150012,2026-09-01T23:13:19.000Z,zxx,168,10
skill-creator,https://x.com/i/status/2094924938071138736,2026-09-01T23:06:41.000Z,en,0,0
skill-creator,https://x.com/i/status/2094870803800359145,2026-09-01T19:31:35.000Z,en,0,0
skill-creator,https://x.com/i/status/2094823903461822812,2026-09-01T16:25:13.000Z,en,0,0
skill-creator,https://x.com/i/status/2094814212778278971,2026-09-01T15:46:42.000Z,it,0,0
skill-creator,https://x.com/i/status/2094787364354719839,2026-09-01T14:00:01.000Z,en,0,0
skill-creator,https://x.com/i/status/2094779619345883310,2026-09-01T13:29:15.000Z,zxx,0,0
skill-creator,https://x.com/i/status/2094689947991367899,2026-09-01T07:32:55.000Z,ja,1,0
skill-creator,https://x.com/i/status/2094681707651936638,2026-09-01T07:00:11.000Z,en,13,10
skill-creator,https://x.com/i/status/2094651465415491966,2026-09-01T05:00:00.000Z,en,150,17
skill-creator,https://x.com/i/status/2094631803005055351,2026-09-01T03:41:52.000Z,ja,0,0
skill-creator,https://x.com/i/status/2094603527717081540,2026-09-01T01:49:31.000Z,zh,0,0
skill-creator,https://x.com/i/status/2094476512757989764,2026-08-31T17:24:48.000Z,en,0,0
skill-creator,https://x.com/i/status/2094462252107886731,2026-08-31T16:28:08.000Z,en,346,62
skill-creator,https://x.com/i/status/2094345747500027926,2026-08-31T08:45:11.000Z,en,236,16
skill-creator,https://x.com/i/status/2094341935884603846,2026-08-31T08:30:03.000Z,en,37,12
skill-creator,https://x.com/i/status/2094293627120009506,2026-08-31T05:18:05.000Z,zh,19,4
skill-creator,https://x.com/i/status/2094289077780799652,2026-08-31T05:00:00.000Z,en,212,33
skill-creator,https://x.com/i/status/2094281554453303396,2026-08-31T04:30:07.000Z,en,11,4
skill-creator,https://x.com/i/status/2094202019619975245,2026-08-30T23:14:04.000Z,zxx,31,7
skill-creator,https://x.com/i/status/2094135816016867828,2026-08-30T18:51:00.000Z,zxx,10,1
skill-creator,https://x.com/i/status/2094050785676194033,2026-08-30T13:13:07.000Z,zxx,6,0
skill-creator,https://x.com/i/status/2094015816446455825,2026-08-30T10:54:10.000Z,it,0,0
skill-creator,https://x.com/i/status/2093861971644882985,2026-08-30T00:42:50.000Z,en,0,0
skill-creator,https://x.com/i/status/2093778709534884055,2026-08-29T19:11:59.000Z,ja,0,0
skill-creator,https://x.com/i/status/2093746375003373696,2026-08-29T17:03:30.000Z,en,20,6
skill-creator,https://x.com/i/status/2093745814241747046,2026-08-29T17:01:16.000Z,es,1015,195
skill-creator,https://x.com/i/status/2093701636296515884,2026-08-29T14:05:43.000Z,zxx,3,0
skill-creator,https://x.com/i/status/2093674113567261121,2026-08-29T12:16:21.000Z,ja,0,0
skill-creator,https://x.com/i/status/2093594777858249116,2026-08-29T07:01:06.000Z,en,0,0
skill-creator,https://x.com/i/status/2093547579816739284,2026-08-29T03:53:33.000Z,zxx,0,0
skill-creator,https://x.com/i/status/2093461037135859931,2026-08-28T22:09:40.000Z,en,1,0
skill-creator,https://x.com/i/status/2093408169582354917,2026-08-28T18:39:35.000Z,en,0,0
skill-creator,https://x.com/i/status/2093392131167522922,2026-08-28T17:35:52.000Z,zxx,1,0
skill-creator,https://x.com/i/status/2093389074556154256,2026-08-28T17:23:43.000Z,zh,0,0
skill-creator,https://x.com/i/status/2093372536503324753,2026-08-28T16:18:00.000Z,en,0,0
skill-creator,https://x.com/i/status/2093368020865364068,2026-08-28T16:00:03.000Z,en,52,4
skill-creator,https://x.com/i/status/2093360498595029483,2026-08-28T15:30:10.000Z,en,20,1
skill-creator,https://x.com/i/status/2093358432606965906,2026-08-28T15:21:57.000Z,zh,0,0
skill-creator,https://x.com/i/status/2093352964505166030,2026-08-28T15:00:14.000Z,en,96,10
skill-creator,https://x.com/i/status/2093349902512226438,2026-08-28T14:48:03.000Z,en,4,0
skill-creator,https://x.com/i/status/2093341523949818139,2026-08-28T14:14:46.000Z,zh,0,0
skill-creator,https://x.com/i/status/2093242733792264256,2026-08-28T07:42:12.000Z,zh,42,8
skill-creator,https://x.com/i/status/2093220640308285865,2026-08-28T06:14:25.000Z,zxx,241,64
skill-creator,https://x.com/i/status/2093161613700268214,2026-08-28T02:19:52.000Z,zxx,61,23
skill-creator,https://x.com/i/status/2092990555923914804,2026-08-27T15:00:09.000Z,en,155,29
skill-creator,https://x.com/i/status/2092968416403435909,2026-08-27T13:32:10.000Z,en,0,0
skill-creator,https://x.com/i/status/2092968406387425602,2026-08-27T13:32:08.000Z,en,0,0
skill-creator,https://x.com/i/status/2092888777400406389,2026-08-27T08:15:43.000Z,en,20,1
skill-creator,https://x.com/i/status/2092850064091980096,2026-08-27T05:41:53.000Z,zh,1,0
skill-creator,https://x.com/i/status/2092843397027639736,2026-08-27T05:15:23.000Z,zxx,1721,344
skill-creator,https://x.com/i/status/2092825531527901291,2026-08-27T04:04:24.000Z,en,0,0
skill-creator,https://x.com/i/status/2092799626596487632,2026-08-27T02:21:27.000Z,zh,0,0
skill-creator,https://x.com/i/status/2092643487682597315,2026-08-26T16:01:01.000Z,en,2,0
skill-creator,https://x.com/i/status/2092582873324806158,2026-08-26T12:00:09.000Z,en,1,0
skill-creator,https://x.com/i/status/2092526727440294095,2026-08-26T08:17:03.000Z,en,250,33
skill-creator,https://x.com/i/status/2092507280449085812,2026-08-26T06:59:47.000Z,en,0,0
skill-creator,https://x.com/i/status/2092507017030111274,2026-08-26T06:58:44.000Z,en,0,0
auto-updater,https://x.com/i/status/2094879336855650545,2026-09-01T20:05:29.000Z,zxx,0,0
lark-wiki,https://x.com/i/status/2093380747403166137,2026-08-28T16:50:37.000Z,ja,20,1
word-docx,https://x.com/i/status/2094675526447239358,2026-09-01T06:35:37.000Z,en,1,0
word-docx,https://x.com/i/status/2093228449062404231,2026-08-28T06:45:27.000Z,zh,0,0
word-docx,https://x.com/i/status/2092575295169831201,2026-08-26T11:30:03.000Z,zxx,3,0
lark-event,https://x.com/i/status/2094949695613452335,2026-09-02T00:45:04.000Z,zxx,2,0
openai-whisper,https://x.com/i/status/2094751200218374552,2026-09-01T11:36:19.000Z,en,8,0
openai-whisper,https://x.com/i/status/2093290135156564030,2026-08-28T10:50:34.000Z,zxx,20,0
openai-whisper,https://x.com/i/status/2092969521023795245,2026-08-27T13:36:33.000Z,en,1,0
