skill_key,tweet_url,created_at,lang,favorites,retweets,relevance
find-skills,https://x.com/i/status/2104628127167107543,2026-09-28T17:43:42.000Z,en,0,0,0.8
find-skills,https://x.com/i/status/2104593356332343470,2026-09-28T15:25:32.000Z,zxx,14,0,0.21
find-skills,https://x.com/i/status/2104570828507787443,2026-09-28T13:56:01.000Z,zh,0,0,0.93
find-skills,https://x.com/i/status/2104565406513963260,2026-09-28T13:34:28.000Z,en,5,0,0.83
find-skills,https://x.com/i/status/2104360486758203829,2026-09-28T00:00:11.000Z,en,0,0,0.85
find-skills,https://x.com/i/status/2104285028893266206,2026-09-27T19:00:21.000Z,zh,1,0,0.89
find-skills,https://x.com/i/status/2103851586103501065,2026-09-26T14:18:00.000Z,ja,3,0,0.73
find-skills,https://x.com/i/status/2103775839934636308,2026-09-26T09:17:01.000Z,en,0,0,0.73
find-skills,https://x.com/i/status/2103739454061989990,2026-09-26T06:52:26.000Z,en,56,4,0.92
find-skills,https://x.com/i/status/2103406163085943007,2026-09-25T08:48:03.000Z,en,0,0,0.24
find-skills,https://x.com/i/status/2103098161892139207,2026-09-24T12:24:10.000Z,en,10,0,0.29
find-skills,https://x.com/i/status/2102828458749636663,2026-09-23T18:32:27.000Z,en,105,27,0.27
find-skills,https://x.com/i/status/2102758905835295211,2026-09-23T13:56:05.000Z,en,4,0,0.44
find-skills,https://x.com/i/status/2102488861255307302,2026-09-22T20:03:01.000Z,en,12,11,0.44
find-skills,https://x.com/i/status/2102450782100713530,2026-09-22T17:31:42.000Z,en,11,11,0.38
find-skills,https://x.com/i/status/2102422120529891620,2026-09-22T15:37:49.000Z,en,1,0,0.86
find-skills,https://x.com/i/status/2102422052661502449,2026-09-22T15:37:33.000Z,en,5,1,0.1
find-skills,https://x.com/i/status/2102235824704336011,2026-09-22T03:17:32.000Z,en,0,0,0.94
self-improving-agent,https://x.com/i/status/2104668090084810781,2026-09-28T20:22:30.000Z,en,2,0,0.64
self-improving-agent,https://x.com/i/status/2104625409669443826,2026-09-28T17:32:54.000Z,en,4,0,0.86
self-improving-agent,https://x.com/i/status/2104623970662371472,2026-09-28T17:27:11.000Z,en,145,14,0.75
self-improving-agent,https://x.com/i/status/2104602311368610093,2026-09-28T16:01:07.000Z,en,14,0,0.37
self-improving-agent,https://x.com/i/status/2104598769245515910,2026-09-28T15:47:02.000Z,en,1,0,0.79
self-improving-agent,https://x.com/i/status/2104597759005434149,2026-09-28T15:43:01.000Z,en,6,0,0.83
self-improving-agent,https://x.com/i/status/2104313886648271011,2026-09-27T20:55:01.000Z,en,0,0,0.77
self-improving-agent,https://x.com/i/status/2104266663751291135,2026-09-27T17:47:22.000Z,en,115,13,0.86
self-improving-agent,https://x.com/i/status/2104261227950346470,2026-09-27T17:25:46.000Z,en,1,0,0.76
self-improving-agent,https://x.com/i/status/2104196198416421112,2026-09-27T13:07:22.000Z,en,1,0,0.8
self-improving-agent,https://x.com/i/status/2104059601091985761,2026-09-27T04:04:35.000Z,en,13,4,0.66
self-improving-agent,https://x.com/i/status/2103798983227560292,2026-09-26T10:48:58.000Z,en,13,9,0.75
self-improving-agent,https://x.com/i/status/2103772145713049936,2026-09-26T09:02:20.000Z,en,177,21,0.41
self-improving-agent,https://x.com/i/status/2103590883819958779,2026-09-25T21:02:04.000Z,en,15,1,0.81
self-improving-agent,https://x.com/i/status/2103499096019628218,2026-09-25T14:57:20.000Z,zxx,8,1,0.13
self-improving-agent,https://x.com/i/status/2103484677864730691,2026-09-25T14:00:02.000Z,en,33,3,0.11
self-improving-agent,https://x.com/i/status/2103477899814924357,2026-09-25T13:33:06.000Z,en,0,0,0.84
self-improving-agent,https://x.com/i/status/2103465675813445978,2026-09-25T12:44:32.000Z,en,0,0,0.82
self-improving-agent,https://x.com/i/status/2103454578578800925,2026-09-25T12:00:26.000Z,en,2,0,0.79
self-improving-agent,https://x.com/i/status/2103444406887997532,2026-09-25T11:20:01.000Z,en,1,0,0.85
self-improving-agent,https://x.com/i/status/2103439402122784900,2026-09-25T11:00:08.000Z,en,0,0,0.8
self-improving-agent,https://x.com/i/status/2103429303056670910,2026-09-25T10:20:00.000Z,en,8,2,0.67
self-improving-agent,https://x.com/i/status/2103363719417774148,2026-09-25T05:59:23.000Z,en,45,5,0.2
self-improving-agent,https://x.com/i/status/2103222236790587902,2026-09-24T20:37:11.000Z,en,1,0,0.8
self-improving-agent,https://x.com/i/status/2103154792210026721,2026-09-24T16:09:11.000Z,en,1,0,0.42
self-improving-agent,https://x.com/i/status/2103086812642300188,2026-09-24T11:39:04.000Z,en,0,0,0.69
self-improving-agent,https://x.com/i/status/2103007148959805785,2026-09-24T06:22:30.000Z,zxx,101,0,0.14
self-improving-agent,https://x.com/i/status/2102853768266256738,2026-09-23T20:13:02.000Z,en,402,63,0.74
self-improving-agent,https://x.com/i/status/2102833858622173387,2026-09-23T18:53:55.000Z,en,5,3,0.54
self-improving-agent,https://x.com/i/status/2102826324742070753,2026-09-23T18:23:59.000Z,en,0,0,0.8
self-improving-agent,https://x.com/i/status/2102803446915117531,2026-09-23T16:53:04.000Z,en,203,21,0.66
self-improving-agent,https://x.com/i/status/2102802621664985241,2026-09-23T16:49:47.000Z,en,987,117,0.36
self-improving-agent,https://x.com/i/status/2102761600524730570,2026-09-23T14:06:47.000Z,en,1,0,0.77
self-improving-agent,https://x.com/i/status/2102706766370730454,2026-09-23T10:28:54.000Z,en,0,0,0.78
self-improving-agent,https://x.com/i/status/2102698998515761629,2026-09-23T09:58:02.000Z,en,737,102,0.76
self-improving-agent,https://x.com/i/status/2102580647843987925,2026-09-23T02:07:45.000Z,en,0,0,0.63
self-improving-agent,https://x.com/i/status/2102580039305089529,2026-09-23T02:05:20.000Z,en,3,1,0.7
self-improving-agent,https://x.com/i/status/2102484080814403819,2026-09-22T19:44:01.000Z,en,0,0,0.61
self-improving-agent,https://x.com/i/status/2102479343733588083,2026-09-22T19:25:12.000Z,en,1,1,0.66
self-improving-agent,https://x.com/i/status/2102476391501713902,2026-09-22T19:13:28.000Z,en,0,0,0.76
self-improving-agent,https://x.com/i/status/2102462320761069687,2026-09-22T18:17:33.000Z,en,180,18,0.72
self-improving-agent,https://x.com/i/status/2102433399034257726,2026-09-22T16:22:38.000Z,en,0,0,0.72
self-improving-agent,https://x.com/i/status/2102418994510639280,2026-09-22T15:25:24.000Z,en,85,8,0.81
self-improving-agent,https://x.com/i/status/2102405656783491170,2026-09-22T14:32:24.000Z,en,64,23,0.54
self-improving-agent,https://x.com/i/status/2102356550639653135,2026-09-22T11:17:16.000Z,en,3,6,0.25
self-improving-agent,https://x.com/i/status/2102248829592703229,2026-09-22T04:09:13.000Z,en,4,0,0.77
grill-me,https://x.com/i/status/2104711629829222545,2026-09-28T23:15:30.000Z,en,0,0,0.93
grill-me,https://x.com/i/status/2104629707887329518,2026-09-28T17:49:59.000Z,en,14,6,0.17
grill-me,https://x.com/i/status/2104620344430440620,2026-09-28T17:12:46.000Z,en,3,0,0.4
grill-me,https://x.com/i/status/2104539089072722358,2026-09-28T11:49:53.000Z,zh,62,5,0.9
grill-me,https://x.com/i/status/2104507881802674520,2026-09-28T09:45:53.000Z,en,0,0,0.87
grill-me,https://x.com/i/status/2104503688580448609,2026-09-28T09:29:13.000Z,zxx,7,0,0.2
grill-me,https://x.com/i/status/2104502618127249655,2026-09-28T09:24:58.000Z,ja,1,0,0.95
grill-me,https://x.com/i/status/2104444645963182298,2026-09-28T05:34:36.000Z,en,0,0,0.91
grill-me,https://x.com/i/status/2104443873665634360,2026-09-28T05:31:32.000Z,en,3,0,0.05
grill-me,https://x.com/i/status/2104416896070320549,2026-09-28T03:44:20.000Z,zxx,149,28,0.14
grill-me,https://x.com/i/status/2104405786613166494,2026-09-28T03:00:12.000Z,en,0,0,0.85
grill-me,https://x.com/i/status/2104401426806149203,2026-09-28T02:42:52.000Z,zh,3,0,0.95
grill-me,https://x.com/i/status/2104339996081836268,2026-09-27T22:38:46.000Z,zxx,9,0,0.19
grill-me,https://x.com/i/status/2104319462140776496,2026-09-27T21:17:10.000Z,en,1,0,0.88
grill-me,https://x.com/i/status/2104313274292486274,2026-09-27T20:52:35.000Z,en,1,0,0.93
grill-me,https://x.com/i/status/2104304755220656605,2026-09-27T20:18:44.000Z,en,1,0,0.89
grill-me,https://x.com/i/status/2104243660023857663,2026-09-27T16:15:58.000Z,en,0,0,0.92
grill-me,https://x.com/i/status/2104234506131828914,2026-09-27T15:39:35.000Z,zh,1,0,0.93
grill-me,https://x.com/i/status/2104224132082852106,2026-09-27T14:58:22.000Z,de,0,0,0.94
grill-me,https://x.com/i/status/2104215466939945452,2026-09-27T14:23:56.000Z,en,4,0,0.89
grill-me,https://x.com/i/status/2104212807528902733,2026-09-27T14:13:22.000Z,en,2,0,0.85
grill-me,https://x.com/i/status/2104144094704423011,2026-09-27T09:40:19.000Z,en,0,0,0.14
grill-me,https://x.com/i/status/2104113813406486581,2026-09-27T07:40:00.000Z,en,216,57,0.3
grill-me,https://x.com/i/status/2104083690834035081,2026-09-27T05:40:18.000Z,en,0,0,0.85
grill-me,https://x.com/i/status/2104075521105461511,2026-09-27T05:07:50.000Z,en,7,0,0.85
grill-me,https://x.com/i/status/2104051834315030977,2026-09-27T03:33:43.000Z,en,7,0,0.82
grill-me,https://x.com/i/status/2104014253908787701,2026-09-27T01:04:23.000Z,en,1,0,0.87
grill-me,https://x.com/i/status/2104006832645706034,2026-09-27T00:34:54.000Z,en,0,0,0.94
grill-me,https://x.com/i/status/2103926345130443140,2026-09-26T19:15:04.000Z,en,3,0,0.95
grill-me,https://x.com/i/status/2103916566991757822,2026-09-26T18:36:13.000Z,en,2,0,0.72
grill-me,https://x.com/i/status/2103896851233612205,2026-09-26T17:17:52.000Z,de,2,0,0.83
grill-me,https://x.com/i/status/2103870400270909539,2026-09-26T15:32:46.000Z,en,1,0,0.91
grill-me,https://x.com/i/status/2103809399126962497,2026-09-26T11:30:22.000Z,zh,286,33,0.86
grill-me,https://x.com/i/status/2103804285838643517,2026-09-26T11:10:03.000Z,en,5,0,0.95
grill-me,https://x.com/i/status/2103787901196571004,2026-09-26T10:04:56.000Z,ja,10,4,0.89
grill-me,https://x.com/i/status/2103779891191963870,2026-09-26T09:33:07.000Z,en,0,0,0.87
grill-me,https://x.com/i/status/2103771655294329321,2026-09-26T09:00:23.000Z,ja,5,0,0.04
grill-me,https://x.com/i/status/2103752503854809232,2026-09-26T07:44:17.000Z,fr,0,0,0.71
grill-me,https://x.com/i/status/2103748233251918253,2026-09-26T07:27:19.000Z,en,0,0,0.65
grill-me,https://x.com/i/status/2103741651139355122,2026-09-26T07:01:09.000Z,zxx,3,1,0.15
grill-me,https://x.com/i/status/2103733839960924640,2026-09-26T06:30:07.000Z,en,1,0,0.31
grill-me,https://x.com/i/status/2103705885579358223,2026-09-26T04:39:02.000Z,en,0,0,0.92
grill-me,https://x.com/i/status/2103684261899309413,2026-09-26T03:13:07.000Z,en,1,0,0.96
grill-me,https://x.com/i/status/2103653652200350096,2026-09-26T01:11:29.000Z,en,0,0,0.91
grill-me,https://x.com/i/status/2103530565735424441,2026-09-25T17:02:23.000Z,en,4,0,0.75
grill-me,https://x.com/i/status/2103515659309093303,2026-09-25T16:03:09.000Z,en,0,0,0.88
grill-me,https://x.com/i/status/2103512023346864227,2026-09-25T15:48:42.000Z,en,1,0,0.91
grill-me,https://x.com/i/status/2103502494592578034,2026-09-25T15:10:50.000Z,pt,0,0,0.83
grill-me,https://x.com/i/status/2103495223233982928,2026-09-25T14:41:56.000Z,zh,2,0,0.92
grill-me,https://x.com/i/status/2103484677864730691,2026-09-25T14:00:02.000Z,en,33,3,0.05
grill-me,https://x.com/i/status/2103463363535679646,2026-09-25T12:35:20.000Z,en,1,0,0.94
grill-me,https://x.com/i/status/2103455766115996010,2026-09-25T12:05:09.000Z,en,0,0,0.83
grill-me,https://x.com/i/status/2103418702276313438,2026-09-25T09:37:52.000Z,ja,15,0,0.87
grill-me,https://x.com/i/status/2103389305473257742,2026-09-25T07:41:04.000Z,en,3,0,0.89
grill-me,https://x.com/i/status/2103369382499856874,2026-09-25T06:21:54.000Z,fa,0,0,0.83
grill-me,https://x.com/i/status/2103353556262961308,2026-09-25T05:19:00.000Z,en,2,0,0.85
grill-me,https://x.com/i/status/2103230290411786558,2026-09-24T21:09:12.000Z,en,0,0,0.68
grill-me,https://x.com/i/status/2103185038271484355,2026-09-24T18:09:23.000Z,en,6,0,0.05
grill-me,https://x.com/i/status/2103174794984526094,2026-09-24T17:28:40.000Z,en,0,0,0.88
grill-me,https://x.com/i/status/2103159304844923125,2026-09-24T16:27:07.000Z,en,45,1,0.05
grill-me,https://x.com/i/status/2103153718611034317,2026-09-24T16:04:55.000Z,en,0,0,0.87
grill-me,https://x.com/i/status/2103144820588032389,2026-09-24T15:29:34.000Z,en,0,0,0.77
grill-me,https://x.com/i/status/2103128445664342282,2026-09-24T14:24:30.000Z,en,0,0,0.79
grill-me,https://x.com/i/status/2103107681141788836,2026-09-24T13:01:59.000Z,en,1,0,0.87
grill-me,https://x.com/i/status/2103103787326185766,2026-09-24T12:46:31.000Z,zh,1,0,0.91
grill-me,https://x.com/i/status/2103097499942605194,2026-09-24T12:21:32.000Z,zxx,1,1,0.18
grill-me,https://x.com/i/status/2103090153162166756,2026-09-24T11:52:20.000Z,en,0,0,0.92
grill-me,https://x.com/i/status/2103081165515022468,2026-09-24T11:16:37.000Z,en,2,0,0.81
grill-me,https://x.com/i/status/2103065007856697782,2026-09-24T10:12:25.000Z,en,0,0,0.86
grill-me,https://x.com/i/status/2103029415659581906,2026-09-24T07:50:59.000Z,en,1,0,0.91
grill-me,https://x.com/i/status/2102981013098090687,2026-09-24T04:38:39.000Z,en,0,0,0.94
grill-me,https://x.com/i/status/2102963013120889289,2026-09-24T03:27:08.000Z,zxx,18,4,0.18
grill-me,https://x.com/i/status/2102950621116862939,2026-09-24T02:37:53.000Z,en,0,0,0.85
grill-me,https://x.com/i/status/2102949625196171611,2026-09-24T02:33:56.000Z,en,0,0,0.84
grill-me,https://x.com/i/status/2102931089732051333,2026-09-24T01:20:17.000Z,en,4,0,0.94
grill-me,https://x.com/i/status/2102929525634158864,2026-09-24T01:14:04.000Z,en,0,0,0.87
grill-me,https://x.com/i/status/2102926470339293578,2026-09-24T01:01:55.000Z,en,3,0,0.87
grill-me,https://x.com/i/status/2102887457054441726,2026-09-23T22:26:54.000Z,en,0,0,0.86
grill-me,https://x.com/i/status/2102887447948575030,2026-09-23T22:26:52.000Z,en,0,0,0.9
grill-me,https://x.com/i/status/2102861127051051015,2026-09-23T20:42:16.000Z,en,0,0,0.89
grill-me,https://x.com/i/status/2102859335172809024,2026-09-23T20:35:09.000Z,en,0,0,0.86
grill-me,https://x.com/i/status/2102856466113974531,2026-09-23T20:23:45.000Z,en,1,0,0.81
grill-me,https://x.com/i/status/2102855792575582418,2026-09-23T20:21:04.000Z,en,4,0,0.94
grill-me,https://x.com/i/status/2102853334957011117,2026-09-23T20:11:18.000Z,en,5,0,0.91
grill-me,https://x.com/i/status/2102852412453126248,2026-09-23T20:07:38.000Z,de,0,0,0.89
grill-me,https://x.com/i/status/2102841652121641080,2026-09-23T19:24:53.000Z,en,1,0,0.81
grill-me,https://x.com/i/status/2102838966332330402,2026-09-23T19:14:13.000Z,en,1,0,0.83
grill-me,https://x.com/i/status/2102833737591656657,2026-09-23T18:53:26.000Z,en,0,0,0.9
grill-me,https://x.com/i/status/2102820091297509800,2026-09-23T17:59:12.000Z,en,7,0,0.88
grill-me,https://x.com/i/status/2102818378448523689,2026-09-23T17:52:24.000Z,en,1,0,0.93
grill-me,https://x.com/i/status/2102816559186022807,2026-09-23T17:45:10.000Z,en,0,0,0.86
grill-me,https://x.com/i/status/2102692081672282278,2026-09-23T09:30:33.000Z,zh,0,0,0.89
grill-me,https://x.com/i/status/2102661511571513418,2026-09-23T07:29:04.000Z,en,0,0,0.81
grill-me,https://x.com/i/status/2102525034728186129,2026-09-22T22:26:45.000Z,en,2,0,0.94
grill-me,https://x.com/i/status/2102514539325722715,2026-09-22T21:45:03.000Z,zxx,2,1,0.09
grill-me,https://x.com/i/status/2102441132454277607,2026-09-22T16:53:22.000Z,en,2,0,0.04
grill-me,https://x.com/i/status/2102370073466065018,2026-09-22T12:11:00.000Z,ja,413,30,0.8
grill-me,https://x.com/i/status/2102218751072678104,2026-09-22T02:09:42.000Z,zh,6,0,0.18
grill-with-docs,https://x.com/i/status/2104592439969255887,2026-09-28T15:21:53.000Z,en,0,0,0.95
grill-with-docs,https://x.com/i/status/2104525219406688718,2026-09-28T10:54:47.000Z,ar,33,5,0.25
grill-with-docs,https://x.com/i/status/2104464190320853104,2026-09-28T06:52:16.000Z,en,1,0,0.96
grill-with-docs,https://x.com/i/status/2103848219956449649,2026-09-26T14:04:37.000Z,en,7,0,0.97
grill-with-docs,https://x.com/i/status/2103842825544884437,2026-09-26T13:43:11.000Z,zh,4,0,0.95
grill-with-docs,https://x.com/i/status/2103820379898728510,2026-09-26T12:14:00.000Z,ja,19,2,0.94
grill-with-docs,https://x.com/i/status/2103809399126962497,2026-09-26T11:30:22.000Z,zh,286,33,0.98
grill-with-docs,https://x.com/i/status/2103472142570721756,2026-09-25T13:10:14.000Z,en,0,0,0.93
grill-with-docs,https://x.com/i/status/2103230049872642553,2026-09-24T21:08:14.000Z,en,1,0,0.95
grill-with-docs,https://x.com/i/status/2103219355756396589,2026-09-24T20:25:44.000Z,en,0,0,0.98
grill-with-docs,https://x.com/i/status/2102961685111668927,2026-09-24T03:21:51.000Z,pt,0,0,0.93
grill-with-docs,https://x.com/i/status/2102853821244596434,2026-09-23T20:13:14.000Z,zh,7,0,0.4
grill-with-docs,https://x.com/i/status/2102701255885758717,2026-09-23T10:07:00.000Z,ja,125,6,0.92
grill-with-docs,https://x.com/i/status/2102445429921329564,2026-09-22T17:10:26.000Z,en,3,0,0.06
grill-with-docs,https://x.com/i/status/2102445313185448005,2026-09-22T17:09:58.000Z,zxx,3,0,0.27
grill-with-docs,https://x.com/i/status/2102201335437562012,2026-09-22T01:00:30.000Z,zxx,0,0,0.26
self-improving,https://x.com/i/status/2104706206346707415,2026-09-28T22:53:57.000Z,en,0,0,0.45
self-improving,https://x.com/i/status/2104705417750409492,2026-09-28T22:50:49.000Z,en,7,1,0.11
self-improving,https://x.com/i/status/2104683678961975363,2026-09-28T21:24:26.000Z,en,1,0,0.8
self-improving,https://x.com/i/status/2104673065112101285,2026-09-28T20:42:16.000Z,en,14,0,0.52
self-improving,https://x.com/i/status/2104669727637549056,2026-09-28T20:29:00.000Z,en,12,0,0.84
self-improving,https://x.com/i/status/2104668090084810781,2026-09-28T20:22:30.000Z,en,2,0,0.81
self-improving,https://x.com/i/status/2104661470093209838,2026-09-28T19:56:11.000Z,en,0,0,0.13
self-improving,https://x.com/i/status/2104661046073893172,2026-09-28T19:54:30.000Z,en,17,0,0.81
self-improving,https://x.com/i/status/2104636510377054397,2026-09-28T18:17:00.000Z,en,0,0,0.12
self-improving,https://x.com/i/status/2104633120909566440,2026-09-28T18:03:32.000Z,en,0,0,0.35
self-improving,https://x.com/i/status/2104625409669443826,2026-09-28T17:32:54.000Z,en,4,0,0.78
self-improving,https://x.com/i/status/2104623970662371472,2026-09-28T17:27:11.000Z,en,145,14,0.77
self-improving,https://x.com/i/status/2104618953637016048,2026-09-28T17:07:15.000Z,en,1,0,0.07
self-improving,https://x.com/i/status/2104602311368610093,2026-09-28T16:01:07.000Z,en,14,0,0.1
self-improving,https://x.com/i/status/2104601548387185083,2026-09-28T15:58:05.000Z,zxx,5,1,0.11
self-improving,https://x.com/i/status/2104598769245515910,2026-09-28T15:47:02.000Z,en,1,0,0.81
self-improving,https://x.com/i/status/2104598480492937717,2026-09-28T15:45:53.000Z,en,270,30,0.82
self-improving,https://x.com/i/status/2104597759005434149,2026-09-28T15:43:01.000Z,en,6,0,0.8
self-improving,https://x.com/i/status/2104596252801351815,2026-09-28T15:37:02.000Z,en,1,0,0.05
self-improving,https://x.com/i/status/2104594536307573181,2026-09-28T15:30:13.000Z,en,36,0,0.75
self-improving,https://x.com/i/status/2104593751347691742,2026-09-28T15:27:06.000Z,en,17,3,0.64
self-improving,https://x.com/i/status/2104591968864985351,2026-09-28T15:20:01.000Z,en,35,1,0.76
self-improving,https://x.com/i/status/2104591269142175992,2026-09-28T15:17:14.000Z,en,0,0,0.78
self-improving,https://x.com/i/status/2104588415995977921,2026-09-28T15:05:54.000Z,en,0,0,0.72
self-improving,https://x.com/i/status/2104581905563750595,2026-09-28T14:40:02.000Z,en,6,0,0.04
self-improving,https://x.com/i/status/2104576086101426620,2026-09-28T14:16:54.000Z,zxx,704,71,0.1
self-improving,https://x.com/i/status/2104573224071627037,2026-09-28T14:05:32.000Z,en,45,11,0.23
self-improving,https://x.com/i/status/2104564293039472989,2026-09-28T13:30:03.000Z,en,24,1,0.62
self-improving,https://x.com/i/status/2104562798621868418,2026-09-28T13:24:06.000Z,en,5,1,0.47
self-improving,https://x.com/i/status/2104546157003165704,2026-09-28T12:17:59.000Z,en,0,0,0.33
self-improving,https://x.com/i/status/2104528726138528033,2026-09-28T11:08:43.000Z,en,31,6,0.14
self-improving,https://x.com/i/status/2104519060411265513,2026-09-28T10:30:18.000Z,en,107,1,0.55
self-improving,https://x.com/i/status/2104488783647486261,2026-09-28T08:30:00.000Z,en,0,0,0.84
self-improving,https://x.com/i/status/2104453599367770287,2026-09-28T06:10:11.000Z,zh,544,79,0.8
self-improving,https://x.com/i/status/2104434280269291967,2026-09-28T04:53:25.000Z,en,296,61,0.24
self-improving,https://x.com/i/status/2104429505792397429,2026-09-28T04:34:27.000Z,en,61,15,0.13
self-improving,https://x.com/i/status/2104401793665077351,2026-09-28T02:44:20.000Z,en,0,0,0.04
self-improving,https://x.com/i/status/2104398202770538925,2026-09-28T02:30:04.000Z,en,71,6,0.85
self-improving,https://x.com/i/status/2104394093451448357,2026-09-28T02:13:44.000Z,en,0,0,0.83
self-improving,https://x.com/i/status/2104375480371617845,2026-09-28T00:59:46.000Z,en,0,0,0.04
self-improving,https://x.com/i/status/2104357676293710310,2026-09-27T23:49:01.000Z,zh,0,0,0.18
self-improving,https://x.com/i/status/2104339550927777885,2026-09-27T22:37:00.000Z,en,0,0,0.47
self-improving,https://x.com/i/status/2104313886648271011,2026-09-27T20:55:01.000Z,en,0,0,0.69
self-improving,https://x.com/i/status/2104301080280477859,2026-09-27T20:04:08.000Z,en,4,0,0.65
self-improving,https://x.com/i/status/2104300383866609961,2026-09-27T20:01:22.000Z,en,2,0,0.16
self-improving,https://x.com/i/status/2104299792482402539,2026-09-27T19:59:01.000Z,en,0,0,0.6
self-improving,https://x.com/i/status/2104281336890720608,2026-09-27T18:45:41.000Z,zxx,2,0,0.12
self-improving,https://x.com/i/status/2104271342111776832,2026-09-27T18:05:58.000Z,en,636,66,0.64
self-improving,https://x.com/i/status/2104268734517182792,2026-09-27T17:55:36.000Z,en,0,0,0.6
self-improving,https://x.com/i/status/2104266663751291135,2026-09-27T17:47:22.000Z,en,115,13,0.78
self-improving,https://x.com/i/status/2104261227950346470,2026-09-27T17:25:46.000Z,en,1,0,0.85
self-improving,https://x.com/i/status/2104247205859139604,2026-09-27T16:30:03.000Z,en,321,52,0.73
self-improving,https://x.com/i/status/2104236351503659288,2026-09-27T15:46:55.000Z,en,1,0,0.55
self-improving,https://x.com/i/status/2104233676355801506,2026-09-27T15:36:17.000Z,en,0,0,0.62
self-improving,https://x.com/i/status/2104227498297082041,2026-09-27T15:11:44.000Z,en,4,0,0.55
self-improving,https://x.com/i/status/2104214617367224738,2026-09-27T14:20:33.000Z,zxx,1,0,0.1
self-improving,https://x.com/i/status/2104213218269032678,2026-09-27T14:15:00.000Z,zh,0,0,0.79
self-improving,https://x.com/i/status/2104209622059958759,2026-09-27T14:00:42.000Z,en,283,44,0.49
self-improving,https://x.com/i/status/2104196198416421112,2026-09-27T13:07:22.000Z,en,1,0,0.87
self-improving,https://x.com/i/status/2104196183996633337,2026-09-27T13:07:18.000Z,en,6,0,0.61
self-improving,https://x.com/i/status/2104194032406560872,2026-09-27T12:58:46.000Z,en,1060,77,0.74
self-improving,https://x.com/i/status/2104193675488010534,2026-09-27T12:57:20.000Z,en,1,0,0.07
self-improving,https://x.com/i/status/2104193588603044178,2026-09-27T12:57:00.000Z,en,0,0,0.11
self-improving,https://x.com/i/status/2104181670299471969,2026-09-27T12:09:38.000Z,en,0,0,0.6
self-improving,https://x.com/i/status/2104148409724944722,2026-09-27T09:57:28.000Z,en,0,0,0.72
self-improving,https://x.com/i/status/2104138489268670941,2026-09-27T09:18:03.000Z,zh,1417,307,0.79
self-improving,https://x.com/i/status/2104137577456615587,2026-09-27T09:14:26.000Z,en,0,0,0.77
self-improving,https://x.com/i/status/2104123517335961904,2026-09-27T08:18:33.000Z,en,0,0,0.59
self-improving,https://x.com/i/status/2104109892785316326,2026-09-27T07:24:25.000Z,en,0,0,0.56
self-improving,https://x.com/i/status/2104108958403441142,2026-09-27T07:20:42.000Z,en,7,1,0.11
self-improving,https://x.com/i/status/2104104182580121693,2026-09-27T07:01:44.000Z,en,0,0,0.5
self-improving,https://x.com/i/status/2104099143870488713,2026-09-27T06:41:42.000Z,en,2,1,0.08
self-improving,https://x.com/i/status/2104096547747291584,2026-09-27T06:31:23.000Z,zxx,225,82,0.1
self-improving,https://x.com/i/status/2104095649608389020,2026-09-27T06:27:49.000Z,en,0,0,0.62
self-improving,https://x.com/i/status/2104093922398175453,2026-09-27T06:20:57.000Z,en,150,1,0.34
self-improving,https://x.com/i/status/2104088313535893970,2026-09-27T05:58:40.000Z,en,0,0,0.51
self-improving,https://x.com/i/status/2104079233089941964,2026-09-27T05:22:35.000Z,en,2,0,0.38
self-improving,https://x.com/i/status/2104075296463057383,2026-09-27T05:06:57.000Z,en,84,7,0.29
self-improving,https://x.com/i/status/2104067577991561260,2026-09-27T04:36:16.000Z,en,0,0,0.61
self-improving,https://x.com/i/status/2104066282433946052,2026-09-27T04:31:08.000Z,en,73,5,0.64
self-improving,https://x.com/i/status/2104059601091985761,2026-09-27T04:04:35.000Z,en,13,4,0.58
self-improving,https://x.com/i/status/2104056840917225853,2026-09-27T03:53:37.000Z,en,86,31,0.57
self-improving,https://x.com/i/status/2104056179072884753,2026-09-27T03:50:59.000Z,en,0,0,0.52
self-improving,https://x.com/i/status/2104053762440728588,2026-09-27T03:41:23.000Z,en,402,90,0.18
self-improving,https://x.com/i/status/2104034895387562081,2026-09-27T02:26:24.000Z,in,0,0,0.56
self-improving,https://x.com/i/status/2104025357263261906,2026-09-27T01:48:30.000Z,en,2,0,0.61
self-improving,https://x.com/i/status/2104018002979266807,2026-09-27T01:19:17.000Z,en,0,0,0.21
self-improving,https://x.com/i/status/2103968211884466686,2026-09-26T22:01:26.000Z,en,21,1,0.6
self-improving,https://x.com/i/status/2103963015125274745,2026-09-26T21:40:47.000Z,en,9,4,0.54
self-improving,https://x.com/i/status/2103924712992551167,2026-09-26T19:08:35.000Z,en,108,0,0.3
self-improving,https://x.com/i/status/2103906513970430393,2026-09-26T17:56:16.000Z,en,1,0,0.53
self-improving,https://x.com/i/status/2103886119536402841,2026-09-26T16:35:13.000Z,en,1,0,0.09
self-improving,https://x.com/i/status/2103880364557025368,2026-09-26T16:12:21.000Z,en,1,0,0.35
self-improving,https://x.com/i/status/2103867551893819509,2026-09-26T15:21:26.000Z,en,144,30,0.6
self-improving,https://x.com/i/status/2103867228512833761,2026-09-26T15:20:09.000Z,en,31,2,0.67
self-improving,https://x.com/i/status/2103867179267715427,2026-09-26T15:19:58.000Z,en,0,0,0.47
self-improving,https://x.com/i/status/2103841854030762263,2026-09-26T13:39:20.000Z,zxx,0,0,0.12
self-improving,https://x.com/i/status/2103833744897388851,2026-09-26T13:07:06.000Z,en,1,0,0.04
self-improving,https://x.com/i/status/2103826930181308720,2026-09-26T12:40:02.000Z,en,513,66,0.49
self-improving,https://x.com/i/status/2103798983227560292,2026-09-26T10:48:58.000Z,en,13,9,0.65
improve-codebase-architecture,https://x.com/i/status/2104264258900963625,2026-09-27T17:37:49.000Z,en,0,0,0.91
improve-codebase-architecture,https://x.com/i/status/2103689454657687818,2026-09-26T03:33:45.000Z,en,0,0,0.9
improve-codebase-architecture,https://x.com/i/status/2103174519657836848,2026-09-24T17:27:35.000Z,en,3,0,0.12
github,https://x.com/i/status/2104735960605110655,2026-09-29T00:52:11.000Z,en,0,0,0.07
github,https://x.com/i/status/2104735564444701103,2026-09-29T00:50:37.000Z,ja,0,0,0.18
github,https://x.com/i/status/2104735547600355376,2026-09-29T00:50:33.000Z,zxx,0,0,0.07
github,https://x.com/i/status/2104734698627113313,2026-09-29T00:47:10.000Z,en,0,0,0.07
github,https://x.com/i/status/2104734663881195550,2026-09-29T00:47:02.000Z,en,0,0,0.17
github,https://x.com/i/status/2104734162276012052,2026-09-29T00:45:03.000Z,en,17,2,0.11
github,https://x.com/i/status/2104733693806059779,2026-09-29T00:43:11.000Z,en,1,0,0.1
github,https://x.com/i/status/2104733672305991680,2026-09-29T00:43:06.000Z,en,0,0,0.07
github,https://x.com/i/status/2104733249134121018,2026-09-29T00:41:25.000Z,en,1,0,0.08
github,https://x.com/i/status/2104733031810625969,2026-09-29T00:40:33.000Z,en,1,0,0.13
github,https://x.com/i/status/2104732163149304065,2026-09-29T00:37:06.000Z,en,0,0,0.09
github,https://x.com/i/status/2104731819082141931,2026-09-29T00:35:44.000Z,vi,0,0,0.07
github,https://x.com/i/status/2104731473677009399,2026-09-29T00:34:22.000Z,en,0,0,0.03
github,https://x.com/i/status/2104730883161030935,2026-09-29T00:32:01.000Z,ja,0,0,0.12
github,https://x.com/i/status/2104730707918745843,2026-09-29T00:31:19.000Z,en,0,0,0.1
github,https://x.com/i/status/2104730465093533825,2026-09-29T00:30:21.000Z,en,0,0,0.2
github,https://x.com/i/status/2104729561808400875,2026-09-29T00:26:46.000Z,zxx,0,0,0.06
github,https://x.com/i/status/2104729375619068109,2026-09-29T00:26:01.000Z,ko,0,0,0.11
github,https://x.com/i/status/2104728895639478696,2026-09-29T00:24:07.000Z,zh,0,0,0.07
github,https://x.com/i/status/2104728568626302983,2026-09-29T00:22:49.000Z,en,0,0,0.03
github,https://x.com/i/status/2104727859327873062,2026-09-29T00:20:00.000Z,en,1,0,0.17
github,https://x.com/i/status/2104727840293872117,2026-09-29T00:19:55.000Z,en,1,0,0.08
github,https://x.com/i/status/2104727755904418219,2026-09-29T00:19:35.000Z,en,1,0,0.08
github,https://x.com/i/status/2104727626409726398,2026-09-29T00:19:04.000Z,ja,0,0,0.08
github,https://x.com/i/status/2104727046555656476,2026-09-29T00:16:46.000Z,en,0,0,0.09
github,https://x.com/i/status/2104725562426311051,2026-09-29T00:10:52.000Z,ja,1,0,0.13
github,https://x.com/i/status/2104725555677741210,2026-09-29T00:10:51.000Z,ja,0,0,0.06
github,https://x.com/i/status/2104725533590446438,2026-09-29T00:10:45.000Z,ja,0,0,0.09
github,https://x.com/i/status/2104725423787573459,2026-09-29T00:10:19.000Z,en,2,0,0.08
github,https://x.com/i/status/2104725364018954569,2026-09-29T00:10:05.000Z,ja,0,0,0.09
github,https://x.com/i/status/2104725101048483991,2026-09-29T00:09:02.000Z,tr,2,1,0.08
github,https://x.com/i/status/2104724413069377581,2026-09-29T00:06:18.000Z,zxx,1,0,0.07
github,https://x.com/i/status/2104724386573881693,2026-09-29T00:06:12.000Z,en,0,0,0.06
github,https://x.com/i/status/2104724349978816878,2026-09-29T00:06:03.000Z,zxx,0,0,0.08
github,https://x.com/i/status/2104724307767103489,2026-09-29T00:05:53.000Z,zxx,2,0,0.09
github,https://x.com/i/status/2104723720392884626,2026-09-29T00:03:33.000Z,en,0,0,0.08
github,https://x.com/i/status/2104723626406625552,2026-09-29T00:03:11.000Z,en,0,0,0.12
github,https://x.com/i/status/2104723586745331780,2026-09-29T00:03:01.000Z,ja,0,0,0.13
github,https://x.com/i/status/2104722958510149688,2026-09-29T00:00:31.000Z,en,2,0,0.1
github,https://x.com/i/status/2104722833007956155,2026-09-29T00:00:01.000Z,en,0,0,0.06
github,https://x.com/i/status/2104722754020725238,2026-09-28T23:59:43.000Z,en,2,0,0.1
github,https://x.com/i/status/2104721453254164717,2026-09-28T23:54:32.000Z,ja,1,0,0.16
github,https://x.com/i/status/2104721387801682332,2026-09-28T23:54:17.000Z,en,0,0,0.06
github,https://x.com/i/status/2104720053233225889,2026-09-28T23:48:59.000Z,ja,0,0,0.07
github,https://x.com/i/status/2104719228905672917,2026-09-28T23:45:42.000Z,en,0,0,0.15
github,https://x.com/i/status/2104718884674666526,2026-09-28T23:44:20.000Z,en,1,0,0.14
github,https://x.com/i/status/2104717829241209167,2026-09-28T23:40:08.000Z,ko,1,0,0.11
github,https://x.com/i/status/2104717310577828147,2026-09-28T23:38:05.000Z,en,0,0,0.04
github,https://x.com/i/status/2104716930557026489,2026-09-28T23:36:34.000Z,zxx,0,0,0.06
github,https://x.com/i/status/2104716472367157631,2026-09-28T23:34:45.000Z,en,1,0,0.1
github,https://x.com/i/status/2104716347343327604,2026-09-28T23:34:15.000Z,zxx,0,0,0.08
github,https://x.com/i/status/2104716319103103407,2026-09-28T23:34:08.000Z,zh,1,0,0.1
github,https://x.com/i/status/2104715804512309684,2026-09-28T23:32:06.000Z,zxx,0,0,0.07
github,https://x.com/i/status/2104715780072091724,2026-09-28T23:32:00.000Z,en,0,0,0.07
github,https://x.com/i/status/2104715581731787101,2026-09-28T23:31:13.000Z,ja,1,0,0.12
github,https://x.com/i/status/2104715526673248718,2026-09-28T23:30:59.000Z,ja,0,0,0.13
github,https://x.com/i/status/2104715457492050134,2026-09-28T23:30:43.000Z,en,1,0,0.08
github,https://x.com/i/status/2104715277971984396,2026-09-28T23:30:00.000Z,zh,0,0,0.25
github,https://x.com/i/status/2104714570837205200,2026-09-28T23:27:12.000Z,en,23,7,0.08
github,https://x.com/i/status/2104713673440719353,2026-09-28T23:23:38.000Z,en,0,0,0.09
github,https://x.com/i/status/2104713011508154836,2026-09-28T23:21:00.000Z,zh,0,0,0.11
github,https://x.com/i/status/2104711363222454687,2026-09-28T23:14:27.000Z,en,2,0,0.2
github,https://x.com/i/status/2104709950434132088,2026-09-28T23:08:50.000Z,en,0,0,0.07
github,https://x.com/i/status/2104709393107517748,2026-09-28T23:06:37.000Z,ja,2,0,0.15
github,https://x.com/i/status/2104708798971572597,2026-09-28T23:04:15.000Z,en,1,0,0.07
github,https://x.com/i/status/2104708513763377562,2026-09-28T23:03:07.000Z,ja,0,0,0.12
github,https://x.com/i/status/2104708200314581014,2026-09-28T23:01:53.000Z,zh,1,0,0.11
github,https://x.com/i/status/2104708075085341117,2026-09-28T23:01:23.000Z,zxx,5,0,0.07
github,https://x.com/i/status/2104707729377878159,2026-09-28T23:00:00.000Z,zh,1,0,0.15
github,https://x.com/i/status/2104707229723340915,2026-09-28T22:58:01.000Z,en,0,0,0.08
github,https://x.com/i/status/2104706440128557533,2026-09-28T22:54:53.000Z,en,6,0,0.17
github,https://x.com/i/status/2104705239920124385,2026-09-28T22:50:07.000Z,pt,0,0,0.14
github,https://x.com/i/status/2104704800218808656,2026-09-28T22:48:22.000Z,ja,0,0,0.11
github,https://x.com/i/status/2104704732103340361,2026-09-28T22:48:06.000Z,ja,0,0,0.08
github,https://x.com/i/status/2104704715351326932,2026-09-28T22:48:02.000Z,ja,0,0,0.1
github,https://x.com/i/status/2104704633390428577,2026-09-28T22:47:42.000Z,ja,5,0,0.1
github,https://x.com/i/status/2104704288010215928,2026-09-28T22:46:20.000Z,en,6,1,0.09
github,https://x.com/i/status/2104703987861926240,2026-09-28T22:45:08.000Z,en,1,0,0.12
github,https://x.com/i/status/2104702708582326568,2026-09-28T22:40:03.000Z,en,0,0,0.07
github,https://x.com/i/status/2104701796245753932,2026-09-28T22:36:26.000Z,ja,0,0,0.1
github,https://x.com/i/status/2104701510756307279,2026-09-28T22:35:18.000Z,en,7,0,0.15
github,https://x.com/i/status/2104701040298000466,2026-09-28T22:33:26.000Z,en,1,0,0.06
github,https://x.com/i/status/2104700820675825937,2026-09-28T22:32:33.000Z,en,0,0,0.08
github,https://x.com/i/status/2104700681466609850,2026-09-28T22:32:00.000Z,pt,0,0,0.13
github,https://x.com/i/status/2104699962898387264,2026-09-28T22:29:09.000Z,en,2,0,0.04
github,https://x.com/i/status/2104699734308888895,2026-09-28T22:28:14.000Z,en,1,0,0.09
github,https://x.com/i/status/2104699523796705697,2026-09-28T22:27:24.000Z,zh,0,0,0.1
github,https://x.com/i/status/2104698953178677487,2026-09-28T22:25:08.000Z,en,1,0,0.1
github,https://x.com/i/status/2104698708189168105,2026-09-28T22:24:10.000Z,en,22,4,0.15
github,https://x.com/i/status/2104698459009740953,2026-09-28T22:23:10.000Z,en,2,0,0.05
github,https://x.com/i/status/2104697144011555154,2026-09-28T22:17:57.000Z,en,1,0,0.17
github,https://x.com/i/status/2104696976885293178,2026-09-28T22:17:17.000Z,en,0,0,0.1
github,https://x.com/i/status/2104696903070068931,2026-09-28T22:16:59.000Z,en,0,0,0.04
github,https://x.com/i/status/2104696721896870247,2026-09-28T22:16:16.000Z,en,19,0,0.07
github,https://x.com/i/status/2104695517985013789,2026-09-28T22:11:29.000Z,ja,0,0,0.11
github,https://x.com/i/status/2104694179012239786,2026-09-28T22:06:10.000Z,ja,1,0,0.11
github,https://x.com/i/status/2104693905396548027,2026-09-28T22:05:05.000Z,zxx,0,0,0.08
github,https://x.com/i/status/2104693427610992867,2026-09-28T22:03:11.000Z,en,0,0,0.11
github,https://x.com/i/status/2104693138157638004,2026-09-28T22:02:02.000Z,zh,11,1,0.06
github,https://x.com/i/status/2104693031018578094,2026-09-28T22:01:36.000Z,en,1,0,0.11
tdd,https://x.com/i/status/2104714012495884369,2026-09-28T23:24:58.000Z,en,0,0,0.47
tdd,https://x.com/i/status/2104602063959175263,2026-09-28T16:00:08.000Z,en,0,0,0.51
tdd,https://x.com/i/status/2104586196206997592,2026-09-28T14:57:05.000Z,en,3,1,0.53
tdd,https://x.com/i/status/2104548793572008375,2026-09-28T12:28:27.000Z,en,1,0,0.35
tdd,https://x.com/i/status/2104462246688788879,2026-09-28T06:44:33.000Z,en,0,0,0.49
tdd,https://x.com/i/status/2104360486758203829,2026-09-28T00:00:11.000Z,en,0,0,0.88
tdd,https://x.com/i/status/2104253427622768670,2026-09-27T16:54:46.000Z,en,45,1,0.83
tdd,https://x.com/i/status/2104247974977306788,2026-09-27T16:33:06.000Z,en,0,0,0.77
tdd,https://x.com/i/status/2104235653802459475,2026-09-27T15:44:09.000Z,en,3,0,0.83
tdd,https://x.com/i/status/2104202743762100310,2026-09-27T13:33:22.000Z,fr,2,0,0.72
tdd,https://x.com/i/status/2104184919513510397,2026-09-27T12:22:33.000Z,en,0,0,0.49
tdd,https://x.com/i/status/2104144094704423011,2026-09-27T09:40:19.000Z,en,0,0,0.14
tdd,https://x.com/i/status/2104099730544583107,2026-09-27T06:44:02.000Z,en,3,5,0.04
tdd,https://x.com/i/status/2103984534702157836,2026-09-26T23:06:17.000Z,es,0,0,0.82
tdd,https://x.com/i/status/2103951344675496141,2026-09-26T20:54:24.000Z,en,0,0,0.91
tdd,https://x.com/i/status/2103888335509016868,2026-09-26T16:44:02.000Z,en,1,0,0.46
tdd,https://x.com/i/status/2103877386882146548,2026-09-26T16:00:31.000Z,en,12,4,0.87
tdd,https://x.com/i/status/2103873439765242269,2026-09-26T15:44:50.000Z,pt,0,0,0.06
tdd,https://x.com/i/status/2103857066725286280,2026-09-26T14:39:47.000Z,zxx,2,0,0.12
tdd,https://x.com/i/status/2103845309545693538,2026-09-26T13:53:04.000Z,en,47,9,0.17
tdd,https://x.com/i/status/2103834270095827317,2026-09-26T13:09:11.000Z,en,3,0,0.12
tdd,https://x.com/i/status/2103816870587715846,2026-09-26T12:00:03.000Z,en,5,0,0.48
tdd,https://x.com/i/status/2103764437643472938,2026-09-26T08:31:42.000Z,en,0,0,0.34
tdd,https://x.com/i/status/2103725752009044013,2026-09-26T05:57:59.000Z,en,94,6,0.03
tdd,https://x.com/i/status/2103718365894213923,2026-09-26T05:28:38.000Z,en,0,0,0.6
tdd,https://x.com/i/status/2103687573948235923,2026-09-26T03:26:16.000Z,en,4,0,0.15
tdd,https://x.com/i/status/2103651219713691668,2026-09-26T01:01:49.000Z,ja,63,9,0.89
tdd,https://x.com/i/status/2103606451625402430,2026-09-25T22:03:55.000Z,en,1,0,0.95
tdd,https://x.com/i/status/2103526385465921983,2026-09-25T16:45:46.000Z,en,0,0,0.23
tdd,https://x.com/i/status/2103492883479196064,2026-09-25T14:32:39.000Z,en,1,0,0.67
tdd,https://x.com/i/status/2103492506013077652,2026-09-25T14:31:09.000Z,ja,1,0,0.86
tdd,https://x.com/i/status/2103477321697280173,2026-09-25T13:30:48.000Z,en,1,0,0.55
tdd,https://x.com/i/status/2103462008821514716,2026-09-25T12:29:57.000Z,en,0,0,0.89
tdd,https://x.com/i/status/2103443217912152554,2026-09-25T11:15:17.000Z,en,0,0,0.52
tdd,https://x.com/i/status/2103433581292900553,2026-09-25T10:37:00.000Z,ja,6,0,0.45
tdd,https://x.com/i/status/2103433480919240915,2026-09-25T10:36:36.000Z,en,1,0,0.58
tdd,https://x.com/i/status/2103353556262961308,2026-09-25T05:19:00.000Z,en,2,0,0.72
tdd,https://x.com/i/status/2103310499526197703,2026-09-25T02:27:55.000Z,en,41,4,0.22
tdd,https://x.com/i/status/2103287635196424403,2026-09-25T00:57:04.000Z,en,0,0,0.31
tdd,https://x.com/i/status/2103260323075469582,2026-09-24T23:08:32.000Z,en,153,3,0.07
tdd,https://x.com/i/status/2103199126729175072,2026-09-24T19:05:22.000Z,en,1,1,0.8
tdd,https://x.com/i/status/2103178759755243865,2026-09-24T17:44:26.000Z,tr,6,1,0.13
tdd,https://x.com/i/status/2103140455911440423,2026-09-24T15:12:13.000Z,en,1,0,0.55
tdd,https://x.com/i/status/2103111307545198779,2026-09-24T13:16:24.000Z,en,0,0,0.77
tdd,https://x.com/i/status/2103099606858928281,2026-09-24T12:29:54.000Z,en,8,0,0.44
tdd,https://x.com/i/status/2103097499942605194,2026-09-24T12:21:32.000Z,zxx,1,1,0.11
tdd,https://x.com/i/status/2103091775410000279,2026-09-24T11:58:47.000Z,en,49,12,0.08
tdd,https://x.com/i/status/2103088051542974772,2026-09-24T11:43:59.000Z,en,8,4,0.08
tdd,https://x.com/i/status/2103049602664386868,2026-09-24T09:11:12.000Z,en,1,0,0.44
tdd,https://x.com/i/status/2103018313777283255,2026-09-24T07:06:52.000Z,en,0,0,0.12
tdd,https://x.com/i/status/2103006085833433256,2026-09-24T06:18:17.000Z,tr,2,1,0.66
tdd,https://x.com/i/status/2102969795738255363,2026-09-24T03:54:05.000Z,zxx,0,0,0.11
tdd,https://x.com/i/status/2102967237082841092,2026-09-24T03:43:55.000Z,zh,30,1,0.45
tdd,https://x.com/i/status/2102903282884604300,2026-09-23T23:29:47.000Z,en,70,1,0.04
tdd,https://x.com/i/status/2102880681810686335,2026-09-23T21:59:58.000Z,en,1,0,0.52
tdd,https://x.com/i/status/2102859485320736897,2026-09-23T20:35:45.000Z,en,0,0,0.07
tdd,https://x.com/i/status/2102829963984666972,2026-09-23T18:38:26.000Z,en,1,0,0.83
tdd,https://x.com/i/status/2102825332579696966,2026-09-23T18:20:02.000Z,en,0,0,0.77
tdd,https://x.com/i/status/2102813017507496317,2026-09-23T17:31:06.000Z,ja,0,0,0.6
tdd,https://x.com/i/status/2102794092086206593,2026-09-23T16:15:54.000Z,en,1,0,0.35
tdd,https://x.com/i/status/2102780081173315869,2026-09-23T15:20:13.000Z,en,0,0,0.5
tdd,https://x.com/i/status/2102777354724524069,2026-09-23T15:09:23.000Z,en,0,0,0.26
tdd,https://x.com/i/status/2102753682194395485,2026-09-23T13:35:19.000Z,en,100,2,0.54
tdd,https://x.com/i/status/2102714120688824822,2026-09-23T10:58:07.000Z,zh,3,0,0.28
tdd,https://x.com/i/status/2102696830769446936,2026-09-23T09:49:25.000Z,en,0,0,0.4
tdd,https://x.com/i/status/2102696725802819873,2026-09-23T09:49:00.000Z,en,306,24,0.58
tdd,https://x.com/i/status/2102695088401047920,2026-09-23T09:42:29.000Z,zh,1,0,0.82
tdd,https://x.com/i/status/2102687942464491960,2026-09-23T09:14:06.000Z,en,13,0,0.56
tdd,https://x.com/i/status/2102681341863043341,2026-09-23T08:47:52.000Z,en,1,0,0.52
tdd,https://x.com/i/status/2102678434652541260,2026-09-23T08:36:19.000Z,en,3,0,0.15
tdd,https://x.com/i/status/2102676262774845694,2026-09-23T08:27:41.000Z,en,16,0,0.14
tdd,https://x.com/i/status/2102662872027316535,2026-09-23T07:34:28.000Z,en,0,0,0.31
tdd,https://x.com/i/status/2102649287507321318,2026-09-23T06:40:30.000Z,en,1,0,0.82
tdd,https://x.com/i/status/2102643623909376243,2026-09-23T06:17:59.000Z,ja,6,0,0.65
tdd,https://x.com/i/status/2102643304722772461,2026-09-23T06:16:43.000Z,ja,3,0,0.62
tdd,https://x.com/i/status/2102622135080349949,2026-09-23T04:52:36.000Z,en,1,0,0.92
tdd,https://x.com/i/status/2102608903284445571,2026-09-23T04:00:01.000Z,en,3,1,0.72
tdd,https://x.com/i/status/2102601972369211573,2026-09-23T03:32:29.000Z,en,0,0,0.23
tdd,https://x.com/i/status/2102584388328599972,2026-09-23T02:22:36.000Z,ko,5,0,0.12
tdd,https://x.com/i/status/2102542938379260188,2026-09-22T23:37:54.000Z,ko,4,0,0.6
tdd,https://x.com/i/status/2102520370976956687,2026-09-22T22:08:14.000Z,zxx,1,0,0.1
tdd,https://x.com/i/status/2102480327364968935,2026-09-22T19:29:06.000Z,en,2,0,0.48
tdd,https://x.com/i/status/2102439504778875336,2026-09-22T16:46:54.000Z,tr,40,2,0.74
tdd,https://x.com/i/status/2102423533129490774,2026-09-22T15:43:26.000Z,en,1,0,0.92
tdd,https://x.com/i/status/2102422115597328685,2026-09-22T15:37:48.000Z,en,1,0,0.24
tdd,https://x.com/i/status/2102420932203839726,2026-09-22T15:33:05.000Z,en,1,0,0.4
tdd,https://x.com/i/status/2102416603631792234,2026-09-22T15:15:53.000Z,en,10,0,0.19
tdd,https://x.com/i/status/2102413499531923784,2026-09-22T15:03:33.000Z,en,1,0,0.66
tdd,https://x.com/i/status/2102409276140450150,2026-09-22T14:46:46.000Z,en,150,13,0.08
tdd,https://x.com/i/status/2102407849880252630,2026-09-22T14:41:06.000Z,ko,24,2,0.15
tdd,https://x.com/i/status/2102387755666088394,2026-09-22T13:21:16.000Z,zh,203,38,0.29
tdd,https://x.com/i/status/2102339619844960652,2026-09-22T10:09:59.000Z,es,0,0,0.75
tdd,https://x.com/i/status/2102276456537547104,2026-09-22T05:59:00.000Z,ko,36,10,0.77
tdd,https://x.com/i/status/2102269592345493800,2026-09-22T05:31:43.000Z,en,4,1,0.29
tdd,https://x.com/i/status/2102219011727753280,2026-09-22T02:10:44.000Z,zh,0,0,0.66
tdd,https://x.com/i/status/2102218975870595086,2026-09-22T02:10:35.000Z,zh,0,0,0.43
tdd,https://x.com/i/status/2102218958384611797,2026-09-22T02:10:31.000Z,zh,0,0,0.65
ontology,https://x.com/i/status/2104697069302870045,2026-09-28T22:17:39.000Z,en,0,0,0.71
ontology,https://x.com/i/status/2104695604085666188,2026-09-28T22:11:50.000Z,en,0,0,0.65
ontology,https://x.com/i/status/2104675604406628825,2026-09-28T20:52:21.000Z,en,0,0,0.71
ontology,https://x.com/i/status/2104655248044544051,2026-09-28T19:31:28.000Z,en,0,0,0.18
ontology,https://x.com/i/status/2104641093036118325,2026-09-28T18:35:13.000Z,en,0,1,0.04
ontology,https://x.com/i/status/2104632936511475792,2026-09-28T18:02:48.000Z,en,0,0,0.84
ontology,https://x.com/i/status/2104632588279415180,2026-09-28T18:01:25.000Z,en,2,0,0.25
ontology,https://x.com/i/status/2104628914647937474,2026-09-28T17:46:50.000Z,en,0,0,0.87
ontology,https://x.com/i/status/2104624788023198042,2026-09-28T17:30:26.000Z,en,1,0,0.68
ontology,https://x.com/i/status/2104623068194672739,2026-09-28T17:23:36.000Z,en,1,0,0.08
ontology,https://x.com/i/status/2104615324855517343,2026-09-28T16:52:49.000Z,en,1,0,0.81
ontology,https://x.com/i/status/2104613637533089984,2026-09-28T16:46:07.000Z,en,6,5,0.59
ontology,https://x.com/i/status/2104606560726978785,2026-09-28T16:18:00.000Z,en,0,0,0.08
ontology,https://x.com/i/status/2104604060825367006,2026-09-28T16:08:04.000Z,en,11,0,0.78
ontology,https://x.com/i/status/2104598883498094958,2026-09-28T15:47:30.000Z,en,1,0,0.07
ontology,https://x.com/i/status/2104586572100448446,2026-09-28T14:58:34.000Z,en,0,0,0.04
ontology,https://x.com/i/status/2104545453035471141,2026-09-28T12:15:11.000Z,en,0,0,0.11
ontology,https://x.com/i/status/2104542893700440304,2026-09-28T12:05:01.000Z,en,0,0,0.11
ontology,https://x.com/i/status/2104540551072604214,2026-09-28T11:55:42.000Z,en,0,0,0.18
ontology,https://x.com/i/status/2104539662526108032,2026-09-28T11:52:10.000Z,en,0,0,0.11
ontology,https://x.com/i/status/2104537912683479453,2026-09-28T11:45:13.000Z,en,0,0,0.12
ontology,https://x.com/i/status/2104536955459453437,2026-09-28T11:41:25.000Z,en,0,0,0.06
ontology,https://x.com/i/status/2104530096975647175,2026-09-28T11:14:10.000Z,en,1,0,0.82
ontology,https://x.com/i/status/2104496428861313521,2026-09-28T09:00:22.000Z,ja,0,0,0.23
ontology,https://x.com/i/status/2104490892979818723,2026-09-28T08:38:23.000Z,zxx,1,0,0.08
ontology,https://x.com/i/status/2104490498987905095,2026-09-28T08:36:49.000Z,en,3,0,0.61
ontology,https://x.com/i/status/2104480802868478109,2026-09-28T07:58:17.000Z,zxx,0,1,0.15
ontology,https://x.com/i/status/2104473957701214461,2026-09-28T07:31:05.000Z,en,3,0,0.65
ontology,https://x.com/i/status/2104469919563673708,2026-09-28T07:15:02.000Z,en,3,0,0.58
ontology,https://x.com/i/status/2104468940394987671,2026-09-28T07:11:09.000Z,en,3,0,0.68
ontology,https://x.com/i/status/2104460110512750854,2026-09-28T06:36:03.000Z,en,0,0,0.73
ontology,https://x.com/i/status/2104446683950301213,2026-09-28T05:42:42.000Z,zh,3,1,0.58
ontology,https://x.com/i/status/2104442723944329385,2026-09-28T05:26:58.000Z,zh,44,35,0.56
ontology,https://x.com/i/status/2104442556083794155,2026-09-28T05:26:18.000Z,en,4,0,0.69
ontology,https://x.com/i/status/2104423177317142626,2026-09-28T04:09:18.000Z,en,0,1,0.04
ontology,https://x.com/i/status/2104404443668021728,2026-09-28T02:54:51.000Z,en,0,0,0.04
ontology,https://x.com/i/status/2104366327834309091,2026-09-28T00:23:24.000Z,en,2,0,0.07
ontology,https://x.com/i/status/2104313578257858848,2026-09-27T20:53:47.000Z,en,2,0,0.04
ontology,https://x.com/i/status/2104263416252625124,2026-09-27T17:34:28.000Z,zxx,142,18,0.08
ontology,https://x.com/i/status/2104260245346193728,2026-09-27T17:21:52.000Z,en,1,0,0.04
ontology,https://x.com/i/status/2104219802558505000,2026-09-27T14:41:10.000Z,en,1,0,0.57
ontology,https://x.com/i/status/2104215466939945452,2026-09-27T14:23:56.000Z,en,4,0,0.77
ontology,https://x.com/i/status/2104213422841921554,2026-09-27T14:15:49.000Z,en,1,0,0.78
ontology,https://x.com/i/status/2104212807528902733,2026-09-27T14:13:22.000Z,en,2,0,0.71
ontology,https://x.com/i/status/2104212206095110180,2026-09-27T14:10:58.000Z,en,22,3,0.11
ontology,https://x.com/i/status/2104206006938956194,2026-09-27T13:46:20.000Z,en,1,0,0.13
ontology,https://x.com/i/status/2104203116560499005,2026-09-27T13:34:51.000Z,en,1,0,0.62
ontology,https://x.com/i/status/2104200799207202964,2026-09-27T13:25:39.000Z,en,5,0,0.16
ontology,https://x.com/i/status/2104172198537855432,2026-09-27T11:32:00.000Z,en,5,0,0.12
ontology,https://x.com/i/status/2104165160260673853,2026-09-27T11:04:02.000Z,en,1,0,0.77
ontology,https://x.com/i/status/2104161063444881654,2026-09-27T10:47:45.000Z,en,0,0,0.83
ontology,https://x.com/i/status/2104160128220184921,2026-09-27T10:44:02.000Z,zh,48,43,0.13
ontology,https://x.com/i/status/2104089267601555585,2026-09-27T06:02:28.000Z,en,1,1,0.82
ontology,https://x.com/i/status/2104087992126029844,2026-09-27T05:57:24.000Z,en,2,0,0.37
ontology,https://x.com/i/status/2104051088043159630,2026-09-27T03:30:45.000Z,en,0,0,0.1
ontology,https://x.com/i/status/2104048416854798706,2026-09-27T03:20:08.000Z,en,1,0,0.06
ontology,https://x.com/i/status/2104037079323983950,2026-09-27T02:35:05.000Z,en,2,0,0.61
ontology,https://x.com/i/status/2104029375528132762,2026-09-27T02:04:28.000Z,en,1,0,0.77
ontology,https://x.com/i/status/2104012708790350083,2026-09-27T00:58:15.000Z,en,0,0,0.09
ontology,https://x.com/i/status/2104010538602873129,2026-09-27T00:49:37.000Z,en,39,1,0.67
ontology,https://x.com/i/status/2104002964956598428,2026-09-27T00:19:31.000Z,en,2,0,0.6
ontology,https://x.com/i/status/2104002563733618733,2026-09-27T00:17:56.000Z,zxx,0,0,0.1
ontology,https://x.com/i/status/2103996037451198934,2026-09-26T23:52:00.000Z,en,2,0,0.82
ontology,https://x.com/i/status/2103995235378278813,2026-09-26T23:48:49.000Z,en,0,0,0.1
ontology,https://x.com/i/status/2103992478366048716,2026-09-26T23:37:51.000Z,zxx,1,0,0.09
ontology,https://x.com/i/status/2103959013587054947,2026-09-26T21:24:53.000Z,en,0,0,0.04
ontology,https://x.com/i/status/2103951882192588916,2026-09-26T20:56:32.000Z,en,11,0,0.8
ontology,https://x.com/i/status/2103948007632982489,2026-09-26T20:41:09.000Z,en,2,0,0.04
ontology,https://x.com/i/status/2103943069263331408,2026-09-26T20:21:31.000Z,en,4,0,0.58
ontology,https://x.com/i/status/2103939715380511223,2026-09-26T20:08:12.000Z,en,0,0,0.89
ontology,https://x.com/i/status/2103913207790244157,2026-09-26T18:22:52.000Z,en,3,0,0.77
ontology,https://x.com/i/status/2103892184436973611,2026-09-26T16:59:19.000Z,zh,0,0,0.83
ontology,https://x.com/i/status/2103883647501652057,2026-09-26T16:25:24.000Z,en,1160,134,0.83
ontology,https://x.com/i/status/2103863862655172789,2026-09-26T15:06:47.000Z,zxx,6,0,0.19
ontology,https://x.com/i/status/2103854803957018824,2026-09-26T14:30:47.000Z,en,29,7,0.86
ontology,https://x.com/i/status/2103851611403465206,2026-09-26T14:18:06.000Z,zxx,180,17,0.19
ontology,https://x.com/i/status/2103843784031142330,2026-09-26T13:47:00.000Z,zxx,2,1,0.16
ontology,https://x.com/i/status/2103819873818185829,2026-09-26T12:11:59.000Z,en,0,0,0.08
ontology,https://x.com/i/status/2103795525132702011,2026-09-26T10:35:14.000Z,tl,0,0,0.81
ontology,https://x.com/i/status/2103779108920386009,2026-09-26T09:30:00.000Z,en,0,0,0.71
ontology,https://x.com/i/status/2103778634557477006,2026-09-26T09:28:07.000Z,en,3,0,0.56
ontology,https://x.com/i/status/2103775960797470744,2026-09-26T09:17:29.000Z,nl,0,0,0.74
ontology,https://x.com/i/status/2103761639501680685,2026-09-26T08:20:35.000Z,zxx,0,0,0.12
ontology,https://x.com/i/status/2103661655108563304,2026-09-26T01:43:17.000Z,en,2,0,0.56
ontology,https://x.com/i/status/2103660538429382733,2026-09-26T01:38:51.000Z,en,0,0,0.04
ontology,https://x.com/i/status/2103653553906897227,2026-09-26T01:11:05.000Z,en,0,0,0.21
ontology,https://x.com/i/status/2103646176423653752,2026-09-26T00:41:46.000Z,en,0,0,0.04
ontology,https://x.com/i/status/2103645378251784357,2026-09-26T00:38:36.000Z,en,0,0,0.04
ontology,https://x.com/i/status/2103642676813787439,2026-09-26T00:27:52.000Z,en,0,0,0.03
ontology,https://x.com/i/status/2103642270171902156,2026-09-26T00:26:15.000Z,en,0,0,0.04
ontology,https://x.com/i/status/2103641451728912871,2026-09-26T00:23:00.000Z,en,0,0,0.04
ontology,https://x.com/i/status/2103628350816415773,2026-09-25T23:30:57.000Z,zxx,57,1,0.09
ontology,https://x.com/i/status/2103607208579834276,2026-09-25T22:06:56.000Z,en,0,0,0.13
ontology,https://x.com/i/status/2103589272661959018,2026-09-25T20:55:40.000Z,zxx,59,10,0.1
ontology,https://x.com/i/status/2103582565164527707,2026-09-25T20:29:00.000Z,en,6,0,0.63
ontology,https://x.com/i/status/2103580401407246499,2026-09-25T20:20:24.000Z,en,1,0,0.51
ontology,https://x.com/i/status/2103578008606912819,2026-09-25T20:10:54.000Z,en,2,0,0.88
ontology,https://x.com/i/status/2103564484602384855,2026-09-25T19:17:10.000Z,en,239,17,0.14
ontology,https://x.com/i/status/2103559524389150749,2026-09-25T18:57:27.000Z,en,0,0,0.07
ontology,https://x.com/i/status/2103556201288011843,2026-09-25T18:44:15.000Z,zxx,18,2,0.07
agent-browser,https://x.com/i/status/2104699390682341791,2026-09-28T22:26:52.000Z,en,5,1,0.5
agent-browser,https://x.com/i/status/2104676521311187023,2026-09-28T20:56:00.000Z,en,0,0,0.23
agent-browser,https://x.com/i/status/2104666456000700826,2026-09-28T20:16:00.000Z,en,2,1,0.84
agent-browser,https://x.com/i/status/2104647375298154893,2026-09-28T19:00:11.000Z,en,0,0,0.91
agent-browser,https://x.com/i/status/2104645818896814514,2026-09-28T18:54:00.000Z,en,1,0,0.28
agent-browser,https://x.com/i/status/2104628127167107543,2026-09-28T17:43:42.000Z,en,0,0,0.13
agent-browser,https://x.com/i/status/2104601024195358990,2026-09-28T15:56:00.000Z,en,2,0,0.83
agent-browser,https://x.com/i/status/2104600737644794162,2026-09-28T15:54:52.000Z,pt,0,0,0.95
agent-browser,https://x.com/i/status/2104589196736266567,2026-09-28T15:09:00.000Z,en,4,1,0.61
agent-browser,https://x.com/i/status/2104587888054984876,2026-09-28T15:03:48.000Z,en,1,0,0.81
agent-browser,https://x.com/i/status/2104578281274220877,2026-09-28T14:25:38.000Z,en,1,0,0.95
agent-browser,https://x.com/i/status/2104556004252008510,2026-09-28T12:57:06.000Z,zxx,2,0,0.16
agent-browser,https://x.com/i/status/2104549000443482380,2026-09-28T12:29:16.000Z,en,0,0,0.95
agent-browser,https://x.com/i/status/2104541288850731447,2026-09-28T11:58:38.000Z,en,0,0,0.95
agent-browser,https://x.com/i/status/2104534850413936893,2026-09-28T11:33:03.000Z,en,0,0,0.93
agent-browser,https://x.com/i/status/2104511862096249128,2026-09-28T10:01:42.000Z,en,0,0,0.89
agent-browser,https://x.com/i/status/2104511844421366134,2026-09-28T10:01:38.000Z,en,0,0,0.81
agent-browser,https://x.com/i/status/2104481297783468431,2026-09-28T08:00:15.000Z,en,2,0,0.89
agent-browser,https://x.com/i/status/2104477444371521549,2026-09-28T07:44:56.000Z,en,167,14,0.06
agent-browser,https://x.com/i/status/2104476922344587654,2026-09-28T07:42:52.000Z,zh,1,0,0.3
agent-browser,https://x.com/i/status/2104473590733140088,2026-09-28T07:29:37.000Z,en,2,0,0.93
agent-browser,https://x.com/i/status/2104421925455909102,2026-09-28T04:04:19.000Z,en,0,0,0.3
agent-browser,https://x.com/i/status/2104406990520725729,2026-09-28T03:04:59.000Z,en,2,0,0.15
agent-browser,https://x.com/i/status/2104406847218401362,2026-09-28T03:04:25.000Z,pt,2,0,0.11
agent-browser,https://x.com/i/status/2104378928148390192,2026-09-28T01:13:28.000Z,en,1,0,0.75
agent-browser,https://x.com/i/status/2104366707145920779,2026-09-28T00:24:54.000Z,en,28,3,0.37
agent-browser,https://x.com/i/status/2104356285726773472,2026-09-27T23:43:30.000Z,en,1,0,0.91
agent-browser,https://x.com/i/status/2104292523573383474,2026-09-27T19:30:08.000Z,en,3,0,0.79
agent-browser,https://x.com/i/status/2104269187078308329,2026-09-27T17:57:24.000Z,en,0,0,0.94
agent-browser,https://x.com/i/status/2104268037348364377,2026-09-27T17:52:50.000Z,en,1,0,0.1
agent-browser,https://x.com/i/status/2104229110189011324,2026-09-27T15:18:09.000Z,ja,2,0,0.92
agent-browser,https://x.com/i/status/2104228950616748088,2026-09-27T15:17:31.000Z,zh,17,0,0.09
agent-browser,https://x.com/i/status/2104223730234757350,2026-09-27T14:56:46.000Z,pt,0,0,0.83
agent-browser,https://x.com/i/status/2104214756731261011,2026-09-27T14:21:07.000Z,zh,0,0,0.82
agent-browser,https://x.com/i/status/2104213171603202346,2026-09-27T14:14:49.000Z,en,1,0,0.92
agent-browser,https://x.com/i/status/2104196609445597611,2026-09-27T13:09:00.000Z,en,1,0,0.25
agent-browser,https://x.com/i/status/2104165278284153181,2026-09-27T11:04:30.000Z,en,1,0,0.95
agent-browser,https://x.com/i/status/2104158860068175886,2026-09-27T10:39:00.000Z,en,2,0,0.88
agent-browser,https://x.com/i/status/2104113499630944284,2026-09-27T07:38:45.000Z,ja,3,1,0.07
agent-browser,https://x.com/i/status/2104031620768694438,2026-09-27T02:13:24.000Z,pt,1,0,0.95
agent-browser,https://x.com/i/status/2103950056332447850,2026-09-26T20:49:17.000Z,en,2,1,0.1
agent-browser,https://x.com/i/status/2103904144289390899,2026-09-26T17:46:51.000Z,zxx,40,3,0.22
agent-browser,https://x.com/i/status/2103899324811972778,2026-09-26T17:27:42.000Z,en,0,0,0.87
agent-browser,https://x.com/i/status/2103880490910372234,2026-09-26T16:12:51.000Z,en,0,0,0.89
agent-browser,https://x.com/i/status/2103818184075727068,2026-09-26T12:05:16.000Z,zh,1,0,0.83
agent-browser,https://x.com/i/status/2103808885777997982,2026-09-26T11:28:19.000Z,en,0,0,0.88
agent-browser,https://x.com/i/status/2103799045865218283,2026-09-26T10:49:13.000Z,en,3,0,0.88
agent-browser,https://x.com/i/status/2103795253299794050,2026-09-26T10:34:09.000Z,en,0,0,0.78
agent-browser,https://x.com/i/status/2103745081987772846,2026-09-26T07:14:47.000Z,en,1,0,0.92
agent-browser,https://x.com/i/status/2103727197253194194,2026-09-26T06:03:43.000Z,ja,0,0,0.95
agent-browser,https://x.com/i/status/2103687543564927358,2026-09-26T03:26:09.000Z,en,6,0,0.9
agent-browser,https://x.com/i/status/2103680962022248520,2026-09-26T03:00:00.000Z,en,0,0,0.85
agent-browser,https://x.com/i/status/2103658747331743921,2026-09-26T01:31:44.000Z,en,0,0,0.93
agent-browser,https://x.com/i/status/2103650860068950479,2026-09-26T01:00:23.000Z,ja,0,0,0.1
agent-browser,https://x.com/i/status/2103631415602471132,2026-09-25T23:43:07.000Z,en,0,0,0.92
agent-browser,https://x.com/i/status/2103574660084297981,2026-09-25T19:57:36.000Z,es,3,0,0.92
agent-browser,https://x.com/i/status/2103545965005156567,2026-09-25T18:03:34.000Z,en,0,0,0.93
agent-browser,https://x.com/i/status/2103543983724965995,2026-09-25T17:55:42.000Z,en,0,0,0.92
agent-browser,https://x.com/i/status/2103531454643032229,2026-09-25T17:05:55.000Z,en,0,0,0.94
agent-browser,https://x.com/i/status/2103480799102222520,2026-09-25T13:44:37.000Z,en,1,0,0.93
agent-browser,https://x.com/i/status/2103477480011317617,2026-09-25T13:31:26.000Z,en,0,0,0.93
agent-browser,https://x.com/i/status/2103470331809902593,2026-09-25T13:03:02.000Z,en,23,0,0.69
agent-browser,https://x.com/i/status/2103470311463129147,2026-09-25T13:02:57.000Z,en,0,0,0.91
agent-browser,https://x.com/i/status/2103461939510923762,2026-09-25T12:29:41.000Z,en,1,0,0.78
agent-browser,https://x.com/i/status/2103405966511186037,2026-09-25T08:47:16.000Z,en,0,0,0.92
agent-browser,https://x.com/i/status/2103391670654173530,2026-09-25T07:50:28.000Z,ja,0,0,0.95
agent-browser,https://x.com/i/status/2103380108744491152,2026-09-25T07:04:31.000Z,en,0,0,0.95
agent-browser,https://x.com/i/status/2103378463868797431,2026-09-25T06:57:59.000Z,en,1,0,0.13
agent-browser,https://x.com/i/status/2103346669756829869,2026-09-25T04:51:39.000Z,zh,1,0,0.94
agent-browser,https://x.com/i/status/2103325410196951413,2026-09-25T03:27:10.000Z,en,1,0,0.94
agent-browser,https://x.com/i/status/2103312661400482180,2026-09-25T02:36:30.000Z,en,0,0,0.92
agent-browser,https://x.com/i/status/2103268280748134619,2026-09-24T23:40:09.000Z,en,1,0,0.75
agent-browser,https://x.com/i/status/2103255221413810249,2026-09-24T22:48:16.000Z,en,0,0,0.86
agent-browser,https://x.com/i/status/2103250191277281688,2026-09-24T22:28:16.000Z,en,1,0,0.88
agent-browser,https://x.com/i/status/2103245600980636037,2026-09-24T22:10:02.000Z,en,0,0,0.91
agent-browser,https://x.com/i/status/2103243678450106495,2026-09-24T22:02:23.000Z,en,0,0,0.97
agent-browser,https://x.com/i/status/2103238314459611285,2026-09-24T21:41:05.000Z,en,0,0,0.78
agent-browser,https://x.com/i/status/2103234832482664572,2026-09-24T21:27:14.000Z,en,4,0,0.7
agent-browser,https://x.com/i/status/2103222761065963804,2026-09-24T20:39:16.000Z,en,1,0,0.77
agent-browser,https://x.com/i/status/2103222713682629081,2026-09-24T20:39:05.000Z,cs,47,2,0.24
agent-browser,https://x.com/i/status/2103217927906287802,2026-09-24T20:20:04.000Z,en,1,0,0.17
agent-browser,https://x.com/i/status/2103192548961333622,2026-09-24T18:39:13.000Z,en,1,0,0.65
agent-browser,https://x.com/i/status/2103181423507087715,2026-09-24T17:55:01.000Z,en,0,0,0.94
agent-browser,https://x.com/i/status/2103181220003676650,2026-09-24T17:54:12.000Z,en,0,0,0.69
agent-browser,https://x.com/i/status/2103179084453019674,2026-09-24T17:45:43.000Z,en,0,0,0.66
agent-browser,https://x.com/i/status/2103163019559919838,2026-09-24T16:41:53.000Z,zh,0,0,0.8
agent-browser,https://x.com/i/status/2103161321894162576,2026-09-24T16:35:08.000Z,en,1,0,0.91
agent-browser,https://x.com/i/status/2103156409278095399,2026-09-24T16:15:37.000Z,en,4,0,0.18
agent-browser,https://x.com/i/status/2103152449456628197,2026-09-24T15:59:53.000Z,en,2,0,0.77
agent-browser,https://x.com/i/status/2103150889309786117,2026-09-24T15:53:41.000Z,zxx,1,0,0.18
agent-browser,https://x.com/i/status/2103140548534297044,2026-09-24T15:12:35.000Z,zh,0,0,0.92
agent-browser,https://x.com/i/status/2103133074942771368,2026-09-24T14:42:54.000Z,en,3,0,0.97
agent-browser,https://x.com/i/status/2103119836490637757,2026-09-24T13:50:17.000Z,en,0,0,0.85
agent-browser,https://x.com/i/status/2103114210263564335,2026-09-24T13:27:56.000Z,en,0,0,0.78
agent-browser,https://x.com/i/status/2103102364924121125,2026-09-24T12:40:52.000Z,en,0,0,0.92
agent-browser,https://x.com/i/status/2103098161892139207,2026-09-24T12:24:10.000Z,en,10,0,0.22
agent-browser,https://x.com/i/status/2103091840631427244,2026-09-24T11:59:03.000Z,pt,1,0,0.91
agent-browser,https://x.com/i/status/2103080547232977279,2026-09-24T11:14:10.000Z,en,2,0,0.53
agent-browser,https://x.com/i/status/2103076167012217332,2026-09-24T10:56:46.000Z,en,1,0,0.95
agent-browser,https://x.com/i/status/2103071844706246899,2026-09-24T10:39:35.000Z,en,16,0,0.94
gog,https://x.com/i/status/2104690664927793451,2026-09-28T21:52:12.000Z,en,12,0,0.16
gog,https://x.com/i/status/2104468565554503766,2026-09-28T07:09:39.000Z,en,0,0,0.25
gog,https://x.com/i/status/2104466369802547222,2026-09-28T07:00:56.000Z,en,0,0,0.02
gog,https://x.com/i/status/2104256401291792721,2026-09-27T17:06:35.000Z,en,1,0,0.02
gog,https://x.com/i/status/2104242885088698383,2026-09-27T16:12:53.000Z,en,0,0,0.79
gog,https://x.com/i/status/2104144976318017584,2026-09-27T09:43:50.000Z,en,0,0,0.03
gog,https://x.com/i/status/2103575764280942949,2026-09-25T20:01:59.000Z,en,1,0,0.14
gog,https://x.com/i/status/2103455156117397664,2026-09-25T12:02:44.000Z,en,0,0,0.02
gog,https://x.com/i/status/2103197257487294688,2026-09-24T18:57:56.000Z,en,0,0,0.58
gog,https://x.com/i/status/2103082451115421837,2026-09-24T11:21:44.000Z,en,1,0,0.04
gog,https://x.com/i/status/2102848056022749407,2026-09-23T19:50:20.000Z,en,1,0,0.07
gog,https://x.com/i/status/2102691929934672029,2026-09-23T09:29:56.000Z,en,102,21,0.16
gog,https://x.com/i/status/2102588122189930615,2026-09-23T02:37:27.000Z,pt,447,11,0.08
gog,https://x.com/i/status/2102464715578589342,2026-09-22T18:27:04.000Z,en,0,0,0.65
gog,https://x.com/i/status/2102239149747044528,2026-09-22T03:30:45.000Z,en,0,0,0.72
frontend-design,https://x.com/i/status/2104678279651434659,2026-09-28T21:02:59.000Z,en,1,0,0.78
frontend-design,https://x.com/i/status/2104654059982487962,2026-09-28T19:26:45.000Z,en,1,0,0.5
frontend-design,https://x.com/i/status/2104636759753867431,2026-09-28T18:18:00.000Z,en,1,0,0.63
frontend-design,https://x.com/i/status/2104633022926450842,2026-09-28T18:03:09.000Z,en,0,0,0.37
frontend-design,https://x.com/i/status/2104618101514125578,2026-09-28T17:03:51.000Z,en,0,0,0.96
frontend-design,https://x.com/i/status/2104593356332343470,2026-09-28T15:25:32.000Z,zxx,14,0,0.25
frontend-design,https://x.com/i/status/2104591270568206487,2026-09-28T15:17:14.000Z,ja,0,0,0.95
frontend-design,https://x.com/i/status/2104586920361590907,2026-09-28T14:59:57.000Z,zxx,27,1,0.26
frontend-design,https://x.com/i/status/2104585635772211225,2026-09-28T14:54:51.000Z,en,0,0,0.81
frontend-design,https://x.com/i/status/2104568262042464460,2026-09-28T13:45:49.000Z,ja,1,0,0.96
frontend-design,https://x.com/i/status/2104526951973109852,2026-09-28T11:01:40.000Z,ja,290,16,0.98
frontend-design,https://x.com/i/status/2104495157315854556,2026-09-28T08:55:19.000Z,en,76,22,0.83
frontend-design,https://x.com/i/status/2104494230072676842,2026-09-28T08:51:38.000Z,en,0,0,0.28
frontend-design,https://x.com/i/status/2104434677108912380,2026-09-28T04:55:00.000Z,en,7,0,0.56
frontend-design,https://x.com/i/status/2104427842901532929,2026-09-28T04:27:50.000Z,zh,17,5,0.14
frontend-design,https://x.com/i/status/2104259423690481921,2026-09-27T17:18:36.000Z,es,7,0,0.95
frontend-design,https://x.com/i/status/2104239732850831612,2026-09-27T16:00:21.000Z,en,1,0,0.92
frontend-design,https://x.com/i/status/2104224767075106977,2026-09-27T15:00:53.000Z,en,18,0,0.27
frontend-design,https://x.com/i/status/2104209657447215469,2026-09-27T14:00:51.000Z,en,2,0,0.2
frontend-design,https://x.com/i/status/2104194211826561439,2026-09-27T12:59:28.000Z,ja,0,0,0.95
frontend-design,https://x.com/i/status/2104157087315980673,2026-09-27T10:31:57.000Z,en,0,0,0.03
frontend-design,https://x.com/i/status/2104051834315030977,2026-09-27T03:33:43.000Z,en,7,0,0.93
frontend-design,https://x.com/i/status/2103873769165185377,2026-09-26T15:46:09.000Z,ja,0,0,0.84
frontend-design,https://x.com/i/status/2103820696736469350,2026-09-26T12:15:15.000Z,pt,0,0,0.93
frontend-design,https://x.com/i/status/2103815749756465414,2026-09-26T11:55:36.000Z,zh,0,0,0.96
frontend-design,https://x.com/i/status/2103815389499322650,2026-09-26T11:54:10.000Z,zh,0,0,0.97
frontend-design,https://x.com/i/status/2103804098537476502,2026-09-26T11:09:18.000Z,en,1,0,0.37
frontend-design,https://x.com/i/status/2103731345830912444,2026-09-26T06:20:12.000Z,en,0,0,0.94
frontend-design,https://x.com/i/status/2103657805899280822,2026-09-26T01:27:59.000Z,ja,8,0,0.36
frontend-design,https://x.com/i/status/2103643887784833325,2026-09-26T00:32:41.000Z,en,1,0,0.95
frontend-design,https://x.com/i/status/2103613019658092928,2026-09-25T22:30:01.000Z,ja,5,0,0.95
frontend-design,https://x.com/i/status/2103498327216337330,2026-09-25T14:54:16.000Z,zh,82,20,0.22
frontend-design,https://x.com/i/status/2103498051365249325,2026-09-25T14:53:11.000Z,en,0,0,0.96
frontend-design,https://x.com/i/status/2103477121876418668,2026-09-25T13:30:01.000Z,en,5,0,0.03
frontend-design,https://x.com/i/status/2103446413661405368,2026-09-25T11:27:59.000Z,zxx,1,0,0.2
frontend-design,https://x.com/i/status/2103412945552326983,2026-09-25T09:15:00.000Z,en,69,2,0.45
frontend-design,https://x.com/i/status/2103387401179795464,2026-09-25T07:33:30.000Z,th,56,40,0.18
frontend-design,https://x.com/i/status/2103346015659065689,2026-09-25T04:49:03.000Z,en,1,0,0.93
frontend-design,https://x.com/i/status/2103287431164473554,2026-09-25T00:56:15.000Z,en,0,0,0.94
frontend-design,https://x.com/i/status/2103216652213240028,2026-09-24T20:15:00.000Z,en,187,10,0.17
frontend-design,https://x.com/i/status/2103200079951929390,2026-09-24T19:09:09.000Z,en,34,2,0.23
frontend-design,https://x.com/i/status/2103188137220427958,2026-09-24T18:21:41.000Z,en,733,37,0.76
frontend-design,https://x.com/i/status/2103129404914413831,2026-09-24T14:28:19.000Z,zxx,14,1,0.23
frontend-design,https://x.com/i/status/2103121398273278385,2026-09-24T13:56:30.000Z,en,4,0,0.87
frontend-design,https://x.com/i/status/2103099753370464292,2026-09-24T12:30:29.000Z,ja,0,0,0.38
frontend-design,https://x.com/i/status/2103097499942605194,2026-09-24T12:21:32.000Z,zxx,1,1,0.27
frontend-design,https://x.com/i/status/2103092368786485408,2026-09-24T12:01:08.000Z,en,1,0,0.42
frontend-design,https://x.com/i/status/2103092093698678965,2026-09-24T12:00:03.000Z,en,49,4,0.03
frontend-design,https://x.com/i/status/2103088598425711085,2026-09-24T11:46:10.000Z,en,1,0,0.09
frontend-design,https://x.com/i/status/2103083755003060451,2026-09-24T11:26:55.000Z,zxx,2,0,0.23
frontend-design,https://x.com/i/status/2103050810624036980,2026-09-24T09:16:00.000Z,zh,0,0,0.27
frontend-design,https://x.com/i/status/2103043406549364891,2026-09-24T08:46:35.000Z,en,23,1,0.94
frontend-design,https://x.com/i/status/2103042548973687139,2026-09-24T08:43:10.000Z,en,591,67,0.88
frontend-design,https://x.com/i/status/2102952404811661507,2026-09-24T02:44:58.000Z,en,6,1,0.1
frontend-design,https://x.com/i/status/2102857031354839327,2026-09-23T20:26:00.000Z,en,0,0,0.94
frontend-design,https://x.com/i/status/2102722107235045802,2026-09-23T11:29:51.000Z,ja,1,0,0.95
frontend-design,https://x.com/i/status/2102611426477294009,2026-09-23T04:10:03.000Z,ja,537,57,0.96
frontend-design,https://x.com/i/status/2102601347850006985,2026-09-23T03:30:00.000Z,ja,0,0,0.16
frontend-design,https://x.com/i/status/2102572710018851087,2026-09-23T01:36:12.000Z,zh,54,18,0.12
frontend-design,https://x.com/i/status/2102534665286422911,2026-09-22T23:05:02.000Z,en,0,0,0.87
frontend-design,https://x.com/i/status/2102487030546542627,2026-09-22T19:55:45.000Z,en,0,0,0.62
frontend-design,https://x.com/i/status/2102474897108918698,2026-09-22T19:07:32.000Z,en,0,0,0.19
frontend-design,https://x.com/i/status/2102427793069867022,2026-09-22T16:00:21.000Z,pt,0,0,0.91
frontend-design,https://x.com/i/status/2102413062040941037,2026-09-22T15:01:49.000Z,en,0,0,0.96
frontend-design,https://x.com/i/status/2102397188043121145,2026-09-22T13:58:44.000Z,ru,2,0,0.38
frontend-design,https://x.com/i/status/2102380684690251918,2026-09-22T12:53:10.000Z,en,1,0,0.41
frontend-design,https://x.com/i/status/2102369805688881312,2026-09-22T12:09:56.000Z,tr,0,0,0.92
frontend-design,https://x.com/i/status/2102352710007771219,2026-09-22T11:02:00.000Z,en,2,0,0.06
frontend-design,https://x.com/i/status/2102295582626693502,2026-09-22T07:15:00.000Z,en,165,14,0.18
frontend-design,https://x.com/i/status/2102276722259644715,2026-09-22T06:00:03.000Z,ja,2,0,0.96
frontend-design,https://x.com/i/status/2102276097962643608,2026-09-22T05:57:34.000Z,ja,19,1,0.95
frontend-design,https://x.com/i/status/2102239976587157653,2026-09-22T03:34:02.000Z,zh,373,135,0.25
frontend-design,https://x.com/i/status/2102235832430334005,2026-09-22T03:17:34.000Z,en,1,0,0.43
frontend-design,https://x.com/i/status/2102224747928977764,2026-09-22T02:33:32.000Z,en,50,2,0.03
setup-matt-pocock-skills,https://x.com/i/status/2103809399126962497,2026-09-26T11:30:22.000Z,zh,286,33,0.95
setup-matt-pocock-skills,https://x.com/i/status/2103097499942605194,2026-09-24T12:21:32.000Z,zxx,1,1,0.45
proactive-agent,https://x.com/i/status/2104620653211251143,2026-09-28T17:14:00.000Z,en,1,0,0.74
proactive-agent,https://x.com/i/status/2104454752167731369,2026-09-28T06:14:46.000Z,en,4,0,0.85
proactive-agent,https://x.com/i/status/2104321773667770396,2026-09-27T21:26:21.000Z,en,2,0,0.82
proactive-agent,https://x.com/i/status/2104283793767252187,2026-09-27T18:55:26.000Z,en,1,0,0.68
proactive-agent,https://x.com/i/status/2104181398013673872,2026-09-27T12:08:33.000Z,en,1,0,0.86
proactive-agent,https://x.com/i/status/2104172204913307687,2026-09-27T11:32:01.000Z,en,1,0,0.88
proactive-agent,https://x.com/i/status/2104171698866008064,2026-09-27T11:30:01.000Z,en,0,0,0.78
proactive-agent,https://x.com/i/status/2103982766865948812,2026-09-26T22:59:16.000Z,en,1,0,0.34
proactive-agent,https://x.com/i/status/2103830452956185046,2026-09-26T12:54:01.000Z,en,0,0,0.92
proactive-agent,https://x.com/i/status/2103749227201314935,2026-09-26T07:31:16.000Z,en,4,0,0.06
proactive-agent,https://x.com/i/status/2103679848145191107,2026-09-26T02:55:34.000Z,en,1,0,0.58
proactive-agent,https://x.com/i/status/2103668051468300701,2026-09-26T02:08:42.000Z,en,1619,121,0.42
proactive-agent,https://x.com/i/status/2103639484374098095,2026-09-26T00:15:11.000Z,en,0,0,0.88
proactive-agent,https://x.com/i/status/2103627361971274056,2026-09-25T23:27:01.000Z,en,0,0,0.15
proactive-agent,https://x.com/i/status/2103593550118338571,2026-09-25T21:12:39.000Z,en,4,0,0.92
proactive-agent,https://x.com/i/status/2103592773848862783,2026-09-25T21:09:34.000Z,en,2,0,0.66
proactive-agent,https://x.com/i/status/2103568950214959206,2026-09-25T19:34:54.000Z,en,7,1,0.68
proactive-agent,https://x.com/i/status/2103546687889547513,2026-09-25T18:06:27.000Z,en,0,0,0.77
proactive-agent,https://x.com/i/status/2103543045450805601,2026-09-25T17:51:58.000Z,en,1,0,0.84
proactive-agent,https://x.com/i/status/2103541136409424064,2026-09-25T17:44:23.000Z,en,1,0,0.09
proactive-agent,https://x.com/i/status/2103531728451289109,2026-09-25T17:07:00.000Z,en,0,0,0.73
proactive-agent,https://x.com/i/status/2103528500733137081,2026-09-25T16:54:10.000Z,en,3,0,0.92
proactive-agent,https://x.com/i/status/2103516244586422507,2026-09-25T16:05:28.000Z,en,4,0,0.8
proactive-agent,https://x.com/i/status/2103427290520756281,2026-09-25T10:12:00.000Z,en,179,11,0.87
proactive-agent,https://x.com/i/status/2103266249031737792,2026-09-24T23:32:05.000Z,en,12,0,0.89
proactive-agent,https://x.com/i/status/2103244820064195023,2026-09-24T22:06:56.000Z,en,1,0,0.85
proactive-agent,https://x.com/i/status/2103188031477871054,2026-09-24T18:21:16.000Z,en,3,0,0.47
proactive-agent,https://x.com/i/status/2103182092570132814,2026-09-24T17:57:40.000Z,en,1,0,0.85
proactive-agent,https://x.com/i/status/2103173370934436305,2026-09-24T17:23:01.000Z,en,0,0,0.77
proactive-agent,https://x.com/i/status/2103162697311494376,2026-09-24T16:40:36.000Z,en,0,0,0.78
proactive-agent,https://x.com/i/status/2103099692833726515,2026-09-24T12:30:15.000Z,en,0,0,0.92
proactive-agent,https://x.com/i/status/2103023876141969423,2026-09-24T07:28:59.000Z,en,0,0,0.85
proactive-agent,https://x.com/i/status/2102981856887263450,2026-09-24T04:42:00.000Z,en,0,0,0.82
proactive-agent,https://x.com/i/status/2102942622687875354,2026-09-24T02:06:06.000Z,en,0,0,0.85
proactive-agent,https://x.com/i/status/2102918029030158809,2026-09-24T00:28:23.000Z,en,1,0,0.77
proactive-agent,https://x.com/i/status/2102819870383734880,2026-09-23T17:58:20.000Z,en,1,0,0.84
proactive-agent,https://x.com/i/status/2102616106339049927,2026-09-23T04:28:39.000Z,en,1,0,0.86
proactive-agent,https://x.com/i/status/2102443892528263257,2026-09-22T17:04:20.000Z,en,0,0,0.68
proactive-agent,https://x.com/i/status/2102440709185757482,2026-09-22T16:51:41.000Z,en,3,0,0.86
proactive-agent,https://x.com/i/status/2102406614632542393,2026-09-22T14:36:12.000Z,en,0,0,0.93
proactive-agent,https://x.com/i/status/2102406414660694123,2026-09-22T14:35:24.000Z,en,0,0,0.88
proactive-agent,https://x.com/i/status/2102383294818263469,2026-09-22T13:03:32.000Z,en,0,0,0.9
proactive-agent,https://x.com/i/status/2102261336487207282,2026-09-22T04:58:55.000Z,en,1,0,0.84
handoff,https://x.com/i/status/2104736063529030039,2026-09-29T00:52:36.000Z,en,0,0,0.7
handoff,https://x.com/i/status/2104731208349311228,2026-09-29T00:33:18.000Z,zxx,35,25,0.1
handoff,https://x.com/i/status/2104730400878932474,2026-09-29T00:30:06.000Z,en,0,0,0.73
handoff,https://x.com/i/status/2104724474352558120,2026-09-29T00:06:33.000Z,zh,0,0,0.73
handoff,https://x.com/i/status/2104722908430098700,2026-09-29T00:00:19.000Z,zh,0,0,0.03
handoff,https://x.com/i/status/2104722833007956155,2026-09-29T00:00:01.000Z,en,0,0,0.7
handoff,https://x.com/i/status/2104721754405105737,2026-09-28T23:55:44.000Z,en,1,0,0.72
handoff,https://x.com/i/status/2104721329001796039,2026-09-28T23:54:03.000Z,en,0,0,0.67
handoff,https://x.com/i/status/2104720538023207267,2026-09-28T23:50:54.000Z,en,0,0,0.59
handoff,https://x.com/i/status/2104719092993470702,2026-09-28T23:45:10.000Z,ja,2,0,0.12
handoff,https://x.com/i/status/2104716760499048707,2026-09-28T23:35:54.000Z,en,1,0,0.29
handoff,https://x.com/i/status/2104715329020813543,2026-09-28T23:30:12.000Z,en,0,0,0.5
handoff,https://x.com/i/status/2104710423433957859,2026-09-28T23:10:43.000Z,ar,10,2,0.09
handoff,https://x.com/i/status/2104702810977902954,2026-09-28T22:40:28.000Z,en,2,0,0.52
handoff,https://x.com/i/status/2104700415850008577,2026-09-28T22:30:57.000Z,en,0,0,0.61
handoff,https://x.com/i/status/2104697911896318025,2026-09-28T22:21:00.000Z,en,1,0,0.36
handoff,https://x.com/i/status/2104697504843337849,2026-09-28T22:19:23.000Z,en,1,0,0.43
handoff,https://x.com/i/status/2104696509862232107,2026-09-28T22:15:25.000Z,en,0,0,0.53
handoff,https://x.com/i/status/2104695093034963398,2026-09-28T22:09:48.000Z,en,0,0,0.68
handoff,https://x.com/i/status/2104692957907648619,2026-09-28T22:01:19.000Z,en,0,0,0.25
handoff,https://x.com/i/status/2104690064907444590,2026-09-28T21:49:49.000Z,en,5,1,0.07
handoff,https://x.com/i/status/2104684477276635411,2026-09-28T21:27:37.000Z,en,0,0,0.56
handoff,https://x.com/i/status/2104684231075189046,2026-09-28T21:26:38.000Z,en,0,0,0.51
handoff,https://x.com/i/status/2104681102845624394,2026-09-28T21:14:12.000Z,en,0,0,0.09
handoff,https://x.com/i/status/2104679038992142679,2026-09-28T21:06:00.000Z,en,0,0,0.53
handoff,https://x.com/i/status/2104677746035077527,2026-09-28T21:00:52.000Z,en,0,0,0.41
handoff,https://x.com/i/status/2104677637721641245,2026-09-28T21:00:26.000Z,en,0,0,0.58
handoff,https://x.com/i/status/2104674464868762046,2026-09-28T20:47:50.000Z,en,52,2,0.06
handoff,https://x.com/i/status/2104671710788415702,2026-09-28T20:36:53.000Z,en,1,0,0.38
handoff,https://x.com/i/status/2104671364238205217,2026-09-28T20:35:30.000Z,en,0,0,0.42
handoff,https://x.com/i/status/2104671021810712990,2026-09-28T20:34:09.000Z,en,29,4,0.34
handoff,https://x.com/i/status/2104669235481890828,2026-09-28T20:27:03.000Z,en,1,0,0.59
handoff,https://x.com/i/status/2104665644922732625,2026-09-28T20:12:47.000Z,en,0,0,0.69
handoff,https://x.com/i/status/2104665507433447872,2026-09-28T20:12:14.000Z,en,0,0,0.6
handoff,https://x.com/i/status/2104663641077527019,2026-09-28T20:04:49.000Z,en,0,0,0.72
handoff,https://x.com/i/status/2104662594867122225,2026-09-28T20:00:40.000Z,en,0,0,0.58
handoff,https://x.com/i/status/2104662431226368115,2026-09-28T20:00:00.000Z,en,2,0,0.1
handoff,https://x.com/i/status/2104662020674965632,2026-09-28T19:58:23.000Z,en,2,0,0.13
handoff,https://x.com/i/status/2104660586625953933,2026-09-28T19:52:41.000Z,en,0,0,0.73
handoff,https://x.com/i/status/2104660217506218243,2026-09-28T19:51:13.000Z,en,0,0,0.06
handoff,https://x.com/i/status/2104657216234217784,2026-09-28T19:39:17.000Z,en,0,0,0.28
handoff,https://x.com/i/status/2104654967504265249,2026-09-28T19:30:21.000Z,en,0,0,0.31
handoff,https://x.com/i/status/2104653566593876235,2026-09-28T19:24:47.000Z,en,13,2,0.73
handoff,https://x.com/i/status/2104649525843706051,2026-09-28T19:08:44.000Z,en,5,0,0.05
handoff,https://x.com/i/status/2104645209682534761,2026-09-28T18:51:35.000Z,en,0,0,0.71
handoff,https://x.com/i/status/2104642871890723312,2026-09-28T18:42:17.000Z,en,0,0,0.37
handoff,https://x.com/i/status/2104641940432335068,2026-09-28T18:38:35.000Z,en,0,0,0.61
handoff,https://x.com/i/status/2104641277618983007,2026-09-28T18:35:57.000Z,en,0,0,0.72
handoff,https://x.com/i/status/2104640907391713781,2026-09-28T18:34:29.000Z,en,3,1,0.4
handoff,https://x.com/i/status/2104640224022470689,2026-09-28T18:31:46.000Z,en,0,0,0.57
handoff,https://x.com/i/status/2104639069619736922,2026-09-28T18:27:11.000Z,en,0,0,0.6
handoff,https://x.com/i/status/2104638233137029132,2026-09-28T18:23:51.000Z,en,13,2,0.28
handoff,https://x.com/i/status/2104637371933172162,2026-09-28T18:20:26.000Z,en,0,0,0.53
handoff,https://x.com/i/status/2104635543770280231,2026-09-28T18:13:10.000Z,en,0,0,0.78
handoff,https://x.com/i/status/2104633794741633396,2026-09-28T18:06:13.000Z,zxx,5,0,0.06
handoff,https://x.com/i/status/2104633457666380284,2026-09-28T18:04:53.000Z,en,0,0,0.61
handoff,https://x.com/i/status/2104632569195057529,2026-09-28T18:01:21.000Z,zxx,0,0,0.09
handoff,https://x.com/i/status/2104632104701063598,2026-09-28T17:59:30.000Z,en,0,0,0.15
handoff,https://x.com/i/status/2104631776241238311,2026-09-28T17:58:12.000Z,en,1,0,0.58
handoff,https://x.com/i/status/2104630139564994891,2026-09-28T17:51:42.000Z,en,5,2,0.39
handoff,https://x.com/i/status/2104629952608088259,2026-09-28T17:50:57.000Z,en,1,1,0.1
handoff,https://x.com/i/status/2104629707887329518,2026-09-28T17:49:59.000Z,en,15,6,0.19
handoff,https://x.com/i/status/2104627828243436002,2026-09-28T17:42:31.000Z,en,1,0,0.52
handoff,https://x.com/i/status/2104625035243905499,2026-09-28T17:31:25.000Z,en,1,0,0.46
handoff,https://x.com/i/status/2104620777698148645,2026-09-28T17:14:30.000Z,en,0,0,0.04
handoff,https://x.com/i/status/2104619973150912684,2026-09-28T17:11:18.000Z,en,0,0,0.02
handoff,https://x.com/i/status/2104619906054381848,2026-09-28T17:11:02.000Z,en,0,0,0.52
handoff,https://x.com/i/status/2104618909290930595,2026-09-28T17:07:04.000Z,en,2,0,0.7
handoff,https://x.com/i/status/2104618678541234336,2026-09-28T17:06:09.000Z,en,0,0,0.64
handoff,https://x.com/i/status/2104617660088553918,2026-09-28T17:02:06.000Z,en,0,0,0.08
handoff,https://x.com/i/status/2104615445311451322,2026-09-28T16:53:18.000Z,en,8,0,0.23
handoff,https://x.com/i/status/2104615082051186768,2026-09-28T16:51:52.000Z,en,18,0,0.45
handoff,https://x.com/i/status/2104614346382799026,2026-09-28T16:48:56.000Z,en,29,0,0.52
handoff,https://x.com/i/status/2104612900589679102,2026-09-28T16:43:11.000Z,en,1,0,0.14
handoff,https://x.com/i/status/2104612264078884938,2026-09-28T16:40:40.000Z,en,0,0,0.52
handoff,https://x.com/i/status/2104611231344541968,2026-09-28T16:36:33.000Z,en,0,0,0.33
handoff,https://x.com/i/status/2104611211077894649,2026-09-28T16:36:29.000Z,en,0,0,0.5
handoff,https://x.com/i/status/2104610801718018439,2026-09-28T16:34:51.000Z,zh,0,0,0.56
handoff,https://x.com/i/status/2104610130151301487,2026-09-28T16:32:11.000Z,en,0,0,0.48
handoff,https://x.com/i/status/2104608345797579230,2026-09-28T16:25:06.000Z,en,0,0,0.63
handoff,https://x.com/i/status/2104607017071702397,2026-09-28T16:19:49.000Z,en,2,0,0.19
handoff,https://x.com/i/status/2104606308699607277,2026-09-28T16:17:00.000Z,en,0,0,0.49
handoff,https://x.com/i/status/2104606057255350749,2026-09-28T16:16:00.000Z,en,7,0,0.34
handoff,https://x.com/i/status/2104605864770371757,2026-09-28T16:15:14.000Z,zxx,31,1,0.1
handoff,https://x.com/i/status/2104605219850268807,2026-09-28T16:12:40.000Z,en,0,0,0.27
handoff,https://x.com/i/status/2104604672954945726,2026-09-28T16:10:30.000Z,en,0,0,0.6
handoff,https://x.com/i/status/2104603575565590905,2026-09-28T16:06:08.000Z,en,0,0,0.47
handoff,https://x.com/i/status/2104602761228628313,2026-09-28T16:02:54.000Z,en,39,0,0.52
handoff,https://x.com/i/status/2104602214832464097,2026-09-28T16:00:44.000Z,en,1,1,0.36
handoff,https://x.com/i/status/2104600862551122318,2026-09-28T15:55:21.000Z,en,0,0,0.52
handoff,https://x.com/i/status/2104600757072965931,2026-09-28T15:54:56.000Z,en,0,0,0.45
handoff,https://x.com/i/status/2104597013304082455,2026-09-28T15:40:04.000Z,en,0,0,0.52
handoff,https://x.com/i/status/2104596741525995833,2026-09-28T15:38:59.000Z,en,0,0,0.91
handoff,https://x.com/i/status/2104596683070001313,2026-09-28T15:38:45.000Z,en,0,0,0.52
handoff,https://x.com/i/status/2104596503482298661,2026-09-28T15:38:02.000Z,en,0,0,0.3
handoff,https://x.com/i/status/2104594490811924939,2026-09-28T15:30:02.000Z,en,0,0,0.41
handoff,https://x.com/i/status/2104594338705756274,2026-09-28T15:29:26.000Z,en,0,0,0.56
handoff,https://x.com/i/status/2104593705827250479,2026-09-28T15:26:55.000Z,en,1,0,0.32
handoff,https://x.com/i/status/2104589408355897541,2026-09-28T15:09:50.000Z,en,0,0,0.57
handoff,https://x.com/i/status/2104587457043808669,2026-09-28T15:02:05.000Z,en,15,0,0.11
weather,https://x.com/i/status/2104734178935804041,2026-09-29T00:45:06.000Z,zxx,0,0,0.19
weather,https://x.com/i/status/2104730938915901919,2026-09-29T00:32:14.000Z,en,2,0,0.04
weather,https://x.com/i/status/2104729465482019059,2026-09-29T00:26:23.000Z,en,1,0,0.22
weather,https://x.com/i/status/2104728515761283207,2026-09-29T00:22:36.000Z,en,1,0,0.04
weather,https://x.com/i/status/2104716348672618552,2026-09-28T23:34:15.000Z,en,0,0,0.05
weather,https://x.com/i/status/2104708435199611266,2026-09-28T23:02:49.000Z,en,0,0,0.02
weather,https://x.com/i/status/2104704938307662125,2026-09-28T22:48:55.000Z,zxx,8,2,0.13
weather,https://x.com/i/status/2104703373283139981,2026-09-28T22:42:42.000Z,en,0,0,0.05
weather,https://x.com/i/status/2104700899788517684,2026-09-28T22:32:52.000Z,en,3,1,0.03
weather,https://x.com/i/status/2104698293884531049,2026-09-28T22:22:31.000Z,en,1,0,0.08
weather,https://x.com/i/status/2104692736255234405,2026-09-28T22:00:26.000Z,en,3,0,0.03
weather,https://x.com/i/status/2104689841354989856,2026-09-28T21:48:56.000Z,en,1,0,0.04
weather,https://x.com/i/status/2104689265749770592,2026-09-28T21:46:38.000Z,en,136,44,0.03
weather,https://x.com/i/status/2104681957799928231,2026-09-28T21:17:36.000Z,en,2,0,0.02
weather,https://x.com/i/status/2104681911725502758,2026-09-28T21:17:25.000Z,en,7,0,0.05
weather,https://x.com/i/status/2104679473861795904,2026-09-28T21:07:44.000Z,en,0,0,0.03
weather,https://x.com/i/status/2104676947678892148,2026-09-28T20:57:41.000Z,en,0,0,0.02
weather,https://x.com/i/status/2104667877672616035,2026-09-28T20:21:39.000Z,ja,1,0,0.29
weather,https://x.com/i/status/2104665718444683304,2026-09-28T20:13:04.000Z,en,0,0,0.84
weather,https://x.com/i/status/2104663507832582257,2026-09-28T20:04:17.000Z,en,0,0,0.17
weather,https://x.com/i/status/2104661781247590827,2026-09-28T19:57:26.000Z,en,0,0,0.75
weather,https://x.com/i/status/2104656024799977705,2026-09-28T19:34:33.000Z,en,138,19,0.03
weather,https://x.com/i/status/2104654928669032780,2026-09-28T19:30:12.000Z,en,1,0,0.28
weather,https://x.com/i/status/2104647853062963504,2026-09-28T19:02:05.000Z,en,0,0,0.64
weather,https://x.com/i/status/2104644557526978906,2026-09-28T18:48:59.000Z,en,0,0,0.04
weather,https://x.com/i/status/2104641521907834941,2026-09-28T18:36:55.000Z,en,0,0,0.47
weather,https://x.com/i/status/2104640659890335763,2026-09-28T18:33:30.000Z,en,1,0,0.05
weather,https://x.com/i/status/2104635865716953319,2026-09-28T18:14:27.000Z,en,0,0,0.25
weather,https://x.com/i/status/2104631730007097776,2026-09-28T17:58:01.000Z,en,2,0,0.06
weather,https://x.com/i/status/2104622274309738724,2026-09-28T17:20:26.000Z,en,0,0,0.03
weather,https://x.com/i/status/2104618937514156164,2026-09-28T17:07:11.000Z,en,0,0,0.03
weather,https://x.com/i/status/2104617770696745022,2026-09-28T17:02:33.000Z,en,0,0,0.72
weather,https://x.com/i/status/2104615443948298252,2026-09-28T16:53:18.000Z,en,1,0,0.07
weather,https://x.com/i/status/2104612828271321565,2026-09-28T16:42:54.000Z,en,1,0,0.12
weather,https://x.com/i/status/2104610237311500779,2026-09-28T16:32:36.000Z,en,11,0,0.49
weather,https://x.com/i/status/2104608635850821735,2026-09-28T16:26:15.000Z,zxx,31,11,0.16
weather,https://x.com/i/status/2104607508228698564,2026-09-28T16:21:46.000Z,es,29,0,0.08
weather,https://x.com/i/status/2104594194434056206,2026-09-28T15:28:52.000Z,en,1,0,0.02
weather,https://x.com/i/status/2104592486324703452,2026-09-28T15:22:04.000Z,en,114,11,0.03
weather,https://x.com/i/status/2104588068305137852,2026-09-28T15:04:31.000Z,en,11,0,0.03
weather,https://x.com/i/status/2104588061619462592,2026-09-28T15:04:29.000Z,en,12,0,0.03
weather,https://x.com/i/status/2104587408524382657,2026-09-28T15:01:54.000Z,en,0,0,0.03
weather,https://x.com/i/status/2104586920361590907,2026-09-28T14:59:57.000Z,zxx,27,1,0.1
weather,https://x.com/i/status/2104576286639395237,2026-09-28T14:17:42.000Z,en,3,0,0.04
weather,https://x.com/i/status/2104575028620612041,2026-09-28T14:12:42.000Z,en,0,0,0.2
weather,https://x.com/i/status/2104574701515255830,2026-09-28T14:11:24.000Z,zxx,22,4,0.1
weather,https://x.com/i/status/2104567403136868741,2026-09-28T13:42:24.000Z,en,44,3,0.03
weather,https://x.com/i/status/2104563008550936989,2026-09-28T13:24:56.000Z,en,0,0,0.04
weather,https://x.com/i/status/2104559501550440776,2026-09-28T13:11:00.000Z,en,6,0,0.04
weather,https://x.com/i/status/2104557539987685500,2026-09-28T13:03:12.000Z,en,45,2,0.03
weather,https://x.com/i/status/2104556914642182258,2026-09-28T13:00:43.000Z,en,0,0,0.32
weather,https://x.com/i/status/2104547971924709847,2026-09-28T12:25:11.000Z,en,7,0,0.04
weather,https://x.com/i/status/2104540628847939961,2026-09-28T11:56:01.000Z,en,2,1,0.1
weather,https://x.com/i/status/2104534441754284537,2026-09-28T11:31:25.000Z,zxx,1,0,0.13
weather,https://x.com/i/status/2104530369445876166,2026-09-28T11:15:15.000Z,en,2,0,0.03
weather,https://x.com/i/status/2104529496582062540,2026-09-28T11:11:46.000Z,en,1,0,0.86
weather,https://x.com/i/status/2104528663350034928,2026-09-28T11:08:28.000Z,en,1,0,0.05
weather,https://x.com/i/status/2104523598278869077,2026-09-28T10:48:20.000Z,en,2,1,0.05
weather,https://x.com/i/status/2104522443519922236,2026-09-28T10:43:45.000Z,zxx,0,0,0.1
weather,https://x.com/i/status/2104520185340129682,2026-09-28T10:34:46.000Z,en,1,0,0.03
weather,https://x.com/i/status/2104518071608348933,2026-09-28T10:26:22.000Z,en,2,0,0.05
weather,https://x.com/i/status/2104514444843798858,2026-09-28T10:11:58.000Z,en,2,0,0.03
weather,https://x.com/i/status/2104512385348227345,2026-09-28T10:03:47.000Z,en,2,0,0.02
weather,https://x.com/i/status/2104511470339781017,2026-09-28T10:00:09.000Z,en,0,0,0.05
weather,https://x.com/i/status/2104510586864484699,2026-09-28T09:56:38.000Z,en,0,0,0.02
weather,https://x.com/i/status/2104505917710782691,2026-09-28T09:38:05.000Z,en,3,0,0.03
weather,https://x.com/i/status/2104503588248551747,2026-09-28T09:28:49.000Z,en,2,0,0.02
weather,https://x.com/i/status/2104503059841757223,2026-09-28T09:26:43.000Z,en,1,0,0.03
weather,https://x.com/i/status/2104501600853139489,2026-09-28T09:20:56.000Z,en,4,0,0.02
weather,https://x.com/i/status/2104501509761167672,2026-09-28T09:20:34.000Z,en,1,0,0.03
weather,https://x.com/i/status/2104499489050391020,2026-09-28T09:12:32.000Z,en,2,0,0.04
weather,https://x.com/i/status/2104498683030995097,2026-09-28T09:09:20.000Z,en,2,0,0.02
weather,https://x.com/i/status/2104497902227783751,2026-09-28T09:06:14.000Z,en,1,0,0.02
weather,https://x.com/i/status/2104495155172515951,2026-09-28T08:55:19.000Z,zxx,3,1,0.13
weather,https://x.com/i/status/2104493685522014525,2026-09-28T08:49:28.000Z,en,3,0,0.03
weather,https://x.com/i/status/2104491834072350855,2026-09-28T08:42:07.000Z,en,1,0,0.03
weather,https://x.com/i/status/2104490772099670297,2026-09-28T08:37:54.000Z,en,0,0,0.02
weather,https://x.com/i/status/2104489168235614315,2026-09-28T08:31:31.000Z,en,2,0,0.04
weather,https://x.com/i/status/2104488272961601834,2026-09-28T08:27:58.000Z,en,0,0,0.03
weather,https://x.com/i/status/2104484589359989168,2026-09-28T08:13:20.000Z,en,9,0,0.03
weather,https://x.com/i/status/2104484144684098021,2026-09-28T08:11:34.000Z,zxx,38,4,0.11
weather,https://x.com/i/status/2104480802868478109,2026-09-28T07:58:17.000Z,zxx,0,1,0.13
weather,https://x.com/i/status/2104479494216249524,2026-09-28T07:53:05.000Z,en,0,0,0.02
weather,https://x.com/i/status/2104479436867535050,2026-09-28T07:52:51.000Z,en,0,0,0.02
weather,https://x.com/i/status/2104473698182877479,2026-09-28T07:30:03.000Z,zxx,0,0,0.11
weather,https://x.com/i/status/2104468464815530281,2026-09-28T07:09:15.000Z,en,2,0,0.04
weather,https://x.com/i/status/2104466033792991613,2026-09-28T06:59:36.000Z,en,90,1,0.04
weather,https://x.com/i/status/2104460135347401010,2026-09-28T06:36:09.000Z,en,0,0,0.05
weather,https://x.com/i/status/2104459843096514595,2026-09-28T06:35:00.000Z,ja,0,0,0.13
weather,https://x.com/i/status/2104447365482746325,2026-09-28T05:45:25.000Z,en,2,0,0.05
weather,https://x.com/i/status/2104445223971557848,2026-09-28T05:36:54.000Z,en,1,0,0.03
weather,https://x.com/i/status/2104440178249252896,2026-09-28T05:16:51.000Z,zxx,35,10,0.13
weather,https://x.com/i/status/2104435397824503937,2026-09-28T04:57:52.000Z,en,23,11,0.03
weather,https://x.com/i/status/2104430077140161003,2026-09-28T04:36:43.000Z,en,0,0,0.07
weather,https://x.com/i/status/2104428236742721604,2026-09-28T04:29:24.000Z,en,1,0,0.03
weather,https://x.com/i/status/2104426179814101028,2026-09-28T04:21:14.000Z,en,0,0,0.36
weather,https://x.com/i/status/2104420587644780895,2026-09-28T03:59:00.000Z,en,0,0,0.04
weather,https://x.com/i/status/2104417951101137194,2026-09-28T03:48:32.000Z,en,2,1,0.03
weather,https://x.com/i/status/2104416966819688730,2026-09-28T03:44:37.000Z,en,10,1,0.1
weather,https://x.com/i/status/2104408297621315823,2026-09-28T03:10:10.000Z,en,1,0,0.03
triage,https://x.com/i/status/2104734178935804041,2026-09-29T00:45:06.000Z,zxx,0,0,0.22
triage,https://x.com/i/status/2104734070014144988,2026-09-29T00:44:41.000Z,en,0,0,0.48
triage,https://x.com/i/status/2104731059787333765,2026-09-29T00:32:43.000Z,zxx,0,0,0.24
triage,https://x.com/i/status/2104723515736019341,2026-09-29T00:02:44.000Z,en,0,0,0.57
triage,https://x.com/i/status/2104719464281285097,2026-09-28T23:46:38.000Z,en,0,0,0.52
triage,https://x.com/i/status/2104716695093027148,2026-09-28T23:35:38.000Z,en,0,0,0.05
triage,https://x.com/i/status/2104710519349551130,2026-09-28T23:11:06.000Z,en,5,0,0.45
triage,https://x.com/i/status/2104709365903339548,2026-09-28T23:06:31.000Z,zxx,0,0,0.13
triage,https://x.com/i/status/2104708450244874574,2026-09-28T23:02:52.000Z,en,0,0,0.15
triage,https://x.com/i/status/2104704633390428577,2026-09-28T22:47:42.000Z,ja,5,0,0.08
triage,https://x.com/i/status/2104699881420173436,2026-09-28T22:28:49.000Z,en,8,1,0.08
triage,https://x.com/i/status/2104698459009740953,2026-09-28T22:23:10.000Z,en,2,0,0.04
triage,https://x.com/i/status/2104695092493615325,2026-09-28T22:09:48.000Z,en,49,2,0.1
triage,https://x.com/i/status/2104691034538254540,2026-09-28T21:53:40.000Z,en,46,4,0.05
triage,https://x.com/i/status/2104677649012470108,2026-09-28T21:00:29.000Z,en,12,0,0.17
triage,https://x.com/i/status/2104676522225512823,2026-09-28T20:56:00.000Z,en,2,0,0.53
triage,https://x.com/i/status/2104652604886413358,2026-09-28T19:20:58.000Z,en,2,0,0.56
triage,https://x.com/i/status/2104646623695605893,2026-09-28T18:57:12.000Z,en,1,0,0.02
triage,https://x.com/i/status/2104643478743576987,2026-09-28T18:44:42.000Z,zxx,2,0,0.16
triage,https://x.com/i/status/2104632569195057529,2026-09-28T18:01:21.000Z,zxx,0,0,0.21
triage,https://x.com/i/status/2104618991935197209,2026-09-28T17:07:24.000Z,en,1,0,0.31
triage,https://x.com/i/status/2104618721163804956,2026-09-28T17:06:19.000Z,en,0,0,0.8
triage,https://x.com/i/status/2104616875040604300,2026-09-28T16:58:59.000Z,en,17,1,0.15
triage,https://x.com/i/status/2104609107097600499,2026-09-28T16:28:07.000Z,en,2,0,0.06
triage,https://x.com/i/status/2104605001616158873,2026-09-28T16:11:48.000Z,en,65,2,0.57
triage,https://x.com/i/status/2104603468371484785,2026-09-28T16:05:43.000Z,en,0,1,0.03
triage,https://x.com/i/status/2104590855386681671,2026-09-28T15:15:35.000Z,zh,1,0,0.04
triage,https://x.com/i/status/2104589499917631587,2026-09-28T15:10:12.000Z,en,3,0,0.1
triage,https://x.com/i/status/2104589185835237468,2026-09-28T15:08:57.000Z,en,14,3,0.06
triage,https://x.com/i/status/2104588363936452713,2026-09-28T15:05:41.000Z,en,0,0,0.59
triage,https://x.com/i/status/2104587796820242803,2026-09-28T15:03:26.000Z,en,12,2,0.41
triage,https://x.com/i/status/2104581354218492350,2026-09-28T14:37:50.000Z,en,0,0,0.66
triage,https://x.com/i/status/2104580680164483303,2026-09-28T14:35:10.000Z,en,22,3,0.64
triage,https://x.com/i/status/2104579755039392089,2026-09-28T14:31:29.000Z,zh,0,0,0.57
triage,https://x.com/i/status/2104579710684684304,2026-09-28T14:31:18.000Z,en,2,1,0.06
triage,https://x.com/i/status/2104579381851271674,2026-09-28T14:30:00.000Z,en,4,0,0.38
triage,https://x.com/i/status/2104575848833548753,2026-09-28T14:15:58.000Z,en,0,0,0.48
triage,https://x.com/i/status/2104571927759045102,2026-09-28T14:00:23.000Z,en,27,3,0.06
triage,https://x.com/i/status/2104557013695189413,2026-09-28T13:01:07.000Z,en,0,0,0.08
triage,https://x.com/i/status/2104553164544643532,2026-09-28T12:45:49.000Z,en,2,1,0.75
triage,https://x.com/i/status/2104547204463722670,2026-09-28T12:22:08.000Z,zh,0,0,0.66
triage,https://x.com/i/status/2104544792549994630,2026-09-28T12:12:33.000Z,en,0,0,0.7
triage,https://x.com/i/status/2104540521578324006,2026-09-28T11:55:35.000Z,en,15,2,0.12
triage,https://x.com/i/status/2104539116222263501,2026-09-28T11:50:00.000Z,en,8,0,0.62
triage,https://x.com/i/status/2104536465887613324,2026-09-28T11:39:28.000Z,en,1,0,0.75
triage,https://x.com/i/status/2104532508217893093,2026-09-28T11:23:44.000Z,en,57,3,0.21
triage,https://x.com/i/status/2104525708294865002,2026-09-28T10:56:43.000Z,en,1,0,0.79
triage,https://x.com/i/status/2104525309110272068,2026-09-28T10:55:08.000Z,en,39,2,0.65
triage,https://x.com/i/status/2104522758730449130,2026-09-28T10:45:00.000Z,en,4,1,0.06
triage,https://x.com/i/status/2104512233346937152,2026-09-28T10:03:11.000Z,ja,1,0,0.06
triage,https://x.com/i/status/2104511771037884636,2026-09-28T10:01:20.000Z,en,4,0,0.13
triage,https://x.com/i/status/2104505422199861741,2026-09-28T09:36:07.000Z,en,2,0,0.06
triage,https://x.com/i/status/2104505091369881602,2026-09-28T09:34:48.000Z,en,0,0,0.84
triage,https://x.com/i/status/2104504897458610624,2026-09-28T09:34:02.000Z,en,0,0,0.14
triage,https://x.com/i/status/2104495581548941405,2026-09-28T08:57:00.000Z,zxx,8,2,0.13
triage,https://x.com/i/status/2104493804975759456,2026-09-28T08:49:57.000Z,en,0,0,0.04
triage,https://x.com/i/status/2104487208145318212,2026-09-28T08:23:44.000Z,en,4,0,0.52
triage,https://x.com/i/status/2104484717093400613,2026-09-28T08:13:50.000Z,en,0,0,0.12
triage,https://x.com/i/status/2104473629505294694,2026-09-28T07:29:47.000Z,tr,1,0,0.03
triage,https://x.com/i/status/2104471465764573610,2026-09-28T07:21:11.000Z,zxx,39,8,0.13
triage,https://x.com/i/status/2104470531873321188,2026-09-28T07:17:28.000Z,en,1,0,0.66
triage,https://x.com/i/status/2104466145541828681,2026-09-28T07:00:02.000Z,en,8,1,0.29
triage,https://x.com/i/status/2104454810590421221,2026-09-28T06:15:00.000Z,en,3,0,0.44
triage,https://x.com/i/status/2104433478754558031,2026-09-28T04:50:14.000Z,en,0,0,0.79
triage,https://x.com/i/status/2104431652994707683,2026-09-28T04:42:59.000Z,en,2,0,0.85
triage,https://x.com/i/status/2104418515008594238,2026-09-28T03:50:46.000Z,en,1,0,0.66
triage,https://x.com/i/status/2104379795211731441,2026-09-28T01:16:55.000Z,en,0,0,0.44
triage,https://x.com/i/status/2104374279752061131,2026-09-28T00:55:00.000Z,en,2,1,0.43
triage,https://x.com/i/status/2104364171357819013,2026-09-28T00:14:50.000Z,en,30,1,0.24
triage,https://x.com/i/status/2104357883840258337,2026-09-27T23:49:51.000Z,en,0,0,0.67
triage,https://x.com/i/status/2104349585359474856,2026-09-27T23:16:52.000Z,en,10,1,0.08
triage,https://x.com/i/status/2104348091809956262,2026-09-27T23:10:56.000Z,en,0,0,0.74
triage,https://x.com/i/status/2104335831301591415,2026-09-27T22:22:13.000Z,en,0,0,0.43
triage,https://x.com/i/status/2104334517804974405,2026-09-27T22:17:00.000Z,en,3,1,0.15
triage,https://x.com/i/status/2104326477982658663,2026-09-27T21:45:03.000Z,en,0,0,0.06
triage,https://x.com/i/status/2104322890544095358,2026-09-27T21:30:48.000Z,en,1,0,0.02
triage,https://x.com/i/status/2104303212761059764,2026-09-27T20:12:36.000Z,en,2,0,0.04
triage,https://x.com/i/status/2104297965867426122,2026-09-27T19:51:45.000Z,en,10,0,0.16
triage,https://x.com/i/status/2104297523120636120,2026-09-27T19:50:00.000Z,en,8,0,0.24
triage,https://x.com/i/status/2104292026455920892,2026-09-27T19:28:09.000Z,en,2,0,0.1
triage,https://x.com/i/status/2104289437534556639,2026-09-27T19:17:52.000Z,en,2,0,0.88
triage,https://x.com/i/status/2104285791614607817,2026-09-27T19:03:23.000Z,en,4,0,0.51
triage,https://x.com/i/status/2104284852572864810,2026-09-27T18:59:39.000Z,en,81,10,0.21
triage,https://x.com/i/status/2104283661998989552,2026-09-27T18:54:55.000Z,en,0,0,0.59
triage,https://x.com/i/status/2104280240277061804,2026-09-27T18:41:19.000Z,en,8,0,0.32
triage,https://x.com/i/status/2104274743532666886,2026-09-27T18:19:29.000Z,en,18,1,0.16
triage,https://x.com/i/status/2104273345160392920,2026-09-27T18:13:55.000Z,en,0,0,0.72
triage,https://x.com/i/status/2104271569447014656,2026-09-27T18:06:52.000Z,en,0,0,0.11
triage,https://x.com/i/status/2104270945464811868,2026-09-27T18:04:23.000Z,en,14,0,0.14
triage,https://x.com/i/status/2104264054282092676,2026-09-27T17:37:00.000Z,en,4,2,0.11
triage,https://x.com/i/status/2104259326898487733,2026-09-27T17:18:13.000Z,en,0,0,0.04
triage,https://x.com/i/status/2104255840819491030,2026-09-27T17:04:22.000Z,zxx,27,5,0.13
triage,https://x.com/i/status/2104248519007551793,2026-09-27T16:35:16.000Z,zxx,32,4,0.14
triage,https://x.com/i/status/2104237924195692717,2026-09-27T15:53:10.000Z,en,0,0,0.06
triage,https://x.com/i/status/2104236047492067725,2026-09-27T15:45:43.000Z,en,0,0,0.3
triage,https://x.com/i/status/2104230587745915254,2026-09-27T15:24:01.000Z,en,0,0,0.39
triage,https://x.com/i/status/2104222294910599668,2026-09-27T14:51:04.000Z,en,0,0,0.23
triage,https://x.com/i/status/2104218751185150394,2026-09-27T14:36:59.000Z,en,1,0,0.66
triage,https://x.com/i/status/2104214405982409213,2026-09-27T14:19:43.000Z,en,4,0,0.72
triage,https://x.com/i/status/2104209713823203455,2026-09-27T14:01:04.000Z,en,0,0,0.51
multi-search-engine,https://x.com/i/status/2102694285095428182,2026-09-23T09:39:18.000Z,zxx,183,2,0.23
prototype,https://x.com/i/status/2104734704612041046,2026-09-29T00:47:12.000Z,en,0,0,0.13
prototype,https://x.com/i/status/2104728773631340583,2026-09-29T00:23:38.000Z,en,1,0,0.22
prototype,https://x.com/i/status/2104728089120928031,2026-09-29T00:20:55.000Z,en,4,0,0.17
prototype,https://x.com/i/status/2104727611725230352,2026-09-29T00:19:01.000Z,en,1,0,0.13
prototype,https://x.com/i/status/2104725966815887555,2026-09-29T00:12:29.000Z,en,0,0,0.1
prototype,https://x.com/i/status/2104719721044058445,2026-09-28T23:47:39.000Z,en,37,0,0.05
prototype,https://x.com/i/status/2104708414530097476,2026-09-28T23:02:44.000Z,en,0,0,0.13
prototype,https://x.com/i/status/2104705492874559727,2026-09-28T22:51:07.000Z,zxx,2,1,0.09
prototype,https://x.com/i/status/2104703689273544734,2026-09-28T22:43:57.000Z,en,73,10,0.04
prototype,https://x.com/i/status/2104703468397277218,2026-09-28T22:43:05.000Z,en,1,0,0.22
prototype,https://x.com/i/status/2104694921898684634,2026-09-28T22:09:07.000Z,en,1,0,0.13
prototype,https://x.com/i/status/2104690828341854514,2026-09-28T21:52:51.000Z,zxx,0,0,0.08
prototype,https://x.com/i/status/2104687990836789641,2026-09-28T21:41:34.000Z,en,0,0,0.09
prototype,https://x.com/i/status/2104684224888647944,2026-09-28T21:26:37.000Z,en,0,0,0.16
prototype,https://x.com/i/status/2104683604463014375,2026-09-28T21:24:09.000Z,en,1,0,0.21
prototype,https://x.com/i/status/2104676521311187023,2026-09-28T20:56:00.000Z,en,0,0,0.1
prototype,https://x.com/i/status/2104674647182606560,2026-09-28T20:48:33.000Z,en,1,0,0.18
prototype,https://x.com/i/status/2104671145836314793,2026-09-28T20:34:38.000Z,en,0,0,0.14
prototype,https://x.com/i/status/2104667578115424453,2026-09-28T20:20:28.000Z,en,4,0,0.09
prototype,https://x.com/i/status/2104666232414679296,2026-09-28T20:15:07.000Z,en,1,0,0.03
prototype,https://x.com/i/status/2104664752404504771,2026-09-28T20:09:14.000Z,en,0,0,0.28
prototype,https://x.com/i/status/2104664665225904617,2026-09-28T20:08:53.000Z,en,1,1,0.16
prototype,https://x.com/i/status/2104662918398894112,2026-09-28T20:01:57.000Z,en,24,0,0.15
prototype,https://x.com/i/status/2104661559255478612,2026-09-28T19:56:33.000Z,en,5,0,0.1
prototype,https://x.com/i/status/2104650365895627197,2026-09-28T19:12:04.000Z,en,1,0,0.06
prototype,https://x.com/i/status/2104647815830130880,2026-09-28T19:01:56.000Z,en,5,0,0.03
prototype,https://x.com/i/status/2104640553266843662,2026-09-28T18:33:04.000Z,en,0,0,0.11
prototype,https://x.com/i/status/2104640131332501957,2026-09-28T18:31:24.000Z,en,46,3,0.04
prototype,https://x.com/i/status/2104633964509954110,2026-09-28T18:06:54.000Z,en,1,0,0.22
prototype,https://x.com/i/status/2104631067949027412,2026-09-28T17:55:23.000Z,zxx,24,2,0.08
prototype,https://x.com/i/status/2104630397929713809,2026-09-28T17:52:43.000Z,zxx,11,0,0.07
prototype,https://x.com/i/status/2104630186243227844,2026-09-28T17:51:53.000Z,en,0,1,0.02
prototype,https://x.com/i/status/2104621953881367039,2026-09-28T17:19:10.000Z,en,0,0,0.11
prototype,https://x.com/i/status/2104620821214040171,2026-09-28T17:14:40.000Z,en,11,0,0.04
prototype,https://x.com/i/status/2104620012455469113,2026-09-28T17:11:27.000Z,en,0,0,0.07
prototype,https://x.com/i/status/2104614632048542011,2026-09-28T16:50:04.000Z,en,0,0,0.03
prototype,https://x.com/i/status/2104613383035101492,2026-09-28T16:45:06.000Z,en,1,0,0.11
prototype,https://x.com/i/status/2104602695155789941,2026-09-28T16:02:38.000Z,en,0,0,0.04
prototype,https://x.com/i/status/2104597815842197878,2026-09-28T15:43:15.000Z,zxx,22,1,0.09
prototype,https://x.com/i/status/2104595235800305955,2026-09-28T15:33:00.000Z,en,10,1,0.13
prototype,https://x.com/i/status/2104594849752104983,2026-09-28T15:31:28.000Z,en,0,0,0.11
prototype,https://x.com/i/status/2104587686233448470,2026-09-28T15:03:00.000Z,en,0,0,0.13
prototype,https://x.com/i/status/2104587457043808669,2026-09-28T15:02:05.000Z,en,15,0,0.11
prototype,https://x.com/i/status/2104587001693347875,2026-09-28T15:00:17.000Z,en,0,0,0.12
prototype,https://x.com/i/status/2104581905563750595,2026-09-28T14:40:02.000Z,en,6,0,0.04
prototype,https://x.com/i/status/2104578939838488872,2026-09-28T14:28:15.000Z,en,3,1,0.1
prototype,https://x.com/i/status/2104577215602258166,2026-09-28T14:21:24.000Z,en,1,0,0.13
prototype,https://x.com/i/status/2104576374908522713,2026-09-28T14:18:03.000Z,zxx,1,0,0.08
prototype,https://x.com/i/status/2104573671108989314,2026-09-28T14:07:18.000Z,en,0,0,0.19
prototype,https://x.com/i/status/2104572354986967134,2026-09-28T14:02:05.000Z,fr,34,0,0.19
prototype,https://x.com/i/status/2104571838684655618,2026-09-28T14:00:02.000Z,zxx,0,0,0.07
prototype,https://x.com/i/status/2104571623106134506,2026-09-28T13:59:10.000Z,en,0,0,0.09
prototype,https://x.com/i/status/2104567183682478574,2026-09-28T13:41:32.000Z,es,49,3,0.08
prototype,https://x.com/i/status/2104563625788572082,2026-09-28T13:27:23.000Z,en,0,1,0.21
prototype,https://x.com/i/status/2104563193678827801,2026-09-28T13:25:40.000Z,en,1,0,0.18
prototype,https://x.com/i/status/2104561938080415810,2026-09-28T13:20:41.000Z,en,8,3,0.12
prototype,https://x.com/i/status/2104560097196409271,2026-09-28T13:13:22.000Z,en,0,0,0.1
prototype,https://x.com/i/status/2104560030301278383,2026-09-28T13:13:06.000Z,en,1,0,0.21
prototype,https://x.com/i/status/2104559325297754245,2026-09-28T13:10:18.000Z,en,0,1,0.21
prototype,https://x.com/i/status/2104558132387008932,2026-09-28T13:05:34.000Z,en,2,0,0.1
prototype,https://x.com/i/status/2104557281312489830,2026-09-28T13:02:11.000Z,en,1,0,0.2
prototype,https://x.com/i/status/2104557226094477355,2026-09-28T13:01:58.000Z,en,3,0,0.08
prototype,https://x.com/i/status/2104556420859629634,2026-09-28T12:58:46.000Z,en,0,0,0.09
prototype,https://x.com/i/status/2104555725284389223,2026-09-28T12:56:00.000Z,en,0,0,0.08
prototype,https://x.com/i/status/2104549614560915832,2026-09-28T12:31:43.000Z,en,1,0,0.06
prototype,https://x.com/i/status/2104548548305883346,2026-09-28T12:27:29.000Z,en,6,0,0.09
prototype,https://x.com/i/status/2104544833750594022,2026-09-28T12:12:43.000Z,en,6,0,0.1
prototype,https://x.com/i/status/2104541642409840870,2026-09-28T12:00:02.000Z,en,94,16,0.05
prototype,https://x.com/i/status/2104540521578324006,2026-09-28T11:55:35.000Z,en,15,2,0.1
prototype,https://x.com/i/status/2104533233920884975,2026-09-28T11:26:37.000Z,ja,3,0,0.13
prototype,https://x.com/i/status/2104529904272343526,2026-09-28T11:13:24.000Z,en,0,0,0.06
prototype,https://x.com/i/status/2104529066632118483,2026-09-28T11:10:04.000Z,en,0,0,0.05
prototype,https://x.com/i/status/2104527665822601364,2026-09-28T11:04:30.000Z,en,0,0,0.07
prototype,https://x.com/i/status/2104523715656442281,2026-09-28T10:48:48.000Z,en,0,0,0.1
prototype,https://x.com/i/status/2104522505994019314,2026-09-28T10:44:00.000Z,en,0,0,0.07
prototype,https://x.com/i/status/2104520741270020408,2026-09-28T10:36:59.000Z,en,2,0,0.05
prototype,https://x.com/i/status/2104513088565150027,2026-09-28T10:06:34.000Z,en,41,2,0.18
prototype,https://x.com/i/status/2104511445128061017,2026-09-28T10:00:03.000Z,en,0,0,0.05
prototype,https://x.com/i/status/2104504873886826624,2026-09-28T09:33:56.000Z,en,4,0,0.19
prototype,https://x.com/i/status/2104502035131613639,2026-09-28T09:22:39.000Z,fr,5,0,0.22
prototype,https://x.com/i/status/2104501600853139489,2026-09-28T09:20:56.000Z,en,4,0,0.02
prototype,https://x.com/i/status/2104501509761167672,2026-09-28T09:20:34.000Z,en,1,0,0.04
prototype,https://x.com/i/status/2104497107684282857,2026-09-28T09:03:04.000Z,en,3,0,0.14
prototype,https://x.com/i/status/2104497045436576211,2026-09-28T09:02:49.000Z,en,18,11,0.22
prototype,https://x.com/i/status/2104490892979818723,2026-09-28T08:38:23.000Z,zxx,1,0,0.09
prototype,https://x.com/i/status/2104490218665754657,2026-09-28T08:35:42.000Z,en,0,0,0.11
prototype,https://x.com/i/status/2104490207953178966,2026-09-28T08:35:39.000Z,en,19,3,0.09
prototype,https://x.com/i/status/2104487532692189283,2026-09-28T08:25:01.000Z,en,1,0,0.09
prototype,https://x.com/i/status/2104482363594133559,2026-09-28T08:04:29.000Z,en,0,0,0.02
prototype,https://x.com/i/status/2104480973140185529,2026-09-28T07:58:58.000Z,en,0,0,0.07
prototype,https://x.com/i/status/2104473872791732459,2026-09-28T07:30:45.000Z,en,1,0,0.06
prototype,https://x.com/i/status/2104471569083076893,2026-09-28T07:21:35.000Z,en,0,0,0.07
prototype,https://x.com/i/status/2104471263926255977,2026-09-28T07:20:23.000Z,en,6,0,0.12
prototype,https://x.com/i/status/2104464530998976865,2026-09-28T06:53:37.000Z,en,0,0,0.13
prototype,https://x.com/i/status/2104462296349118708,2026-09-28T06:44:45.000Z,en,0,0,0.12
prototype,https://x.com/i/status/2104458941254259085,2026-09-28T06:31:25.000Z,en,0,0,0.13
prototype,https://x.com/i/status/2104458173507833973,2026-09-28T06:28:22.000Z,en,0,0,0.09
prototype,https://x.com/i/status/2104451218152034583,2026-09-28T06:00:43.000Z,en,14,0,0.07
prototype,https://x.com/i/status/2104444103945777237,2026-09-28T05:32:27.000Z,en,4,0,0.03
prototype,https://x.com/i/status/2104436651930067264,2026-09-28T05:02:51.000Z,zxx,1,0,0.08
grilling,https://x.com/i/status/2104694921898684634,2026-09-28T22:09:07.000Z,en,1,0,0.93
grilling,https://x.com/i/status/2104672520154894571,2026-09-28T20:40:06.000Z,en,0,0,0.95
grilling,https://x.com/i/status/2104644903179563391,2026-09-28T18:50:21.000Z,en,2,0,0.04
grilling,https://x.com/i/status/2104522508288602115,2026-09-28T10:44:00.000Z,in,0,0,0.96
grilling,https://x.com/i/status/2104519949330903228,2026-09-28T10:33:50.000Z,en,8,0,0.05
grilling,https://x.com/i/status/2104507072973021568,2026-09-28T09:42:40.000Z,en,1,0,0.95
grilling,https://x.com/i/status/2104473012544360626,2026-09-28T07:27:20.000Z,en,0,0,0.96
grilling,https://x.com/i/status/2104401426806149203,2026-09-28T02:42:52.000Z,zh,3,0,0.94
grilling,https://x.com/i/status/2104386149271965815,2026-09-28T01:42:10.000Z,en,1,0,0.03
grilling,https://x.com/i/status/2104216203858428003,2026-09-27T14:26:52.000Z,en,0,0,0.97
grilling,https://x.com/i/status/2104147133632782822,2026-09-27T09:52:24.000Z,en,20,0,0.04
grilling,https://x.com/i/status/2104135188938940423,2026-09-27T09:04:56.000Z,fr,0,0,0.74
grilling,https://x.com/i/status/2104098944603308223,2026-09-27T06:40:55.000Z,en,0,0,0.03
grilling,https://x.com/i/status/2104051638608744918,2026-09-27T03:32:56.000Z,en,8,0,0.04
grilling,https://x.com/i/status/2103976671128814058,2026-09-26T22:35:03.000Z,en,1,0,0.87
grilling,https://x.com/i/status/2103938738971930926,2026-09-26T20:04:19.000Z,en,1,0,0.92
grilling,https://x.com/i/status/2103917889078317391,2026-09-26T18:41:28.000Z,en,1,0,0.04
grilling,https://x.com/i/status/2103877386882146548,2026-09-26T16:00:31.000Z,en,12,4,0.2
grilling,https://x.com/i/status/2103817129644507350,2026-09-26T12:01:05.000Z,en,2,0,0.05
grilling,https://x.com/i/status/2103804285838643517,2026-09-26T11:10:03.000Z,en,5,0,0.97
grilling,https://x.com/i/status/2103776240184578376,2026-09-26T09:18:36.000Z,en,0,0,0.13
grilling,https://x.com/i/status/2103524092658028769,2026-09-25T16:36:39.000Z,en,0,0,0.09
grilling,https://x.com/i/status/2103410670595194982,2026-09-25T09:05:58.000Z,en,1,0,0.05
grilling,https://x.com/i/status/2103325697934762069,2026-09-25T03:28:18.000Z,ja,0,0,0.95
grilling,https://x.com/i/status/2103287358191796648,2026-09-25T00:55:58.000Z,en,5,0,0.08
grilling,https://x.com/i/status/2103217221854257425,2026-09-24T20:17:16.000Z,en,0,0,0.28
grilling,https://x.com/i/status/2103216905968329049,2026-09-24T20:16:00.000Z,en,3,1,0.03
grilling,https://x.com/i/status/2103160141243646417,2026-09-24T16:30:27.000Z,en,0,1,0.03
grilling,https://x.com/i/status/2103119035802234943,2026-09-24T13:47:06.000Z,en,1,0,0.96
grilling,https://x.com/i/status/2103068099088195762,2026-09-24T10:24:42.000Z,ja,0,0,0.91
grilling,https://x.com/i/status/2103066905678315940,2026-09-24T10:19:58.000Z,en,0,0,0.88
grilling,https://x.com/i/status/2103004344887152873,2026-09-24T06:11:22.000Z,zh,93,12,0.93
grilling,https://x.com/i/status/2102981013098090687,2026-09-24T04:38:39.000Z,en,0,0,0.96
grilling,https://x.com/i/status/2102976170090447063,2026-09-24T04:19:25.000Z,en,1,0,0.96
grilling,https://x.com/i/status/2102962917243314382,2026-09-24T03:26:45.000Z,en,1,0,0.96
grilling,https://x.com/i/status/2102891797920072163,2026-09-23T22:44:09.000Z,zxx,0,0,0.15
grilling,https://x.com/i/status/2102887501933273286,2026-09-23T22:27:04.000Z,en,0,0,0.84
grilling,https://x.com/i/status/2102828286594478400,2026-09-23T18:31:46.000Z,en,0,0,0.88
grilling,https://x.com/i/status/2102827658254209245,2026-09-23T18:29:17.000Z,en,2,0,0.89
grilling,https://x.com/i/status/2102821124966887473,2026-09-23T18:03:19.000Z,en,0,0,0.96
grilling,https://x.com/i/status/2102818250312589788,2026-09-23T17:51:54.000Z,en,0,0,0.94
grilling,https://x.com/i/status/2102815538028462550,2026-09-23T17:41:07.000Z,en,0,0,0.97
grilling,https://x.com/i/status/2102814768373588038,2026-09-23T17:38:03.000Z,en,0,0,0.94
grilling,https://x.com/i/status/2102799252556493153,2026-09-23T16:36:24.000Z,en,0,0,0.04
grilling,https://x.com/i/status/2102791385678270552,2026-09-23T16:05:08.000Z,en,0,0,0.04
grilling,https://x.com/i/status/2102761553204535672,2026-09-23T14:06:36.000Z,en,26,2,0.03
grilling,https://x.com/i/status/2102693376319426922,2026-09-23T09:35:41.000Z,en,0,0,0.93
grilling,https://x.com/i/status/2102692845316391360,2026-09-23T09:33:35.000Z,en,3,0,0.91
grilling,https://x.com/i/status/2102580132212863195,2026-09-23T02:05:42.000Z,en,5,1,0.07
grilling,https://x.com/i/status/2102414148638236794,2026-09-22T15:06:08.000Z,en,1,0,0.87
grilling,https://x.com/i/status/2102405635832725908,2026-09-22T14:32:19.000Z,en,0,0,0.95
grilling,https://x.com/i/status/2102315515259854872,2026-09-22T08:34:12.000Z,zh,0,0,0.66
humanizer,https://x.com/i/status/2104681725557379319,2026-09-28T21:16:41.000Z,en,3,0,0.86
humanizer,https://x.com/i/status/2104629707887329518,2026-09-28T17:49:59.000Z,en,15,6,0.93
humanizer,https://x.com/i/status/2104595391526424989,2026-09-28T15:33:37.000Z,en,17,14,0.9
humanizer,https://x.com/i/status/2104593356332343470,2026-09-28T15:25:32.000Z,zxx,14,0,0.14
humanizer,https://x.com/i/status/2104579035938369892,2026-09-28T14:28:38.000Z,zxx,0,0,0.22
humanizer,https://x.com/i/status/2104531176933445884,2026-09-28T11:18:27.000Z,ru,0,0,0.92
humanizer,https://x.com/i/status/2104487048958648690,2026-09-28T08:23:06.000Z,en,0,0,0.84
humanizer,https://x.com/i/status/2104482320753528968,2026-09-28T08:04:19.000Z,en,0,0,0.92
humanizer,https://x.com/i/status/2104468905347752030,2026-09-28T07:11:00.000Z,en,0,0,0.92
humanizer,https://x.com/i/status/2104310932671451636,2026-09-27T20:43:17.000Z,zxx,2,1,0.19
humanizer,https://x.com/i/status/2104274665820790992,2026-09-27T18:19:10.000Z,zh,420,41,0.97
humanizer,https://x.com/i/status/2104268689776509401,2026-09-27T17:55:25.000Z,en,71,50,0.94
humanizer,https://x.com/i/status/2104232273549660604,2026-09-27T15:30:43.000Z,en,0,0,0.91
humanizer,https://x.com/i/status/2104232272152981691,2026-09-27T15:30:43.000Z,en,1,0,0.96
humanizer,https://x.com/i/status/2104180687574282311,2026-09-27T12:05:44.000Z,en,1,0,0.91
humanizer,https://x.com/i/status/2104148795109847211,2026-09-27T09:59:00.000Z,en,0,0,0.97
humanizer,https://x.com/i/status/2104137681215078881,2026-09-27T09:14:50.000Z,en,0,0,0.94
humanizer,https://x.com/i/status/2104114543463190699,2026-09-27T07:42:54.000Z,ko,463,138,0.9
humanizer,https://x.com/i/status/2104113813406486581,2026-09-27T07:40:00.000Z,en,216,57,0.91
humanizer,https://x.com/i/status/2103965357447028781,2026-09-26T21:50:05.000Z,en,1,0,0.07
humanizer,https://x.com/i/status/2103884982204719442,2026-09-26T16:30:42.000Z,en,2,0,0.98
humanizer,https://x.com/i/status/2103862474084872409,2026-09-26T15:01:16.000Z,en,1,0,0.97
humanizer,https://x.com/i/status/2103862178130657609,2026-09-26T15:00:05.000Z,en,102,16,0.07
humanizer,https://x.com/i/status/2103841668256444839,2026-09-26T13:38:35.000Z,en,0,0,0.92
humanizer,https://x.com/i/status/2103733839960924640,2026-09-26T06:30:07.000Z,en,1,0,0.93
humanizer,https://x.com/i/status/2103536436326912454,2026-09-25T17:25:42.000Z,pt,0,0,0.96
humanizer,https://x.com/i/status/2103530976659812777,2026-09-25T17:04:01.000Z,zh,5,1,0.06
humanizer,https://x.com/i/status/2103482005023506504,2026-09-25T13:49:25.000Z,en,63,36,0.18
humanizer,https://x.com/i/status/2103258058063499382,2026-09-24T22:59:32.000Z,zh,0,0,0.95
humanizer,https://x.com/i/status/2103243304964182281,2026-09-24T22:00:54.000Z,ja,6,0,0.92
humanizer,https://x.com/i/status/2103182796621525379,2026-09-24T18:00:28.000Z,en,3,2,0.06
humanizer,https://x.com/i/status/2103160016845103245,2026-09-24T16:29:57.000Z,en,1,0,0.64
humanizer,https://x.com/i/status/2103159914671858084,2026-09-24T16:29:33.000Z,en,1,0,0.79
humanizer,https://x.com/i/status/2103159902571229553,2026-09-24T16:29:30.000Z,en,21,10,0.78
humanizer,https://x.com/i/status/2103131272868425820,2026-09-24T14:35:44.000Z,zh,41,7,0.94
humanizer,https://x.com/i/status/2103122510258540562,2026-09-24T14:00:55.000Z,fr,7,0,0.94
humanizer,https://x.com/i/status/2103115364292821237,2026-09-24T13:32:31.000Z,en,5,2,0.12
humanizer,https://x.com/i/status/2103098161892139207,2026-09-24T12:24:10.000Z,en,10,0,0.17
humanizer,https://x.com/i/status/2103097499942605194,2026-09-24T12:21:32.000Z,zxx,1,1,0.2
humanizer,https://x.com/i/status/2103079171744272449,2026-09-24T11:08:42.000Z,zh,0,0,0.93
humanizer,https://x.com/i/status/2103031862696313323,2026-09-24T08:00:43.000Z,zh,0,0,0.13
humanizer,https://x.com/i/status/2102999648667418920,2026-09-24T05:52:42.000Z,ja,3,0,0.04
humanizer,https://x.com/i/status/2102999645488054378,2026-09-24T05:52:41.000Z,ja,120,12,0.08
humanizer,https://x.com/i/status/2102986125572727251,2026-09-24T04:58:58.000Z,zh,329,92,0.96
humanizer,https://x.com/i/status/2102828458749636663,2026-09-23T18:32:27.000Z,en,105,27,0.19
humanizer,https://x.com/i/status/2102806150572110034,2026-09-23T17:03:49.000Z,en,19,3,0.98
humanizer,https://x.com/i/status/2102748781674639866,2026-09-23T13:15:51.000Z,zxx,5,0,0.3
humanizer,https://x.com/i/status/2102744565728022577,2026-09-23T12:59:06.000Z,zh,1,0,0.96
humanizer,https://x.com/i/status/2102731221746799070,2026-09-23T12:06:04.000Z,en,1,0,0.96
humanizer,https://x.com/i/status/2102729788796596434,2026-09-23T12:00:23.000Z,en,2,0,0.92
humanizer,https://x.com/i/status/2102705751147913377,2026-09-23T10:24:52.000Z,en,0,0,0.95
humanizer,https://x.com/i/status/2102695731035554171,2026-09-23T09:45:03.000Z,in,0,0,0.83
humanizer,https://x.com/i/status/2102671550248108286,2026-09-23T08:08:57.000Z,zh,0,0,0.95
humanizer,https://x.com/i/status/2102607000580563005,2026-09-23T03:52:28.000Z,zh,5,1,0.97
humanizer,https://x.com/i/status/2102590676156432876,2026-09-23T02:47:36.000Z,zh,1234,205,0.93
humanizer,https://x.com/i/status/2102548506229751883,2026-09-23T00:00:02.000Z,zh,2,0,0.1
humanizer,https://x.com/i/status/2102473158150242768,2026-09-22T19:00:37.000Z,en,0,0,0.9
humanizer,https://x.com/i/status/2102454030438105231,2026-09-22T17:44:37.000Z,en,1,0,0.95
humanizer,https://x.com/i/status/2102445763280482636,2026-09-22T17:11:46.000Z,zxx,49,4,0.21
humanizer,https://x.com/i/status/2102366678604456353,2026-09-22T11:57:30.000Z,iw,0,0,0.86
humanizer,https://x.com/i/status/2102348713054421032,2026-09-22T10:46:07.000Z,es,0,0,0.91
humanizer,https://x.com/i/status/2102332355037806752,2026-09-22T09:41:07.000Z,en,0,0,0.91
humanizer,https://x.com/i/status/2102298808319438919,2026-09-22T07:27:49.000Z,en,0,0,0.97
humanizer,https://x.com/i/status/2102247251745833307,2026-09-22T04:02:57.000Z,en,1,0,0.41
humanizer,https://x.com/i/status/2102247250089202050,2026-09-22T04:02:56.000Z,en,29,5,0.98
humanizer,https://x.com/i/status/2102206596960940326,2026-09-22T01:21:24.000Z,pt,3,0,0.93
lark-doc,https://x.com/i/status/2103004389153903097,2026-09-24T06:11:32.000Z,zxx,0,0,0.26
nano-pdf,https://x.com/i/status/2102419537824190600,2026-09-22T15:27:33.000Z,en,0,0,0.84
obsidian,https://x.com/i/status/2104722070915477942,2026-09-28T23:57:00.000Z,ja,4,0,0.52
obsidian,https://x.com/i/status/2104718782782669208,2026-09-28T23:43:56.000Z,en,5,0,0.06
obsidian,https://x.com/i/status/2104717658075640201,2026-09-28T23:39:28.000Z,pt,1,0,0.48
obsidian,https://x.com/i/status/2104716760499048707,2026-09-28T23:35:54.000Z,en,1,0,0.18
obsidian,https://x.com/i/status/2104716301130477689,2026-09-28T23:34:04.000Z,ja,0,0,0.57
obsidian,https://x.com/i/status/2104716011530272791,2026-09-28T23:32:55.000Z,en,1,1,0.18
obsidian,https://x.com/i/status/2104715769917612276,2026-09-28T23:31:57.000Z,pt,6,2,0.48
obsidian,https://x.com/i/status/2104715453214109803,2026-09-28T23:30:42.000Z,ja,1,0,0.51
obsidian,https://x.com/i/status/2104711501613273464,2026-09-28T23:15:00.000Z,in,6,1,0.58
obsidian,https://x.com/i/status/2104700934760636658,2026-09-28T22:33:00.000Z,zh,6,1,0.54
obsidian,https://x.com/i/status/2104700827134730462,2026-09-28T22:32:35.000Z,en,0,0,0.4
obsidian,https://x.com/i/status/2104699706798485954,2026-09-28T22:28:08.000Z,en,1,0,0.44
obsidian,https://x.com/i/status/2104696280136221102,2026-09-28T22:14:31.000Z,zh,0,0,0.47
obsidian,https://x.com/i/status/2104689594356658527,2026-09-28T21:47:57.000Z,ar,0,0,0.03
obsidian,https://x.com/i/status/2104689231608361187,2026-09-28T21:46:30.000Z,zxx,6,1,0.18
obsidian,https://x.com/i/status/2104682555203002523,2026-09-28T21:19:58.000Z,en,3,0,0.08
obsidian,https://x.com/i/status/2104680783898395131,2026-09-28T21:12:56.000Z,zxx,1,0,0.18
obsidian,https://x.com/i/status/2104677751705964938,2026-09-28T21:00:53.000Z,en,0,0,0.19
obsidian,https://x.com/i/status/2104677686002188693,2026-09-28T21:00:38.000Z,ja,0,0,0.64
obsidian,https://x.com/i/status/2104677675009024002,2026-09-28T21:00:35.000Z,ja,17,16,0.52
obsidian,https://x.com/i/status/2104677639453827173,2026-09-28T21:00:26.000Z,zxx,6,0,0.18
obsidian,https://x.com/i/status/2104677328077119822,2026-09-28T20:59:12.000Z,en,4,0,0.39
obsidian,https://x.com/i/status/2104672404572156079,2026-09-28T20:39:38.000Z,en,0,0,0.5
obsidian,https://x.com/i/status/2104667600860914095,2026-09-28T20:20:33.000Z,en,1,0,0.55
obsidian,https://x.com/i/status/2104667046629761072,2026-09-28T20:18:21.000Z,en,1,0,0.49
obsidian,https://x.com/i/status/2104664331245801585,2026-09-28T20:07:33.000Z,en,1,0,0.38
obsidian,https://x.com/i/status/2104661504347800007,2026-09-28T19:56:20.000Z,en,0,0,0.4
obsidian,https://x.com/i/status/2104660982093992428,2026-09-28T19:54:15.000Z,en,16,1,0.27
obsidian,https://x.com/i/status/2104658173256732699,2026-09-28T19:43:05.000Z,en,0,0,0.47
obsidian,https://x.com/i/status/2104653934795411908,2026-09-28T19:26:15.000Z,ja,1,0,0.61
obsidian,https://x.com/i/status/2104650939726758249,2026-09-28T19:14:21.000Z,zh,0,0,0.46
obsidian,https://x.com/i/status/2104646798275137768,2026-09-28T18:57:53.000Z,pt,6,0,0.51
obsidian,https://x.com/i/status/2104643428260671935,2026-09-28T18:44:30.000Z,ja,1,0,0.06
obsidian,https://x.com/i/status/2104638631050904045,2026-09-28T18:25:26.000Z,en,12,0,0.22
obsidian,https://x.com/i/status/2104627196077965811,2026-09-28T17:40:00.000Z,en,8,1,0.06
obsidian,https://x.com/i/status/2104621138181861764,2026-09-28T17:15:55.000Z,ja,2,0,0.38
obsidian,https://x.com/i/status/2104620579177316771,2026-09-28T17:13:42.000Z,zxx,2,0,0.19
obsidian,https://x.com/i/status/2104617137893507496,2026-09-28T17:00:02.000Z,en,110,6,0.4
obsidian,https://x.com/i/status/2104615502996001174,2026-09-28T16:53:32.000Z,ja,5,0,0.61
obsidian,https://x.com/i/status/2104613892337058179,2026-09-28T16:47:08.000Z,en,2,0,0.27
obsidian,https://x.com/i/status/2104606838910259512,2026-09-28T16:19:06.000Z,zxx,0,0,0.16
obsidian,https://x.com/i/status/2104606085562986754,2026-09-28T16:16:07.000Z,ja,0,0,0.5
obsidian,https://x.com/i/status/2104605809162485825,2026-09-28T16:15:01.000Z,zh,1,0,0.46
obsidian,https://x.com/i/status/2104603468371484785,2026-09-28T16:05:43.000Z,en,0,1,0.04
obsidian,https://x.com/i/status/2104602112067862879,2026-09-28T16:00:19.000Z,en,3,0,0.38
obsidian,https://x.com/i/status/2104593560733724945,2026-09-28T15:26:20.000Z,en,3,0,0.51
obsidian,https://x.com/i/status/2104587457043808669,2026-09-28T15:02:05.000Z,en,15,0,0.18
obsidian,https://x.com/i/status/2104587417345007989,2026-09-28T15:01:56.000Z,en,0,0,0.25
obsidian,https://x.com/i/status/2104586297461662177,2026-09-28T14:57:29.000Z,es,1,0,0.49
obsidian,https://x.com/i/status/2104581041360925159,2026-09-28T14:36:36.000Z,en,90,9,0.11
obsidian,https://x.com/i/status/2104580787609690250,2026-09-28T14:35:35.000Z,fr,5,0,0.26
obsidian,https://x.com/i/status/2104579192423592278,2026-09-28T14:29:15.000Z,pt,1,0,0.7
obsidian,https://x.com/i/status/2104572254965362837,2026-09-28T14:01:41.000Z,en,8,0,0.22
obsidian,https://x.com/i/status/2104571069915189465,2026-09-28T13:56:58.000Z,ja,3,0,0.45
obsidian,https://x.com/i/status/2104569077327130773,2026-09-28T13:49:03.000Z,en,1,0,0.6
obsidian,https://x.com/i/status/2104564638390305274,2026-09-28T13:31:25.000Z,ja,18,0,0.45
obsidian,https://x.com/i/status/2104560645936988602,2026-09-28T13:15:33.000Z,en,0,0,0.57
obsidian,https://x.com/i/status/2104560057530617866,2026-09-28T13:13:13.000Z,ja,1,0,0.39
obsidian,https://x.com/i/status/2104557912475742278,2026-09-28T13:04:41.000Z,ja,10,2,0.41
obsidian,https://x.com/i/status/2104554042836078705,2026-09-28T12:49:19.000Z,zh,0,0,0.14
obsidian,https://x.com/i/status/2104553865806823610,2026-09-28T12:48:36.000Z,en,1,0,0.52
obsidian,https://x.com/i/status/2104552388984025331,2026-09-28T12:42:44.000Z,en,3,0,0.52
obsidian,https://x.com/i/status/2104552387092553731,2026-09-28T12:42:44.000Z,en,3,0,0.51
obsidian,https://x.com/i/status/2104549575457734814,2026-09-28T12:31:34.000Z,en,0,0,0.49
obsidian,https://x.com/i/status/2104549374504169741,2026-09-28T12:30:46.000Z,pt,5,1,0.56
obsidian,https://x.com/i/status/2104549144979472437,2026-09-28T12:29:51.000Z,en,1,0,0.65
obsidian,https://x.com/i/status/2104546302331879649,2026-09-28T12:18:33.000Z,en,6,0,0.4
obsidian,https://x.com/i/status/2104544161722401208,2026-09-28T12:10:03.000Z,zh,4,0,0.61
obsidian,https://x.com/i/status/2104541713717231660,2026-09-28T12:00:19.000Z,en,4,1,0.37
obsidian,https://x.com/i/status/2104541672952476052,2026-09-28T12:00:09.000Z,en,0,1,0.05
obsidian,https://x.com/i/status/2104537585347383530,2026-09-28T11:43:55.000Z,en,0,0,0.44
obsidian,https://x.com/i/status/2104533225280553035,2026-09-28T11:26:35.000Z,zxx,132,8,0.16
obsidian,https://x.com/i/status/2104525309110272068,2026-09-28T10:55:08.000Z,en,39,2,0.06
obsidian,https://x.com/i/status/2104518892588769472,2026-09-28T10:29:38.000Z,en,1,0,0.11
obsidian,https://x.com/i/status/2104518813991542811,2026-09-28T10:29:19.000Z,es,6,3,0.39
obsidian,https://x.com/i/status/2104517151336120529,2026-09-28T10:22:43.000Z,en,6,0,0.05
obsidian,https://x.com/i/status/2104515913601163513,2026-09-28T10:17:48.000Z,en,0,0,0.02
obsidian,https://x.com/i/status/2104513832442081565,2026-09-28T10:09:32.000Z,ja,11,0,0.5
obsidian,https://x.com/i/status/2104511479949246553,2026-09-28T10:00:11.000Z,zh,40,12,0.37
obsidian,https://x.com/i/status/2104510835855102070,2026-09-28T09:57:37.000Z,en,26,2,0.26
obsidian,https://x.com/i/status/2104509014709260423,2026-09-28T09:50:23.000Z,ja,0,0,0.21
obsidian,https://x.com/i/status/2104508193200021924,2026-09-28T09:47:07.000Z,ja,0,0,0.28
obsidian,https://x.com/i/status/2104508132189761605,2026-09-28T09:46:53.000Z,en,2,0,0.37
obsidian,https://x.com/i/status/2104497479345734082,2026-09-28T09:04:33.000Z,zxx,2,0,0.18
obsidian,https://x.com/i/status/2104495802890821978,2026-09-28T08:57:53.000Z,zxx,5,0,0.18
obsidian,https://x.com/i/status/2104490564465160390,2026-09-28T08:37:04.000Z,zxx,9,0,0.19
obsidian,https://x.com/i/status/2104489732701049131,2026-09-28T08:33:46.000Z,en,0,0,0.52
obsidian,https://x.com/i/status/2104481792744911202,2026-09-28T08:02:13.000Z,en,1,0,0.54
obsidian,https://x.com/i/status/2104481328418943334,2026-09-28T08:00:22.000Z,en,35,32,0.09
obsidian,https://x.com/i/status/2104474351462752727,2026-09-28T07:32:39.000Z,fr,6,1,0.44
obsidian,https://x.com/i/status/2104466219453816968,2026-09-28T07:00:20.000Z,en,0,0,0.33
obsidian,https://x.com/i/status/2104456699109118020,2026-09-28T06:22:30.000Z,en,1,0,0.29
obsidian,https://x.com/i/status/2104449805535871039,2026-09-28T05:55:07.000Z,en,43,22,0.17
obsidian,https://x.com/i/status/2104449349841506419,2026-09-28T05:53:18.000Z,en,2,0,0.43
obsidian,https://x.com/i/status/2104444251870216223,2026-09-28T05:33:02.000Z,en,0,0,0.06
obsidian,https://x.com/i/status/2104439336141992391,2026-09-28T05:13:30.000Z,ja,0,0,0.61
obsidian,https://x.com/i/status/2104438617921777723,2026-09-28T05:10:39.000Z,en,0,0,0.11
obsidian,https://x.com/i/status/2104438611319849027,2026-09-28T05:10:38.000Z,en,0,0,0.55
obsidian,https://x.com/i/status/2104433499692482857,2026-09-28T04:50:19.000Z,en,3,0,0.5
obsidian,https://x.com/i/status/2104433100730277972,2026-09-28T04:48:44.000Z,en,1,0,0.58
lark-drive,https://x.com/i/status/2103004389153903097,2026-09-24T06:11:32.000Z,zxx,0,0,0.21
lark-shared,https://x.com/i/status/2103004389153903097,2026-09-24T06:11:32.000Z,zxx,0,0,0.16
nano-banana-pro,https://x.com/i/status/2104710496721023058,2026-09-28T23:11:00.000Z,ja,2,0,0.91
nano-banana-pro,https://x.com/i/status/2104701695213396134,2026-09-28T22:36:02.000Z,en,5,1,0.88
nano-banana-pro,https://x.com/i/status/2104672893145899091,2026-09-28T20:41:35.000Z,zxx,3,0,0.13
nano-banana-pro,https://x.com/i/status/2104632355986260395,2026-09-28T18:00:30.000Z,en,18,3,0.81
nano-banana-pro,https://x.com/i/status/2104591824186736804,2026-09-28T15:19:26.000Z,en,8,1,0.89
nano-banana-pro,https://x.com/i/status/2104518983160664199,2026-09-28T10:30:00.000Z,en,0,0,0.1
nano-banana-pro,https://x.com/i/status/2104495332302471649,2026-09-28T08:56:01.000Z,ja,2,0,0.73
nano-banana-pro,https://x.com/i/status/2104468099361837343,2026-09-28T07:07:48.000Z,zh,0,0,0.63
nano-banana-pro,https://x.com/i/status/2104419677774737476,2026-09-28T03:55:24.000Z,en,1,0,0.9
nano-banana-pro,https://x.com/i/status/2104391661648495099,2026-09-28T02:04:04.000Z,zh,14,1,0.08
nano-banana-pro,https://x.com/i/status/2104389405477949560,2026-09-28T01:55:06.000Z,zxx,44,1,0.13
nano-banana-pro,https://x.com/i/status/2104364097353683219,2026-09-28T00:14:32.000Z,zxx,66,7,0.17
nano-banana-pro,https://x.com/i/status/2104314652138393756,2026-09-27T20:58:04.000Z,en,1,0,0.9
nano-banana-pro,https://x.com/i/status/2104262810473787872,2026-09-27T17:32:03.000Z,zxx,274,37,0.16
nano-banana-pro,https://x.com/i/status/2104255107189854408,2026-09-27T17:01:27.000Z,ja,1,0,0.9
nano-banana-pro,https://x.com/i/status/2104253138945311131,2026-09-27T16:53:38.000Z,zxx,35,9,0.13
nano-banana-pro,https://x.com/i/status/2104244128238141554,2026-09-27T16:17:49.000Z,en,660,57,0.07
nano-banana-pro,https://x.com/i/status/2104219326966341987,2026-09-27T14:39:16.000Z,en,0,0,0.09
nano-banana-pro,https://x.com/i/status/2104197474999255136,2026-09-27T13:12:26.000Z,en,1,0,0.91
nano-banana-pro,https://x.com/i/status/2104196089649987671,2026-09-27T13:06:56.000Z,ja,1,1,0.88
nano-banana-pro,https://x.com/i/status/2104190342660510019,2026-09-27T12:44:06.000Z,en,679,37,0.05
nano-banana-pro,https://x.com/i/status/2104132948580573353,2026-09-27T08:56:02.000Z,en,0,0,0.83
nano-banana-pro,https://x.com/i/status/2104110338530476226,2026-09-27T07:26:11.000Z,zh,17,3,0.16
nano-banana-pro,https://x.com/i/status/2104095543962263992,2026-09-27T06:27:24.000Z,en,0,0,0.84
nano-banana-pro,https://x.com/i/status/2104078689654952182,2026-09-27T05:20:26.000Z,en,1,0,0.88
nano-banana-pro,https://x.com/i/status/2104042969682903116,2026-09-27T02:58:29.000Z,en,2,0,0.3
nano-banana-pro,https://x.com/i/status/2104037340746502422,2026-09-27T02:36:07.000Z,en,5,0,0.21
nano-banana-pro,https://x.com/i/status/2104035456967209472,2026-09-27T02:28:38.000Z,en,6,0,0.16
nano-banana-pro,https://x.com/i/status/2103978566916415754,2026-09-26T22:42:35.000Z,en,1,0,0.08
nano-banana-pro,https://x.com/i/status/2103961765667311943,2026-09-26T21:35:49.000Z,en,8,2,0.08
nano-banana-pro,https://x.com/i/status/2103949057895080197,2026-09-26T20:45:19.000Z,en,8,0,0.18
nano-banana-pro,https://x.com/i/status/2103865583519379692,2026-09-26T15:13:37.000Z,en,3,0,0.05
nano-banana-pro,https://x.com/i/status/2103855032198382000,2026-09-26T14:31:42.000Z,en,2,0,0.8
nano-banana-pro,https://x.com/i/status/2103817500085641559,2026-09-26T12:02:33.000Z,zxx,41,2,0.15
nano-banana-pro,https://x.com/i/status/2103806865914388962,2026-09-26T11:20:18.000Z,ja,1,0,0.85
nano-banana-pro,https://x.com/i/status/2103766766753358174,2026-09-26T08:40:57.000Z,in,3,0,0.62
nano-banana-pro,https://x.com/i/status/2103696085411897400,2026-09-26T04:00:06.000Z,zh,101,12,0.39
nano-banana-pro,https://x.com/i/status/2103559855298711612,2026-09-25T18:58:46.000Z,en,0,0,0.79
nano-banana-pro,https://x.com/i/status/2103559392696426857,2026-09-25T18:56:56.000Z,en,8,0,0.88
nano-banana-pro,https://x.com/i/status/2103552919249563691,2026-09-25T18:31:12.000Z,ja,111,6,0.84
nano-banana-pro,https://x.com/i/status/2103547259975557493,2026-09-25T18:08:43.000Z,en,6,0,0.11
nano-banana-pro,https://x.com/i/status/2103534594528272502,2026-09-25T17:18:23.000Z,en,10,1,0.8
nano-banana-pro,https://x.com/i/status/2103482786673836524,2026-09-25T13:52:31.000Z,en,1,0,0.08
nano-banana-pro,https://x.com/i/status/2103476992574111944,2026-09-25T13:29:30.000Z,en,8,0,0.77
nano-banana-pro,https://x.com/i/status/2103433806250492198,2026-09-25T10:37:53.000Z,en,12,0,0.91
nano-banana-pro,https://x.com/i/status/2103402695805501867,2026-09-25T08:34:16.000Z,und,0,0,0.7
nano-banana-pro,https://x.com/i/status/2103365344111063114,2026-09-25T06:05:51.000Z,zxx,11,0,0.16
nano-banana-pro,https://x.com/i/status/2103209903405842923,2026-09-24T19:48:11.000Z,en,1,0,0.91
nano-banana-pro,https://x.com/i/status/2103190227770659049,2026-09-24T18:30:00.000Z,en,6,0,0.85
nano-banana-pro,https://x.com/i/status/2103167129168052593,2026-09-24T16:58:13.000Z,en,17,1,0.79
nano-banana-pro,https://x.com/i/status/2103091255727325469,2026-09-24T11:56:43.000Z,fr,19,0,0.77
nano-banana-pro,https://x.com/i/status/2103086042865877223,2026-09-24T11:36:00.000Z,ja,6,0,0.09
nano-banana-pro,https://x.com/i/status/2103008938723545291,2026-09-24T06:29:37.000Z,zh,32,3,0.05
nano-banana-pro,https://x.com/i/status/2102828337899225131,2026-09-23T18:31:59.000Z,en,0,0,0.82
nano-banana-pro,https://x.com/i/status/2102805689437671511,2026-09-23T17:01:59.000Z,zxx,2,0,0.1
nano-banana-pro,https://x.com/i/status/2102721750220103692,2026-09-23T11:28:26.000Z,in,672,101,0.09
nano-banana-pro,https://x.com/i/status/2102634744856944797,2026-09-23T05:42:42.000Z,en,3,0,0.82
nano-banana-pro,https://x.com/i/status/2102555192042696934,2026-09-23T00:26:36.000Z,und,0,0,0.02
nano-banana-pro,https://x.com/i/status/2102462198765297875,2026-09-22T18:17:04.000Z,en,2,0,0.07
lark-im,https://x.com/i/status/2103004389153903097,2026-09-24T06:11:32.000Z,zxx,0,0,0.24
notion,https://x.com/i/status/2104735547600355376,2026-09-29T00:50:33.000Z,zxx,0,0,0.24
notion,https://x.com/i/status/2104734162276012052,2026-09-29T00:45:03.000Z,en,19,3,0.07
notion,https://x.com/i/status/2104732276810797059,2026-09-29T00:37:33.000Z,zxx,1,1,0.19
notion,https://x.com/i/status/2104730971535020108,2026-09-29T00:32:22.000Z,zxx,0,0,0.2
notion,https://x.com/i/status/2104730627505266914,2026-09-29T00:31:00.000Z,zh,4,1,0.13
notion,https://x.com/i/status/2104727104264814984,2026-09-29T00:17:00.000Z,en,0,0,0.22
notion,https://x.com/i/status/2104726478722416904,2026-09-29T00:14:31.000Z,zh,0,0,0.21
notion,https://x.com/i/status/2104723344159633827,2026-09-29T00:02:03.000Z,en,2,0,0.58
notion,https://x.com/i/status/2104723126554960197,2026-09-29T00:01:11.000Z,ja,0,0,0.77
notion,https://x.com/i/status/2104722804318863833,2026-09-28T23:59:55.000Z,en,0,0,0.05
notion,https://x.com/i/status/2104721101066846369,2026-09-28T23:53:08.000Z,zh,0,0,0.07
notion,https://x.com/i/status/2104721077578478072,2026-09-28T23:53:03.000Z,en,0,0,0.21
notion,https://x.com/i/status/2104719513316999519,2026-09-28T23:46:50.000Z,en,0,0,0.14
notion,https://x.com/i/status/2104719142389788954,2026-09-28T23:45:21.000Z,ja,0,0,0.15
notion,https://x.com/i/status/2104719051310424442,2026-09-28T23:45:00.000Z,zh,0,0,0.18
notion,https://x.com/i/status/2104717365304766969,2026-09-28T23:38:18.000Z,zxx,2,0,0.15
notion,https://x.com/i/status/2104715780072091724,2026-09-28T23:32:00.000Z,en,0,0,0.04
notion,https://x.com/i/status/2104709365903339548,2026-09-28T23:06:31.000Z,zxx,0,0,0.16
notion,https://x.com/i/status/2104707745899491648,2026-09-28T23:00:04.000Z,ja,1,0,0.09
notion,https://x.com/i/status/2104707521252385224,2026-09-28T22:59:11.000Z,en,1,0,0.03
notion,https://x.com/i/status/2104704633390428577,2026-09-28T22:47:42.000Z,ja,5,0,0.07
notion,https://x.com/i/status/2104703951736070300,2026-09-28T22:45:00.000Z,en,20,1,0.31
notion,https://x.com/i/status/2104703046806577271,2026-09-28T22:41:24.000Z,en,0,0,0.14
notion,https://x.com/i/status/2104702504332410976,2026-09-28T22:39:15.000Z,ja,2,0,0.1
notion,https://x.com/i/status/2104700267619090801,2026-09-28T22:30:21.000Z,zh,0,0,0.22
notion,https://x.com/i/status/2104698362423554231,2026-09-28T22:22:47.000Z,zh,0,0,0.02
notion,https://x.com/i/status/2104693905396548027,2026-09-28T22:05:05.000Z,zxx,0,0,0.17
notion,https://x.com/i/status/2104693138157638004,2026-09-28T22:02:02.000Z,zh,11,1,0.06
notion,https://x.com/i/status/2104692642336616557,2026-09-28T22:00:03.000Z,ja,1,0,0.66
notion,https://x.com/i/status/2104690440998092836,2026-09-28T21:51:19.000Z,en,1,0,0.4
notion,https://x.com/i/status/2104689594356658527,2026-09-28T21:47:57.000Z,ar,0,0,0.04
notion,https://x.com/i/status/2104689231608361187,2026-09-28T21:46:30.000Z,zxx,6,1,0.17
notion,https://x.com/i/status/2104686383709491361,2026-09-28T21:35:11.000Z,en,0,0,0.32
notion,https://x.com/i/status/2104685943043027047,2026-09-28T21:33:26.000Z,en,1,0,0.05
notion,https://x.com/i/status/2104684833821835507,2026-09-28T21:29:02.000Z,ko,9,2,0.25
notion,https://x.com/i/status/2104684730918559849,2026-09-28T21:28:37.000Z,en,0,0,0.18
notion,https://x.com/i/status/2104684350587716043,2026-09-28T21:27:06.000Z,en,7,0,0.08
notion,https://x.com/i/status/2104681577695621322,2026-09-28T21:16:05.000Z,en,0,0,0.37
notion,https://x.com/i/status/2104680776822317478,2026-09-28T21:12:54.000Z,en,1,0,0.03
notion,https://x.com/i/status/2104678223691055269,2026-09-28T21:02:46.000Z,en,3,0,0.06
notion,https://x.com/i/status/2104677639453827173,2026-09-28T21:00:26.000Z,zxx,6,0,0.14
notion,https://x.com/i/status/2104673002894028993,2026-09-28T20:42:01.000Z,en,2,0,0.21
notion,https://x.com/i/status/2104671797304274963,2026-09-28T20:37:14.000Z,en,1,0,0.35
notion,https://x.com/i/status/2104669237361213618,2026-09-28T20:27:03.000Z,zh,0,0,0.15
notion,https://x.com/i/status/2104668573423509814,2026-09-28T20:24:25.000Z,en,1,1,0.04
notion,https://x.com/i/status/2104666773580882229,2026-09-28T20:17:16.000Z,en,0,0,0.08
notion,https://x.com/i/status/2104664382508576884,2026-09-28T20:07:46.000Z,en,0,0,0.06
notion,https://x.com/i/status/2104661563412304178,2026-09-28T19:56:34.000Z,en,0,0,0.34
notion,https://x.com/i/status/2104660458485793109,2026-09-28T19:52:10.000Z,th,0,0,0.08
notion,https://x.com/i/status/2104655159406334092,2026-09-28T19:31:07.000Z,en,11,7,0.1
notion,https://x.com/i/status/2104650979518091772,2026-09-28T19:14:30.000Z,en,1,0,0.07
notion,https://x.com/i/status/2104649752788996402,2026-09-28T19:09:38.000Z,en,1,0,0.12
notion,https://x.com/i/status/2104648739218399593,2026-09-28T19:05:36.000Z,en,0,0,0.29
notion,https://x.com/i/status/2104646648076865763,2026-09-28T18:57:18.000Z,ar,0,0,0.06
notion,https://x.com/i/status/2104645818896814514,2026-09-28T18:54:00.000Z,en,1,0,0.04
notion,https://x.com/i/status/2104640291156439337,2026-09-28T18:32:02.000Z,en,0,0,0.06
notion,https://x.com/i/status/2104640131332501957,2026-09-28T18:31:24.000Z,en,46,3,0.03
notion,https://x.com/i/status/2104637979021148613,2026-09-28T18:22:51.000Z,zxx,924,123,0.14
notion,https://x.com/i/status/2104635699962019928,2026-09-28T18:13:47.000Z,en,0,0,0.14
notion,https://x.com/i/status/2104635073127465165,2026-09-28T18:11:18.000Z,en,0,0,0.15
notion,https://x.com/i/status/2104634957750804646,2026-09-28T18:10:50.000Z,en,0,0,0.08
notion,https://x.com/i/status/2104634515154935847,2026-09-28T18:09:05.000Z,en,11,1,0.17
notion,https://x.com/i/status/2104634103849275572,2026-09-28T18:07:27.000Z,en,0,0,0.3
notion,https://x.com/i/status/2104633794741633396,2026-09-28T18:06:13.000Z,zxx,5,0,0.18
notion,https://x.com/i/status/2104629562923466906,2026-09-28T17:49:24.000Z,zh,0,0,0.18
notion,https://x.com/i/status/2104626857505087504,2026-09-28T17:38:39.000Z,en,1,0,0.13
notion,https://x.com/i/status/2104625986104922340,2026-09-28T17:35:11.000Z,en,2,0,0.09
notion,https://x.com/i/status/2104625809571094599,2026-09-28T17:34:29.000Z,en,1,0,0.06
notion,https://x.com/i/status/2104625362336620685,2026-09-28T17:32:43.000Z,en,3,0,0.08
notion,https://x.com/i/status/2104624902754177194,2026-09-28T17:30:53.000Z,en,21,4,0.12
notion,https://x.com/i/status/2104623605955092490,2026-09-28T17:25:44.000Z,zh,0,0,0.08
notion,https://x.com/i/status/2104622577411121399,2026-09-28T17:21:39.000Z,zxx,5,2,0.2
notion,https://x.com/i/status/2104622564790178279,2026-09-28T17:21:36.000Z,en,0,1,0.33
notion,https://x.com/i/status/2104619308597047746,2026-09-28T17:08:39.000Z,zh,1,0,0.22
notion,https://x.com/i/status/2104618508378341539,2026-09-28T17:05:28.000Z,en,25,3,0.05
notion,https://x.com/i/status/2104618451549684146,2026-09-28T17:05:15.000Z,zh,0,0,0.16
notion,https://x.com/i/status/2104617396942287227,2026-09-28T17:01:03.000Z,en,0,0,0.2
notion,https://x.com/i/status/2104616707050574109,2026-09-28T16:58:19.000Z,zh,18,1,0.12
notion,https://x.com/i/status/2104614931962232959,2026-09-28T16:51:16.000Z,zh,77,6,0.13
notion,https://x.com/i/status/2104614157719060530,2026-09-28T16:48:11.000Z,en,1,1,0.4
notion,https://x.com/i/status/2104613945621495953,2026-09-28T16:47:21.000Z,en,0,0,0.22
notion,https://x.com/i/status/2104613613139038570,2026-09-28T16:46:01.000Z,en,1,0,0.06
notion,https://x.com/i/status/2104613378098610439,2026-09-28T16:45:05.000Z,en,5,1,0.05
notion,https://x.com/i/status/2104613047516151907,2026-09-28T16:43:47.000Z,zxx,0,0,0.13
notion,https://x.com/i/status/2104612659501084964,2026-09-28T16:42:14.000Z,en,1,0,0.12
notion,https://x.com/i/status/2104612530106634463,2026-09-28T16:41:43.000Z,en,7,3,0.03
notion,https://x.com/i/status/2104612398422454296,2026-09-28T16:41:12.000Z,en,0,0,0.04
notion,https://x.com/i/status/2104610439388643584,2026-09-28T16:33:25.000Z,en,15,0,0.36
notion,https://x.com/i/status/2104610437673206086,2026-09-28T16:33:24.000Z,en,18,0,0.46
notion,https://x.com/i/status/2104609766454763753,2026-09-28T16:30:44.000Z,zh,2,0,0.11
notion,https://x.com/i/status/2104606838910259512,2026-09-28T16:19:06.000Z,zxx,0,0,0.15
notion,https://x.com/i/status/2104606407261884657,2026-09-28T16:17:23.000Z,en,1,0,0.14
notion,https://x.com/i/status/2104606071428206993,2026-09-28T16:16:03.000Z,zh,11,1,0.13
notion,https://x.com/i/status/2104605642480603575,2026-09-28T16:14:21.000Z,zh,0,1,0.09
notion,https://x.com/i/status/2104605430672728246,2026-09-28T16:13:31.000Z,zh,44,6,0.22
notion,https://x.com/i/status/2104603468371484785,2026-09-28T16:05:43.000Z,en,0,1,0.05
notion,https://x.com/i/status/2104600777373237647,2026-09-28T15:55:01.000Z,en,0,0,0.08
notion,https://x.com/i/status/2104600487106326810,2026-09-28T15:53:52.000Z,en,0,0,0.18
notion,https://x.com/i/status/2104599423716384801,2026-09-28T15:49:38.000Z,en,14,13,0.03
notion,https://x.com/i/status/2104598730548625550,2026-09-28T15:46:53.000Z,en,5,0,0.06
skill-creator,https://x.com/i/status/2104729561808400875,2026-09-29T00:26:46.000Z,zxx,0,0,0.21
skill-creator,https://x.com/i/status/2104665570465677423,2026-09-28T20:12:29.000Z,en,0,0,0.79
skill-creator,https://x.com/i/status/2104605560041595102,2026-09-28T16:14:01.000Z,en,12,0,0.21
skill-creator,https://x.com/i/status/2104605232454160795,2026-09-28T16:12:43.000Z,en,0,0,0.57
skill-creator,https://x.com/i/status/2104587086334693544,2026-09-28T15:00:37.000Z,en,126,11,0.52
skill-creator,https://x.com/i/status/2104573348844077270,2026-09-28T14:06:02.000Z,ja,2,0,0.74
skill-creator,https://x.com/i/status/2104526951973109852,2026-09-28T11:01:40.000Z,ja,291,16,0.61
skill-creator,https://x.com/i/status/2104449368325779838,2026-09-28T05:53:22.000Z,en,0,0,0.04
skill-creator,https://x.com/i/status/2104409512769966526,2026-09-28T03:15:00.000Z,en,1,0,0.67
skill-creator,https://x.com/i/status/2104397848699666767,2026-09-28T02:28:39.000Z,en,0,0,0.77
skill-creator,https://x.com/i/status/2104266406401634523,2026-09-27T17:46:21.000Z,zh,0,0,0.85
skill-creator,https://x.com/i/status/2104224565257961538,2026-09-27T15:00:05.000Z,en,113,15,0.23
skill-creator,https://x.com/i/status/2104194216176025691,2026-09-27T12:59:29.000Z,ja,0,0,0.81
skill-creator,https://x.com/i/status/2104179828991680531,2026-09-27T12:02:19.000Z,ar,0,0,0.19
skill-creator,https://x.com/i/status/2104169555287285854,2026-09-27T11:21:30.000Z,en,0,0,0.19
skill-creator,https://x.com/i/status/2104143636829200496,2026-09-27T09:38:30.000Z,ja,8,2,0.05
skill-creator,https://x.com/i/status/2104039176282988809,2026-09-27T02:43:25.000Z,zh,100,16,0.11
skill-creator,https://x.com/i/status/2103978065877680151,2026-09-26T22:40:35.000Z,ja,0,0,0.65
skill-creator,https://x.com/i/status/2103779902298509664,2026-09-26T09:33:09.000Z,en,0,0,0.88
skill-creator,https://x.com/i/status/2103619659685892302,2026-09-25T22:56:24.000Z,zxx,102,11,0.19
skill-creator,https://x.com/i/status/2103499833059500425,2026-09-25T15:00:15.000Z,en,194,25,0.55
skill-creator,https://x.com/i/status/2103498327216337330,2026-09-25T14:54:16.000Z,zh,82,20,0.76
skill-creator,https://x.com/i/status/2103336203315487059,2026-09-25T04:10:03.000Z,zxx,0,0,0.24
skill-creator,https://x.com/i/status/2103248205253382222,2026-09-24T22:20:23.000Z,ja,0,0,0.74
skill-creator,https://x.com/i/status/2103145064373575998,2026-09-24T15:30:32.000Z,en,0,0,0.85
skill-creator,https://x.com/i/status/2103125936598110257,2026-09-24T14:14:32.000Z,zxx,0,0,0.24
skill-creator,https://x.com/i/status/2103098161892139207,2026-09-24T12:24:10.000Z,en,10,0,0.56
skill-creator,https://x.com/i/status/2103097499942605194,2026-09-24T12:21:32.000Z,zxx,1,1,0.21
skill-creator,https://x.com/i/status/2103044333821997318,2026-09-24T08:50:16.000Z,zxx,6,0,0.21
skill-creator,https://x.com/i/status/2103024242040115354,2026-09-24T07:30:26.000Z,en,0,0,0.74
skill-creator,https://x.com/i/status/2103024022799679564,2026-09-24T07:29:33.000Z,en,0,0,0.75
skill-creator,https://x.com/i/status/2103007519669170357,2026-09-24T06:23:59.000Z,en,1,0,0.24
skill-creator,https://x.com/i/status/2102958550347894965,2026-09-24T03:09:24.000Z,zxx,3,0,0.2
skill-creator,https://x.com/i/status/2102917867675308239,2026-09-24T00:27:44.000Z,zh,0,0,0.83
skill-creator,https://x.com/i/status/2102828458749636663,2026-09-23T18:32:27.000Z,en,105,27,0.68
skill-creator,https://x.com/i/status/2102822500166259004,2026-09-23T18:08:47.000Z,en,57,36,0.75
skill-creator,https://x.com/i/status/2102819978869440640,2026-09-23T17:58:46.000Z,en,0,0,0.11
skill-creator,https://x.com/i/status/2102803098918068698,2026-09-23T16:51:41.000Z,ja,5,1,0.37
skill-creator,https://x.com/i/status/2102798689312080354,2026-09-23T16:34:10.000Z,en,0,0,0.42
skill-creator,https://x.com/i/status/2102788817057137150,2026-09-23T15:54:56.000Z,en,39,6,0.78
skill-creator,https://x.com/i/status/2102741783910527096,2026-09-23T12:48:02.000Z,zh,36,6,0.54
skill-creator,https://x.com/i/status/2102740522008015223,2026-09-23T12:43:02.000Z,zxx,237,58,0.2
skill-creator,https://x.com/i/status/2102654196998951398,2026-09-23T07:00:00.000Z,ja,4,0,0.58
skill-creator,https://x.com/i/status/2102651043209203760,2026-09-23T06:47:28.000Z,zh,2,0,0.74
skill-creator,https://x.com/i/status/2102607600944582778,2026-09-23T03:54:51.000Z,en,18,10,0.07
skill-creator,https://x.com/i/status/2102572710018851087,2026-09-23T01:36:12.000Z,zh,54,18,0.49
skill-creator,https://x.com/i/status/2102534668939608420,2026-09-22T23:05:02.000Z,en,0,0,0.74
skill-creator,https://x.com/i/status/2102530318385438931,2026-09-22T22:47:45.000Z,zxx,2,1,0.23
skill-creator,https://x.com/i/status/2102413062040941037,2026-09-22T15:01:49.000Z,en,0,0,0.86
skill-creator,https://x.com/i/status/2102393633144230117,2026-09-22T13:44:37.000Z,en,43,10,0.71
skill-creator,https://x.com/i/status/2102380684690251918,2026-09-22T12:53:10.000Z,en,1,0,0.72
skill-creator,https://x.com/i/status/2102352216833114497,2026-09-22T11:00:02.000Z,en,22,0,0.44
skill-creator,https://x.com/i/status/2102295582626693502,2026-09-22T07:15:00.000Z,en,165,14,0.65
skill-creator,https://x.com/i/status/2102276722259644715,2026-09-22T06:00:03.000Z,ja,2,0,0.87
skill-creator,https://x.com/i/status/2102276456537547104,2026-09-22T05:59:00.000Z,ko,36,10,0.6
skill-creator,https://x.com/i/status/2102273879666466942,2026-09-22T05:48:45.000Z,zxx,49,13,0.17
skill-creator,https://x.com/i/status/2102239976587157653,2026-09-22T03:34:02.000Z,zh,373,135,0.64
lark-calendar,https://x.com/i/status/2103004389153903097,2026-09-24T06:11:32.000Z,zxx,0,0,0.29
pollyreach,https://x.com/i/status/2102373655766544794,2026-09-22T12:25:14.000Z,en,0,0,0.85
auto-updater,https://x.com/i/status/2104253317241098511,2026-09-27T16:54:20.000Z,en,304,19,0.02
auto-updater,https://x.com/i/status/2102453563691524582,2026-09-22T17:42:45.000Z,en,1,0,0.06
auto-updater,https://x.com/i/status/2102439003735687666,2026-09-22T16:44:54.000Z,en,1,1,0.1
word-docx,https://x.com/i/status/2104303476859957290,2026-09-27T20:13:39.000Z,en,64,29,0.14
word-docx,https://x.com/i/status/2103421589744226428,2026-09-25T09:49:21.000Z,en,0,0,0.44
word-docx,https://x.com/i/status/2102459162081059247,2026-09-22T18:05:00.000Z,ja,0,0,0.06
evolver,https://x.com/i/status/2103101005370216861,2026-09-24T12:35:28.000Z,en,14,0,0.08
evolver,https://x.com/i/status/2102931463524216929,2026-09-24T01:21:46.000Z,zh,3,0,0.41
evolver,https://x.com/i/status/2102241735682256905,2026-09-22T03:41:02.000Z,zxx,1,0,0.15
lark-task,https://x.com/i/status/2103004389153903097,2026-09-24T06:11:32.000Z,zxx,0,0,0.3
