skill_key,tweet_url,created_at,lang,favorites,retweets,relevance
find-skills,https://x.com/i/status/2108222962306548005,2026-10-08T15:48:17.000Z,en,101,5,0.17
find-skills,https://x.com/i/status/2108218240199442517,2026-10-08T15:29:31.000Z,en,1,0,0.08
find-skills,https://x.com/i/status/2108196889749487936,2026-10-08T14:04:41.000Z,en,2,0,0.58
find-skills,https://x.com/i/status/2108086316458201291,2026-10-08T06:45:18.000Z,en,34,11,0.13
find-skills,https://x.com/i/status/2107654768281997620,2026-10-07T02:10:29.000Z,zh,0,0,0.94
find-skills,https://x.com/i/status/2107486897366794287,2026-10-06T15:03:26.000Z,de,0,0,0.91
find-skills,https://x.com/i/status/2107391115980935331,2026-10-06T08:42:50.000Z,zxx,0,0,0.2
find-skills,https://x.com/i/status/2107110344665506073,2026-10-05T14:07:09.000Z,en,1,0,0.89
find-skills,https://x.com/i/status/2107092307967451355,2026-10-05T12:55:28.000Z,en,57,4,0.07
find-skills,https://x.com/i/status/2106769020179677684,2026-10-04T15:30:50.000Z,en,0,0,0.97
find-skills,https://x.com/i/status/2106745239834694125,2026-10-04T13:56:21.000Z,und,2,0,0.96
find-skills,https://x.com/i/status/2106542462538010994,2026-10-04T00:30:35.000Z,en,0,0,0.96
find-skills,https://x.com/i/status/2106455493015122221,2026-10-03T18:45:00.000Z,en,95,3,0.96
find-skills,https://x.com/i/status/2106407530981400731,2026-10-03T15:34:25.000Z,en,8,1,0.9
find-skills,https://x.com/i/status/2106315860721983512,2026-10-03T09:30:09.000Z,en,9,2,0.96
find-skills,https://x.com/i/status/2106077161169797249,2026-10-02T17:41:38.000Z,es,639,75,0.94
find-skills,https://x.com/i/status/2106065804215079222,2026-10-02T16:56:31.000Z,en,0,0,0.06
find-skills,https://x.com/i/status/2106023334609592664,2026-10-02T14:07:45.000Z,en,0,0,0.9
self-improving-agent,https://x.com/i/status/2108272117766914133,2026-10-08T19:03:37.000Z,en,1,0,0.71
self-improving-agent,https://x.com/i/status/2108236381256630300,2026-10-08T16:41:37.000Z,en,1,0,0.74
self-improving-agent,https://x.com/i/status/2108217043501629702,2026-10-08T15:24:46.000Z,en,0,0,0.79
self-improving-agent,https://x.com/i/status/2108166831395484023,2026-10-08T12:05:15.000Z,en,0,0,0.69
self-improving-agent,https://x.com/i/status/2108087574141018586,2026-10-08T06:50:18.000Z,ar,0,0,0.85
self-improving-agent,https://x.com/i/status/2107979024605536269,2026-10-07T23:38:58.000Z,en,0,0,0.77
self-improving-agent,https://x.com/i/status/2107947071861125606,2026-10-07T21:32:00.000Z,en,2,0,0.22
self-improving-agent,https://x.com/i/status/2107933377466933754,2026-10-07T20:37:35.000Z,en,1,0,0.76
self-improving-agent,https://x.com/i/status/2107906891083100271,2026-10-07T18:52:20.000Z,en,0,0,0.79
self-improving-agent,https://x.com/i/status/2107876920977158389,2026-10-07T16:53:15.000Z,en,20,8,0.82
self-improving-agent,https://x.com/i/status/2107843020871860229,2026-10-07T14:38:32.000Z,en,39,30,0.61
self-improving-agent,https://x.com/i/status/2107712745504178531,2026-10-07T06:00:52.000Z,en,0,0,0.83
self-improving-agent,https://x.com/i/status/2107609408955953540,2026-10-06T23:10:15.000Z,en,0,0,0.77
self-improving-agent,https://x.com/i/status/2107461906688856262,2026-10-06T13:24:07.000Z,en,66,50,0.76
self-improving-agent,https://x.com/i/status/2107399879719018875,2026-10-06T09:17:39.000Z,en,1,0,0.83
self-improving-agent,https://x.com/i/status/2107208163867132318,2026-10-05T20:35:50.000Z,en,7,0,0.27
self-improving-agent,https://x.com/i/status/2107186798594301954,2026-10-05T19:10:57.000Z,en,5,2,0.83
self-improving-agent,https://x.com/i/status/2107151909979320828,2026-10-05T16:52:18.000Z,en,66,3,0.08
self-improving-agent,https://x.com/i/status/2107136401577775135,2026-10-05T15:50:41.000Z,en,2,0,0.82
self-improving-agent,https://x.com/i/status/2107121939923816813,2026-10-05T14:53:13.000Z,en,6,1,0.4
self-improving-agent,https://x.com/i/status/2107066779545538798,2026-10-05T11:14:02.000Z,en,1,0,0.03
self-improving-agent,https://x.com/i/status/2107005569814896868,2026-10-05T07:10:48.000Z,en,2,1,0.59
self-improving-agent,https://x.com/i/status/2106913274851893501,2026-10-05T01:04:03.000Z,en,374,132,0.34
self-improving-agent,https://x.com/i/status/2106870150612045892,2026-10-04T22:12:42.000Z,en,0,0,0.64
self-improving-agent,https://x.com/i/status/2106807494987173984,2026-10-04T18:03:44.000Z,en,0,0,0.83
self-improving-agent,https://x.com/i/status/2106784214792442364,2026-10-04T16:31:13.000Z,en,13,4,0.58
self-improving-agent,https://x.com/i/status/2106609198129668539,2026-10-04T04:55:46.000Z,en,2,2,0.62
self-improving-agent,https://x.com/i/status/2106608131417485761,2026-10-04T04:51:32.000Z,en,16,2,0.52
self-improving-agent,https://x.com/i/status/2106472394869428734,2026-10-03T19:52:09.000Z,zh,1,0,0.86
self-improving-agent,https://x.com/i/status/2106467109614313817,2026-10-03T19:31:09.000Z,en,38,4,0.63
self-improving-agent,https://x.com/i/status/2106437387152965788,2026-10-03T17:33:03.000Z,en,50,32,0.69
self-improving-agent,https://x.com/i/status/2106369875765542956,2026-10-03T13:04:47.000Z,en,23,1,0.56
self-improving-agent,https://x.com/i/status/2106331057893122459,2026-10-03T10:30:32.000Z,en,3,1,0.58
self-improving-agent,https://x.com/i/status/2106238024304730561,2026-10-03T04:20:51.000Z,en,1,0,0.37
self-improving-agent,https://x.com/i/status/2105997623551283676,2026-10-02T12:25:35.000Z,en,279,92,0.26
self-improving-agent,https://x.com/i/status/2105974159066984579,2026-10-02T10:52:21.000Z,en,2,0,0.42
self-improving-agent,https://x.com/i/status/2105953912604020911,2026-10-02T09:31:54.000Z,en,0,0,0.57
self-improving-agent,https://x.com/i/status/2105940371150954728,2026-10-02T08:38:05.000Z,en,1,0,0.67
self-improving-agent,https://x.com/i/status/2105939999703339241,2026-10-02T08:36:37.000Z,en,3,0,0.65
self-improving-agent,https://x.com/i/status/2105938860744270249,2026-10-02T08:32:05.000Z,en,0,0,0.6
self-improving-agent,https://x.com/i/status/2105928503979896851,2026-10-02T07:50:56.000Z,en,2,0,0.09
grill-me,https://x.com/i/status/2108358775069372736,2026-10-09T00:47:58.000Z,en,0,0,0.92
grill-me,https://x.com/i/status/2108358690697003265,2026-10-09T00:47:37.000Z,th,0,0,0.96
grill-me,https://x.com/i/status/2108280712109400215,2026-10-08T19:37:46.000Z,en,5,0,0.93
grill-me,https://x.com/i/status/2108250100849885322,2026-10-08T17:36:08.000Z,es,0,0,0.95
grill-me,https://x.com/i/status/2108246826730283104,2026-10-08T17:23:07.000Z,en,0,0,0.92
grill-me,https://x.com/i/status/2108220909970735489,2026-10-08T15:40:08.000Z,en,0,0,0.96
grill-me,https://x.com/i/status/2108219327883211171,2026-10-08T15:33:51.000Z,en,3,0,0.13
grill-me,https://x.com/i/status/2108208430359933200,2026-10-08T14:50:33.000Z,es,0,0,0.95
grill-me,https://x.com/i/status/2108204459301961998,2026-10-08T14:34:46.000Z,en,0,0,0.97
grill-me,https://x.com/i/status/2108194421338689961,2026-10-08T13:54:53.000Z,en,1,0,0.96
grill-me,https://x.com/i/status/2108169155690242433,2026-10-08T12:14:29.000Z,en,0,0,0.97
grill-me,https://x.com/i/status/2108155776959238503,2026-10-08T11:21:19.000Z,en,0,0,0.96
grill-me,https://x.com/i/status/2108155196937564163,2026-10-08T11:19:01.000Z,en,0,0,0.93
grill-me,https://x.com/i/status/2108146466082734198,2026-10-08T10:44:19.000Z,zxx,42,5,0.24
grill-me,https://x.com/i/status/2108142865138516325,2026-10-08T10:30:01.000Z,en,0,0,0.94
grill-me,https://x.com/i/status/2108124178750546276,2026-10-08T09:15:45.000Z,en,0,0,0.97
grill-me,https://x.com/i/status/2108124016435446018,2026-10-08T09:15:07.000Z,en,2,0,0.97
grill-me,https://x.com/i/status/2108108078864339255,2026-10-08T08:11:47.000Z,en,0,0,0.89
grill-me,https://x.com/i/status/2108100768062681433,2026-10-08T07:42:44.000Z,tr,1,0,0.9
grill-me,https://x.com/i/status/2108092836210204763,2026-10-08T07:11:13.000Z,zh,4,0,0.97
grill-me,https://x.com/i/status/2108066296025813170,2026-10-08T05:25:45.000Z,es,2,0,0.96
grill-me,https://x.com/i/status/2108064892255408139,2026-10-08T05:20:10.000Z,en,1,0,0.96
grill-me,https://x.com/i/status/2108064786982592553,2026-10-08T05:19:45.000Z,en,6,2,0.94
grill-me,https://x.com/i/status/2108062432740413611,2026-10-08T05:10:24.000Z,de,0,0,0.9
grill-me,https://x.com/i/status/2108037422043086971,2026-10-08T03:31:01.000Z,zxx,6,0,0.24
grill-me,https://x.com/i/status/2108032657909227823,2026-10-08T03:12:05.000Z,zh,0,0,0.93
grill-me,https://x.com/i/status/2107997866996240492,2026-10-08T00:53:50.000Z,zh,24,2,0.04
grill-me,https://x.com/i/status/2107965515578716410,2026-10-07T22:45:17.000Z,en,8,0,0.92
grill-me,https://x.com/i/status/2107946453653959012,2026-10-07T21:29:32.000Z,en,4,0,0.05
grill-me,https://x.com/i/status/2107943086827446520,2026-10-07T21:16:10.000Z,en,0,0,0.95
grill-me,https://x.com/i/status/2107939706231239032,2026-10-07T21:02:44.000Z,en,0,0,0.94
grill-me,https://x.com/i/status/2107939605475701058,2026-10-07T21:02:20.000Z,en,1,0,0.92
grill-me,https://x.com/i/status/2107932173986590986,2026-10-07T20:32:48.000Z,en,1,0,0.97
grill-me,https://x.com/i/status/2107924289257398628,2026-10-07T20:01:28.000Z,en,1,0,0.82
grill-me,https://x.com/i/status/2107910679177113781,2026-10-07T19:07:23.000Z,en,8,1,0.87
grill-me,https://x.com/i/status/2107907311620510108,2026-10-07T18:54:00.000Z,en,5,0,0.95
grill-me,https://x.com/i/status/2107872531181089050,2026-10-07T16:35:48.000Z,en,132,0,0.93
grill-me,https://x.com/i/status/2107828625235955757,2026-10-07T13:41:20.000Z,zh,0,0,0.91
grill-me,https://x.com/i/status/2107824340926714105,2026-10-07T13:24:19.000Z,en,3,0,0.92
grill-me,https://x.com/i/status/2107813527683838165,2026-10-07T12:41:20.000Z,en,1,0,0.94
grill-me,https://x.com/i/status/2107811430271508937,2026-10-07T12:33:00.000Z,en,11,0,0.94
grill-me,https://x.com/i/status/2107792219935535408,2026-10-07T11:16:40.000Z,en,0,0,0.87
grill-me,https://x.com/i/status/2107786994462163003,2026-10-07T10:55:54.000Z,en,0,0,0.97
grill-me,https://x.com/i/status/2107786950635835427,2026-10-07T10:55:44.000Z,tr,27,5,0.92
grill-me,https://x.com/i/status/2107780474332746126,2026-10-07T10:30:00.000Z,en,0,0,0.92
grill-me,https://x.com/i/status/2107777691034300614,2026-10-07T10:18:56.000Z,ja,0,0,0.9
grill-me,https://x.com/i/status/2107775477121528216,2026-10-07T10:10:08.000Z,en,5,0,0.94
grill-me,https://x.com/i/status/2107774710868312330,2026-10-07T10:07:06.000Z,ja,0,0,0.97
grill-me,https://x.com/i/status/2107773703555518855,2026-10-07T10:03:06.000Z,tr,473,18,0.9
grill-me,https://x.com/i/status/2107737312289333274,2026-10-07T07:38:29.000Z,en,1,0,0.98
grill-me,https://x.com/i/status/2107723362630082822,2026-10-07T06:43:03.000Z,en,140,27,0.45
grill-me,https://x.com/i/status/2107670479200977189,2026-10-07T03:12:55.000Z,ja,0,0,0.94
grill-me,https://x.com/i/status/2107666968086204616,2026-10-07T02:58:58.000Z,zh,0,0,0.88
grill-me,https://x.com/i/status/2107654000279765070,2026-10-07T02:07:26.000Z,zh,1,0,0.97
grill-me,https://x.com/i/status/2107568831484899451,2026-10-06T20:29:00.000Z,en,4,0,0.97
grill-me,https://x.com/i/status/2107542539565961368,2026-10-06T18:44:32.000Z,en,1,0,0.95
grill-me,https://x.com/i/status/2107535313174249871,2026-10-06T18:15:49.000Z,en,1,0,0.07
grill-me,https://x.com/i/status/2107490117371720047,2026-10-06T15:16:13.000Z,tr,1,0,0.05
grill-me,https://x.com/i/status/2107482535056003101,2026-10-06T14:46:06.000Z,zh,3,0,0.75
grill-me,https://x.com/i/status/2107444507788673444,2026-10-06T12:14:59.000Z,en,3,0,0.97
grill-me,https://x.com/i/status/2107440440031228349,2026-10-06T11:58:49.000Z,en,0,0,0.89
grill-me,https://x.com/i/status/2107430180549755340,2026-10-06T11:18:03.000Z,en,0,0,0.93
grill-me,https://x.com/i/status/2107418087771586755,2026-10-06T10:30:00.000Z,en,0,0,0.92
grill-me,https://x.com/i/status/2107402909541339644,2026-10-06T09:29:41.000Z,en,0,0,0.95
grill-me,https://x.com/i/status/2107392340599976399,2026-10-06T08:47:42.000Z,en,5,0,0.7
grill-me,https://x.com/i/status/2107376554401743325,2026-10-06T07:44:58.000Z,en,0,0,0.37
grill-me,https://x.com/i/status/2107344903974056426,2026-10-06T05:39:12.000Z,en,0,0,0.91
grill-me,https://x.com/i/status/2107333610877637094,2026-10-06T04:54:19.000Z,ja,1,0,0.07
grill-me,https://x.com/i/status/2107321121745834084,2026-10-06T04:04:42.000Z,en,1,0,0.74
grill-me,https://x.com/i/status/2107263429585338389,2026-10-06T00:15:27.000Z,en,2,0,0.96
grill-me,https://x.com/i/status/2107256771484008769,2026-10-05T23:48:59.000Z,en,4,0,0.05
grill-me,https://x.com/i/status/2107241216467517763,2026-10-05T22:47:11.000Z,ja,0,0,0.88
grill-me,https://x.com/i/status/2107161423193219548,2026-10-05T17:30:07.000Z,en,54,0,0.09
grill-me,https://x.com/i/status/2107108825761558799,2026-10-05T14:01:06.000Z,en,1249,63,0.07
grill-me,https://x.com/i/status/2107077084891987999,2026-10-05T11:54:59.000Z,zh,1,0,0.06
grill-me,https://x.com/i/status/2107059202342715606,2026-10-05T10:43:55.000Z,en,1,0,0.96
grill-me,https://x.com/i/status/2107053492883919319,2026-10-05T10:21:14.000Z,en,0,0,0.9
grill-me,https://x.com/i/status/2107050883083333825,2026-10-05T10:10:52.000Z,und,379,278,0.8
grill-me,https://x.com/i/status/2107033301357580733,2026-10-05T09:01:00.000Z,zh,0,0,0.97
grill-me,https://x.com/i/status/2106962354760253508,2026-10-05T04:19:05.000Z,zh,2,0,0.78
grill-me,https://x.com/i/status/2106916491119735284,2026-10-05T01:16:50.000Z,ja,1,0,0.93
grill-me,https://x.com/i/status/2106894293030064515,2026-10-04T23:48:38.000Z,en,0,0,0.93
grill-me,https://x.com/i/status/2106873263968469405,2026-10-04T22:25:04.000Z,zxx,30,7,0.14
grill-me,https://x.com/i/status/2106818350617878585,2026-10-04T18:46:52.000Z,en,1,0,0.86
grill-me,https://x.com/i/status/2106788202446995488,2026-10-04T16:47:04.000Z,en,1,0,0.05
grill-me,https://x.com/i/status/2106741850627260786,2026-10-04T13:42:53.000Z,en,1,0,0.97
grill-me,https://x.com/i/status/2106716709117714818,2026-10-04T12:02:59.000Z,en,1,0,0.98
grill-me,https://x.com/i/status/2106702672053129696,2026-10-04T11:07:12.000Z,en,0,0,0.95
grill-me,https://x.com/i/status/2106684331729240425,2026-10-04T09:54:19.000Z,en,0,0,0.66
grill-me,https://x.com/i/status/2106683536300552446,2026-10-04T09:51:09.000Z,en,0,0,0.79
grill-me,https://x.com/i/status/2106631009374785541,2026-10-04T06:22:26.000Z,zxx,2,1,0.15
grill-me,https://x.com/i/status/2106596852049363417,2026-10-04T04:06:42.000Z,en,9,0,0.83
grill-me,https://x.com/i/status/2106549424331604392,2026-10-04T00:58:15.000Z,zh,1,0,0.97
grill-me,https://x.com/i/status/2106510336413012463,2026-10-03T22:22:55.000Z,en,1047,59,0.81
grill-me,https://x.com/i/status/2106483510395728179,2026-10-03T20:36:20.000Z,en,0,0,0.96
grill-me,https://x.com/i/status/2106425860584878398,2026-10-03T16:47:15.000Z,zh,3,0,0.85
grill-me,https://x.com/i/status/2106423809784021339,2026-10-03T16:39:06.000Z,en,0,0,0.92
grill-me,https://x.com/i/status/2106413760433021191,2026-10-03T15:59:10.000Z,en,0,0,0.93
grill-me,https://x.com/i/status/2106401741432627506,2026-10-03T15:11:24.000Z,zh,0,0,0.94
grill-me,https://x.com/i/status/2106385315594485832,2026-10-03T14:06:08.000Z,en,0,0,0.95
grill-with-docs,https://x.com/i/status/2108320769663197415,2026-10-08T22:16:56.000Z,ja,0,0,0.97
grill-with-docs,https://x.com/i/status/2108226917669175791,2026-10-08T16:04:00.000Z,pt,3,0,0.93
grill-with-docs,https://x.com/i/status/2108216899439894574,2026-10-08T15:24:12.000Z,en,1181,52,0.96
grill-with-docs,https://x.com/i/status/2108203244300472411,2026-10-08T14:29:56.000Z,zh,5,0,0.97
grill-with-docs,https://x.com/i/status/2108169155690242433,2026-10-08T12:14:29.000Z,en,0,0,0.96
grill-with-docs,https://x.com/i/status/2108166497994789012,2026-10-08T12:03:55.000Z,en,2,0,0.65
grill-with-docs,https://x.com/i/status/2108135131323986351,2026-10-08T09:59:17.000Z,en,5,1,0.97
grill-with-docs,https://x.com/i/status/2108108078864339255,2026-10-08T08:11:47.000Z,en,0,0,0.96
grill-with-docs,https://x.com/i/status/2108092836210204763,2026-10-08T07:11:13.000Z,zh,4,0,0.95
grill-with-docs,https://x.com/i/status/2107939706231239032,2026-10-07T21:02:44.000Z,en,0,0,0.92
grill-with-docs,https://x.com/i/status/2107939605475701058,2026-10-07T21:02:20.000Z,en,1,0,0.89
grill-with-docs,https://x.com/i/status/2107711116738691360,2026-10-07T05:54:24.000Z,en,2,0,0.81
grill-with-docs,https://x.com/i/status/2107560148243812772,2026-10-06T19:54:30.000Z,en,170,3,0.17
grill-with-docs,https://x.com/i/status/2107502417390469550,2026-10-06T16:05:06.000Z,zh,2,1,0.98
grill-with-docs,https://x.com/i/status/2107413555989602420,2026-10-06T10:12:00.000Z,ja,49,9,0.82
grill-with-docs,https://x.com/i/status/2107142044150071416,2026-10-05T16:13:06.000Z,en,0,0,0.95
grill-with-docs,https://x.com/i/status/2107121490323996998,2026-10-05T14:51:26.000Z,zh,1,0,0.07
grill-with-docs,https://x.com/i/status/2107025819285786687,2026-10-05T08:31:16.000Z,en,2,0,0.97
grill-with-docs,https://x.com/i/status/2106962354760253508,2026-10-05T04:19:05.000Z,zh,2,0,0.52
grill-with-docs,https://x.com/i/status/2106709714042036342,2026-10-04T11:35:11.000Z,en,2,0,0.11
grill-with-docs,https://x.com/i/status/2106655313281613844,2026-10-04T07:59:01.000Z,zxx,3,0,0.11
grill-with-docs,https://x.com/i/status/2106549424331604392,2026-10-04T00:58:15.000Z,zh,1,0,0.97
grill-with-docs,https://x.com/i/status/2106410676239347712,2026-10-03T15:46:55.000Z,fr,34,0,0.06
grill-with-docs,https://x.com/i/status/2106360521406492688,2026-10-03T12:27:37.000Z,en,13,1,0.97
grill-with-docs,https://x.com/i/status/2106146796812812491,2026-10-02T22:18:21.000Z,en,1,0,0.97
grill-with-docs,https://x.com/i/status/2105992854372028524,2026-10-02T12:06:38.000Z,en,0,0,0.96
grill-with-docs,https://x.com/i/status/2105911564155175046,2026-10-02T06:43:37.000Z,en,12,0,0.86
self-improving,https://x.com/i/status/2108349698880811377,2026-10-09T00:11:54.000Z,en,1,0,0.22
self-improving,https://x.com/i/status/2108321300997411205,2026-10-08T22:19:03.000Z,en,0,0,0.84
self-improving,https://x.com/i/status/2108310331147645031,2026-10-08T21:35:28.000Z,en,2,0,0.86
self-improving,https://x.com/i/status/2108309399060246574,2026-10-08T21:31:45.000Z,en,0,0,0.03
self-improving,https://x.com/i/status/2108296006697910568,2026-10-08T20:38:32.000Z,zxx,0,0,0.16
self-improving,https://x.com/i/status/2108274735540838489,2026-10-08T19:14:01.000Z,en,29,4,0.86
self-improving,https://x.com/i/status/2108272117766914133,2026-10-08T19:03:37.000Z,en,1,0,0.69
self-improving,https://x.com/i/status/2108262386838970634,2026-10-08T18:24:57.000Z,en,0,0,0.84
self-improving,https://x.com/i/status/2108255747385720837,2026-10-08T17:58:34.000Z,en,0,0,0.3
self-improving,https://x.com/i/status/2108248559711932917,2026-10-08T17:30:00.000Z,en,0,0,0.87
self-improving,https://x.com/i/status/2108248128113852439,2026-10-08T17:28:17.000Z,en,28,5,0.65
self-improving,https://x.com/i/status/2108245770906542554,2026-10-08T17:18:55.000Z,en,11,0,0.18
self-improving,https://x.com/i/status/2108239214588342609,2026-10-08T16:52:52.000Z,en,22,6,0.79
self-improving,https://x.com/i/status/2108236381256630300,2026-10-08T16:41:37.000Z,en,1,0,0.75
self-improving,https://x.com/i/status/2108234778365292578,2026-10-08T16:35:14.000Z,en,0,0,0.79
self-improving,https://x.com/i/status/2108234202345070926,2026-10-08T16:32:57.000Z,en,0,0,0.88
self-improving,https://x.com/i/status/2108222868702027964,2026-10-08T15:47:55.000Z,zxx,27,2,0.19
self-improving,https://x.com/i/status/2108217043501629702,2026-10-08T15:24:46.000Z,en,0,0,0.86
self-improving,https://x.com/i/status/2108213351239340321,2026-10-08T15:10:06.000Z,en,0,0,0.91
self-improving,https://x.com/i/status/2108212593139544306,2026-10-08T15:07:05.000Z,en,5,0,0.69
self-improving,https://x.com/i/status/2108201531367682125,2026-10-08T14:23:08.000Z,en,1,0,0.14
self-improving,https://x.com/i/status/2108196489474547836,2026-10-08T14:03:06.000Z,en,10,2,0.2
self-improving,https://x.com/i/status/2108185705239208162,2026-10-08T13:20:14.000Z,en,29,1,0.31
self-improving,https://x.com/i/status/2108182793322647627,2026-10-08T13:08:40.000Z,en,3,1,0.61
self-improving,https://x.com/i/status/2108180689489396097,2026-10-08T13:00:19.000Z,en,78,15,0.27
self-improving,https://x.com/i/status/2108179824900808716,2026-10-08T12:56:53.000Z,en,29,4,0.32
self-improving,https://x.com/i/status/2108166831395484023,2026-10-08T12:05:15.000Z,en,0,0,0.59
self-improving,https://x.com/i/status/2108165665060180454,2026-10-08T12:00:37.000Z,en,86,5,0.86
self-improving,https://x.com/i/status/2108157970005864573,2026-10-08T11:30:02.000Z,zxx,1,0,0.19
self-improving,https://x.com/i/status/2108138940096295201,2026-10-08T10:14:25.000Z,en,15,2,0.89
self-improving,https://x.com/i/status/2108132813618782556,2026-10-08T09:50:04.000Z,en,0,0,0.86
self-improving,https://x.com/i/status/2108126428629783039,2026-10-08T09:24:42.000Z,en,0,0,0.7
self-improving,https://x.com/i/status/2108087574141018586,2026-10-08T06:50:18.000Z,ar,0,0,0.88
self-improving,https://x.com/i/status/2108050661136887933,2026-10-08T04:23:37.000Z,en,33,2,0.78
self-improving,https://x.com/i/status/2108039067640500298,2026-10-08T03:37:33.000Z,en,206,59,0.21
self-improving,https://x.com/i/status/2108018519803932822,2026-10-08T02:15:54.000Z,en,162,93,0.44
self-improving,https://x.com/i/status/2108009710037156011,2026-10-08T01:40:54.000Z,en,9,0,0.45
self-improving,https://x.com/i/status/2107979024605536269,2026-10-07T23:38:58.000Z,en,0,0,0.81
self-improving,https://x.com/i/status/2107978589891440697,2026-10-07T23:37:14.000Z,en,1,0,0.16
self-improving,https://x.com/i/status/2107971838164754930,2026-10-07T23:10:25.000Z,en,0,0,0.84
self-improving,https://x.com/i/status/2107947071861125606,2026-10-07T21:32:00.000Z,en,2,0,0.09
self-improving,https://x.com/i/status/2107938979605889265,2026-10-07T20:59:51.000Z,en,7,0,0.8
self-improving,https://x.com/i/status/2107934755480375556,2026-10-07T20:43:03.000Z,en,5,0,0.66
self-improving,https://x.com/i/status/2107934655852794291,2026-10-07T20:42:40.000Z,en,13,0,0.78
self-improving,https://x.com/i/status/2107933377466933754,2026-10-07T20:37:35.000Z,en,1,0,0.84
self-improving,https://x.com/i/status/2107930630222684638,2026-10-07T20:26:40.000Z,en,0,0,0.03
self-improving,https://x.com/i/status/2107910849361072570,2026-10-07T19:08:04.000Z,en,0,0,0.79
self-improving,https://x.com/i/status/2107910837390475495,2026-10-07T19:08:01.000Z,en,0,0,0.81
self-improving,https://x.com/i/status/2107906891083100271,2026-10-07T18:52:20.000Z,en,0,0,0.85
self-improving,https://x.com/i/status/2107899146552402125,2026-10-07T18:21:34.000Z,en,2,0,0.79
self-improving,https://x.com/i/status/2107885540674818399,2026-10-07T17:27:30.000Z,en,4,0,0.04
self-improving,https://x.com/i/status/2107876920977158389,2026-10-07T16:53:15.000Z,en,20,8,0.78
self-improving,https://x.com/i/status/2107871531368063163,2026-10-07T16:31:50.000Z,en,21,0,0.43
self-improving,https://x.com/i/status/2107863582423585225,2026-10-07T16:00:14.000Z,en,33,1,0.84
self-improving,https://x.com/i/status/2107854876839436397,2026-10-07T15:25:39.000Z,en,0,0,0.05
self-improving,https://x.com/i/status/2107848542538658137,2026-10-07T15:00:29.000Z,zxx,39,2,0.16
self-improving,https://x.com/i/status/2107847440808231150,2026-10-07T14:56:06.000Z,en,1,0,0.83
self-improving,https://x.com/i/status/2107843020871860229,2026-10-07T14:38:32.000Z,en,39,30,0.67
self-improving,https://x.com/i/status/2107834093480321522,2026-10-07T14:03:04.000Z,en,11,8,0.8
self-improving,https://x.com/i/status/2107829048235950339,2026-10-07T13:43:01.000Z,en,15,1,0.29
self-improving,https://x.com/i/status/2107820774019264730,2026-10-07T13:10:08.000Z,en,1,0,0.73
self-improving,https://x.com/i/status/2107795151699456358,2026-10-07T11:28:19.000Z,zxx,344,59,0.12
self-improving,https://x.com/i/status/2107747010870747612,2026-10-07T08:17:02.000Z,zxx,9,6,0.13
self-improving,https://x.com/i/status/2107745928329531862,2026-10-07T08:12:43.000Z,en,6,0,0.77
self-improving,https://x.com/i/status/2107732251094188215,2026-10-07T07:18:23.000Z,en,54,18,0.28
self-improving,https://x.com/i/status/2107712745504178531,2026-10-07T06:00:52.000Z,en,0,0,0.86
self-improving,https://x.com/i/status/2107669198537417157,2026-10-07T03:07:50.000Z,en,19,2,0.26
self-improving,https://x.com/i/status/2107650869982376106,2026-10-07T01:55:00.000Z,en,0,0,0.8
self-improving,https://x.com/i/status/2107648247720181840,2026-10-07T01:44:35.000Z,en,0,0,0.68
self-improving,https://x.com/i/status/2107643134415130981,2026-10-07T01:24:16.000Z,en,6,1,0.09
self-improving,https://x.com/i/status/2107630287207436655,2026-10-07T00:33:13.000Z,en,18,2,0.68
self-improving,https://x.com/i/status/2107609408955953540,2026-10-06T23:10:15.000Z,en,0,0,0.85
self-improving,https://x.com/i/status/2107571762460537049,2026-10-06T20:40:39.000Z,en,236,35,0.59
self-improving,https://x.com/i/status/2107569079083319689,2026-10-06T20:29:59.000Z,en,59,3,0.81
self-improving,https://x.com/i/status/2107564789127872792,2026-10-06T20:12:57.000Z,en,12,2,0.73
self-improving,https://x.com/i/status/2107560120721035502,2026-10-06T19:54:24.000Z,en,37,8,0.78
self-improving,https://x.com/i/status/2107555847975162258,2026-10-06T19:37:25.000Z,en,0,0,0.07
self-improving,https://x.com/i/status/2107553261385547951,2026-10-06T19:27:08.000Z,en,8,3,0.77
self-improving,https://x.com/i/status/2107546605721174178,2026-10-06T19:00:41.000Z,en,101,15,0.85
self-improving,https://x.com/i/status/2107544495307071845,2026-10-06T18:52:18.000Z,en,0,0,0.37
self-improving,https://x.com/i/status/2107538149643796758,2026-10-06T18:27:05.000Z,en,11,2,0.84
self-improving,https://x.com/i/status/2107531398253023501,2026-10-06T18:00:16.000Z,en,0,0,0.37
self-improving,https://x.com/i/status/2107530115995652504,2026-10-06T17:55:10.000Z,en,0,0,0.75
self-improving,https://x.com/i/status/2107520854854701269,2026-10-06T17:18:22.000Z,en,0,0,0.84
self-improving,https://x.com/i/status/2107518501338407198,2026-10-06T17:09:01.000Z,en,3,0,0.63
self-improving,https://x.com/i/status/2107514719536025891,2026-10-06T16:53:59.000Z,en,97,10,0.08
self-improving,https://x.com/i/status/2107511131522920697,2026-10-06T16:39:44.000Z,en,27,9,0.26
self-improving,https://x.com/i/status/2107508682871251382,2026-10-06T16:30:00.000Z,en,0,0,0.32
self-improving,https://x.com/i/status/2107501159741034866,2026-10-06T16:00:06.000Z,en,37,1,0.32
self-improving,https://x.com/i/status/2107501125125415017,2026-10-06T15:59:58.000Z,en,0,0,0.73
self-improving,https://x.com/i/status/2107494733505294599,2026-10-06T15:34:34.000Z,en,2,0,0.85
self-improving,https://x.com/i/status/2107486486543073281,2026-10-06T15:01:48.000Z,en,1,0,0.75
self-improving,https://x.com/i/status/2107471974620660142,2026-10-06T14:04:08.000Z,zxx,3,1,0.12
self-improving,https://x.com/i/status/2107470795257577526,2026-10-06T13:59:27.000Z,en,68,10,0.68
self-improving,https://x.com/i/status/2107461906688856262,2026-10-06T13:24:07.000Z,en,66,50,0.73
self-improving,https://x.com/i/status/2107460270432092287,2026-10-06T13:17:37.000Z,en,0,0,0.77
self-improving,https://x.com/i/status/2107442355330777290,2026-10-06T12:06:26.000Z,en,45,13,0.63
self-improving,https://x.com/i/status/2107418433558118624,2026-10-06T10:31:23.000Z,en,0,0,0.9
self-improving,https://x.com/i/status/2107406106817352084,2026-10-06T09:42:24.000Z,en,6,0,0.79
self-improving,https://x.com/i/status/2107399879719018875,2026-10-06T09:17:39.000Z,en,1,0,0.82
improve-codebase-architecture,https://x.com/i/status/2108132651802706219,2026-10-08T09:49:26.000Z,en,1,0,0.96
improve-codebase-architecture,https://x.com/i/status/2108092836210204763,2026-10-08T07:11:13.000Z,zh,4,0,0.22
improve-codebase-architecture,https://x.com/i/status/2107939706231239032,2026-10-07T21:02:44.000Z,en,0,0,0.2
improve-codebase-architecture,https://x.com/i/status/2107939605475701058,2026-10-07T21:02:20.000Z,en,1,0,0.18
improve-codebase-architecture,https://x.com/i/status/2107797066844168402,2026-10-07T11:35:56.000Z,en,1,0,0.97
improve-codebase-architecture,https://x.com/i/status/2107482535056003101,2026-10-06T14:46:06.000Z,zh,3,0,0.4
improve-codebase-architecture,https://x.com/i/status/2107121816565137633,2026-10-05T14:52:44.000Z,en,1,0,0.4
improve-codebase-architecture,https://x.com/i/status/2107121490323996998,2026-10-05T14:51:26.000Z,zh,1,0,0.1
improve-codebase-architecture,https://x.com/i/status/2106962354760253508,2026-10-05T04:19:05.000Z,zh,2,0,0.24
improve-codebase-architecture,https://x.com/i/status/2106753279036416219,2026-10-04T14:28:17.000Z,zh,62,8,0.95
improve-codebase-architecture,https://x.com/i/status/2106096613982937091,2026-10-02T18:58:56.000Z,zxx,16,1,0.1
improve-codebase-architecture,https://x.com/i/status/2105992855978418678,2026-10-02T12:06:38.000Z,en,0,0,0.93
improve-codebase-architecture,https://x.com/i/status/2105979355793096939,2026-10-02T11:13:00.000Z,en,106,5,0.38
github,https://x.com/i/status/2108359425480102312,2026-10-09T00:50:33.000Z,en,0,0,0.07
github,https://x.com/i/status/2108358881756000369,2026-10-09T00:48:23.000Z,ja,1,0,0.07
github,https://x.com/i/status/2108358776873267331,2026-10-09T00:47:58.000Z,en,1,0,0.09
github,https://x.com/i/status/2108358547130253687,2026-10-09T00:47:03.000Z,en,0,0,0.09
github,https://x.com/i/status/2108358355144053132,2026-10-09T00:46:17.000Z,zh,0,0,0.15
github,https://x.com/i/status/2108358298869317828,2026-10-09T00:46:04.000Z,en,0,0,0.18
github,https://x.com/i/status/2108357719069544708,2026-10-09T00:43:46.000Z,ar,1,0,0.19
github,https://x.com/i/status/2108357053882278353,2026-10-09T00:41:07.000Z,en,0,0,0.14
github,https://x.com/i/status/2108356511777055039,2026-10-09T00:38:58.000Z,ko,0,0,0.09
github,https://x.com/i/status/2108356128081866913,2026-10-09T00:37:26.000Z,en,0,0,0.17
github,https://x.com/i/status/2108355804537786840,2026-10-09T00:36:09.000Z,en,8,0,0.09
github,https://x.com/i/status/2108355664083066950,2026-10-09T00:35:36.000Z,zh,0,0,0.11
github,https://x.com/i/status/2108355259324395995,2026-10-09T00:33:59.000Z,ja,0,0,0.11
github,https://x.com/i/status/2108354971531973028,2026-10-09T00:32:51.000Z,en,9,1,0.29
github,https://x.com/i/status/2108354893719412853,2026-10-09T00:32:32.000Z,en,0,1,0.16
github,https://x.com/i/status/2108354342856118435,2026-10-09T00:30:21.000Z,en,0,0,0.3
github,https://x.com/i/status/2108354327727513866,2026-10-09T00:30:17.000Z,zh,0,0,0.29
github,https://x.com/i/status/2108352219074744646,2026-10-09T00:21:54.000Z,en,0,0,0.06
github,https://x.com/i/status/2108351906431029335,2026-10-09T00:20:40.000Z,zh,0,0,0.15
github,https://x.com/i/status/2108351735404417525,2026-10-09T00:19:59.000Z,en,0,0,0.26
github,https://x.com/i/status/2108351449063473511,2026-10-09T00:18:51.000Z,en,0,0,0.1
github,https://x.com/i/status/2108351350249791747,2026-10-09T00:18:27.000Z,ko,0,0,0.1
github,https://x.com/i/status/2108351320432550075,2026-10-09T00:18:20.000Z,ko,0,0,0.09
github,https://x.com/i/status/2108351228078133380,2026-10-09T00:17:58.000Z,ja,0,0,0.17
github,https://x.com/i/status/2108351081239793750,2026-10-09T00:17:23.000Z,en,4,1,0.05
github,https://x.com/i/status/2108351013606584680,2026-10-09T00:17:07.000Z,zh,0,0,0.07
github,https://x.com/i/status/2108350223948878136,2026-10-09T00:13:59.000Z,en,0,0,0.12
github,https://x.com/i/status/2108349387005100454,2026-10-09T00:10:39.000Z,zh,1,0,0.1
github,https://x.com/i/status/2108349246990913679,2026-10-09T00:10:06.000Z,en,0,0,0.08
github,https://x.com/i/status/2108349011988238478,2026-10-09T00:09:10.000Z,ko,2,0,0.18
github,https://x.com/i/status/2108348964697411971,2026-10-09T00:08:59.000Z,en,1,0,0.11
github,https://x.com/i/status/2108348466367734228,2026-10-09T00:07:00.000Z,zh,3,1,0.13
github,https://x.com/i/status/2108347705085075505,2026-10-09T00:03:58.000Z,ja,1,0,0.23
github,https://x.com/i/status/2108347681928262066,2026-10-09T00:03:53.000Z,zxx,1,0,0.07
github,https://x.com/i/status/2108347311470592043,2026-10-09T00:02:24.000Z,zxx,1,0,0.09
github,https://x.com/i/status/2108347207959347224,2026-10-09T00:02:00.000Z,ja,0,0,0.1
github,https://x.com/i/status/2108347083434398127,2026-10-09T00:01:30.000Z,en,0,0,0.04
github,https://x.com/i/status/2108346759214932000,2026-10-09T00:00:13.000Z,zxx,0,0,0.09
github,https://x.com/i/status/2108346743524085877,2026-10-09T00:00:09.000Z,en,0,0,0.09
github,https://x.com/i/status/2108345959604207755,2026-10-08T23:57:02.000Z,ar,0,0,0.23
github,https://x.com/i/status/2108345759934615923,2026-10-08T23:56:14.000Z,en,1,0,0.2
github,https://x.com/i/status/2108345486864498898,2026-10-08T23:55:09.000Z,en,8,0,0.15
github,https://x.com/i/status/2108345435769413954,2026-10-08T23:54:57.000Z,en,5,0,0.09
github,https://x.com/i/status/2108345342391382309,2026-10-08T23:54:35.000Z,en,0,0,0.13
github,https://x.com/i/status/2108345331498807773,2026-10-08T23:54:32.000Z,en,4,0,0.11
github,https://x.com/i/status/2108344943492452689,2026-10-08T23:53:00.000Z,en,1,0,0.07
github,https://x.com/i/status/2108344234629800183,2026-10-08T23:50:11.000Z,en,2,1,0.12
github,https://x.com/i/status/2108344177620840489,2026-10-08T23:49:57.000Z,en,0,0,0.14
github,https://x.com/i/status/2108342897397604817,2026-10-08T23:44:52.000Z,ja,0,0,0.16
github,https://x.com/i/status/2108342660486623743,2026-10-08T23:43:56.000Z,en,0,0,0.05
github,https://x.com/i/status/2108342650822869043,2026-10-08T23:43:53.000Z,in,1,0,0.11
github,https://x.com/i/status/2108342412863291553,2026-10-08T23:42:56.000Z,en,0,0,0.12
github,https://x.com/i/status/2108342195128357197,2026-10-08T23:42:05.000Z,en,0,0,0.07
github,https://x.com/i/status/2108341750070935833,2026-10-08T23:40:18.000Z,en,1,0,0.17
github,https://x.com/i/status/2108341464619172075,2026-10-08T23:39:10.000Z,en,0,0,0.23
github,https://x.com/i/status/2108341430473359389,2026-10-08T23:39:02.000Z,en,0,0,0.35
github,https://x.com/i/status/2108341404384870402,2026-10-08T23:38:56.000Z,en,0,0,0.4
github,https://x.com/i/status/2108341403436941559,2026-10-08T23:38:56.000Z,en,0,0,0.21
github,https://x.com/i/status/2108341365772075410,2026-10-08T23:38:47.000Z,en,2,0,0.43
github,https://x.com/i/status/2108341068135837934,2026-10-08T23:37:36.000Z,en,0,0,0.17
github,https://x.com/i/status/2108340371235238130,2026-10-08T23:34:50.000Z,ja,0,0,0.29
github,https://x.com/i/status/2108340161796870277,2026-10-08T23:34:00.000Z,zh,0,0,0.21
github,https://x.com/i/status/2108339912957153753,2026-10-08T23:33:00.000Z,en,1,0,0.14
github,https://x.com/i/status/2108339842665079136,2026-10-08T23:32:44.000Z,zxx,0,0,0.09
github,https://x.com/i/status/2108339835635458124,2026-10-08T23:32:42.000Z,en,0,0,0.17
github,https://x.com/i/status/2108339754098127249,2026-10-08T23:32:23.000Z,en,1,0,0.1
github,https://x.com/i/status/2108339341458289069,2026-10-08T23:30:44.000Z,zxx,0,0,0.09
github,https://x.com/i/status/2108338732709630245,2026-10-08T23:28:19.000Z,en,1,0,0.12
github,https://x.com/i/status/2108337393396744493,2026-10-08T23:23:00.000Z,zh,1,0,0.27
github,https://x.com/i/status/2108337230058012681,2026-10-08T23:22:21.000Z,en,0,0,0.16
github,https://x.com/i/status/2108336568289173526,2026-10-08T23:19:43.000Z,es,1,0,0.15
github,https://x.com/i/status/2108336393055510837,2026-10-08T23:19:01.000Z,ja,0,0,0.11
github,https://x.com/i/status/2108336313179214145,2026-10-08T23:18:42.000Z,ja,2,0,0.14
github,https://x.com/i/status/2108336136221348173,2026-10-08T23:18:00.000Z,en,0,0,0.15
github,https://x.com/i/status/2108336003694158309,2026-10-08T23:17:28.000Z,en,1,0,0.08
github,https://x.com/i/status/2108335480416731187,2026-10-08T23:15:24.000Z,en,0,0,0.13
github,https://x.com/i/status/2108334594508431712,2026-10-08T23:11:52.000Z,en,0,0,0.07
github,https://x.com/i/status/2108334582193963078,2026-10-08T23:11:50.000Z,en,1,0,0.09
github,https://x.com/i/status/2108334329554407582,2026-10-08T23:10:49.000Z,ja,0,0,0.13
github,https://x.com/i/status/2108334203314307241,2026-10-08T23:10:19.000Z,en,1,0,0.21
github,https://x.com/i/status/2108334111450419328,2026-10-08T23:09:57.000Z,en,0,0,0.2
github,https://x.com/i/status/2108334052931694647,2026-10-08T23:09:43.000Z,en,1,0,0.06
github,https://x.com/i/status/2108332161996886327,2026-10-08T23:02:12.000Z,en,0,0,0.11
github,https://x.com/i/status/2108332005251244501,2026-10-08T23:01:35.000Z,zh,1,0,0.14
github,https://x.com/i/status/2108331896388079872,2026-10-08T23:01:09.000Z,en,0,0,0.1
github,https://x.com/i/status/2108331607241502884,2026-10-08T23:00:00.000Z,ar,2,0,0.13
github,https://x.com/i/status/2108331340449923190,2026-10-08T22:58:57.000Z,en,5,0,0.11
github,https://x.com/i/status/2108331334078738940,2026-10-08T22:58:55.000Z,ar,6,1,0.23
github,https://x.com/i/status/2108328219199824171,2026-10-08T22:46:32.000Z,en,3,1,0.13
github,https://x.com/i/status/2108327890970419518,2026-10-08T22:45:14.000Z,en,0,0,0.17
github,https://x.com/i/status/2108327219949093090,2026-10-08T22:42:34.000Z,en,7,0,0.09
github,https://x.com/i/status/2108326755635171679,2026-10-08T22:40:44.000Z,en,1,0,0.19
github,https://x.com/i/status/2108326266415829132,2026-10-08T22:38:47.000Z,en,5,1,0.16
github,https://x.com/i/status/2108325895903862843,2026-10-08T22:37:19.000Z,en,9,6,0.05
github,https://x.com/i/status/2108325622523252865,2026-10-08T22:36:13.000Z,ja,1,1,0.25
github,https://x.com/i/status/2108325295858356316,2026-10-08T22:34:55.000Z,ja,37,3,0.14
github,https://x.com/i/status/2108325137821151712,2026-10-08T22:34:18.000Z,ja,0,0,0.06
github,https://x.com/i/status/2108325011354431700,2026-10-08T22:33:48.000Z,en,0,0,0.17
github,https://x.com/i/status/2108324786632032619,2026-10-08T22:32:54.000Z,en,10,5,0.21
github,https://x.com/i/status/2108324146228724119,2026-10-08T22:30:21.000Z,en,1,0,0.19
agent-browser,https://x.com/i/status/2108346199795277967,2026-10-08T23:57:59.000Z,en,7,2,0.24
agent-browser,https://x.com/i/status/2108344862818849157,2026-10-08T23:52:41.000Z,en,0,0,0.56
agent-browser,https://x.com/i/status/2108332005251244501,2026-10-08T23:01:35.000Z,zh,1,0,0.96
agent-browser,https://x.com/i/status/2108327510949961840,2026-10-08T22:43:44.000Z,ja,0,0,0.75
agent-browser,https://x.com/i/status/2108313693696188526,2026-10-08T21:48:49.000Z,en,7,1,0.96
agent-browser,https://x.com/i/status/2108296428183491007,2026-10-08T20:40:13.000Z,pt,0,0,0.77
agent-browser,https://x.com/i/status/2108286825059991976,2026-10-08T20:02:03.000Z,en,0,0,0.54
agent-browser,https://x.com/i/status/2108276264763048104,2026-10-08T19:20:06.000Z,zxx,32,2,0.17
agent-browser,https://x.com/i/status/2108256108250849347,2026-10-08T18:00:00.000Z,en,0,0,0.08
agent-browser,https://x.com/i/status/2108249094799892752,2026-10-08T17:32:08.000Z,en,14,0,0.2
agent-browser,https://x.com/i/status/2108234436219130126,2026-10-08T16:33:53.000Z,en,10,0,0.14
agent-browser,https://x.com/i/status/2108230960210661693,2026-10-08T16:20:04.000Z,en,0,0,0.85
agent-browser,https://x.com/i/status/2108227013127385506,2026-10-08T16:04:23.000Z,en,0,0,0.6
agent-browser,https://x.com/i/status/2108222962306548005,2026-10-08T15:48:17.000Z,en,101,5,0.12
agent-browser,https://x.com/i/status/2108199838227570956,2026-10-08T14:16:24.000Z,ar,5,0,0.84
agent-browser,https://x.com/i/status/2108191312432226383,2026-10-08T13:42:31.000Z,en,16,1,0.48
agent-browser,https://x.com/i/status/2108187468042580461,2026-10-08T13:27:15.000Z,zh,1,0,0.9
agent-browser,https://x.com/i/status/2108146918710706330,2026-10-08T10:46:07.000Z,en,1,0,0.94
agent-browser,https://x.com/i/status/2108146466560549274,2026-10-08T10:44:19.000Z,en,0,0,0.95
agent-browser,https://x.com/i/status/2108124839513129157,2026-10-08T09:18:23.000Z,en,1,0,0.83
agent-browser,https://x.com/i/status/2108090023010570578,2026-10-08T07:00:02.000Z,en,0,0,0.94
agent-browser,https://x.com/i/status/2108070767879729412,2026-10-08T05:43:31.000Z,en,0,0,0.71
agent-browser,https://x.com/i/status/2107939139937071531,2026-10-07T21:00:29.000Z,en,2,0,0.31
agent-browser,https://x.com/i/status/2107935284801228861,2026-10-07T20:45:10.000Z,en,2,0,0.81
agent-browser,https://x.com/i/status/2107904549872652608,2026-10-07T18:43:02.000Z,en,3,0,0.76
agent-browser,https://x.com/i/status/2107889327720268268,2026-10-07T17:42:33.000Z,en,4,1,0.88
agent-browser,https://x.com/i/status/2107880328606134649,2026-10-07T17:06:47.000Z,en,0,0,0.91
agent-browser,https://x.com/i/status/2107874340822036963,2026-10-07T16:42:59.000Z,en,2,0,0.93
agent-browser,https://x.com/i/status/2107871790701981981,2026-10-07T16:32:51.000Z,en,1,0,0.95
agent-browser,https://x.com/i/status/2107825598961770538,2026-10-07T13:29:18.000Z,en,1,0,0.5
agent-browser,https://x.com/i/status/2107820242772857181,2026-10-07T13:08:01.000Z,zh,0,0,0.29
agent-browser,https://x.com/i/status/2107817516697338183,2026-10-07T12:57:11.000Z,en,1,0,0.73
agent-browser,https://x.com/i/status/2107813708143718775,2026-10-07T12:42:03.000Z,en,0,0,0.91
agent-browser,https://x.com/i/status/2107809771814596895,2026-10-07T12:26:25.000Z,en,0,0,0.92
agent-browser,https://x.com/i/status/2107777029827387801,2026-10-07T10:16:19.000Z,fa,25,5,0.6
agent-browser,https://x.com/i/status/2107773591622222198,2026-10-07T10:02:39.000Z,en,1,0,0.05
agent-browser,https://x.com/i/status/2107757077011833037,2026-10-07T08:57:02.000Z,en,0,0,0.23
agent-browser,https://x.com/i/status/2107750209304301975,2026-10-07T08:29:44.000Z,en,42,8,0.16
agent-browser,https://x.com/i/status/2107712533079654461,2026-10-07T06:00:01.000Z,ja,0,0,0.09
agent-browser,https://x.com/i/status/2107654807255384287,2026-10-07T02:10:39.000Z,zh,0,0,0.92
agent-browser,https://x.com/i/status/2107654792344678516,2026-10-07T02:10:35.000Z,zh,0,0,0.97
agent-browser,https://x.com/i/status/2107641465468059747,2026-10-07T01:17:38.000Z,en,0,0,0.76
agent-browser,https://x.com/i/status/2107621938709569714,2026-10-07T00:00:02.000Z,ja,1,1,0.03
agent-browser,https://x.com/i/status/2107600044669165941,2026-10-06T22:33:02.000Z,en,1,0,0.9
agent-browser,https://x.com/i/status/2107580327090880875,2026-10-06T21:14:41.000Z,en,4,2,0.72
agent-browser,https://x.com/i/status/2107571494163476567,2026-10-06T20:39:35.000Z,en,5,0,0.95
agent-browser,https://x.com/i/status/2107565074483388426,2026-10-06T20:14:05.000Z,en,1,0,0.8
agent-browser,https://x.com/i/status/2107554989648609656,2026-10-06T19:34:00.000Z,en,14,4,0.79
agent-browser,https://x.com/i/status/2107546545541599619,2026-10-06T19:00:27.000Z,en,0,0,0.94
agent-browser,https://x.com/i/status/2107543237112037744,2026-10-06T18:47:18.000Z,en,13,3,0.11
agent-browser,https://x.com/i/status/2107543069881180473,2026-10-06T18:46:38.000Z,en,3,0,0.1
agent-browser,https://x.com/i/status/2107534972773122296,2026-10-06T18:14:28.000Z,en,3,0,0.81
agent-browser,https://x.com/i/status/2107532647601700939,2026-10-06T18:05:13.000Z,en,38,6,0.76
agent-browser,https://x.com/i/status/2107526200591872442,2026-10-06T17:39:36.000Z,en,1,0,0.56
agent-browser,https://x.com/i/status/2107503788777152672,2026-10-06T16:10:33.000Z,en,17,4,0.26
agent-browser,https://x.com/i/status/2107502635242709502,2026-10-06T16:05:58.000Z,en,63,14,0.26
agent-browser,https://x.com/i/status/2107495549377339649,2026-10-06T15:37:49.000Z,en,1,0,0.94
agent-browser,https://x.com/i/status/2107494963139563829,2026-10-06T15:35:29.000Z,zh,0,0,0.59
agent-browser,https://x.com/i/status/2107487530257940506,2026-10-06T15:05:57.000Z,en,0,0,0.95
agent-browser,https://x.com/i/status/2107483921499717671,2026-10-06T14:51:36.000Z,en,5,0,0.24
agent-browser,https://x.com/i/status/2107437840263164002,2026-10-06T11:48:30.000Z,en,15,0,0.95
agent-browser,https://x.com/i/status/2107435057808117780,2026-10-06T11:37:26.000Z,en,0,0,0.94
agent-browser,https://x.com/i/status/2107419117590642973,2026-10-06T10:34:06.000Z,in,0,0,0.76
agent-browser,https://x.com/i/status/2107416845917749663,2026-10-06T10:25:04.000Z,en,9,1,0.9
agent-browser,https://x.com/i/status/2107414681648537688,2026-10-06T10:16:28.000Z,en,2,0,0.63
agent-browser,https://x.com/i/status/2107380804909465971,2026-10-06T08:01:51.000Z,en,1,0,0.9
agent-browser,https://x.com/i/status/2107339424715477353,2026-10-06T05:17:25.000Z,en,2,1,0.76
agent-browser,https://x.com/i/status/2107332999800909986,2026-10-06T04:51:54.000Z,en,3,0,0.86
agent-browser,https://x.com/i/status/2107312121386086864,2026-10-06T03:28:56.000Z,en,13,0,0.94
agent-browser,https://x.com/i/status/2107302391620030788,2026-10-06T02:50:16.000Z,en,2,0,0.56
agent-browser,https://x.com/i/status/2107297588227784735,2026-10-06T02:31:11.000Z,zh,0,0,0.9
agent-browser,https://x.com/i/status/2107260814713397258,2026-10-06T00:05:03.000Z,ja,0,0,0.92
agent-browser,https://x.com/i/status/2107236108971192580,2026-10-05T22:26:53.000Z,ja,1,0,0.09
agent-browser,https://x.com/i/status/2107206438955217164,2026-10-05T20:28:59.000Z,en,0,0,0.92
agent-browser,https://x.com/i/status/2107201610770166068,2026-10-05T20:09:48.000Z,en,1,0,0.91
agent-browser,https://x.com/i/status/2107200730314506341,2026-10-05T20:06:18.000Z,en,1,0,0.86
agent-browser,https://x.com/i/status/2107177009692430346,2026-10-05T18:32:03.000Z,tr,0,0,0.86
agent-browser,https://x.com/i/status/2107162961479655832,2026-10-05T17:36:13.000Z,en,34,4,0.05
agent-browser,https://x.com/i/status/2107155885965365444,2026-10-05T17:08:06.000Z,en,3,0,0.49
agent-browser,https://x.com/i/status/2107116626936307753,2026-10-05T14:32:06.000Z,en,1,0,0.95
agent-browser,https://x.com/i/status/2107116388263526504,2026-10-05T14:31:09.000Z,en,6,0,0.94
agent-browser,https://x.com/i/status/2107110344665506073,2026-10-05T14:07:09.000Z,en,1,0,0.18
agent-browser,https://x.com/i/status/2107093823872762146,2026-10-05T13:01:30.000Z,en,3,0,0.48
agent-browser,https://x.com/i/status/2107076073683111986,2026-10-05T11:50:58.000Z,en,1,0,0.25
agent-browser,https://x.com/i/status/2107074046416343195,2026-10-05T11:42:54.000Z,en,5,0,0.17
agent-browser,https://x.com/i/status/2107051851350770022,2026-10-05T10:14:43.000Z,ar,1,0,0.48
agent-browser,https://x.com/i/status/2107027481165173018,2026-10-05T08:37:52.000Z,en,0,0,0.62
agent-browser,https://x.com/i/status/2107026055890387239,2026-10-05T08:32:13.000Z,en,3,0,0.48
agent-browser,https://x.com/i/status/2107024143694565521,2026-10-05T08:24:37.000Z,en,0,0,0.93
agent-browser,https://x.com/i/status/2107015064389882134,2026-10-05T07:48:32.000Z,en,0,0,0.92
agent-browser,https://x.com/i/status/2107006657461109021,2026-10-05T07:15:08.000Z,zh,2,0,0.93
agent-browser,https://x.com/i/status/2106968410710282420,2026-10-05T04:43:09.000Z,en,0,0,0.7
agent-browser,https://x.com/i/status/2106950071619404073,2026-10-05T03:30:16.000Z,zh,6,0,0.95
agent-browser,https://x.com/i/status/2106946709800776127,2026-10-05T03:16:55.000Z,en,9,0,0.8
agent-browser,https://x.com/i/status/2106942758246363261,2026-10-05T03:01:13.000Z,en,0,0,0.67
agent-browser,https://x.com/i/status/2106936099046101059,2026-10-05T02:34:45.000Z,en,0,0,0.8
agent-browser,https://x.com/i/status/2106925100704669870,2026-10-05T01:51:03.000Z,en,0,0,0.8
agent-browser,https://x.com/i/status/2106923654613454996,2026-10-05T01:45:18.000Z,en,0,0,0.79
agent-browser,https://x.com/i/status/2106919852145594723,2026-10-05T01:30:12.000Z,en,22,2,0.31
agent-browser,https://x.com/i/status/2106877590329831430,2026-10-04T22:42:16.000Z,en,2,0,0.72
ontology,https://x.com/i/status/2108344075074031740,2026-10-08T23:49:33.000Z,en,0,0,0.1
ontology,https://x.com/i/status/2108335291639673257,2026-10-08T23:14:39.000Z,th,11,2,0.24
ontology,https://x.com/i/status/2108302205971313119,2026-10-08T21:03:10.000Z,en,1,0,0.5
ontology,https://x.com/i/status/2108301522635514144,2026-10-08T21:00:28.000Z,en,0,0,0.64
ontology,https://x.com/i/status/2108266846008840458,2026-10-08T18:42:40.000Z,zxx,2,2,0.1
ontology,https://x.com/i/status/2108262050011263260,2026-10-08T18:23:36.000Z,en,0,0,0.04
ontology,https://x.com/i/status/2108254210223710264,2026-10-08T17:52:27.000Z,en,3,0,0.19
ontology,https://x.com/i/status/2108243644306395486,2026-10-08T17:10:28.000Z,en,0,0,0.1
ontology,https://x.com/i/status/2108233662554587633,2026-10-08T16:30:48.000Z,en,0,0,0.12
ontology,https://x.com/i/status/2108228325621498224,2026-10-08T16:09:36.000Z,en,0,0,0.09
ontology,https://x.com/i/status/2108227786016165963,2026-10-08T16:07:27.000Z,en,0,0,0.58
ontology,https://x.com/i/status/2108218124499898487,2026-10-08T15:29:04.000Z,en,0,0,0.1
ontology,https://x.com/i/status/2108208247597682878,2026-10-08T14:49:49.000Z,en,3,0,0.45
ontology,https://x.com/i/status/2108173061274968517,2026-10-08T12:30:00.000Z,en,18,3,0.3
ontology,https://x.com/i/status/2108164361210458551,2026-10-08T11:55:26.000Z,en,2,0,0.11
ontology,https://x.com/i/status/2108147032917488045,2026-10-08T10:46:34.000Z,en,0,0,0.03
ontology,https://x.com/i/status/2108138623405092877,2026-10-08T10:13:09.000Z,en,2,0,0.12
ontology,https://x.com/i/status/2108088520749310150,2026-10-08T06:54:04.000Z,en,0,0,0.03
ontology,https://x.com/i/status/2108086577113018618,2026-10-08T06:46:20.000Z,en,4,1,0.44
ontology,https://x.com/i/status/2108080353848275383,2026-10-08T06:21:37.000Z,en,158,42,0.24
ontology,https://x.com/i/status/2108054600742043709,2026-10-08T04:39:17.000Z,en,3,0,0.43
ontology,https://x.com/i/status/2108046181033279660,2026-10-08T04:05:49.000Z,en,4,1,0.03
ontology,https://x.com/i/status/2108041584013177052,2026-10-08T03:47:33.000Z,en,1,0,0.28
ontology,https://x.com/i/status/2108025759457493323,2026-10-08T02:44:40.000Z,en,0,0,0.04
ontology,https://x.com/i/status/2108024741428711719,2026-10-08T02:40:38.000Z,en,0,0,0.04
ontology,https://x.com/i/status/2108023696120000601,2026-10-08T02:36:28.000Z,en,0,0,0.04
ontology,https://x.com/i/status/2108005407042023864,2026-10-08T01:23:48.000Z,en,1,1,0.04
ontology,https://x.com/i/status/2107988213348581379,2026-10-08T00:15:29.000Z,en,1,1,0.57
ontology,https://x.com/i/status/2107986697531089226,2026-10-08T00:09:27.000Z,en,3,0,0.27
ontology,https://x.com/i/status/2107929414164181347,2026-10-07T20:21:50.000Z,en,0,0,0.12
ontology,https://x.com/i/status/2107907714273923335,2026-10-07T18:55:36.000Z,en,2,0,0.45
ontology,https://x.com/i/status/2107905410107932946,2026-10-07T18:46:27.000Z,en,1,0,0.08
ontology,https://x.com/i/status/2107891418039750748,2026-10-07T17:50:51.000Z,en,0,0,0.05
ontology,https://x.com/i/status/2107874209729032434,2026-10-07T16:42:28.000Z,en,0,0,0.04
ontology,https://x.com/i/status/2107865701440536830,2026-10-07T16:08:40.000Z,en,3,1,0.14
ontology,https://x.com/i/status/2107853650169360767,2026-10-07T15:20:46.000Z,en,7,0,0.06
ontology,https://x.com/i/status/2107853170864992477,2026-10-07T15:18:52.000Z,en,105,5,0.26
ontology,https://x.com/i/status/2107839555738943792,2026-10-07T14:24:46.000Z,en,1,0,0.52
ontology,https://x.com/i/status/2107830276550480261,2026-10-07T13:47:54.000Z,ja,0,0,0.57
ontology,https://x.com/i/status/2107827105715384812,2026-10-07T13:35:18.000Z,en,12,0,0.04
ontology,https://x.com/i/status/2107816842773282846,2026-10-07T12:54:31.000Z,en,241,17,0.04
ontology,https://x.com/i/status/2107769481506296221,2026-10-07T09:46:19.000Z,fr,0,0,0.03
ontology,https://x.com/i/status/2107724920163573927,2026-10-07T06:49:15.000Z,en,0,0,0.48
ontology,https://x.com/i/status/2107713963194806460,2026-10-07T06:05:42.000Z,en,1,0,0.29
ontology,https://x.com/i/status/2107699275069337943,2026-10-07T05:07:20.000Z,el,0,0,0.05
ontology,https://x.com/i/status/2107667230439657531,2026-10-07T03:00:00.000Z,en,0,0,0.07
ontology,https://x.com/i/status/2107654296728928418,2026-10-07T02:08:37.000Z,zxx,1,0,0.1
ontology,https://x.com/i/status/2107641107027050890,2026-10-07T01:16:12.000Z,en,160,47,0.35
ontology,https://x.com/i/status/2107630477406609676,2026-10-07T00:33:58.000Z,ja,1,0,0.61
ontology,https://x.com/i/status/2107620926410178762,2026-10-06T23:56:01.000Z,en,0,0,0.09
ontology,https://x.com/i/status/2107619266593985006,2026-10-06T23:49:25.000Z,en,0,0,0.51
ontology,https://x.com/i/status/2107617465396006965,2026-10-06T23:42:16.000Z,en,18,2,0.03
ontology,https://x.com/i/status/2107613761167294657,2026-10-06T23:27:32.000Z,en,0,0,0.09
ontology,https://x.com/i/status/2107605484111065446,2026-10-06T22:54:39.000Z,ja,2,0,0.6
ontology,https://x.com/i/status/2107597322075144657,2026-10-06T22:22:13.000Z,zxx,7,0,0.11
ontology,https://x.com/i/status/2107593844665778645,2026-10-06T22:08:24.000Z,ja,5,1,0.61
ontology,https://x.com/i/status/2107562786851332231,2026-10-06T20:04:59.000Z,en,3,0,0.5
ontology,https://x.com/i/status/2107547609623642121,2026-10-06T19:04:41.000Z,en,0,0,0.17
ontology,https://x.com/i/status/2107546029952233711,2026-10-06T18:58:24.000Z,en,4,1,0.43
ontology,https://x.com/i/status/2107546012579733770,2026-10-06T18:58:20.000Z,en,0,0,0.19
ontology,https://x.com/i/status/2107544284903682401,2026-10-06T18:51:28.000Z,en,0,0,0.16
ontology,https://x.com/i/status/2107543145973985728,2026-10-06T18:46:56.000Z,en,0,0,0.07
ontology,https://x.com/i/status/2107542065257066797,2026-10-06T18:42:39.000Z,zxx,0,0,0.1
ontology,https://x.com/i/status/2107530078917718165,2026-10-06T17:55:01.000Z,en,0,0,0.11
ontology,https://x.com/i/status/2107529757135093766,2026-10-06T17:53:44.000Z,en,0,0,0.42
ontology,https://x.com/i/status/2107529491060818020,2026-10-06T17:52:41.000Z,en,0,0,0.12
ontology,https://x.com/i/status/2107528667828035749,2026-10-06T17:49:25.000Z,en,0,0,0.09
ontology,https://x.com/i/status/2107526518343630880,2026-10-06T17:40:52.000Z,en,0,0,0.11
ontology,https://x.com/i/status/2107521161919918130,2026-10-06T17:19:35.000Z,en,0,0,0.14
ontology,https://x.com/i/status/2107517349419241509,2026-10-06T17:04:26.000Z,en,2,0,0.22
ontology,https://x.com/i/status/2107509598370591093,2026-10-06T16:33:38.000Z,en,1,0,0.09
ontology,https://x.com/i/status/2107509296439374300,2026-10-06T16:32:26.000Z,en,4,1,0.55
ontology,https://x.com/i/status/2107508679092400388,2026-10-06T16:29:59.000Z,en,2,0,0.16
ontology,https://x.com/i/status/2107505117150773515,2026-10-06T16:15:50.000Z,en,0,0,0.17
ontology,https://x.com/i/status/2107477459591639130,2026-10-06T14:25:56.000Z,en,5,0,0.39
ontology,https://x.com/i/status/2107475386627997838,2026-10-06T14:17:41.000Z,en,2,1,0.25
ontology,https://x.com/i/status/2107471712723841062,2026-10-06T14:03:05.000Z,en,6,3,0.53
ontology,https://x.com/i/status/2107454367389417562,2026-10-06T12:54:10.000Z,zxx,4,0,0.11
ontology,https://x.com/i/status/2107444438595240431,2026-10-06T12:14:43.000Z,en,4,0,0.5
ontology,https://x.com/i/status/2107426900226281928,2026-10-06T11:05:01.000Z,en,1,0,0.2
ontology,https://x.com/i/status/2107416531600908437,2026-10-06T10:23:49.000Z,ja,1,0,0.67
ontology,https://x.com/i/status/2107367778009088000,2026-10-06T07:10:05.000Z,en,74,42,0.06
ontology,https://x.com/i/status/2107354954855842130,2026-10-06T06:19:08.000Z,en,1,0,0.43
ontology,https://x.com/i/status/2107348405286539677,2026-10-06T05:53:07.000Z,en,0,0,0.12
ontology,https://x.com/i/status/2107345393990172741,2026-10-06T05:41:09.000Z,en,0,0,0.14
ontology,https://x.com/i/status/2107338511284154742,2026-10-06T05:13:48.000Z,en,3,0,0.52
ontology,https://x.com/i/status/2107284706626830414,2026-10-06T01:40:00.000Z,ja,0,0,0.59
ontology,https://x.com/i/status/2107283681551532188,2026-10-06T01:35:55.000Z,en,0,0,0.2
ontology,https://x.com/i/status/2107272759126720771,2026-10-06T00:52:31.000Z,en,0,0,0.56
ontology,https://x.com/i/status/2107256837838180425,2026-10-05T23:49:15.000Z,en,0,0,0.25
ontology,https://x.com/i/status/2107242757375000709,2026-10-05T22:53:18.000Z,zxx,2,1,0.1
ontology,https://x.com/i/status/2107221478869446725,2026-10-05T21:28:45.000Z,en,2,0,0.49
ontology,https://x.com/i/status/2107218714630242305,2026-10-05T21:17:46.000Z,en,2,0,0.03
ontology,https://x.com/i/status/2107199489639391379,2026-10-05T20:01:22.000Z,en,1,0,0.4
ontology,https://x.com/i/status/2107184441701671194,2026-10-05T19:01:35.000Z,en,3,0,0.07
ontology,https://x.com/i/status/2107184049852751905,2026-10-05T19:00:01.000Z,en,12,0,0.58
ontology,https://x.com/i/status/2107165374219444362,2026-10-05T17:45:49.000Z,en,0,0,0.62
ontology,https://x.com/i/status/2107151722389066083,2026-10-05T16:51:34.000Z,en,2,0,0.72
ontology,https://x.com/i/status/2107141022765449485,2026-10-05T16:09:03.000Z,en,3,0,0.55
ontology,https://x.com/i/status/2107120081155084623,2026-10-05T14:45:50.000Z,en,2,0,0.63
tdd,https://x.com/i/status/2108358690697003265,2026-10-09T00:47:37.000Z,th,0,0,0.89
tdd,https://x.com/i/status/2108348970888008100,2026-10-09T00:09:00.000Z,zh,2,0,0.51
tdd,https://x.com/i/status/2108320769663197415,2026-10-08T22:16:56.000Z,ja,0,0,0.92
tdd,https://x.com/i/status/2108307994652090841,2026-10-08T21:26:11.000Z,en,0,0,0.04
tdd,https://x.com/i/status/2108261581792657576,2026-10-08T18:21:45.000Z,en,0,0,0.47
tdd,https://x.com/i/status/2108244512808243470,2026-10-08T17:13:55.000Z,en,196,11,0.18
tdd,https://x.com/i/status/2108240002014642443,2026-10-08T16:56:00.000Z,en,0,0,0.38
tdd,https://x.com/i/status/2108216821174419534,2026-10-08T15:23:53.000Z,en,2,1,0.52
tdd,https://x.com/i/status/2108206877440201091,2026-10-08T14:44:22.000Z,zh,0,0,0.79
tdd,https://x.com/i/status/2108203244300472411,2026-10-08T14:29:56.000Z,zh,5,0,0.93
tdd,https://x.com/i/status/2108188594913325275,2026-10-08T13:31:43.000Z,en,59,3,0.33
tdd,https://x.com/i/status/2108178532635496494,2026-10-08T12:51:44.000Z,en,0,0,0.35
tdd,https://x.com/i/status/2108167711238815809,2026-10-08T12:08:44.000Z,en,1,0,0.62
tdd,https://x.com/i/status/2108166519641571721,2026-10-08T12:04:00.000Z,en,0,0,0.3
tdd,https://x.com/i/status/2108140290489913676,2026-10-08T10:19:47.000Z,qme,1,0,0.25
tdd,https://x.com/i/status/2108135131323986351,2026-10-08T09:59:17.000Z,en,5,1,0.94
tdd,https://x.com/i/status/2108108078864339255,2026-10-08T08:11:47.000Z,en,0,0,0.85
tdd,https://x.com/i/status/2108108005501698399,2026-10-08T08:11:29.000Z,en,0,0,0.83
tdd,https://x.com/i/status/2108098334217122146,2026-10-08T07:33:04.000Z,en,0,0,0.6
tdd,https://x.com/i/status/2108092836210204763,2026-10-08T07:11:13.000Z,zh,4,0,0.87
tdd,https://x.com/i/status/2108085292834099476,2026-10-08T06:41:14.000Z,zh,63,6,0.46
tdd,https://x.com/i/status/2108078662213869734,2026-10-08T06:14:53.000Z,en,0,0,0.22
tdd,https://x.com/i/status/2108075133651046795,2026-10-08T06:00:52.000Z,en,0,0,0.53
tdd,https://x.com/i/status/2108075121462399294,2026-10-08T06:00:49.000Z,en,2,1,0.51
tdd,https://x.com/i/status/2108073159693856925,2026-10-08T05:53:02.000Z,en,0,0,0.64
tdd,https://x.com/i/status/2108061169579925525,2026-10-08T05:05:23.000Z,en,2,0,0.47
tdd,https://x.com/i/status/2107939706231239032,2026-10-07T21:02:44.000Z,en,0,0,0.22
tdd,https://x.com/i/status/2107939605475701058,2026-10-07T21:02:20.000Z,en,1,0,0.32
tdd,https://x.com/i/status/2107933810226806842,2026-10-07T20:39:18.000Z,en,3,0,0.63
tdd,https://x.com/i/status/2107888283573485656,2026-10-07T17:38:24.000Z,zh,0,0,0.67
tdd,https://x.com/i/status/2107880579387568366,2026-10-07T17:07:47.000Z,en,0,0,0.6
tdd,https://x.com/i/status/2107865468300362220,2026-10-07T16:07:44.000Z,en,9,0,0.83
tdd,https://x.com/i/status/2107834351392108954,2026-10-07T14:04:05.000Z,es,0,0,0.04
tdd,https://x.com/i/status/2107830203934224698,2026-10-07T13:47:36.000Z,en,4,0,0.06
tdd,https://x.com/i/status/2107824141420388610,2026-10-07T13:23:31.000Z,pt,1,0,0.22
tdd,https://x.com/i/status/2107817844909986013,2026-10-07T12:58:30.000Z,zh,1,0,0.6
tdd,https://x.com/i/status/2107778909831860399,2026-10-07T10:23:47.000Z,ja,1,0,0.41
tdd,https://x.com/i/status/2107760592727798239,2026-10-07T09:11:00.000Z,ja,26,1,0.7
tdd,https://x.com/i/status/2107744758114205732,2026-10-07T08:08:04.000Z,fr,2,0,0.81
tdd,https://x.com/i/status/2107720723058114710,2026-10-07T06:32:34.000Z,ja,0,0,0.56
tdd,https://x.com/i/status/2107658527900676523,2026-10-07T02:25:26.000Z,en,0,0,0.08
tdd,https://x.com/i/status/2107654807255384287,2026-10-07T02:10:39.000Z,zh,0,0,0.89
tdd,https://x.com/i/status/2107654000279765070,2026-10-07T02:07:26.000Z,zh,1,0,0.94
tdd,https://x.com/i/status/2107623414827536642,2026-10-07T00:05:54.000Z,en,0,0,0.72
tdd,https://x.com/i/status/2107623412424138886,2026-10-07T00:05:53.000Z,en,0,0,0.72
tdd,https://x.com/i/status/2107618850992964011,2026-10-06T23:47:46.000Z,zh,33,7,0.08
tdd,https://x.com/i/status/2107585059167568319,2026-10-06T21:33:29.000Z,ja,1,0,0.58
tdd,https://x.com/i/status/2107582261206081863,2026-10-06T21:22:22.000Z,en,2,0,0.94
tdd,https://x.com/i/status/2107520584666264032,2026-10-06T17:17:17.000Z,ja,0,0,0.65
tdd,https://x.com/i/status/2107490439800443098,2026-10-06T15:17:30.000Z,en,2,0,0.61
tdd,https://x.com/i/status/2107482535056003101,2026-10-06T14:46:06.000Z,zh,3,0,0.52
tdd,https://x.com/i/status/2107481295030763976,2026-10-06T14:41:10.000Z,en,1,0,0.06
tdd,https://x.com/i/status/2107471330635337736,2026-10-06T14:01:34.000Z,es,0,0,0.86
tdd,https://x.com/i/status/2107468283062730974,2026-10-06T13:49:28.000Z,es,0,0,0.78
tdd,https://x.com/i/status/2107456791491600387,2026-10-06T13:03:48.000Z,es,1552,214,0.79
tdd,https://x.com/i/status/2107443430011908373,2026-10-06T12:10:42.000Z,en,339,46,0.1
tdd,https://x.com/i/status/2107438526992449660,2026-10-06T11:51:13.000Z,zh,2,0,0.4
tdd,https://x.com/i/status/2107424146963521792,2026-10-06T10:54:05.000Z,zh,0,0,0.77
tdd,https://x.com/i/status/2107423162811941232,2026-10-06T10:50:10.000Z,ar,34,8,0.09
tdd,https://x.com/i/status/2107416741424804132,2026-10-06T10:24:39.000Z,en,1,0,0.84
tdd,https://x.com/i/status/2107379653694374138,2026-10-06T07:57:17.000Z,en,0,0,0.94
tdd,https://x.com/i/status/2107366864057942267,2026-10-06T07:06:28.000Z,en,0,0,0.43
tdd,https://x.com/i/status/2107225867545936240,2026-10-05T21:46:11.000Z,en,1,0,0.88
tdd,https://x.com/i/status/2107225005348065443,2026-10-05T21:42:46.000Z,en,1,0,0.92
tdd,https://x.com/i/status/2107213733302882469,2026-10-05T20:57:58.000Z,en,0,0,0.7
tdd,https://x.com/i/status/2107195347626061966,2026-10-05T19:44:55.000Z,en,11,0,0.04
tdd,https://x.com/i/status/2107193011293790388,2026-10-05T19:35:38.000Z,en,1,0,0.8
tdd,https://x.com/i/status/2107172458654535942,2026-10-05T18:13:58.000Z,en,1,0,0.66
tdd,https://x.com/i/status/2107121490323996998,2026-10-05T14:51:26.000Z,zh,1,0,0.37
tdd,https://x.com/i/status/2107120307282797040,2026-10-05T14:46:44.000Z,en,24,0,0.26
tdd,https://x.com/i/status/2107098718033871285,2026-10-05T13:20:57.000Z,en,70,4,0.44
tdd,https://x.com/i/status/2107090792116359232,2026-10-05T12:49:27.000Z,en,10,1,0.06
tdd,https://x.com/i/status/2107081555617198121,2026-10-05T12:12:45.000Z,zh,2,0,0.78
tdd,https://x.com/i/status/2107025291361350071,2026-10-05T08:29:10.000Z,zh,2,0,0.88
tdd,https://x.com/i/status/2107015325078233287,2026-10-05T07:49:34.000Z,en,0,0,0.39
tdd,https://x.com/i/status/2106980118765965708,2026-10-05T05:29:40.000Z,zxx,0,0,0.1
tdd,https://x.com/i/status/2106962354760253508,2026-10-05T04:19:05.000Z,zh,2,0,0.69
tdd,https://x.com/i/status/2106925451629449508,2026-10-05T01:52:27.000Z,zxx,3,0,0.11
tdd,https://x.com/i/status/2106916491119735284,2026-10-05T01:16:50.000Z,ja,1,0,0.89
tdd,https://x.com/i/status/2106888568170025071,2026-10-04T23:25:53.000Z,en,84,5,0.33
tdd,https://x.com/i/status/2106871784444424233,2026-10-04T22:19:11.000Z,ja,1,0,0.02
tdd,https://x.com/i/status/2106840229110039007,2026-10-04T20:13:48.000Z,en,0,0,0.73
tdd,https://x.com/i/status/2106833267240358349,2026-10-04T19:46:08.000Z,en,0,0,0.07
tdd,https://x.com/i/status/2106797727279681957,2026-10-04T17:24:55.000Z,zxx,13,2,0.16
tdd,https://x.com/i/status/2106778270377079019,2026-10-04T16:07:36.000Z,es,44,3,0.86
tdd,https://x.com/i/status/2106761600070000760,2026-10-04T15:01:21.000Z,es,20,0,0.54
tdd,https://x.com/i/status/2106741388012556386,2026-10-04T13:41:02.000Z,ja,2,0,0.33
tdd,https://x.com/i/status/2106738544043590104,2026-10-04T13:29:44.000Z,en,0,0,0.49
tdd,https://x.com/i/status/2106721407337955473,2026-10-04T12:21:39.000Z,ar,4,0,0.05
tdd,https://x.com/i/status/2106710410854269245,2026-10-04T11:37:57.000Z,en,1,0,0.03
tdd,https://x.com/i/status/2106709411330715662,2026-10-04T11:33:59.000Z,zxx,0,0,0.11
tdd,https://x.com/i/status/2106702526514884703,2026-10-04T11:06:37.000Z,en,1,0,0.5
tdd,https://x.com/i/status/2106701678829568452,2026-10-04T11:03:15.000Z,en,0,0,0.49
tdd,https://x.com/i/status/2106682917162541427,2026-10-04T09:48:42.000Z,en,43,14,0.24
tdd,https://x.com/i/status/2106622616425656540,2026-10-04T05:49:05.000Z,en,1,0,0.51
tdd,https://x.com/i/status/2106618436923121908,2026-10-04T05:32:29.000Z,en,1,0,0.28
tdd,https://x.com/i/status/2106608815789474003,2026-10-04T04:54:15.000Z,zh,2,0,0.74
tdd,https://x.com/i/status/2106545895257030696,2026-10-04T00:44:13.000Z,en,1,0,0.72
tdd,https://x.com/i/status/2106525559945916797,2026-10-03T23:23:25.000Z,en,18,0,0.52
tdd,https://x.com/i/status/2106494546154553788,2026-10-03T21:20:11.000Z,en,0,0,0.35
gog,https://x.com/i/status/2107711618582970383,2026-10-07T05:56:23.000Z,ja,12,4,0.18
gog,https://x.com/i/status/2107687074841456922,2026-10-07T04:18:52.000Z,en,6,0,0.82
gog,https://x.com/i/status/2107573274255495594,2026-10-06T20:46:40.000Z,en,0,0,0.79
gog,https://x.com/i/status/2107282453773549762,2026-10-06T01:31:03.000Z,en,1,0,0.04
gog,https://x.com/i/status/2107221010978357528,2026-10-05T21:26:53.000Z,en,1,0,0.86
gog,https://x.com/i/status/2106706069753827433,2026-10-04T11:20:42.000Z,en,0,0,0.03
gog,https://x.com/i/status/2106705680401043564,2026-10-04T11:19:09.000Z,en,0,0,0.03
gog,https://x.com/i/status/2106230021417234587,2026-10-03T03:49:03.000Z,en,2,0,0.03
gog,https://x.com/i/status/2105993734915498103,2026-10-02T12:10:08.000Z,zxx,0,0,0.09
gog,https://x.com/i/status/2105945931119997110,2026-10-02T09:00:11.000Z,en,2,0,0.02
gog,https://x.com/i/status/2105860009263603946,2026-10-02T03:18:45.000Z,en,3,1,0.02
setup-matt-pocock-skills,https://x.com/i/status/2108092836210204763,2026-10-08T07:11:13.000Z,zh,4,0,0.85
setup-matt-pocock-skills,https://x.com/i/status/2107939706231239032,2026-10-07T21:02:44.000Z,en,0,0,0.79
setup-matt-pocock-skills,https://x.com/i/status/2107939605475701058,2026-10-07T21:02:20.000Z,en,1,0,0.75
setup-matt-pocock-skills,https://x.com/i/status/2107482535056003101,2026-10-06T14:46:06.000Z,zh,3,0,0.84
setup-matt-pocock-skills,https://x.com/i/status/2107121490323996998,2026-10-05T14:51:26.000Z,zh,1,0,0.62
setup-matt-pocock-skills,https://x.com/i/status/2106962354760253508,2026-10-05T04:19:05.000Z,zh,2,0,0.79
setup-matt-pocock-skills,https://x.com/i/status/2106730768789602313,2026-10-04T12:58:51.000Z,en,2574,67,0.76
setup-matt-pocock-skills,https://x.com/i/status/2105875420839367109,2026-10-02T04:20:00.000Z,zh,0,0,0.83
frontend-design,https://x.com/i/status/2108359814375956674,2026-10-09T00:52:05.000Z,und,0,0,0.88
frontend-design,https://x.com/i/status/2108288094357320134,2026-10-08T20:07:06.000Z,es,4,0,0.97
frontend-design,https://x.com/i/status/2108222962306548005,2026-10-08T15:48:17.000Z,en,101,5,0.19
frontend-design,https://x.com/i/status/2108195712303288774,2026-10-08T14:00:00.000Z,en,9,0,0.04
frontend-design,https://x.com/i/status/2108192070888468618,2026-10-08T13:45:32.000Z,en,7,0,0.52
frontend-design,https://x.com/i/status/2108172953938440561,2026-10-08T12:29:34.000Z,en,0,0,0.97
frontend-design,https://x.com/i/status/2108172566846148793,2026-10-08T12:28:02.000Z,en,11,0,0.16
frontend-design,https://x.com/i/status/2108086316458201291,2026-10-08T06:45:18.000Z,en,34,11,0.17
frontend-design,https://x.com/i/status/2108022568724955403,2026-10-08T02:32:00.000Z,zxx,204,41,0.19
frontend-design,https://x.com/i/status/2107994639915475360,2026-10-08T00:41:01.000Z,zh,0,0,0.81
frontend-design,https://x.com/i/status/2107987415193522398,2026-10-08T00:12:18.000Z,en,2,0,0.51
frontend-design,https://x.com/i/status/2107892614712451357,2026-10-07T17:55:36.000Z,en,2,0,0.21
frontend-design,https://x.com/i/status/2107878784397365381,2026-10-07T17:00:39.000Z,en,0,0,0.16
frontend-design,https://x.com/i/status/2107869630568313274,2026-10-07T16:24:16.000Z,en,0,0,0.96
frontend-design,https://x.com/i/status/2107843854045175902,2026-10-07T14:41:51.000Z,en,0,0,0.91
frontend-design,https://x.com/i/status/2107793880150421764,2026-10-07T11:23:16.000Z,en,0,0,0.45
frontend-design,https://x.com/i/status/2107773037739204914,2026-10-07T10:00:27.000Z,en,57,1,0.37
frontend-design,https://x.com/i/status/2107772504232309223,2026-10-07T09:58:20.000Z,zxx,9,0,0.2
frontend-design,https://x.com/i/status/2107689942663188843,2026-10-07T04:30:15.000Z,zh,14,0,0.07
frontend-design,https://x.com/i/status/2107665224031670376,2026-10-07T02:52:02.000Z,en,11,0,0.6
frontend-design,https://x.com/i/status/2107654807255384287,2026-10-07T02:10:39.000Z,zh,0,0,0.88
frontend-design,https://x.com/i/status/2107586830145290538,2026-10-06T21:40:32.000Z,en,7,0,0.9
frontend-design,https://x.com/i/status/2107549022542062056,2026-10-06T19:10:17.000Z,es,1,0,0.1
frontend-design,https://x.com/i/status/2107548015519297733,2026-10-06T19:06:17.000Z,zxx,191,57,0.19
frontend-design,https://x.com/i/status/2107528372041785447,2026-10-06T17:48:14.000Z,en,1,0,0.94
frontend-design,https://x.com/i/status/2107521147508334633,2026-10-06T17:19:32.000Z,en,1,0,0.35
frontend-design,https://x.com/i/status/2107500571976720893,2026-10-06T15:57:46.000Z,en,0,0,0.3
frontend-design,https://x.com/i/status/2107492667340750903,2026-10-06T15:26:21.000Z,fr,1,0,0.94
frontend-design,https://x.com/i/status/2107477619339927793,2026-10-06T14:26:34.000Z,en,1,0,0.48
frontend-design,https://x.com/i/status/2107477278821404930,2026-10-06T14:25:12.000Z,en,51,36,0.43
frontend-design,https://x.com/i/status/2107463442340913297,2026-10-06T13:30:14.000Z,en,127,43,0.32
frontend-design,https://x.com/i/status/2107463228406043135,2026-10-06T13:29:23.000Z,en,0,0,0.39
frontend-design,https://x.com/i/status/2107460364527182194,2026-10-06T13:18:00.000Z,zh,7,0,0.78
frontend-design,https://x.com/i/status/2107455808090821086,2026-10-06T12:59:53.000Z,zxx,129,11,0.23
frontend-design,https://x.com/i/status/2107440745561178275,2026-10-06T12:00:02.000Z,en,11,0,0.33
frontend-design,https://x.com/i/status/2107359069736767938,2026-10-06T06:35:29.000Z,en,83,34,0.5
frontend-design,https://x.com/i/status/2107344675724300380,2026-10-06T05:38:17.000Z,ja,9,1,0.19
frontend-design,https://x.com/i/status/2107191773181165927,2026-10-05T19:30:43.000Z,en,0,0,0.91
frontend-design,https://x.com/i/status/2107170802080555299,2026-10-05T18:07:23.000Z,en,0,0,0.47
frontend-design,https://x.com/i/status/2107125347712147509,2026-10-05T15:06:46.000Z,en,46,3,0.91
frontend-design,https://x.com/i/status/2107116097673867719,2026-10-05T14:30:00.000Z,en,28,2,0.95
frontend-design,https://x.com/i/status/2107102924279255361,2026-10-05T13:37:39.000Z,en,2,0,0.53
frontend-design,https://x.com/i/status/2107044373686788599,2026-10-05T09:45:00.000Z,en,39,2,0.96
frontend-design,https://x.com/i/status/2107031082160005347,2026-10-05T08:52:11.000Z,en,0,0,0.05
frontend-design,https://x.com/i/status/2107027104265306287,2026-10-05T08:36:22.000Z,en,1,0,0.89
frontend-design,https://x.com/i/status/2106923301545386345,2026-10-05T01:43:54.000Z,ja,1,0,0.89
frontend-design,https://x.com/i/status/2106855887130554660,2026-10-04T21:16:01.000Z,en,144,1,0.39
frontend-design,https://x.com/i/status/2106840024318673241,2026-10-04T20:12:59.000Z,en,1,0,0.38
frontend-design,https://x.com/i/status/2106813208749117863,2026-10-04T18:26:26.000Z,en,3,0,0.86
frontend-design,https://x.com/i/status/2106802497444782437,2026-10-04T17:43:52.000Z,en,4,0,0.04
frontend-design,https://x.com/i/status/2106761764226707556,2026-10-04T15:02:00.000Z,pt,5,0,0.92
frontend-design,https://x.com/i/status/2106759766362218677,2026-10-04T14:54:04.000Z,zxx,2,0,0.2
frontend-design,https://x.com/i/status/2106739373160988784,2026-10-04T13:33:02.000Z,en,16,0,0.39
frontend-design,https://x.com/i/status/2106738759672991900,2026-10-04T13:30:36.000Z,en,1,0,0.93
frontend-design,https://x.com/i/status/2106638246897713348,2026-10-04T06:51:12.000Z,en,1,0,0.32
frontend-design,https://x.com/i/status/2106602714247344517,2026-10-04T04:30:00.000Z,en,0,0,0.22
frontend-design,https://x.com/i/status/2106482844025376965,2026-10-03T20:33:41.000Z,en,273,37,0.18
frontend-design,https://x.com/i/status/2106437552844444129,2026-10-03T17:33:42.000Z,en,54,3,0.9
frontend-design,https://x.com/i/status/2106431489785135120,2026-10-03T17:09:37.000Z,en,0,0,0.25
frontend-design,https://x.com/i/status/2106377062860947510,2026-10-03T13:33:21.000Z,en,4,1,0.83
frontend-design,https://x.com/i/status/2106377056942694490,2026-10-03T13:33:19.000Z,en,48,8,0.59
frontend-design,https://x.com/i/status/2106275816342786482,2026-10-03T06:51:01.000Z,zh,1,0,0.87
frontend-design,https://x.com/i/status/2106165005179613337,2026-10-02T23:30:42.000Z,en,2,0,0.61
frontend-design,https://x.com/i/status/2106147535005888995,2026-10-02T22:21:17.000Z,en,169,20,0.26
frontend-design,https://x.com/i/status/2106112010480144715,2026-10-02T20:00:07.000Z,en,1,0,0.37
frontend-design,https://x.com/i/status/2106111996651528317,2026-10-02T20:00:04.000Z,en,0,0,0.95
frontend-design,https://x.com/i/status/2106065804215079222,2026-10-02T16:56:31.000Z,en,0,0,0.18
frontend-design,https://x.com/i/status/2105995615100690782,2026-10-02T12:17:36.000Z,ja,2,0,0.52
frontend-design,https://x.com/i/status/2105976688706539972,2026-10-02T11:02:24.000Z,en,0,0,0.12
frontend-design,https://x.com/i/status/2105965011374051401,2026-10-02T10:16:00.000Z,zh,0,0,0.73
frontend-design,https://x.com/i/status/2105957748533809235,2026-10-02T09:47:08.000Z,en,0,0,0.47
frontend-design,https://x.com/i/status/2105946503353106851,2026-10-02T09:02:27.000Z,en,247,28,0.77
frontend-design,https://x.com/i/status/2105861280934555948,2026-10-02T03:23:49.000Z,en,5,0,0.44
proactive-agent,https://x.com/i/status/2108352191073513566,2026-10-09T00:21:48.000Z,en,2,0,0.82
proactive-agent,https://x.com/i/status/2108288496968380687,2026-10-08T20:08:42.000Z,en,53,0,0.9
proactive-agent,https://x.com/i/status/2108203879745655001,2026-10-08T14:32:28.000Z,en,0,0,0.92
proactive-agent,https://x.com/i/status/2108194500766253238,2026-10-08T13:55:11.000Z,en,0,0,0.91
proactive-agent,https://x.com/i/status/2108127247148396963,2026-10-08T09:27:57.000Z,ja,0,0,0.69
proactive-agent,https://x.com/i/status/2108092987574264145,2026-10-08T07:11:49.000Z,en,0,0,0.94
proactive-agent,https://x.com/i/status/2108077148502376902,2026-10-08T06:08:53.000Z,zxx,3,0,0.19
proactive-agent,https://x.com/i/status/2108057077608493209,2026-10-08T04:49:07.000Z,en,3,0,0.82
proactive-agent,https://x.com/i/status/2108029840997658716,2026-10-08T03:00:54.000Z,en,1,0,0.91
proactive-agent,https://x.com/i/status/2107874249104875765,2026-10-07T16:42:38.000Z,en,0,0,0.26
proactive-agent,https://x.com/i/status/2107864463944589413,2026-10-07T16:03:45.000Z,en,0,0,0.91
proactive-agent,https://x.com/i/status/2107853634230685990,2026-10-07T15:20:43.000Z,zxx,5,0,0.16
proactive-agent,https://x.com/i/status/2107852455962616221,2026-10-07T15:16:02.000Z,en,0,0,0.88
proactive-agent,https://x.com/i/status/2107726334445412790,2026-10-07T06:54:52.000Z,zh,4,0,0.94
proactive-agent,https://x.com/i/status/2107717907514093615,2026-10-07T06:21:23.000Z,en,0,0,0.92
proactive-agent,https://x.com/i/status/2107717833123643742,2026-10-07T06:21:05.000Z,en,5,0,0.94
proactive-agent,https://x.com/i/status/2107694171331195288,2026-10-07T04:47:04.000Z,en,0,0,0.9
proactive-agent,https://x.com/i/status/2107668638341939298,2026-10-07T03:05:36.000Z,en,0,0,0.93
proactive-agent,https://x.com/i/status/2107660936664551670,2026-10-07T02:35:00.000Z,en,0,0,0.65
proactive-agent,https://x.com/i/status/2107639428386902127,2026-10-07T01:09:32.000Z,en,0,0,0.93
proactive-agent,https://x.com/i/status/2107606274737307975,2026-10-06T22:57:47.000Z,en,1,0,0.91
proactive-agent,https://x.com/i/status/2107588716298436780,2026-10-06T21:48:01.000Z,en,1,0,0.88
proactive-agent,https://x.com/i/status/2107561261202546907,2026-10-06T19:58:55.000Z,en,0,0,0.89
proactive-agent,https://x.com/i/status/2107559256329482652,2026-10-06T19:50:57.000Z,en,562,27,0.93
proactive-agent,https://x.com/i/status/2107555357321265263,2026-10-06T19:35:28.000Z,en,8,0,0.81
proactive-agent,https://x.com/i/status/2107535282606096692,2026-10-06T18:15:42.000Z,en,0,0,0.86
proactive-agent,https://x.com/i/status/2107518618330345752,2026-10-06T17:09:29.000Z,en,0,0,0.82
proactive-agent,https://x.com/i/status/2107500482050568590,2026-10-06T15:57:25.000Z,en,0,0,0.87
proactive-agent,https://x.com/i/status/2107456131811741786,2026-10-06T13:01:11.000Z,en,0,1,0.92
proactive-agent,https://x.com/i/status/2107430170495979985,2026-10-06T11:18:01.000Z,en,1,0,0.93
proactive-agent,https://x.com/i/status/2107363505192243333,2026-10-06T06:53:07.000Z,en,0,0,0.89
proactive-agent,https://x.com/i/status/2107280437311668374,2026-10-06T01:23:02.000Z,en,2,0,0.93
proactive-agent,https://x.com/i/status/2107257389284044826,2026-10-05T23:51:27.000Z,en,0,0,0.77
proactive-agent,https://x.com/i/status/2107203401633484927,2026-10-05T20:16:55.000Z,en,1,0,0.92
proactive-agent,https://x.com/i/status/2107184399733395668,2026-10-05T19:01:25.000Z,en,0,0,0.93
proactive-agent,https://x.com/i/status/2107156355215729151,2026-10-05T17:09:58.000Z,en,5,0,0.64
proactive-agent,https://x.com/i/status/2107128679549862247,2026-10-05T15:20:00.000Z,en,0,0,0.19
proactive-agent,https://x.com/i/status/2107120477709697316,2026-10-05T14:47:24.000Z,en,117,4,0.81
proactive-agent,https://x.com/i/status/2107106092178383079,2026-10-05T13:50:15.000Z,en,1,0,0.46
proactive-agent,https://x.com/i/status/2107091295264972904,2026-10-05T12:51:27.000Z,en,0,0,0.86
proactive-agent,https://x.com/i/status/2107085576650572274,2026-10-05T12:28:43.000Z,en,1,0,0.92
proactive-agent,https://x.com/i/status/2107057600919650394,2026-10-05T10:37:33.000Z,en,0,0,0.9
proactive-agent,https://x.com/i/status/2107022064267731195,2026-10-05T08:16:21.000Z,zh,5,0,0.27
proactive-agent,https://x.com/i/status/2106914477568561495,2026-10-05T01:08:50.000Z,en,0,0,0.9
proactive-agent,https://x.com/i/status/2106897775598125483,2026-10-05T00:02:28.000Z,en,0,0,0.94
proactive-agent,https://x.com/i/status/2106862482350628883,2026-10-04T21:42:14.000Z,en,8,0,0.9
proactive-agent,https://x.com/i/status/2106861887086543225,2026-10-04T21:39:52.000Z,zxx,81,7,0.19
proactive-agent,https://x.com/i/status/2106797302816133209,2026-10-04T17:23:14.000Z,en,0,0,0.81
proactive-agent,https://x.com/i/status/2106752350945739079,2026-10-04T14:24:36.000Z,tl,0,0,0.82
proactive-agent,https://x.com/i/status/2106676149938184432,2026-10-04T09:21:48.000Z,en,0,0,0.89
proactive-agent,https://x.com/i/status/2106653605063446727,2026-10-04T07:52:13.000Z,en,0,0,0.95
proactive-agent,https://x.com/i/status/2106525784542425377,2026-10-03T23:24:19.000Z,en,4,0,0.91
proactive-agent,https://x.com/i/status/2106496881190687048,2026-10-03T21:29:27.000Z,en,1,0,0.92
proactive-agent,https://x.com/i/status/2106475882877694364,2026-10-03T20:06:01.000Z,en,84,4,0.95
proactive-agent,https://x.com/i/status/2106453126312010202,2026-10-03T18:35:35.000Z,en,0,0,0.92
proactive-agent,https://x.com/i/status/2106412827246531059,2026-10-03T15:55:27.000Z,en,0,0,0.9
proactive-agent,https://x.com/i/status/2106385044751413250,2026-10-03T14:05:04.000Z,en,50,2,0.86
proactive-agent,https://x.com/i/status/2106378525708050650,2026-10-03T13:39:09.000Z,en,3,0,0.94
proactive-agent,https://x.com/i/status/2106340112808448259,2026-10-03T11:06:31.000Z,en,1,0,0.86
proactive-agent,https://x.com/i/status/2106182968783901094,2026-10-03T00:42:05.000Z,en,2,1,0.86
proactive-agent,https://x.com/i/status/2106176265443258681,2026-10-03T00:15:27.000Z,en,3,0,0.89
proactive-agent,https://x.com/i/status/2106166287407657452,2026-10-02T23:35:48.000Z,en,10,0,0.9
proactive-agent,https://x.com/i/status/2106163646992900145,2026-10-02T23:25:18.000Z,en,1,0,0.92
proactive-agent,https://x.com/i/status/2106062270153339091,2026-10-02T16:42:28.000Z,en,59,8,0.84
proactive-agent,https://x.com/i/status/2106012667508937078,2026-10-02T13:25:22.000Z,en,0,0,0.12
proactive-agent,https://x.com/i/status/2106005234879271158,2026-10-02T12:55:50.000Z,en,1,0,0.26
proactive-agent,https://x.com/i/status/2105972985748177223,2026-10-02T10:47:41.000Z,en,0,0,0.38
proactive-agent,https://x.com/i/status/2105965239158104215,2026-10-02T10:16:54.000Z,zxx,55,7,0.17
proactive-agent,https://x.com/i/status/2105962309315334188,2026-10-02T10:05:16.000Z,zxx,1,0,0.2
proactive-agent,https://x.com/i/status/2105938655290482723,2026-10-02T08:31:16.000Z,en,2,0,0.93
proactive-agent,https://x.com/i/status/2105925084594770417,2026-10-02T07:37:21.000Z,en,0,0,0.92
proactive-agent,https://x.com/i/status/2105898851831804353,2026-10-02T05:53:06.000Z,en,0,0,0.84
handoff,https://x.com/i/status/2108359591373513086,2026-10-09T00:51:12.000Z,en,0,0,0.19
handoff,https://x.com/i/status/2108358614557843877,2026-10-09T00:47:19.000Z,en,0,0,0.65
handoff,https://x.com/i/status/2108355267637170446,2026-10-09T00:34:01.000Z,en,0,0,0.68
handoff,https://x.com/i/status/2108351486186971139,2026-10-09T00:19:00.000Z,en,0,0,0.28
handoff,https://x.com/i/status/2108346777762226667,2026-10-09T00:00:17.000Z,en,0,0,0.67
handoff,https://x.com/i/status/2108346197375336748,2026-10-08T23:57:59.000Z,en,1,0,0.6
handoff,https://x.com/i/status/2108337200932823136,2026-10-08T23:22:14.000Z,en,14,0,0.64
handoff,https://x.com/i/status/2108334852575752342,2026-10-08T23:12:54.000Z,en,0,0,0.81
handoff,https://x.com/i/status/2108333834357915747,2026-10-08T23:08:51.000Z,en,0,0,0.2
handoff,https://x.com/i/status/2108332815591084264,2026-10-08T23:04:48.000Z,ja,3,0,0.07
handoff,https://x.com/i/status/2108331610642743462,2026-10-08T23:00:01.000Z,zh,0,0,0.27
handoff,https://x.com/i/status/2108329782618493121,2026-10-08T22:52:45.000Z,en,0,0,0.14
handoff,https://x.com/i/status/2108325877939601649,2026-10-08T22:37:14.000Z,en,0,0,0.6
handoff,https://x.com/i/status/2108324087097426385,2026-10-08T22:30:07.000Z,en,0,0,0.46
handoff,https://x.com/i/status/2108323578232054108,2026-10-08T22:28:06.000Z,en,23,1,0.57
handoff,https://x.com/i/status/2108319771511124225,2026-10-08T22:12:58.000Z,en,0,0,0.7
handoff,https://x.com/i/status/2108319321919557767,2026-10-08T22:11:11.000Z,en,0,0,0.69
handoff,https://x.com/i/status/2108317788620140857,2026-10-08T22:05:06.000Z,en,0,0,0.62
handoff,https://x.com/i/status/2108312997173117298,2026-10-08T21:46:03.000Z,en,0,0,0.11
handoff,https://x.com/i/status/2108310518419050514,2026-10-08T21:36:12.000Z,en,1,0,0.75
handoff,https://x.com/i/status/2108308140739412445,2026-10-08T21:26:45.000Z,en,0,0,0.62
handoff,https://x.com/i/status/2108300364131016885,2026-10-08T20:55:51.000Z,en,1,0,0.62
handoff,https://x.com/i/status/2108300330869957041,2026-10-08T20:55:43.000Z,en,0,0,0.39
handoff,https://x.com/i/status/2108299146495238268,2026-10-08T20:51:01.000Z,en,3,0,0.06
handoff,https://x.com/i/status/2108296688720855151,2026-10-08T20:41:15.000Z,en,0,0,0.61
handoff,https://x.com/i/status/2108296322340077683,2026-10-08T20:39:48.000Z,en,15,2,0.26
handoff,https://x.com/i/status/2108294555149959619,2026-10-08T20:32:46.000Z,en,0,0,0.54
handoff,https://x.com/i/status/2108292288833351747,2026-10-08T20:23:46.000Z,en,0,0,0.49
handoff,https://x.com/i/status/2108292156771422542,2026-10-08T20:23:15.000Z,en,0,0,0.58
handoff,https://x.com/i/status/2108289131457720451,2026-10-08T20:11:13.000Z,en,1,0,0.62
handoff,https://x.com/i/status/2108286285270155698,2026-10-08T19:59:55.000Z,en,0,0,0.76
handoff,https://x.com/i/status/2108282780413227408,2026-10-08T19:45:59.000Z,en,15,0,0.35
handoff,https://x.com/i/status/2108276190704447828,2026-10-08T19:19:48.000Z,en,0,0,0.7
handoff,https://x.com/i/status/2108275655960080835,2026-10-08T19:17:40.000Z,en,1,0,0.67
handoff,https://x.com/i/status/2108274422612365465,2026-10-08T19:12:46.000Z,en,0,0,0.61
handoff,https://x.com/i/status/2108273704455278770,2026-10-08T19:09:55.000Z,en,2,0,0.69
handoff,https://x.com/i/status/2108270142652137514,2026-10-08T18:55:46.000Z,en,10,0,0.23
handoff,https://x.com/i/status/2108267266546749948,2026-10-08T18:44:20.000Z,en,0,0,0.87
handoff,https://x.com/i/status/2108264951294865429,2026-10-08T18:35:08.000Z,en,1,0,0.53
handoff,https://x.com/i/status/2108260738037141797,2026-10-08T18:18:24.000Z,en,0,0,0.62
handoff,https://x.com/i/status/2108260556977422353,2026-10-08T18:17:41.000Z,en,0,0,0.64
handoff,https://x.com/i/status/2108260377771569180,2026-10-08T18:16:58.000Z,en,0,0,0.62
handoff,https://x.com/i/status/2108260202663534704,2026-10-08T18:16:16.000Z,en,8,3,0.34
handoff,https://x.com/i/status/2108258775110934761,2026-10-08T18:10:36.000Z,en,2,0,0.47
handoff,https://x.com/i/status/2108258293005316298,2026-10-08T18:08:41.000Z,en,46,1,0.13
handoff,https://x.com/i/status/2108257323416465821,2026-10-08T18:04:50.000Z,en,7,1,0.47
handoff,https://x.com/i/status/2108256841654530360,2026-10-08T18:02:55.000Z,en,1,0,0.65
handoff,https://x.com/i/status/2108255707044999499,2026-10-08T17:58:24.000Z,en,0,0,0.68
handoff,https://x.com/i/status/2108255325828874418,2026-10-08T17:56:53.000Z,zxx,1,0,0.1
handoff,https://x.com/i/status/2108253634467340338,2026-10-08T17:50:10.000Z,en,3,0,0.69
handoff,https://x.com/i/status/2108248557904114153,2026-10-08T17:30:00.000Z,en,2,0,0.26
handoff,https://x.com/i/status/2108247842213273827,2026-10-08T17:27:09.000Z,en,6,0,0.13
handoff,https://x.com/i/status/2108247368390901870,2026-10-08T17:25:16.000Z,en,0,0,0.64
handoff,https://x.com/i/status/2108247331833585700,2026-10-08T17:25:07.000Z,en,14,3,0.6
handoff,https://x.com/i/status/2108246267620966484,2026-10-08T17:20:54.000Z,en,7,0,0.14
handoff,https://x.com/i/status/2108242734481813897,2026-10-08T17:06:51.000Z,en,41,1,0.48
handoff,https://x.com/i/status/2108241623691989474,2026-10-08T17:02:26.000Z,en,0,0,0.66
handoff,https://x.com/i/status/2108241395630715079,2026-10-08T17:01:32.000Z,zxx,1,0,0.1
handoff,https://x.com/i/status/2108241312147497255,2026-10-08T17:01:12.000Z,en,0,0,0.69
handoff,https://x.com/i/status/2108240142293160071,2026-10-08T16:56:33.000Z,en,4,0,0.52
handoff,https://x.com/i/status/2108239451118096406,2026-10-08T16:53:48.000Z,en,0,0,0.64
handoff,https://x.com/i/status/2108236840968859851,2026-10-08T16:43:26.000Z,en,0,0,0.5
handoff,https://x.com/i/status/2108235677968027988,2026-10-08T16:38:49.000Z,en,0,0,0.49
handoff,https://x.com/i/status/2108234436219130126,2026-10-08T16:33:53.000Z,en,10,0,0.53
handoff,https://x.com/i/status/2108233515687145851,2026-10-08T16:30:13.000Z,en,86,7,0.57
handoff,https://x.com/i/status/2108231952734273991,2026-10-08T16:24:01.000Z,en,0,0,0.72
handoff,https://x.com/i/status/2108229774686499212,2026-10-08T16:15:21.000Z,en,0,0,0.55
handoff,https://x.com/i/status/2108229477771973101,2026-10-08T16:14:11.000Z,en,84,48,0.37
handoff,https://x.com/i/status/2108229472185147599,2026-10-08T16:14:09.000Z,en,69,49,0.38
handoff,https://x.com/i/status/2108229429164208585,2026-10-08T16:13:59.000Z,en,61,40,0.31
handoff,https://x.com/i/status/2108227701844979981,2026-10-08T16:07:07.000Z,en,12,0,0.6
handoff,https://x.com/i/status/2108226568539824412,2026-10-08T16:02:37.000Z,en,3,0,0.6
handoff,https://x.com/i/status/2108226292630077883,2026-10-08T16:01:31.000Z,en,9,1,0.07
handoff,https://x.com/i/status/2108225993575977291,2026-10-08T16:00:20.000Z,en,0,0,0.64
handoff,https://x.com/i/status/2108221910131613893,2026-10-08T15:44:06.000Z,en,0,0,0.64
handoff,https://x.com/i/status/2108220130551337008,2026-10-08T15:37:02.000Z,en,1,0,0.6
handoff,https://x.com/i/status/2108218369673486779,2026-10-08T15:30:02.000Z,en,0,0,0.51
handoff,https://x.com/i/status/2108217998763041242,2026-10-08T15:28:34.000Z,en,0,0,0.69
handoff,https://x.com/i/status/2108215842676859106,2026-10-08T15:20:00.000Z,en,2,0,0.62
handoff,https://x.com/i/status/2108215437209022483,2026-10-08T15:18:23.000Z,en,29,6,0.56
handoff,https://x.com/i/status/2108215053128196113,2026-10-08T15:16:52.000Z,en,0,0,0.79
handoff,https://x.com/i/status/2108213651173687451,2026-10-08T15:11:17.000Z,en,0,0,0.66
handoff,https://x.com/i/status/2108213268431200423,2026-10-08T15:09:46.000Z,en,0,0,0.69
handoff,https://x.com/i/status/2108212680620159468,2026-10-08T15:07:26.000Z,en,78,2,0.15
handoff,https://x.com/i/status/2108211730983645262,2026-10-08T15:03:40.000Z,en,0,0,0.67
handoff,https://x.com/i/status/2108210585305338320,2026-10-08T14:59:06.000Z,en,0,0,0.56
handoff,https://x.com/i/status/2108209551053148317,2026-10-08T14:55:00.000Z,en,60,10,0.59
handoff,https://x.com/i/status/2108208588409942178,2026-10-08T14:51:10.000Z,zxx,3,0,0.08
handoff,https://x.com/i/status/2108208306959310855,2026-10-08T14:50:03.000Z,en,26,0,0.11
handoff,https://x.com/i/status/2108207143950450729,2026-10-08T14:45:26.000Z,en,1,0,0.33
handoff,https://x.com/i/status/2108207051738402972,2026-10-08T14:45:04.000Z,en,0,0,0.69
handoff,https://x.com/i/status/2108206016169148428,2026-10-08T14:40:57.000Z,en,0,0,0.74
handoff,https://x.com/i/status/2108205335479796052,2026-10-08T14:38:15.000Z,en,0,0,0.73
handoff,https://x.com/i/status/2108205277178905068,2026-10-08T14:38:01.000Z,en,0,0,0.57
handoff,https://x.com/i/status/2108205072937062878,2026-10-08T14:37:12.000Z,en,1,0,0.52
handoff,https://x.com/i/status/2108204387709436206,2026-10-08T14:34:29.000Z,en,5,1,0.76
handoff,https://x.com/i/status/2108203522340614409,2026-10-08T14:31:02.000Z,en,2,0,0.26
handoff,https://x.com/i/status/2108203495031799828,2026-10-08T14:30:56.000Z,en,1,0,0.61
handoff,https://x.com/i/status/2108200635015610736,2026-10-08T14:19:34.000Z,en,0,0,0.8
handoff,https://x.com/i/status/2108198990391005623,2026-10-08T14:13:02.000Z,en,0,0,0.49
weather,https://x.com/i/status/2108348444679061761,2026-10-09T00:06:55.000Z,en,1,0,0.31
weather,https://x.com/i/status/2108346441219391996,2026-10-08T23:58:57.000Z,zxx,0,0,0.07
weather,https://x.com/i/status/2108344016345444652,2026-10-08T23:49:19.000Z,en,71,8,0.09
weather,https://x.com/i/status/2108343011096641909,2026-10-08T23:45:19.000Z,en,0,0,0.04
weather,https://x.com/i/status/2108341413142302963,2026-10-08T23:38:58.000Z,en,0,0,0.04
weather,https://x.com/i/status/2108336279054086512,2026-10-08T23:18:34.000Z,en,3,0,0.02
weather,https://x.com/i/status/2108332012046270479,2026-10-08T23:01:37.000Z,en,0,0,0.05
weather,https://x.com/i/status/2108331751974252791,2026-10-08T23:00:35.000Z,zxx,1,0,0.09
weather,https://x.com/i/status/2108330212597321770,2026-10-08T22:54:28.000Z,en,0,0,0.07
weather,https://x.com/i/status/2108321594955428318,2026-10-08T22:20:13.000Z,en,0,0,0.04
weather,https://x.com/i/status/2108319482074550431,2026-10-08T22:11:49.000Z,en,2,0,0.03
weather,https://x.com/i/status/2108305360855429592,2026-10-08T21:15:43.000Z,en,0,0,0.11
weather,https://x.com/i/status/2108300183524331890,2026-10-08T20:55:08.000Z,zxx,1,0,0.1
weather,https://x.com/i/status/2108298577080660479,2026-10-08T20:48:45.000Z,en,0,0,0.03
weather,https://x.com/i/status/2108291924964647047,2026-10-08T20:22:19.000Z,en,1,0,0.03
weather,https://x.com/i/status/2108289455228616868,2026-10-08T20:12:30.000Z,en,6,0,0.15
weather,https://x.com/i/status/2108280747727413656,2026-10-08T19:37:54.000Z,en,69,4,0.32
weather,https://x.com/i/status/2108279818898780660,2026-10-08T19:34:13.000Z,zxx,3,1,0.13
weather,https://x.com/i/status/2108277061056102684,2026-10-08T19:23:15.000Z,en,1,0,0.07
weather,https://x.com/i/status/2108265377939501356,2026-10-08T18:36:50.000Z,zxx,5,2,0.11
weather,https://x.com/i/status/2108263337377304849,2026-10-08T18:28:43.000Z,en,0,0,0.05
weather,https://x.com/i/status/2108256554587754940,2026-10-08T18:01:46.000Z,en,4,0,0.03
weather,https://x.com/i/status/2108255322687357349,2026-10-08T17:56:53.000Z,en,0,0,0.06
weather,https://x.com/i/status/2108252230638002222,2026-10-08T17:44:35.000Z,en,0,0,0.06
weather,https://x.com/i/status/2108250740229538173,2026-10-08T17:38:40.000Z,en,1,0,0.03
weather,https://x.com/i/status/2108248450488037790,2026-10-08T17:29:34.000Z,en,0,0,0.04
weather,https://x.com/i/status/2108242959565205682,2026-10-08T17:07:45.000Z,en,1,0,0.02
weather,https://x.com/i/status/2108241149752414593,2026-10-08T17:00:33.000Z,zxx,20,8,0.08
weather,https://x.com/i/status/2108239741946880212,2026-10-08T16:54:58.000Z,en,2,0,0.03
weather,https://x.com/i/status/2108236880831545530,2026-10-08T16:43:36.000Z,en,0,0,0.09
weather,https://x.com/i/status/2108234301011558441,2026-10-08T16:33:21.000Z,en,7,1,0.02
weather,https://x.com/i/status/2108229472185147599,2026-10-08T16:14:09.000Z,en,69,49,0.04
weather,https://x.com/i/status/2108228758482170350,2026-10-08T16:11:19.000Z,en,2,0,0.03
weather,https://x.com/i/status/2108227290760986924,2026-10-08T16:05:29.000Z,en,0,0,0.04
weather,https://x.com/i/status/2108218407287972186,2026-10-08T15:30:11.000Z,en,0,0,0.04
weather,https://x.com/i/status/2108218124499898487,2026-10-08T15:29:04.000Z,en,0,0,0.03
weather,https://x.com/i/status/2108211698947510639,2026-10-08T15:03:32.000Z,en,32,15,0.03
weather,https://x.com/i/status/2108207711230087618,2026-10-08T14:47:41.000Z,en,18,3,0.1
weather,https://x.com/i/status/2108207611514388780,2026-10-08T14:47:17.000Z,en,0,0,0.04
weather,https://x.com/i/status/2108207533160833297,2026-10-08T14:46:59.000Z,en,36,4,0.04
weather,https://x.com/i/status/2108206016244625657,2026-10-08T14:40:57.000Z,en,1,0,0.02
weather,https://x.com/i/status/2108205176142094782,2026-10-08T14:37:37.000Z,en,0,0,0.67
weather,https://x.com/i/status/2108204595579072682,2026-10-08T14:35:18.000Z,en,5,0,0.69
weather,https://x.com/i/status/2108195620980982229,2026-10-08T13:59:39.000Z,en,0,0,0.04
weather,https://x.com/i/status/2108191586613936416,2026-10-08T13:43:37.000Z,en,1,0,0.63
weather,https://x.com/i/status/2108188068784058620,2026-10-08T13:29:38.000Z,en,2,0,0.05
weather,https://x.com/i/status/2108185949977100572,2026-10-08T13:21:13.000Z,en,8,0,0.04
weather,https://x.com/i/status/2108179012711301367,2026-10-08T12:53:39.000Z,en,0,0,0.24
weather,https://x.com/i/status/2108171995502243994,2026-10-08T12:25:46.000Z,en,0,0,0.09
weather,https://x.com/i/status/2108169296547643459,2026-10-08T12:15:02.000Z,en,0,0,0.22
weather,https://x.com/i/status/2108169149759324628,2026-10-08T12:14:27.000Z,en,1,0,0.05
weather,https://x.com/i/status/2108165647238607272,2026-10-08T12:00:32.000Z,en,5,2,0.04
weather,https://x.com/i/status/2108165544398479802,2026-10-08T12:00:08.000Z,zxx,2,1,0.09
weather,https://x.com/i/status/2108164519688344051,2026-10-08T11:56:03.000Z,en,0,0,0.05
weather,https://x.com/i/status/2108161647642914898,2026-10-08T11:44:39.000Z,en,1,0,0.03
weather,https://x.com/i/status/2108160494993657880,2026-10-08T11:40:04.000Z,zxx,4,1,0.08
weather,https://x.com/i/status/2108157650894499914,2026-10-08T11:28:46.000Z,en,0,0,0.06
weather,https://x.com/i/status/2108156762591285662,2026-10-08T11:25:14.000Z,en,0,0,0.03
weather,https://x.com/i/status/2108152868926800169,2026-10-08T11:09:46.000Z,en,3,0,0.04
weather,https://x.com/i/status/2108149960755773886,2026-10-08T10:58:12.000Z,en,2,1,0.04
weather,https://x.com/i/status/2108148521253699663,2026-10-08T10:52:29.000Z,en,0,0,0.05
weather,https://x.com/i/status/2108147032917488045,2026-10-08T10:46:34.000Z,en,0,0,0.03
weather,https://x.com/i/status/2108146552392823092,2026-10-08T10:44:40.000Z,en,2,0,0.03
weather,https://x.com/i/status/2108142753821667574,2026-10-08T10:29:34.000Z,zh,0,0,0.12
weather,https://x.com/i/status/2108138633467138391,2026-10-08T10:13:12.000Z,en,25,0,0.13
weather,https://x.com/i/status/2108137923065389258,2026-10-08T10:10:22.000Z,en,0,0,0.04
weather,https://x.com/i/status/2108136412960764264,2026-10-08T10:04:22.000Z,en,0,0,0.04
weather,https://x.com/i/status/2108121082142290250,2026-10-08T09:03:27.000Z,en,0,0,0.04
weather,https://x.com/i/status/2108107331083149356,2026-10-08T08:08:49.000Z,en,1,0,0.03
weather,https://x.com/i/status/2108105844349157543,2026-10-08T08:02:54.000Z,en,0,0,0.14
weather,https://x.com/i/status/2108105315405156862,2026-10-08T08:00:48.000Z,en,0,0,0.12
weather,https://x.com/i/status/2108100209624441054,2026-10-08T07:40:31.000Z,en,0,0,0.13
weather,https://x.com/i/status/2108098972950966363,2026-10-08T07:35:36.000Z,en,2,1,0.12
weather,https://x.com/i/status/2108090714189934940,2026-10-08T07:02:47.000Z,zxx,0,0,0.13
weather,https://x.com/i/status/2108087335208243252,2026-10-08T06:49:21.000Z,en,0,0,0.04
weather,https://x.com/i/status/2108083830158504443,2026-10-08T06:35:26.000Z,en,0,0,0.04
weather,https://x.com/i/status/2108082465617117674,2026-10-08T06:30:00.000Z,en,1,0,0.06
weather,https://x.com/i/status/2108075260801384873,2026-10-08T06:01:22.000Z,en,0,0,0.03
weather,https://x.com/i/status/2108074182173184087,2026-10-08T05:57:05.000Z,en,0,0,0.03
weather,https://x.com/i/status/2108074093094584566,2026-10-08T05:56:44.000Z,en,0,0,0.03
weather,https://x.com/i/status/2108073970608341311,2026-10-08T05:56:15.000Z,en,0,0,0.03
weather,https://x.com/i/status/2108068416284164498,2026-10-08T05:34:11.000Z,en,28,3,0.05
weather,https://x.com/i/status/2108059195887264194,2026-10-08T04:57:32.000Z,en,0,0,0.08
weather,https://x.com/i/status/2108052913356439723,2026-10-08T04:32:34.000Z,en,0,0,0.06
weather,https://x.com/i/status/2108052858201584075,2026-10-08T04:32:21.000Z,en,0,0,0.11
weather,https://x.com/i/status/2108049801363300354,2026-10-08T04:20:12.000Z,en,150,25,0.06
weather,https://x.com/i/status/2108046086048977400,2026-10-08T04:05:27.000Z,en,2,0,0.06
weather,https://x.com/i/status/2108045064614363513,2026-10-08T04:01:23.000Z,en,1,0,0.11
weather,https://x.com/i/status/2108041988176261611,2026-10-08T03:49:10.000Z,en,1,0,0.2
weather,https://x.com/i/status/2108035938211561981,2026-10-08T03:25:07.000Z,en,2,0,0.03
weather,https://x.com/i/status/2108034399765938446,2026-10-08T03:19:00.000Z,en,2,0,0.21
weather,https://x.com/i/status/2108034126184108288,2026-10-08T03:17:55.000Z,en,3,1,0.27
weather,https://x.com/i/status/2108034087793336794,2026-10-08T03:17:46.000Z,en,1,0,0.09
weather,https://x.com/i/status/2108027349656592402,2026-10-08T02:51:00.000Z,zxx,0,0,0.12
weather,https://x.com/i/status/2108017358166237357,2026-10-08T02:11:17.000Z,ja,1,0,0.08
weather,https://x.com/i/status/2108014161217380593,2026-10-08T01:58:35.000Z,en,0,0,0.39
weather,https://x.com/i/status/2108006761970254129,2026-10-08T01:29:11.000Z,ja,0,0,0.15
weather,https://x.com/i/status/2107999447800049800,2026-10-08T01:00:07.000Z,zxx,1,0,0.12
weather,https://x.com/i/status/2107990600607998375,2026-10-08T00:24:58.000Z,en,0,0,0.05
weather,https://x.com/i/status/2107989372536512755,2026-10-08T00:20:05.000Z,en,1,1,0.03
triage,https://x.com/i/status/2108352823842771339,2026-10-09T00:24:19.000Z,en,1,0,0.08
triage,https://x.com/i/status/2108352219074744646,2026-10-09T00:21:54.000Z,en,0,0,0.04
triage,https://x.com/i/status/2108348074745549125,2026-10-09T00:05:26.000Z,en,0,0,0.68
triage,https://x.com/i/status/2108343539075801592,2026-10-08T23:47:25.000Z,en,0,0,0.84
triage,https://x.com/i/status/2108341767984595132,2026-10-08T23:40:23.000Z,en,1,0,0.09
triage,https://x.com/i/status/2108339912957153753,2026-10-08T23:33:00.000Z,en,1,0,0.17
triage,https://x.com/i/status/2108328744792547809,2026-10-08T22:48:38.000Z,ja,0,0,0.11
triage,https://x.com/i/status/2108324553172938953,2026-10-08T22:31:58.000Z,zxx,0,0,0.08
triage,https://x.com/i/status/2108320465706221577,2026-10-08T22:15:44.000Z,zxx,1,0,0.12
triage,https://x.com/i/status/2108316491968073968,2026-10-08T21:59:56.000Z,en,0,0,0.89
triage,https://x.com/i/status/2108315208108413152,2026-10-08T21:54:50.000Z,en,2,1,0.33
triage,https://x.com/i/status/2108312763424489951,2026-10-08T21:45:08.000Z,en,0,0,0.04
triage,https://x.com/i/status/2108312626774364266,2026-10-08T21:44:35.000Z,en,0,0,0.72
triage,https://x.com/i/status/2108305935001059589,2026-10-08T21:17:59.000Z,en,28,17,0.74
triage,https://x.com/i/status/2108302015654928418,2026-10-08T21:02:25.000Z,en,0,0,0.57
triage,https://x.com/i/status/2108292295439339591,2026-10-08T20:23:48.000Z,en,0,0,0.76
triage,https://x.com/i/status/2108292290901107156,2026-10-08T20:23:46.000Z,en,0,0,0.9
triage,https://x.com/i/status/2108291640158740875,2026-10-08T20:21:11.000Z,en,0,0,0.54
triage,https://x.com/i/status/2108288813944758671,2026-10-08T20:09:58.000Z,en,0,0,0.78
triage,https://x.com/i/status/2108279396758913254,2026-10-08T19:32:32.000Z,en,0,0,0.14
triage,https://x.com/i/status/2108277729913078235,2026-10-08T19:25:55.000Z,en,0,0,0.84
triage,https://x.com/i/status/2108270142652137514,2026-10-08T18:55:46.000Z,en,10,0,0.11
triage,https://x.com/i/status/2108269700777939004,2026-10-08T18:54:01.000Z,en,0,0,0.57
triage,https://x.com/i/status/2108265296398315775,2026-10-08T18:36:30.000Z,en,7,0,0.33
triage,https://x.com/i/status/2108262750476505558,2026-10-08T18:26:23.000Z,en,0,0,0.57
triage,https://x.com/i/status/2108257225496211618,2026-10-08T18:04:26.000Z,en,0,0,0.03
triage,https://x.com/i/status/2108257176116711881,2026-10-08T18:04:14.000Z,en,2,0,0.66
triage,https://x.com/i/status/2108256915004211558,2026-10-08T18:03:12.000Z,en,29,2,0.65
triage,https://x.com/i/status/2108256300198957320,2026-10-08T18:00:46.000Z,en,0,0,0.18
triage,https://x.com/i/status/2108249291567325368,2026-10-08T17:32:55.000Z,en,0,0,0.54
triage,https://x.com/i/status/2108243762673516708,2026-10-08T17:10:56.000Z,en,1,0,0.04
triage,https://x.com/i/status/2108243644306395486,2026-10-08T17:10:28.000Z,en,0,0,0.08
triage,https://x.com/i/status/2108241819867701620,2026-10-08T17:03:13.000Z,en,0,0,0.1
triage,https://x.com/i/status/2108240002014642443,2026-10-08T16:56:00.000Z,en,0,0,0.2
triage,https://x.com/i/status/2108234903674314948,2026-10-08T16:35:44.000Z,zxx,6,1,0.09
triage,https://x.com/i/status/2108223084792549773,2026-10-08T15:48:46.000Z,zxx,30,2,0.11
triage,https://x.com/i/status/2108222868702027964,2026-10-08T15:47:55.000Z,zxx,27,2,0.11
triage,https://x.com/i/status/2108215762288832590,2026-10-08T15:19:41.000Z,en,0,0,0.83
triage,https://x.com/i/status/2108205324989591597,2026-10-08T14:38:12.000Z,en,7,0,0.36
triage,https://x.com/i/status/2108197940867236174,2026-10-08T14:08:52.000Z,zxx,0,0,0.11
triage,https://x.com/i/status/2108197189948166648,2026-10-08T14:05:53.000Z,zxx,19,0,0.11
triage,https://x.com/i/status/2108197134184906966,2026-10-08T14:05:39.000Z,en,0,0,0.9
triage,https://x.com/i/status/2108195792960082102,2026-10-08T14:00:20.000Z,zxx,0,0,0.1
triage,https://x.com/i/status/2108191241380786543,2026-10-08T13:42:14.000Z,en,13,0,0.73
triage,https://x.com/i/status/2108188594913325275,2026-10-08T13:31:43.000Z,en,59,3,0.13
triage,https://x.com/i/status/2108181211805847832,2026-10-08T13:02:23.000Z,en,0,0,0.17
triage,https://x.com/i/status/2108180683738755153,2026-10-08T13:00:17.000Z,en,211,20,0.15
triage,https://x.com/i/status/2108176258014269486,2026-10-08T12:42:42.000Z,zxx,2,0,0.14
triage,https://x.com/i/status/2108176098555301922,2026-10-08T12:42:04.000Z,en,0,0,0.74
triage,https://x.com/i/status/2108173144653508801,2026-10-08T12:30:20.000Z,en,0,0,0.59
triage,https://x.com/i/status/2108169061393907787,2026-10-08T12:14:06.000Z,en,1,0,0.55
triage,https://x.com/i/status/2108166358932287756,2026-10-08T12:03:22.000Z,en,0,0,0.57
triage,https://x.com/i/status/2108166003653820704,2026-10-08T12:01:57.000Z,en,0,0,0.39
triage,https://x.com/i/status/2108161582152708224,2026-10-08T11:44:23.000Z,en,1,0,0.14
triage,https://x.com/i/status/2108159004186681462,2026-10-08T11:34:08.000Z,en,129,7,0.06
triage,https://x.com/i/status/2108155016829685839,2026-10-08T11:18:18.000Z,en,5,1,0.08
triage,https://x.com/i/status/2108150525183103226,2026-10-08T11:00:27.000Z,en,1,1,0.64
triage,https://x.com/i/status/2108147400103837710,2026-10-08T10:48:02.000Z,en,0,0,0.62
triage,https://x.com/i/status/2108145430215155763,2026-10-08T10:40:12.000Z,en,15,2,0.24
triage,https://x.com/i/status/2108142632866042214,2026-10-08T10:29:05.000Z,en,0,0,0.46
triage,https://x.com/i/status/2108139091011268807,2026-10-08T10:15:01.000Z,en,0,0,0.14
triage,https://x.com/i/status/2108136173646528748,2026-10-08T10:03:25.000Z,zxx,0,0,0.08
triage,https://x.com/i/status/2108123784880210371,2026-10-08T09:14:12.000Z,zxx,6,1,0.1
triage,https://x.com/i/status/2108120214084673984,2026-10-08T09:00:00.000Z,en,0,0,0.14
triage,https://x.com/i/status/2108120111622291633,2026-10-08T08:59:36.000Z,en,0,0,0.71
triage,https://x.com/i/status/2108119915672559942,2026-10-08T08:58:49.000Z,en,0,0,0.38
triage,https://x.com/i/status/2108117817832718568,2026-10-08T08:50:29.000Z,zxx,3,2,0.12
triage,https://x.com/i/status/2108101310515925217,2026-10-08T07:44:53.000Z,en,79,7,0.33
triage,https://x.com/i/status/2108098108869464188,2026-10-08T07:32:10.000Z,zxx,1,0,0.11
triage,https://x.com/i/status/2108096885898490141,2026-10-08T07:27:18.000Z,en,1,0,0.17
triage,https://x.com/i/status/2108090014613864685,2026-10-08T07:00:00.000Z,en,5,0,0.04
triage,https://x.com/i/status/2108081154419277970,2026-10-08T06:24:48.000Z,zxx,5,1,0.08
triage,https://x.com/i/status/2108081132054958583,2026-10-08T06:24:42.000Z,en,2,0,0.91
triage,https://x.com/i/status/2108078371355656566,2026-10-08T06:13:44.000Z,en,0,0,0.07
triage,https://x.com/i/status/2108077414894977272,2026-10-08T06:09:56.000Z,en,4,1,0.05
triage,https://x.com/i/status/2108064746389811610,2026-10-08T05:19:36.000Z,en,0,0,0.48
triage,https://x.com/i/status/2108060290508357992,2026-10-08T05:01:53.000Z,en,0,0,0.64
triage,https://x.com/i/status/2108040525454647407,2026-10-08T03:43:21.000Z,en,0,0,0.57
triage,https://x.com/i/status/2108034970815967666,2026-10-08T03:21:17.000Z,en,0,0,0.3
triage,https://x.com/i/status/2108032887371002336,2026-10-08T03:13:00.000Z,en,0,0,0.4
triage,https://x.com/i/status/2108024638853025968,2026-10-08T02:40:13.000Z,en,1,0,0.44
triage,https://x.com/i/status/2108018618457829592,2026-10-08T02:16:18.000Z,en,1,0,0.56
triage,https://x.com/i/status/2108016224823369798,2026-10-08T02:06:47.000Z,en,0,0,0.52
triage,https://x.com/i/status/2108014680459424002,2026-10-08T02:00:39.000Z,en,0,0,0.13
triage,https://x.com/i/status/2108011114512478220,2026-10-08T01:46:29.000Z,en,1,0,0.44
triage,https://x.com/i/status/2108003465062732203,2026-10-08T01:16:05.000Z,zh,4,0,0.28
triage,https://x.com/i/status/2107990034456490319,2026-10-08T00:22:43.000Z,en,0,0,0.16
triage,https://x.com/i/status/2107985794874867811,2026-10-08T00:05:52.000Z,en,0,0,0.41
triage,https://x.com/i/status/2107983823921357136,2026-10-07T23:58:02.000Z,en,0,0,0.47
triage,https://x.com/i/status/2107982422402822376,2026-10-07T23:52:28.000Z,en,0,0,0.14
triage,https://x.com/i/status/2107980723085017173,2026-10-07T23:45:43.000Z,en,0,0,0.55
triage,https://x.com/i/status/2107973646996111485,2026-10-07T23:17:36.000Z,en,1,0,0.51
triage,https://x.com/i/status/2107967509333004747,2026-10-07T22:53:13.000Z,en,0,0,0.6
triage,https://x.com/i/status/2107963437154435182,2026-10-07T22:37:02.000Z,en,1638,57,0.51
triage,https://x.com/i/status/2107955276636684620,2026-10-07T22:04:36.000Z,en,3,0,0.13
triage,https://x.com/i/status/2107955072458170701,2026-10-07T22:03:47.000Z,en,0,0,0.49
triage,https://x.com/i/status/2107954374379024777,2026-10-07T22:01:01.000Z,en,0,0,0.72
triage,https://x.com/i/status/2107949082962772058,2026-10-07T21:39:59.000Z,ja,0,0,0.4
triage,https://x.com/i/status/2107938680824303864,2026-10-07T20:58:39.000Z,en,0,0,0.36
triage,https://x.com/i/status/2107937399858667747,2026-10-07T20:53:34.000Z,en,1,0,0.56
prototype,https://x.com/i/status/2108356777536594273,2026-10-09T00:40:01.000Z,qme,0,0,0.09
prototype,https://x.com/i/status/2108344028639236299,2026-10-08T23:49:22.000Z,en,0,0,0.09
prototype,https://x.com/i/status/2108342011388391618,2026-10-08T23:41:21.000Z,fr,0,0,0.2
prototype,https://x.com/i/status/2108341681108193516,2026-10-08T23:40:02.000Z,en,0,0,0.36
prototype,https://x.com/i/status/2108339394557907056,2026-10-08T23:30:57.000Z,en,0,0,0.15
prototype,https://x.com/i/status/2108338082030452843,2026-10-08T23:25:44.000Z,en,1,0,0.02
prototype,https://x.com/i/status/2108337936403927474,2026-10-08T23:25:09.000Z,en,0,0,0.57
prototype,https://x.com/i/status/2108336623050232234,2026-10-08T23:19:56.000Z,en,0,0,0.03
prototype,https://x.com/i/status/2108336181230600326,2026-10-08T23:18:11.000Z,en,0,0,0.04
prototype,https://x.com/i/status/2108333720935756029,2026-10-08T23:08:24.000Z,en,0,0,0.06
prototype,https://x.com/i/status/2108325349788700792,2026-10-08T22:35:08.000Z,en,20,0,0.49
prototype,https://x.com/i/status/2108323638571340226,2026-10-08T22:28:20.000Z,en,3,0,0.36
prototype,https://x.com/i/status/2108319349140562219,2026-10-08T22:11:18.000Z,en,1,1,0.13
prototype,https://x.com/i/status/2108318441375744346,2026-10-08T22:07:41.000Z,en,0,0,0.33
prototype,https://x.com/i/status/2108313556538245160,2026-10-08T21:48:17.000Z,en,3,0,0.4
prototype,https://x.com/i/status/2108313369421787400,2026-10-08T21:47:32.000Z,en,0,0,0.35
prototype,https://x.com/i/status/2108308490477256808,2026-10-08T21:28:09.000Z,en,13,0,0.59
prototype,https://x.com/i/status/2108304743902871616,2026-10-08T21:13:16.000Z,zxx,20,15,0.08
prototype,https://x.com/i/status/2108303461108625617,2026-10-08T21:08:10.000Z,fr,0,0,0.03
prototype,https://x.com/i/status/2108299154183389616,2026-10-08T20:51:03.000Z,en,0,0,0.31
prototype,https://x.com/i/status/2108297437483823354,2026-10-08T20:44:14.000Z,en,3,0,0.36
prototype,https://x.com/i/status/2108296036644999496,2026-10-08T20:38:40.000Z,en,0,0,0.23
prototype,https://x.com/i/status/2108294739791376736,2026-10-08T20:33:30.000Z,en,18,2,0.21
prototype,https://x.com/i/status/2108294370499711147,2026-10-08T20:32:02.000Z,en,41,2,0.23
prototype,https://x.com/i/status/2108294270729826724,2026-10-08T20:31:39.000Z,en,2,0,0.55
prototype,https://x.com/i/status/2108293601713324126,2026-10-08T20:28:59.000Z,en,0,0,0.32
prototype,https://x.com/i/status/2108291863618719880,2026-10-08T20:22:05.000Z,en,51,7,0.41
prototype,https://x.com/i/status/2108288688505643009,2026-10-08T20:09:28.000Z,en,1,0,0.03
prototype,https://x.com/i/status/2108287396739527090,2026-10-08T20:04:20.000Z,en,10,0,0.29
prototype,https://x.com/i/status/2108285788425466182,2026-10-08T19:57:56.000Z,en,0,0,0.2
prototype,https://x.com/i/status/2108283541541048443,2026-10-08T19:49:00.000Z,en,0,0,0.38
prototype,https://x.com/i/status/2108282289050304897,2026-10-08T19:44:02.000Z,zxx,1,1,0.09
prototype,https://x.com/i/status/2108281286007599562,2026-10-08T19:40:03.000Z,en,14,1,0.11
prototype,https://x.com/i/status/2108269001537474948,2026-10-08T18:51:14.000Z,en,0,0,0.27
prototype,https://x.com/i/status/2108258293005316298,2026-10-08T18:08:41.000Z,en,46,1,0.19
prototype,https://x.com/i/status/2108254162190295140,2026-10-08T17:52:16.000Z,en,1,1,0.35
prototype,https://x.com/i/status/2108253182023352755,2026-10-08T17:48:22.000Z,en,2,2,0.35
prototype,https://x.com/i/status/2108252917904089130,2026-10-08T17:47:19.000Z,en,3,0,0.13
prototype,https://x.com/i/status/2108250468594196806,2026-10-08T17:37:35.000Z,zh,28,4,0.1
prototype,https://x.com/i/status/2108248558365516286,2026-10-08T17:30:00.000Z,en,0,0,0.09
prototype,https://x.com/i/status/2108247471893660038,2026-10-08T17:25:41.000Z,en,123,2,0.19
prototype,https://x.com/i/status/2108234213011153278,2026-10-08T16:33:00.000Z,zxx,85,12,0.09
prototype,https://x.com/i/status/2108227602011824584,2026-10-08T16:06:43.000Z,en,1,0,0.03
prototype,https://x.com/i/status/2108222868702027964,2026-10-08T15:47:55.000Z,zxx,27,2,0.11
prototype,https://x.com/i/status/2108215068882096330,2026-10-08T15:16:55.000Z,en,0,0,0.05
prototype,https://x.com/i/status/2108213549344690424,2026-10-08T15:10:53.000Z,en,0,0,0.29
prototype,https://x.com/i/status/2108211088533893350,2026-10-08T15:01:06.000Z,en,4,1,0.21
prototype,https://x.com/i/status/2108211030732210613,2026-10-08T15:00:53.000Z,en,0,0,0.03
prototype,https://x.com/i/status/2108210398264705186,2026-10-08T14:58:22.000Z,en,6,3,0.02
prototype,https://x.com/i/status/2108206814236184802,2026-10-08T14:44:07.000Z,en,44,4,0.08
prototype,https://x.com/i/status/2108203383924629706,2026-10-08T14:30:29.000Z,en,1,0,0.06
prototype,https://x.com/i/status/2108200868889886994,2026-10-08T14:20:30.000Z,en,0,0,0.02
prototype,https://x.com/i/status/2108200535455355197,2026-10-08T14:19:10.000Z,en,0,0,0.04
prototype,https://x.com/i/status/2108199424321266015,2026-10-08T14:14:45.000Z,en,0,0,0.05
prototype,https://x.com/i/status/2108198690158731664,2026-10-08T14:11:50.000Z,en,0,0,0.02
prototype,https://x.com/i/status/2108191853610930482,2026-10-08T13:44:40.000Z,en,1,0,0.03
prototype,https://x.com/i/status/2108189625999298603,2026-10-08T13:35:49.000Z,zxx,207,38,0.09
prototype,https://x.com/i/status/2108185566986584280,2026-10-08T13:19:42.000Z,en,0,0,0.46
prototype,https://x.com/i/status/2108185272055660735,2026-10-08T13:18:31.000Z,en,3,1,0.6
prototype,https://x.com/i/status/2108180717523878099,2026-10-08T13:00:25.000Z,en,0,0,0.25
prototype,https://x.com/i/status/2108180069881672186,2026-10-08T12:57:51.000Z,en,1,0,0.51
prototype,https://x.com/i/status/2108175148935237695,2026-10-08T12:38:18.000Z,en,38,7,0.15
prototype,https://x.com/i/status/2108173764768747789,2026-10-08T12:32:48.000Z,zxx,0,0,0.13
prototype,https://x.com/i/status/2108173304674861174,2026-10-08T12:30:58.000Z,en,0,0,0.04
prototype,https://x.com/i/status/2108172743049093329,2026-10-08T12:28:44.000Z,en,0,0,0.71
prototype,https://x.com/i/status/2108172226524516570,2026-10-08T12:26:41.000Z,en,0,0,0.06
prototype,https://x.com/i/status/2108167065940996360,2026-10-08T12:06:11.000Z,en,3,0,0.27
prototype,https://x.com/i/status/2108157958043377803,2026-10-08T11:29:59.000Z,en,2,0,0.05
prototype,https://x.com/i/status/2108156762591285662,2026-10-08T11:25:14.000Z,en,0,0,0.03
prototype,https://x.com/i/status/2108152442164539722,2026-10-08T11:08:04.000Z,en,2,0,0.43
prototype,https://x.com/i/status/2108152239617421670,2026-10-08T11:07:16.000Z,en,0,0,0.16
prototype,https://x.com/i/status/2108148550882202106,2026-10-08T10:52:36.000Z,en,0,0,0.1
prototype,https://x.com/i/status/2108135316590670218,2026-10-08T10:00:01.000Z,en,0,0,0.05
prototype,https://x.com/i/status/2108134755157823944,2026-10-08T09:57:47.000Z,en,1,0,0.28
prototype,https://x.com/i/status/2108134027618287683,2026-10-08T09:54:54.000Z,en,0,0,0.03
prototype,https://x.com/i/status/2108132301242564866,2026-10-08T09:48:02.000Z,zxx,35,4,0.09
prototype,https://x.com/i/status/2108131942143066355,2026-10-08T09:46:36.000Z,zxx,1,1,0.12
prototype,https://x.com/i/status/2108130288475807767,2026-10-08T09:40:02.000Z,en,0,0,0.59
prototype,https://x.com/i/status/2108124671044706368,2026-10-08T09:17:43.000Z,en,0,0,0.02
prototype,https://x.com/i/status/2108119157057429573,2026-10-08T08:55:48.000Z,en,0,0,0.12
prototype,https://x.com/i/status/2108113732199133472,2026-10-08T08:34:15.000Z,zxx,24,12,0.11
prototype,https://x.com/i/status/2108112935671496871,2026-10-08T08:31:05.000Z,en,0,0,0.05
prototype,https://x.com/i/status/2108111608891503033,2026-10-08T08:25:49.000Z,en,1,0,0.03
prototype,https://x.com/i/status/2108109167995367827,2026-10-08T08:16:07.000Z,in,57,1,0.46
prototype,https://x.com/i/status/2108108518977048893,2026-10-08T08:13:32.000Z,en,0,0,0.54
prototype,https://x.com/i/status/2108105123335410029,2026-10-08T08:00:02.000Z,zxx,1,0,0.11
prototype,https://x.com/i/status/2108104969614500081,2026-10-08T07:59:26.000Z,en,0,0,0.05
prototype,https://x.com/i/status/2108103558583419285,2026-10-08T07:53:49.000Z,en,1,0,0.02
prototype,https://x.com/i/status/2108102108306350311,2026-10-08T07:48:03.000Z,en,0,0,0.02
prototype,https://x.com/i/status/2108101363838423479,2026-10-08T07:45:06.000Z,en,1,0,0.04
prototype,https://x.com/i/status/2108100631793672627,2026-10-08T07:42:11.000Z,en,1,0,0.21
prototype,https://x.com/i/status/2108100432954265864,2026-10-08T07:41:24.000Z,en,0,0,0.3
prototype,https://x.com/i/status/2108099839036924375,2026-10-08T07:39:02.000Z,zxx,0,0,0.1
prototype,https://x.com/i/status/2108098747351584973,2026-10-08T07:34:42.000Z,en,1,0,0.09
prototype,https://x.com/i/status/2108095841303171168,2026-10-08T07:23:09.000Z,en,9,0,0.22
prototype,https://x.com/i/status/2108092551416906190,2026-10-08T07:10:05.000Z,en,1,0,0.05
prototype,https://x.com/i/status/2108092203914731755,2026-10-08T07:08:42.000Z,en,0,0,0.03
prototype,https://x.com/i/status/2108086440991117455,2026-10-08T06:45:48.000Z,en,143,28,0.04
prototype,https://x.com/i/status/2108081132054958583,2026-10-08T06:24:42.000Z,en,2,0,0.2
prototype,https://x.com/i/status/2108080318062137572,2026-10-08T06:21:28.000Z,en,0,0,0.2
admapix,https://x.com/i/status/2106940909367820293,2026-10-05T02:53:52.000Z,en,1,0,0.54
grilling,https://x.com/i/status/2108256112726442075,2026-10-08T18:00:01.000Z,es,0,0,0.03
grilling,https://x.com/i/status/2108254381061656881,2026-10-08T17:53:08.000Z,en,0,0,0.78
grilling,https://x.com/i/status/2108243541885374688,2026-10-08T17:10:04.000Z,en,2,1,0.75
grilling,https://x.com/i/status/2108216899439894574,2026-10-08T15:24:12.000Z,en,1184,52,0.91
grilling,https://x.com/i/status/2108191267238904048,2026-10-08T13:42:21.000Z,en,0,0,0.92
grilling,https://x.com/i/status/2108124016435446018,2026-10-08T09:15:07.000Z,en,2,0,0.94
grilling,https://x.com/i/status/2108100768062681433,2026-10-08T07:42:44.000Z,tr,1,0,0.86
grilling,https://x.com/i/status/2108092836210204763,2026-10-08T07:11:13.000Z,zh,4,0,0.94
grilling,https://x.com/i/status/2108064892255408139,2026-10-08T05:20:10.000Z,en,1,0,0.9
grilling,https://x.com/i/status/2108015123499819324,2026-10-08T02:02:25.000Z,en,0,0,0.91
grilling,https://x.com/i/status/2107999417416446149,2026-10-08T01:00:00.000Z,en,0,0,0.03
grilling,https://x.com/i/status/2107940634158072228,2026-10-07T21:06:25.000Z,en,0,0,0.91
grilling,https://x.com/i/status/2107935918481088884,2026-10-07T20:47:41.000Z,in,14,0,0.75
grilling,https://x.com/i/status/2107933807798055294,2026-10-07T20:39:17.000Z,en,1,0,0.94
grilling,https://x.com/i/status/2107924289257398628,2026-10-07T20:01:28.000Z,en,1,0,0.9
grilling,https://x.com/i/status/2107906017019453506,2026-10-07T18:48:52.000Z,en,0,0,0.9
grilling,https://x.com/i/status/2107871486912688566,2026-10-07T16:31:39.000Z,en,0,0,0.03
grilling,https://x.com/i/status/2107860651741999134,2026-10-07T15:48:36.000Z,en,0,0,0.85
grilling,https://x.com/i/status/2107859324722704539,2026-10-07T15:43:19.000Z,und,22,0,0.56
grilling,https://x.com/i/status/2107858829270753631,2026-10-07T15:41:21.000Z,en,35,0,0.86
grilling,https://x.com/i/status/2107823557502005624,2026-10-07T13:21:12.000Z,en,0,0,0.91
grilling,https://x.com/i/status/2107814099962700283,2026-10-07T12:43:37.000Z,en,2,0,0.1
grilling,https://x.com/i/status/2107709355483160711,2026-10-07T05:47:24.000Z,en,1,0,0.06
grilling,https://x.com/i/status/2107669744098623779,2026-10-07T03:10:00.000Z,ja,0,0,0.95
grilling,https://x.com/i/status/2107637034072568239,2026-10-07T01:00:01.000Z,en,0,0,0.03
grilling,https://x.com/i/status/2107591733618126961,2026-10-06T22:00:01.000Z,en,0,0,0.02
grilling,https://x.com/i/status/2107525890745962514,2026-10-06T17:38:22.000Z,en,0,0,0.94
grilling,https://x.com/i/status/2107448967881768989,2026-10-06T12:32:43.000Z,en,0,0,0.88
grilling,https://x.com/i/status/2107447968999616880,2026-10-06T12:28:44.000Z,en,0,0,0.89
grilling,https://x.com/i/status/2107440597846065418,2026-10-06T11:59:27.000Z,en,2,0,0.92
grilling,https://x.com/i/status/2107437108541432008,2026-10-06T11:45:35.000Z,en,1,0,0.79
grilling,https://x.com/i/status/2107424146963521792,2026-10-06T10:54:05.000Z,zh,0,0,0.92
grilling,https://x.com/i/status/2107391372244234640,2026-10-06T08:43:51.000Z,en,23,0,0.94
grilling,https://x.com/i/status/2107319944266293500,2026-10-06T04:00:01.000Z,en,1,0,0.03
grilling,https://x.com/i/status/2107315252752982231,2026-10-06T03:41:22.000Z,en,1,0,0.17
grilling,https://x.com/i/status/2107274648677208110,2026-10-06T01:00:02.000Z,en,0,0,0.04
grilling,https://x.com/i/status/2107263042295861518,2026-10-06T00:13:54.000Z,en,2,0,0.04
grilling,https://x.com/i/status/2107229355365863614,2026-10-05T22:00:03.000Z,en,1,1,0.03
grilling,https://x.com/i/status/2107195347626061966,2026-10-05T19:44:55.000Z,en,11,0,0.04
grilling,https://x.com/i/status/2107157509089935464,2026-10-05T17:14:33.000Z,zh,64,13,0.06
grilling,https://x.com/i/status/2107142044150071416,2026-10-05T16:13:06.000Z,en,0,0,0.93
grilling,https://x.com/i/status/2107120307282797040,2026-10-05T14:46:44.000Z,en,24,0,0.6
grilling,https://x.com/i/status/2107119620331045039,2026-10-05T14:44:00.000Z,en,2,0,0.09
grilling,https://x.com/i/status/2107116480022143299,2026-10-05T14:31:31.000Z,en,0,0,0.91
grilling,https://x.com/i/status/2107110344665506073,2026-10-05T14:07:09.000Z,en,1,0,0.06
grilling,https://x.com/i/status/2107098828629217525,2026-10-05T13:21:23.000Z,en,1,0,0.88
grilling,https://x.com/i/status/2107096062351528133,2026-10-05T13:10:23.000Z,en,0,0,0.95
grilling,https://x.com/i/status/2107054627489206276,2026-10-05T10:25:45.000Z,en,0,0,0.94
grilling,https://x.com/i/status/2107047726781514112,2026-10-05T09:58:19.000Z,en,1,0,0.92
grilling,https://x.com/i/status/2107033301357580733,2026-10-05T09:01:00.000Z,zh,0,0,0.96
grilling,https://x.com/i/status/2106962354760253508,2026-10-05T04:19:05.000Z,zh,2,0,0.8
grilling,https://x.com/i/status/2106912257829707888,2026-10-05T01:00:01.000Z,en,0,0,0.03
grilling,https://x.com/i/status/2106784032683876412,2026-10-04T16:30:30.000Z,en,2,0,0.95
grilling,https://x.com/i/status/2106744345881632938,2026-10-04T13:52:48.000Z,en,1,0,0.89
grilling,https://x.com/i/status/2106729822903013873,2026-10-04T12:55:05.000Z,en,0,0,0.93
grilling,https://x.com/i/status/2106684207649153399,2026-10-04T09:53:50.000Z,en,0,0,0.03
grilling,https://x.com/i/status/2106660106595385634,2026-10-04T08:18:03.000Z,en,2,0,0.78
grilling,https://x.com/i/status/2106651794734756255,2026-10-04T07:45:02.000Z,en,0,0,0.04
grilling,https://x.com/i/status/2106549874749526163,2026-10-04T01:00:02.000Z,en,0,0,0.03
grilling,https://x.com/i/status/2106546949893579242,2026-10-04T00:48:25.000Z,es,0,0,0.9
grilling,https://x.com/i/status/2106536780304732385,2026-10-04T00:08:00.000Z,en,1,0,0.12
grilling,https://x.com/i/status/2106360764533805546,2026-10-03T12:28:35.000Z,en,7,0,0.27
grilling,https://x.com/i/status/2106257775101919505,2026-10-03T05:39:20.000Z,ja,117,9,0.85
grilling,https://x.com/i/status/2106187488964346272,2026-10-03T01:00:03.000Z,en,0,0,0.03
grilling,https://x.com/i/status/2106184869273559071,2026-10-03T00:49:38.000Z,en,2,0,0.07
grilling,https://x.com/i/status/2106059999940087879,2026-10-02T16:33:27.000Z,es,1,0,0.92
grilling,https://x.com/i/status/2106044105101103248,2026-10-02T15:30:17.000Z,en,0,0,0.65
grilling,https://x.com/i/status/2106024374729879835,2026-10-02T14:11:53.000Z,en,1,0,0.31
grilling,https://x.com/i/status/2105990116510740758,2026-10-02T11:55:45.000Z,en,0,0,0.15
grilling,https://x.com/i/status/2105852236630827097,2026-10-02T02:47:52.000Z,en,6,0,0.92
grilling,https://x.com/i/status/2105825092186108062,2026-10-02T01:00:00.000Z,en,0,0,0.04
humanizer,https://x.com/i/status/2108241395630715079,2026-10-08T17:01:32.000Z,zxx,1,0,0.22
humanizer,https://x.com/i/status/2108240002014642443,2026-10-08T16:56:00.000Z,en,0,0,0.07
humanizer,https://x.com/i/status/2108226119585468856,2026-10-08T16:00:50.000Z,en,3,0,0.96
humanizer,https://x.com/i/status/2108222962306548005,2026-10-08T15:48:17.000Z,en,101,5,0.14
humanizer,https://x.com/i/status/2108211952900309152,2026-10-08T15:04:32.000Z,zh,16,0,0.15
humanizer,https://x.com/i/status/2108207728422424812,2026-10-08T14:47:45.000Z,en,43,18,0.1
humanizer,https://x.com/i/status/2108196861979082925,2026-10-08T14:04:34.000Z,en,25,2,0.4
humanizer,https://x.com/i/status/2108191305776124261,2026-10-08T13:42:30.000Z,zh,0,0,0.93
humanizer,https://x.com/i/status/2108188594913325275,2026-10-08T13:31:43.000Z,en,59,3,0.15
humanizer,https://x.com/i/status/2108148741014458839,2026-10-08T10:53:22.000Z,zh,62,8,0.13
humanizer,https://x.com/i/status/2107913535594676400,2026-10-07T19:18:44.000Z,en,0,0,0.87
humanizer,https://x.com/i/status/2107871391240351876,2026-10-07T16:31:16.000Z,en,2,0,0.93
humanizer,https://x.com/i/status/2107859139938660811,2026-10-07T15:42:35.000Z,ko,16,3,0.93
humanizer,https://x.com/i/status/2107839994630934697,2026-10-07T14:26:31.000Z,en,0,0,0.63
humanizer,https://x.com/i/status/2107742267348042177,2026-10-07T07:58:11.000Z,zh,1,0,0.7
humanizer,https://x.com/i/status/2107723362630082822,2026-10-07T06:43:03.000Z,en,140,27,0.07
humanizer,https://x.com/i/status/2107703958857044246,2026-10-07T05:25:57.000Z,zh,3,0,0.71
humanizer,https://x.com/i/status/2107692286113202269,2026-10-07T04:39:34.000Z,fr,57,3,0.17
humanizer,https://x.com/i/status/2107677561417261421,2026-10-07T03:41:04.000Z,zh,0,0,0.16
humanizer,https://x.com/i/status/2107672920034341054,2026-10-07T03:22:37.000Z,en,1,0,0.94
humanizer,https://x.com/i/status/2107646806867968122,2026-10-07T01:38:51.000Z,en,2,0,0.06
humanizer,https://x.com/i/status/2107498419099209806,2026-10-06T15:49:13.000Z,zh,830,182,0.31
humanizer,https://x.com/i/status/2107466570738127202,2026-10-06T13:42:39.000Z,es,0,0,0.68
humanizer,https://x.com/i/status/2107466550156640269,2026-10-06T13:42:35.000Z,es,0,0,0.71
humanizer,https://x.com/i/status/2107455248973640049,2026-10-06T12:57:40.000Z,zxx,6,0,0.19
humanizer,https://x.com/i/status/2107380475744686468,2026-10-06T08:00:33.000Z,en,1,0,0.26
humanizer,https://x.com/i/status/2107374442586239161,2026-10-06T07:36:34.000Z,en,2,0,0.03
humanizer,https://x.com/i/status/2107333962766893493,2026-10-06T04:55:43.000Z,zh,4,0,0.8
humanizer,https://x.com/i/status/2107267297299833028,2026-10-06T00:30:49.000Z,en,0,0,0.85
humanizer,https://x.com/i/status/2107173487140037025,2026-10-05T18:18:03.000Z,en,1,0,0.94
humanizer,https://x.com/i/status/2107157509089935464,2026-10-05T17:14:33.000Z,zh,64,13,0.05
humanizer,https://x.com/i/status/2107128094951641418,2026-10-05T15:17:41.000Z,zh,12,1,0.96
humanizer,https://x.com/i/status/2107078285939331328,2026-10-05T11:59:45.000Z,en,50,2,0.22
humanizer,https://x.com/i/status/2107070328585240912,2026-10-05T11:28:08.000Z,en,0,0,0.76
humanizer,https://x.com/i/status/2107050121188004324,2026-10-05T10:07:50.000Z,en,25,16,0.23
humanizer,https://x.com/i/status/2107049804480291261,2026-10-05T10:06:35.000Z,zxx,117,19,0.22
humanizer,https://x.com/i/status/2107021204527915075,2026-10-05T08:12:56.000Z,ja,1,0,0.94
humanizer,https://x.com/i/status/2106987610216481237,2026-10-05T05:59:26.000Z,en,0,0,0.89
humanizer,https://x.com/i/status/2106987604495442085,2026-10-05T05:59:25.000Z,en,0,1,0.92
humanizer,https://x.com/i/status/2106984060358938952,2026-10-05T05:45:20.000Z,en,1,0,0.91
humanizer,https://x.com/i/status/2106976465397174392,2026-10-05T05:15:09.000Z,en,2,0,0.07
humanizer,https://x.com/i/status/2106869070075133953,2026-10-04T22:08:24.000Z,en,2,1,0.78
humanizer,https://x.com/i/status/2106837007250952279,2026-10-04T20:01:00.000Z,zh,5,3,0.2
humanizer,https://x.com/i/status/2106815617466855807,2026-10-04T18:36:00.000Z,zxx,859,140,0.17
humanizer,https://x.com/i/status/2106773521917771807,2026-10-04T15:48:44.000Z,en,0,0,0.45
humanizer,https://x.com/i/status/2106761286608699668,2026-10-04T15:00:07.000Z,en,0,0,0.93
humanizer,https://x.com/i/status/2106691090720207006,2026-10-04T10:21:11.000Z,en,48,19,0.27
humanizer,https://x.com/i/status/2106681243391885818,2026-10-04T09:42:03.000Z,en,1,0,0.11
humanizer,https://x.com/i/status/2106527632485699936,2026-10-03T23:31:39.000Z,en,2,0,0.87
humanizer,https://x.com/i/status/2106509124720816286,2026-10-03T22:18:07.000Z,en,0,0,0.95
humanizer,https://x.com/i/status/2106479296755990998,2026-10-03T20:19:35.000Z,en,0,0,0.91
humanizer,https://x.com/i/status/2106377062860947510,2026-10-03T13:33:21.000Z,en,4,1,0.87
humanizer,https://x.com/i/status/2106377056942694490,2026-10-03T13:33:19.000Z,en,48,8,0.91
humanizer,https://x.com/i/status/2106263730623312321,2026-10-03T06:03:00.000Z,zh,3,1,0.95
humanizer,https://x.com/i/status/2106199328478110014,2026-10-03T01:47:05.000Z,en,22,14,0.26
humanizer,https://x.com/i/status/2106163600704545134,2026-10-02T23:25:07.000Z,zh,1,0,0.07
humanizer,https://x.com/i/status/2106141534425067695,2026-10-02T21:57:26.000Z,zh,0,0,0.97
humanizer,https://x.com/i/status/2106127645855662518,2026-10-02T21:02:15.000Z,zh,83,2,0.96
humanizer,https://x.com/i/status/2106124396834218206,2026-10-02T20:49:20.000Z,en,0,0,0.96
humanizer,https://x.com/i/status/2106124385631223916,2026-10-02T20:49:18.000Z,en,0,0,0.95
humanizer,https://x.com/i/status/2106124375007334535,2026-10-02T20:49:15.000Z,en,0,0,0.96
humanizer,https://x.com/i/status/2106075970168049693,2026-10-02T17:36:54.000Z,en,0,0,0.95
humanizer,https://x.com/i/status/2106061865600368882,2026-10-02T16:40:52.000Z,en,2,0,0.95
humanizer,https://x.com/i/status/2106051134628512189,2026-10-02T15:58:13.000Z,fa,16,0,0.16
humanizer,https://x.com/i/status/2106033988808626680,2026-10-02T14:50:05.000Z,en,0,0,0.12
humanizer,https://x.com/i/status/2105981172119748816,2026-10-02T11:20:13.000Z,en,0,0,0.89
humanizer,https://x.com/i/status/2105898321877532887,2026-10-02T05:51:00.000Z,zh,71,16,0.08
humanizer,https://x.com/i/status/2105868905860542832,2026-10-02T03:54:06.000Z,en,14,4,0.33
humanizer,https://x.com/i/status/2105846713101726104,2026-10-02T02:25:55.000Z,en,0,0,0.95
humanizer,https://x.com/i/status/2105836690187407404,2026-10-02T01:46:06.000Z,en,79,48,0.56
reddit-automation,https://x.com/i/status/2107110344665506073,2026-10-05T14:07:09.000Z,en,1,0,0.73
reddit-automation,https://x.com/i/status/2106407530981400731,2026-10-03T15:34:25.000Z,en,8,1,0.9
reddit-automation,https://x.com/i/status/2106315860721983512,2026-10-03T09:30:09.000Z,en,9,2,0.92
reddit-automation,https://x.com/i/status/2106023334609592664,2026-10-02T14:07:45.000Z,en,0,0,0.77
hyperframes,https://x.com/i/status/2108354486146339189,2026-10-09T00:30:55.000Z,zh,0,0,0.8
hyperframes,https://x.com/i/status/2108353367114420652,2026-10-09T00:26:28.000Z,ja,0,0,0.86
hyperframes,https://x.com/i/status/2108352984123929004,2026-10-09T00:24:57.000Z,en,0,0,0.07
hyperframes,https://x.com/i/status/2108350606863896978,2026-10-09T00:15:30.000Z,zh,10,2,0.54
hyperframes,https://x.com/i/status/2108347153022353588,2026-10-09T00:01:47.000Z,ja,0,0,0.96
hyperframes,https://x.com/i/status/2108339584346300490,2026-10-08T23:31:42.000Z,en,1,0,0.95
hyperframes,https://x.com/i/status/2108328831199453234,2026-10-08T22:48:58.000Z,zxx,8,0,0.32
hyperframes,https://x.com/i/status/2108325120477675854,2026-10-08T22:34:14.000Z,en,1,0,0.92
hyperframes,https://x.com/i/status/2108319598735130977,2026-10-08T22:12:17.000Z,ja,62,2,0.92
hyperframes,https://x.com/i/status/2108316391258693990,2026-10-08T21:59:32.000Z,en,19,2,0.91
hyperframes,https://x.com/i/status/2108314776585843172,2026-10-08T21:53:07.000Z,en,19,0,0.83
hyperframes,https://x.com/i/status/2108313148470280630,2026-10-08T21:46:39.000Z,en,1,0,0.9
hyperframes,https://x.com/i/status/2108312859725717645,2026-10-08T21:45:30.000Z,pt,5,0,0.88
hyperframes,https://x.com/i/status/2108311347796541572,2026-10-08T21:39:30.000Z,en,14,2,0.06
hyperframes,https://x.com/i/status/2108302461077536789,2026-10-08T21:04:11.000Z,en,36,3,0.93
hyperframes,https://x.com/i/status/2108293609976160302,2026-10-08T20:29:01.000Z,en,0,0,0.88
hyperframes,https://x.com/i/status/2108290378919301263,2026-10-08T20:16:11.000Z,en,7,1,0.86
hyperframes,https://x.com/i/status/2108286382385045748,2026-10-08T20:00:18.000Z,en,1,0,0.12
hyperframes,https://x.com/i/status/2108285933506445501,2026-10-08T19:58:31.000Z,zxx,0,0,0.3
hyperframes,https://x.com/i/status/2108281064766521528,2026-10-08T19:39:10.000Z,en,0,0,0.94
hyperframes,https://x.com/i/status/2108279262143021255,2026-10-08T19:32:00.000Z,en,49,2,0.88
hyperframes,https://x.com/i/status/2108278081891004782,2026-10-08T19:27:19.000Z,en,11,0,0.92
hyperframes,https://x.com/i/status/2108274305570390403,2026-10-08T19:12:18.000Z,en,459,29,0.9
hyperframes,https://x.com/i/status/2108266361990291624,2026-10-08T18:40:45.000Z,en,1,0,0.93
hyperframes,https://x.com/i/status/2108263833303163151,2026-10-08T18:30:42.000Z,en,4,0,0.92
hyperframes,https://x.com/i/status/2108263570266087837,2026-10-08T18:29:39.000Z,en,0,0,0.92
hyperframes,https://x.com/i/status/2108249417358909468,2026-10-08T17:33:25.000Z,en,0,0,0.25
hyperframes,https://x.com/i/status/2108246464853913668,2026-10-08T17:21:41.000Z,en,3,0,0.95
hyperframes,https://x.com/i/status/2108234545950499082,2026-10-08T16:34:19.000Z,en,16,0,0.91
hyperframes,https://x.com/i/status/2108225847400218904,2026-10-08T15:59:45.000Z,en,1,0,0.91
hyperframes,https://x.com/i/status/2108225558807253091,2026-10-08T15:58:36.000Z,en,0,0,0.05
hyperframes,https://x.com/i/status/2108222962306548005,2026-10-08T15:48:17.000Z,en,101,5,0.06
hyperframes,https://x.com/i/status/2108218772016472366,2026-10-08T15:31:38.000Z,en,1,0,0.95
hyperframes,https://x.com/i/status/2108215529311756604,2026-10-08T15:18:45.000Z,pt,0,0,0.94
hyperframes,https://x.com/i/status/2108210571699196359,2026-10-08T14:59:03.000Z,en,1,0,0.8
hyperframes,https://x.com/i/status/2108210429893730357,2026-10-08T14:58:29.000Z,en,0,0,0.8
hyperframes,https://x.com/i/status/2108205644033806837,2026-10-08T14:39:28.000Z,zxx,347,64,0.29
hyperframes,https://x.com/i/status/2108205555412037806,2026-10-08T14:39:07.000Z,es,0,0,0.93
hyperframes,https://x.com/i/status/2108199164219699560,2026-10-08T14:13:43.000Z,en,4,0,0.85
hyperframes,https://x.com/i/status/2108194404347281483,2026-10-08T13:54:49.000Z,en,3,0,0.84
hyperframes,https://x.com/i/status/2108185797119910239,2026-10-08T13:20:36.000Z,ja,2,0,0.96
hyperframes,https://x.com/i/status/2108183547634975126,2026-10-08T13:11:40.000Z,en,1,0,0.03
hyperframes,https://x.com/i/status/2108182955671580771,2026-10-08T13:09:19.000Z,en,836,72,0.24
hyperframes,https://x.com/i/status/2108181367221567782,2026-10-08T13:03:00.000Z,en,0,0,0.95
hyperframes,https://x.com/i/status/2108172059495022812,2026-10-08T12:26:01.000Z,zh,350,96,0.96
hyperframes,https://x.com/i/status/2108165008169353576,2026-10-08T11:58:00.000Z,en,2,0,0.94
hyperframes,https://x.com/i/status/2108165007733031317,2026-10-08T11:58:00.000Z,es,80,6,0.96
hyperframes,https://x.com/i/status/2108154947686850763,2026-10-08T11:18:01.000Z,en,1,0,0.95
hyperframes,https://x.com/i/status/2108142728420700346,2026-10-08T10:29:28.000Z,en,131,7,0.91
hyperframes,https://x.com/i/status/2108141178105520538,2026-10-08T10:23:18.000Z,en,3,0,0.08
hyperframes,https://x.com/i/status/2108134722060579113,2026-10-08T09:57:39.000Z,en,0,0,0.83
hyperframes,https://x.com/i/status/2108129745322008808,2026-10-08T09:37:53.000Z,en,0,0,0.96
hyperframes,https://x.com/i/status/2108127679845376170,2026-10-08T09:29:40.000Z,zh,18,10,0.59
hyperframes,https://x.com/i/status/2108123629557002745,2026-10-08T09:13:34.000Z,en,1,0,0.96
hyperframes,https://x.com/i/status/2108115750317920497,2026-10-08T08:42:16.000Z,zh,1,0,0.94
hyperframes,https://x.com/i/status/2108115745670647985,2026-10-08T08:42:15.000Z,zh,32,6,0.94
hyperframes,https://x.com/i/status/2108113372290208026,2026-10-08T08:32:49.000Z,en,1,0,0.85
hyperframes,https://x.com/i/status/2108110782231957771,2026-10-08T08:22:31.000Z,zxx,3,0,0.28
hyperframes,https://x.com/i/status/2108109793840033878,2026-10-08T08:18:36.000Z,zh,0,0,0.65
hyperframes,https://x.com/i/status/2108109791411532194,2026-10-08T08:18:35.000Z,zh,14,2,0.89
hyperframes,https://x.com/i/status/2108107135003550040,2026-10-08T08:08:02.000Z,zh,2,0,0.96
hyperframes,https://x.com/i/status/2108105802531885269,2026-10-08T08:02:44.000Z,en,5,0,0.93
hyperframes,https://x.com/i/status/2108103181267767715,2026-10-08T07:52:19.000Z,en,1,0,0.95
hyperframes,https://x.com/i/status/2108086316458201291,2026-10-08T06:45:18.000Z,en,34,11,0.07
hyperframes,https://x.com/i/status/2108080735693496332,2026-10-08T06:23:08.000Z,en,2,0,0.89
hyperframes,https://x.com/i/status/2108076612327477561,2026-10-08T06:06:45.000Z,zh,4,0,0.96
hyperframes,https://x.com/i/status/2108062374028783947,2026-10-08T05:10:10.000Z,zh,5,0,0.93
hyperframes,https://x.com/i/status/2108041434049745128,2026-10-08T03:46:58.000Z,en,0,0,0.83
hyperframes,https://x.com/i/status/2108039431647105397,2026-10-08T03:39:00.000Z,en,42,0,0.94
hyperframes,https://x.com/i/status/2108037108661371256,2026-10-08T03:29:46.000Z,zxx,5,1,0.3
hyperframes,https://x.com/i/status/2108022363346567389,2026-10-08T02:31:11.000Z,en,1,0,0.88
hyperframes,https://x.com/i/status/2108020555576205574,2026-10-08T02:24:00.000Z,en,4,0,0.92
hyperframes,https://x.com/i/status/2108001731619823867,2026-10-08T01:09:12.000Z,ja,3,0,0.11
hyperframes,https://x.com/i/status/2108000665859768366,2026-10-08T01:04:58.000Z,en,1,0,0.83
hyperframes,https://x.com/i/status/2107994576334279167,2026-10-08T00:40:46.000Z,en,1,0,0.91
hyperframes,https://x.com/i/status/2107993458220863496,2026-10-08T00:36:19.000Z,en,2,0,0.93
hyperframes,https://x.com/i/status/2107990439563608398,2026-10-08T00:24:20.000Z,en,8,1,0.92
hyperframes,https://x.com/i/status/2107989932811952582,2026-10-08T00:22:19.000Z,zh,2,0,0.07
hyperframes,https://x.com/i/status/2107969778224951418,2026-10-07T23:02:13.000Z,en,0,0,0.3
hyperframes,https://x.com/i/status/2107966418125774907,2026-10-07T22:48:52.000Z,en,4,0,0.9
hyperframes,https://x.com/i/status/2107960016724480422,2026-10-07T22:23:26.000Z,en,6,0,0.8
hyperframes,https://x.com/i/status/2107956544994177359,2026-10-07T22:09:38.000Z,en,2,0,0.91
hyperframes,https://x.com/i/status/2107943701377167789,2026-10-07T21:18:36.000Z,en,1,0,0.92
hyperframes,https://x.com/i/status/2107932013596656079,2026-10-07T20:32:10.000Z,en,1,0,0.93
hyperframes,https://x.com/i/status/2107920682113970236,2026-10-07T19:47:08.000Z,en,39,1,0.81
hyperframes,https://x.com/i/status/2107914220276973653,2026-10-07T19:21:27.000Z,en,1,0,0.82
hyperframes,https://x.com/i/status/2107912052732035156,2026-10-07T19:12:51.000Z,en,13,3,0.1
hyperframes,https://x.com/i/status/2107903802514768027,2026-10-07T18:40:04.000Z,zxx,24,1,0.29
hyperframes,https://x.com/i/status/2107887087777427682,2026-10-07T17:33:39.000Z,en,4,0,0.94
hyperframes,https://x.com/i/status/2107885253977334003,2026-10-07T17:26:21.000Z,en,105,10,0.77
hyperframes,https://x.com/i/status/2107884342823485507,2026-10-07T17:22:44.000Z,en,394,25,0.83
hyperframes,https://x.com/i/status/2107883796859420922,2026-10-07T17:20:34.000Z,en,11,0,0.85
hyperframes,https://x.com/i/status/2107883030475903259,2026-10-07T17:17:31.000Z,zxx,7,0,0.29
hyperframes,https://x.com/i/status/2107876566801768496,2026-10-07T16:51:50.000Z,en,2,0,0.97
hyperframes,https://x.com/i/status/2107859139938660811,2026-10-07T15:42:35.000Z,ko,16,3,0.92
hyperframes,https://x.com/i/status/2107850665414492219,2026-10-07T15:08:55.000Z,en,1,0,0.92
hyperframes,https://x.com/i/status/2107843494412767622,2026-10-07T14:40:25.000Z,en,1,0,0.91
hyperframes,https://x.com/i/status/2107843436485431626,2026-10-07T14:40:11.000Z,en,3,0,0.88
hyperframes,https://x.com/i/status/2107834832189595959,2026-10-07T14:06:00.000Z,en,1,0,0.24
hyperframes,https://x.com/i/status/2107833822821642464,2026-10-07T14:01:59.000Z,es,0,0,0.93
obsidian,https://x.com/i/status/2108350223948878136,2026-10-09T00:13:59.000Z,en,0,0,0.57
obsidian,https://x.com/i/status/2108348964697411971,2026-10-09T00:08:59.000Z,en,1,0,0.47
obsidian,https://x.com/i/status/2108339839800131854,2026-10-08T23:32:43.000Z,en,3,0,0.41
obsidian,https://x.com/i/status/2108335402155147436,2026-10-08T23:15:05.000Z,en,1,0,0.39
obsidian,https://x.com/i/status/2108333057652769193,2026-10-08T23:05:46.000Z,en,4,0,0.41
obsidian,https://x.com/i/status/2108329789027123628,2026-10-08T22:52:47.000Z,en,0,0,0.55
obsidian,https://x.com/i/status/2108327678134653397,2026-10-08T22:44:23.000Z,en,0,0,0.47
obsidian,https://x.com/i/status/2108322733771891072,2026-10-08T22:24:45.000Z,ja,14,1,0.07
obsidian,https://x.com/i/status/2108319390995472853,2026-10-08T22:11:28.000Z,zxx,3,1,0.13
obsidian,https://x.com/i/status/2108317799097479343,2026-10-08T22:05:08.000Z,en,1,0,0.08
obsidian,https://x.com/i/status/2108315967994351753,2026-10-08T21:57:52.000Z,en,0,0,0.4
obsidian,https://x.com/i/status/2108313297103774166,2026-10-08T21:47:15.000Z,en,2,0,0.04
obsidian,https://x.com/i/status/2108312855686860804,2026-10-08T21:45:30.000Z,en,0,0,0.44
obsidian,https://x.com/i/status/2108312189211943163,2026-10-08T21:42:51.000Z,en,1,0,0.45
obsidian,https://x.com/i/status/2108304941010096496,2026-10-08T21:14:03.000Z,zxx,17,0,0.15
obsidian,https://x.com/i/status/2108288123746877498,2026-10-08T20:07:13.000Z,en,0,0,0.35
obsidian,https://x.com/i/status/2108284285945884676,2026-10-08T19:51:58.000Z,en,0,0,0.5
obsidian,https://x.com/i/status/2108279231134216293,2026-10-08T19:31:53.000Z,pt,1,0,0.28
obsidian,https://x.com/i/status/2108272476807737784,2026-10-08T19:05:02.000Z,zh,0,0,0.41
obsidian,https://x.com/i/status/2108270352766034278,2026-10-08T18:56:36.000Z,en,0,0,0.46
obsidian,https://x.com/i/status/2108269763034255625,2026-10-08T18:54:15.000Z,en,0,0,0.54
obsidian,https://x.com/i/status/2108263450644525461,2026-10-08T18:29:10.000Z,fr,0,0,0.35
obsidian,https://x.com/i/status/2108262153396617570,2026-10-08T18:24:01.000Z,zxx,9,2,0.19
obsidian,https://x.com/i/status/2108259595319992333,2026-10-08T18:13:51.000Z,en,0,0,0.59
obsidian,https://x.com/i/status/2108256223187677473,2026-10-08T18:00:27.000Z,ja,0,0,0.13
obsidian,https://x.com/i/status/2108253069742117226,2026-10-08T17:47:55.000Z,en,1,0,0.35
obsidian,https://x.com/i/status/2108249470290862148,2026-10-08T17:33:37.000Z,fr,4,0,0.18
obsidian,https://x.com/i/status/2108239895273857379,2026-10-08T16:55:34.000Z,en,0,0,0.5
obsidian,https://x.com/i/status/2108239208167166462,2026-10-08T16:52:51.000Z,en,0,0,0.49
obsidian,https://x.com/i/status/2108232841284772246,2026-10-08T16:27:33.000Z,ja,0,0,0.07
obsidian,https://x.com/i/status/2108228790845317472,2026-10-08T16:11:27.000Z,en,0,0,0.15
obsidian,https://x.com/i/status/2108228522649006268,2026-10-08T16:10:23.000Z,fr,0,1,0.47
obsidian,https://x.com/i/status/2108227170858357116,2026-10-08T16:05:01.000Z,fr,0,0,0.49
obsidian,https://x.com/i/status/2108227170334134382,2026-10-08T16:05:01.000Z,fr,0,0,0.71
obsidian,https://x.com/i/status/2108227169272967504,2026-10-08T16:05:00.000Z,fr,1,0,0.49
obsidian,https://x.com/i/status/2108227167536525496,2026-10-08T16:05:00.000Z,fr,3,2,0.55
obsidian,https://x.com/i/status/2108223303525580975,2026-10-08T15:49:39.000Z,en,1,0,0.58
obsidian,https://x.com/i/status/2108218528603963562,2026-10-08T15:30:40.000Z,pt,0,0,0.54
obsidian,https://x.com/i/status/2108217716570026478,2026-10-08T15:27:27.000Z,en,2,0,0.56
obsidian,https://x.com/i/status/2108217043501629702,2026-10-08T15:24:46.000Z,en,0,0,0.15
obsidian,https://x.com/i/status/2108208589584454027,2026-10-08T14:51:11.000Z,en,0,0,0.52
obsidian,https://x.com/i/status/2108205644033806837,2026-10-08T14:39:28.000Z,zxx,347,64,0.2
obsidian,https://x.com/i/status/2108198134304424171,2026-10-08T14:09:38.000Z,zxx,1,0,0.19
obsidian,https://x.com/i/status/2108197494001971586,2026-10-08T14:07:05.000Z,en,2,0,0.49
obsidian,https://x.com/i/status/2108197477547421762,2026-10-08T14:07:01.000Z,fr,0,0,0.54
obsidian,https://x.com/i/status/2108197050986946629,2026-10-08T14:05:20.000Z,en,5,0,0.54
obsidian,https://x.com/i/status/2108195836526047412,2026-10-08T14:00:30.000Z,en,0,0,0.09
obsidian,https://x.com/i/status/2108195377006694403,2026-10-08T13:58:40.000Z,en,1,0,0.5
obsidian,https://x.com/i/status/2108191949970919501,2026-10-08T13:45:03.000Z,zh,0,0,0.59
obsidian,https://x.com/i/status/2108187039397302742,2026-10-08T13:25:33.000Z,en,2,0,0.48
obsidian,https://x.com/i/status/2108183547634975126,2026-10-08T13:11:40.000Z,en,1,0,0.57
obsidian,https://x.com/i/status/2108181869296537793,2026-10-08T13:05:00.000Z,en,3,0,0.07
obsidian,https://x.com/i/status/2108181676559905013,2026-10-08T13:04:14.000Z,en,0,0,0.03
obsidian,https://x.com/i/status/2108181423270101238,2026-10-08T13:03:14.000Z,en,161,11,0.35
obsidian,https://x.com/i/status/2108180679293055015,2026-10-08T13:00:16.000Z,en,0,0,0.51
obsidian,https://x.com/i/status/2108180583000203454,2026-10-08T12:59:53.000Z,en,1,0,0.05
obsidian,https://x.com/i/status/2108179307784982938,2026-10-08T12:54:49.000Z,en,3,2,0.57
obsidian,https://x.com/i/status/2108177217062891770,2026-10-08T12:46:31.000Z,zxx,2,0,0.14
obsidian,https://x.com/i/status/2108173829612703989,2026-10-08T12:33:03.000Z,en,7,1,0.04
obsidian,https://x.com/i/status/2108173061274968517,2026-10-08T12:30:00.000Z,en,18,3,0.57
obsidian,https://x.com/i/status/2108172917863489787,2026-10-08T12:29:26.000Z,en,0,0,0.72
obsidian,https://x.com/i/status/2108171550419783891,2026-10-08T12:24:00.000Z,ja,1,0,0.56
obsidian,https://x.com/i/status/2108167288574874076,2026-10-08T12:07:04.000Z,ja,1,0,0.56
obsidian,https://x.com/i/status/2108165609917948172,2026-10-08T12:00:23.000Z,en,0,0,0.64
obsidian,https://x.com/i/status/2108163599600623718,2026-10-08T11:52:24.000Z,en,1,0,0.46
obsidian,https://x.com/i/status/2108158900298236168,2026-10-08T11:33:44.000Z,en,1,0,0.5
obsidian,https://x.com/i/status/2108155803240968228,2026-10-08T11:21:25.000Z,zh,0,0,0.57
obsidian,https://x.com/i/status/2108151398751764637,2026-10-08T11:03:55.000Z,en,2,0,0.06
obsidian,https://x.com/i/status/2108149817612361735,2026-10-08T10:57:38.000Z,en,1,0,0.58
obsidian,https://x.com/i/status/2108146466082734198,2026-10-08T10:44:19.000Z,zxx,42,5,0.19
obsidian,https://x.com/i/status/2108144875065528577,2026-10-08T10:38:00.000Z,fr,0,0,0.42
obsidian,https://x.com/i/status/2108144043859554350,2026-10-08T10:34:42.000Z,en,1,0,0.51
obsidian,https://x.com/i/status/2108128866170712113,2026-10-08T09:34:23.000Z,ja,0,0,0.65
obsidian,https://x.com/i/status/2108125568588021769,2026-10-08T09:21:17.000Z,en,2,0,0.43
obsidian,https://x.com/i/status/2108123775526908016,2026-10-08T09:14:09.000Z,fr,1,0,0.5
obsidian,https://x.com/i/status/2108114373164326965,2026-10-08T08:36:48.000Z,ja,2,0,0.41
obsidian,https://x.com/i/status/2108110406598447241,2026-10-08T08:21:02.000Z,tr,0,0,0.53
obsidian,https://x.com/i/status/2108104045122695312,2026-10-08T07:55:45.000Z,zxx,1,1,0.19
obsidian,https://x.com/i/status/2108093712479998381,2026-10-08T07:14:42.000Z,zh,0,0,0.65
obsidian,https://x.com/i/status/2108090021647429888,2026-10-08T07:00:02.000Z,fr,0,0,0.65
obsidian,https://x.com/i/status/2108088753512423596,2026-10-08T06:54:59.000Z,ja,2,0,0.59
obsidian,https://x.com/i/status/2108085188203077975,2026-10-08T06:40:49.000Z,en,1,0,0.28
obsidian,https://x.com/i/status/2108084662958756203,2026-10-08T06:38:44.000Z,en,15,1,0.62
obsidian,https://x.com/i/status/2108084220308734266,2026-10-08T06:36:59.000Z,en,0,0,0.4
obsidian,https://x.com/i/status/2108077069267865779,2026-10-08T06:08:34.000Z,zh,78,14,0.06
obsidian,https://x.com/i/status/2108073506453979523,2026-10-08T05:54:24.000Z,zxx,0,0,0.13
obsidian,https://x.com/i/status/2108067569106387245,2026-10-08T05:30:49.000Z,ja,0,0,0.19
obsidian,https://x.com/i/status/2108067226326905277,2026-10-08T05:29:27.000Z,zh,249,36,0.23
obsidian,https://x.com/i/status/2108064920961192335,2026-10-08T05:20:17.000Z,en,0,0,0.6
obsidian,https://x.com/i/status/2108061534215651788,2026-10-08T05:06:50.000Z,en,0,0,0.62
obsidian,https://x.com/i/status/2108058320359891442,2026-10-08T04:54:04.000Z,en,1,0,0.59
obsidian,https://x.com/i/status/2108053787663568938,2026-10-08T04:36:03.000Z,zh,21,1,0.21
obsidian,https://x.com/i/status/2108047035312361903,2026-10-08T04:09:13.000Z,ja,0,0,0.3
obsidian,https://x.com/i/status/2108045023379865795,2026-10-08T04:01:13.000Z,en,0,0,0.58
obsidian,https://x.com/i/status/2108031440051224601,2026-10-08T03:07:15.000Z,ja,2,1,0.46
obsidian,https://x.com/i/status/2108031046436392963,2026-10-08T03:05:41.000Z,en,0,0,0.28
obsidian,https://x.com/i/status/2108028694371635709,2026-10-08T02:56:20.000Z,en,2,0,0.53
obsidian,https://x.com/i/status/2108027644331856192,2026-10-08T02:52:10.000Z,ja,0,0,0.44
obsidian,https://x.com/i/status/2108025994669855051,2026-10-08T02:45:37.000Z,zxx,0,0,0.14
obsidian,https://x.com/i/status/2108022762484719767,2026-10-08T02:32:46.000Z,en,0,0,0.41
domain-modeling,https://x.com/i/status/2108092836210204763,2026-10-08T07:11:13.000Z,zh,4,0,0.28
domain-modeling,https://x.com/i/status/2107413555989602420,2026-10-06T10:12:00.000Z,ja,49,9,0.22
domain-modeling,https://x.com/i/status/2107121490323996998,2026-10-05T14:51:26.000Z,zh,1,0,0.37
domain-modeling,https://x.com/i/status/2106962354760253508,2026-10-05T04:19:05.000Z,zh,2,0,0.37
domain-modeling,https://x.com/i/status/2106915298808918304,2026-10-05T01:12:06.000Z,pt,17,1,0.46
vercel-react-best-practices,https://x.com/i/status/2106065804215079222,2026-10-02T16:56:31.000Z,en,0,0,0.05
nano-banana-pro,https://x.com/i/status/2108345483030925674,2026-10-08T23:55:08.000Z,en,4,0,0.04
nano-banana-pro,https://x.com/i/status/2108303678025138575,2026-10-08T21:09:01.000Z,en,0,0,0.04
nano-banana-pro,https://x.com/i/status/2108288797951644133,2026-10-08T20:09:54.000Z,en,1,1,0.91
nano-banana-pro,https://x.com/i/status/2108285734520303661,2026-10-08T19:57:43.000Z,en,5,0,0.92
nano-banana-pro,https://x.com/i/status/2108224786895691917,2026-10-08T15:55:32.000Z,en,6,0,0.07
nano-banana-pro,https://x.com/i/status/2108213077317386312,2026-10-08T15:09:00.000Z,en,3,0,0.9
nano-banana-pro,https://x.com/i/status/2108211566424240221,2026-10-08T15:03:00.000Z,en,0,0,0.08
nano-banana-pro,https://x.com/i/status/2108009352422621517,2026-10-08T01:39:29.000Z,zh,8,1,0.04
nano-banana-pro,https://x.com/i/status/2107989464157196566,2026-10-08T00:20:27.000Z,ja,0,0,0.07
nano-banana-pro,https://x.com/i/status/2107947310839980224,2026-10-07T21:32:57.000Z,en,11,0,0.07
nano-banana-pro,https://x.com/i/status/2107939048845168930,2026-10-07T21:00:07.000Z,en,4,1,0.06
nano-banana-pro,https://x.com/i/status/2107936010923618624,2026-10-07T20:48:03.000Z,en,3,0,0.93
nano-banana-pro,https://x.com/i/status/2107908648798441757,2026-10-07T18:59:19.000Z,en,0,0,0.78
nano-banana-pro,https://x.com/i/status/2107904140898877642,2026-10-07T18:41:24.000Z,en,0,0,0.91
nano-banana-pro,https://x.com/i/status/2107862807290974645,2026-10-07T15:57:10.000Z,zxx,108,13,0.08
nano-banana-pro,https://x.com/i/status/2107856749265141828,2026-10-07T15:33:05.000Z,en,24,0,0.91
nano-banana-pro,https://x.com/i/status/2107809406289318357,2026-10-07T12:24:58.000Z,en,2,0,0.91
nano-banana-pro,https://x.com/i/status/2107784052627608005,2026-10-07T10:44:13.000Z,zxx,3,0,0.11
nano-banana-pro,https://x.com/i/status/2107760633475117430,2026-10-07T09:11:09.000Z,und,0,0,0.85
nano-banana-pro,https://x.com/i/status/2107745537734979651,2026-10-07T08:11:10.000Z,zxx,0,0,0.12
nano-banana-pro,https://x.com/i/status/2107721556562731320,2026-10-07T06:35:53.000Z,zh,1,0,0.76
nano-banana-pro,https://x.com/i/status/2107697663353459193,2026-10-07T05:00:56.000Z,en,0,0,0.75
nano-banana-pro,https://x.com/i/status/2107694497052381352,2026-10-07T04:48:21.000Z,en,0,0,0.76
nano-banana-pro,https://x.com/i/status/2107677872320377219,2026-10-07T03:42:18.000Z,en,0,0,0.03
nano-banana-pro,https://x.com/i/status/2107653135439458581,2026-10-07T02:04:00.000Z,en,5,0,0.04
nano-banana-pro,https://x.com/i/status/2107581298709844332,2026-10-06T21:18:33.000Z,zxx,0,0,0.09
nano-banana-pro,https://x.com/i/status/2107541993341538396,2026-10-06T18:42:22.000Z,en,0,0,0.89
nano-banana-pro,https://x.com/i/status/2107526300889948510,2026-10-06T17:40:00.000Z,en,1,0,0.06
nano-banana-pro,https://x.com/i/status/2107481632680595634,2026-10-06T14:42:31.000Z,es,223,27,0.08
nano-banana-pro,https://x.com/i/status/2107477790345789937,2026-10-06T14:27:14.000Z,en,1,0,0.86
nano-banana-pro,https://x.com/i/status/2107474336831451611,2026-10-06T14:13:31.000Z,zh,0,0,0.82
nano-banana-pro,https://x.com/i/status/2107386562053042344,2026-10-06T08:24:44.000Z,ja,7,2,0.88
nano-banana-pro,https://x.com/i/status/2107267092022268377,2026-10-06T00:30:00.000Z,ja,8,1,0.76
nano-banana-pro,https://x.com/i/status/2107248330132885654,2026-10-05T23:15:27.000Z,ja,13,0,0.11
nano-banana-pro,https://x.com/i/status/2107083495445025223,2026-10-05T12:20:27.000Z,en,6,1,0.92
nano-banana-pro,https://x.com/i/status/2106997539169857635,2026-10-05T06:38:54.000Z,en,1,0,0.08
nano-banana-pro,https://x.com/i/status/2106983853948842264,2026-10-05T05:44:31.000Z,ja,0,1,0.87
nano-banana-pro,https://x.com/i/status/2106951559686852769,2026-10-05T03:36:11.000Z,ar,56,11,0.08
nano-banana-pro,https://x.com/i/status/2106867083036553635,2026-10-04T22:00:30.000Z,en,0,0,0.85
nano-banana-pro,https://x.com/i/status/2106853265694503064,2026-10-04T21:05:36.000Z,en,1321,165,0.1
nano-banana-pro,https://x.com/i/status/2106852540558295405,2026-10-04T21:02:43.000Z,en,67,9,0.17
nano-banana-pro,https://x.com/i/status/2106814399381905736,2026-10-04T18:31:10.000Z,en,0,0,0.92
nano-banana-pro,https://x.com/i/status/2106735637499888090,2026-10-04T13:18:11.000Z,und,0,0,0.85
nano-banana-pro,https://x.com/i/status/2106731563492749724,2026-10-04T13:02:00.000Z,en,5,3,0.21
nano-banana-pro,https://x.com/i/status/2106638208209731790,2026-10-04T06:51:02.000Z,zh,320,47,0.1
nano-banana-pro,https://x.com/i/status/2106578312009007154,2026-10-04T02:53:02.000Z,zxx,14,3,0.1
nano-banana-pro,https://x.com/i/status/2106462729594909031,2026-10-03T19:13:45.000Z,en,0,0,0.93
nano-banana-pro,https://x.com/i/status/2106435162812649617,2026-10-03T17:24:13.000Z,ja,3,0,0.93
nano-banana-pro,https://x.com/i/status/2106395987996536913,2026-10-03T14:48:33.000Z,en,180,23,0.88
nano-banana-pro,https://x.com/i/status/2106354347055743385,2026-10-03T12:03:05.000Z,en,0,0,0.9
nano-banana-pro,https://x.com/i/status/2106349967015375051,2026-10-03T11:45:40.000Z,en,0,0,0.92
nano-banana-pro,https://x.com/i/status/2106320855902924862,2026-10-03T09:50:00.000Z,ja,19,0,0.83
nano-banana-pro,https://x.com/i/status/2106310907899105704,2026-10-03T09:10:28.000Z,ja,218,21,0.9
nano-banana-pro,https://x.com/i/status/2106172344826024314,2026-10-02T23:59:52.000Z,ko,0,0,0.83
nano-banana-pro,https://x.com/i/status/2106147337827738006,2026-10-02T22:20:30.000Z,zh,125,29,0.1
nano-banana-pro,https://x.com/i/status/2106055746802594009,2026-10-02T16:16:33.000Z,zxx,16,3,0.09
nano-banana-pro,https://x.com/i/status/2106017640254955564,2026-10-02T13:45:08.000Z,en,0,0,0.9
nano-banana-pro,https://x.com/i/status/2105990497084870915,2026-10-02T11:57:16.000Z,en,39,3,0.07
nano-banana-pro,https://x.com/i/status/2105840689435087118,2026-10-02T02:01:59.000Z,en,5,0,0.05
teach,https://x.com/i/status/2108359487761285345,2026-10-09T00:50:47.000Z,en,0,0,0.15
teach,https://x.com/i/status/2108359214787637393,2026-10-09T00:49:42.000Z,en,0,0,0.02
teach,https://x.com/i/status/2108355943151145142,2026-10-09T00:36:42.000Z,en,0,0,0.07
teach,https://x.com/i/status/2108353721495392364,2026-10-09T00:27:53.000Z,en,0,0,0.03
teach,https://x.com/i/status/2108352785129570660,2026-10-09T00:24:09.000Z,en,0,0,0.04
teach,https://x.com/i/status/2108351383737168182,2026-10-09T00:18:35.000Z,en,0,0,0.1
teach,https://x.com/i/status/2108346967709684224,2026-10-09T00:01:02.000Z,en,0,0,0.18
teach,https://x.com/i/status/2108346297363177831,2026-10-08T23:58:23.000Z,en,1,0,0.07
teach,https://x.com/i/status/2108345262385074375,2026-10-08T23:54:16.000Z,en,0,0,0.73
teach,https://x.com/i/status/2108344314946609202,2026-10-08T23:50:30.000Z,en,1,0,0.04
teach,https://x.com/i/status/2108342789440168114,2026-10-08T23:44:26.000Z,en,3,1,0.5
teach,https://x.com/i/status/2108341233311764890,2026-10-08T23:38:15.000Z,en,0,0,0.7
teach,https://x.com/i/status/2108339315768004904,2026-10-08T23:30:38.000Z,en,18,2,0.03
teach,https://x.com/i/status/2108339267588051149,2026-10-08T23:30:27.000Z,en,7,0,0.02
teach,https://x.com/i/status/2108335484397289816,2026-10-08T23:15:25.000Z,en,0,0,0.44
teach,https://x.com/i/status/2108334070883385583,2026-10-08T23:09:48.000Z,en,1,0,0.22
teach,https://x.com/i/status/2108333209381732551,2026-10-08T23:06:22.000Z,en,4,2,0.74
teach,https://x.com/i/status/2108332315193541087,2026-10-08T23:02:49.000Z,en,0,0,0.08
teach,https://x.com/i/status/2108331536236118065,2026-10-08T22:59:43.000Z,en,0,0,0.23
teach,https://x.com/i/status/2108330064353931277,2026-10-08T22:53:52.000Z,en,6,0,0.03
teach,https://x.com/i/status/2108328155689697388,2026-10-08T22:46:17.000Z,en,0,0,0.37
teach,https://x.com/i/status/2108326701826752888,2026-10-08T22:40:31.000Z,en,4,0,0.04
teach,https://x.com/i/status/2108325803524321659,2026-10-08T22:36:57.000Z,en,0,0,0.08
teach,https://x.com/i/status/2108323927911227777,2026-10-08T22:29:29.000Z,en,7,0,0.03
teach,https://x.com/i/status/2108321600235766125,2026-10-08T22:20:14.000Z,zxx,1,0,0.09
teach,https://x.com/i/status/2108319482074550431,2026-10-08T22:11:49.000Z,en,2,0,0.03
teach,https://x.com/i/status/2108316531725914141,2026-10-08T22:00:06.000Z,en,1,0,0.18
teach,https://x.com/i/status/2108316045094371500,2026-10-08T21:58:10.000Z,en,1,0,0.04
teach,https://x.com/i/status/2108315674120782198,2026-10-08T21:56:41.000Z,en,0,0,0.04
teach,https://x.com/i/status/2108315178580197824,2026-10-08T21:54:43.000Z,en,0,0,0.07
teach,https://x.com/i/status/2108312874242453886,2026-10-08T21:45:34.000Z,zxx,3,0,0.08
teach,https://x.com/i/status/2108311806775324827,2026-10-08T21:41:19.000Z,en,1,0,0.15
teach,https://x.com/i/status/2108311414934810737,2026-10-08T21:39:46.000Z,en,4,0,0.24
teach,https://x.com/i/status/2108308982221939125,2026-10-08T21:30:06.000Z,en,0,0,0.11
teach,https://x.com/i/status/2108308970603688031,2026-10-08T21:30:03.000Z,en,0,0,0.26
teach,https://x.com/i/status/2108308922570522888,2026-10-08T21:29:52.000Z,en,30,3,0.03
teach,https://x.com/i/status/2108307796227666004,2026-10-08T21:25:23.000Z,zxx,1,0,0.11
teach,https://x.com/i/status/2108305481361973595,2026-10-08T21:16:11.000Z,en,1,0,0.03
teach,https://x.com/i/status/2108305181901234258,2026-10-08T21:15:00.000Z,en,1,0,0.07
teach,https://x.com/i/status/2108304752027332710,2026-10-08T21:13:17.000Z,en,1,0,0.08
teach,https://x.com/i/status/2108304498330620123,2026-10-08T21:12:17.000Z,zxx,0,0,0.11
teach,https://x.com/i/status/2108304097346822256,2026-10-08T21:10:41.000Z,en,0,0,0.3
teach,https://x.com/i/status/2108302901496205588,2026-10-08T21:05:56.000Z,en,0,1,0.64
teach,https://x.com/i/status/2108299986827977028,2026-10-08T20:54:21.000Z,en,1,0,0.14
teach,https://x.com/i/status/2108298224578515073,2026-10-08T20:47:21.000Z,en,0,0,0.05
teach,https://x.com/i/status/2108297304495333812,2026-10-08T20:43:42.000Z,en,0,0,0.03
teach,https://x.com/i/status/2108296449469612056,2026-10-08T20:40:18.000Z,en,0,0,0.06
teach,https://x.com/i/status/2108295374666682474,2026-10-08T20:36:02.000Z,en,0,0,0.03
teach,https://x.com/i/status/2108294334546325841,2026-10-08T20:31:54.000Z,en,1,0,0.06
teach,https://x.com/i/status/2108294083898683699,2026-10-08T20:30:54.000Z,en,0,0,0.03
teach,https://x.com/i/status/2108293973068353639,2026-10-08T20:30:28.000Z,en,0,0,0.03
teach,https://x.com/i/status/2108291475142508720,2026-10-08T20:20:32.000Z,en,1,0,0.09
teach,https://x.com/i/status/2108291065489039652,2026-10-08T20:18:54.000Z,en,0,0,0.03
teach,https://x.com/i/status/2108290074991575256,2026-10-08T20:14:58.000Z,en,1,0,0.4
teach,https://x.com/i/status/2108286312889618447,2026-10-08T20:00:01.000Z,en,21,3,0.03
teach,https://x.com/i/status/2108284964383178936,2026-10-08T19:54:40.000Z,en,0,0,0.06
teach,https://x.com/i/status/2108284810510967113,2026-10-08T19:54:03.000Z,en,0,0,0.17
teach,https://x.com/i/status/2108284665786204379,2026-10-08T19:53:29.000Z,en,0,0,0.03
teach,https://x.com/i/status/2108283284673466718,2026-10-08T19:47:59.000Z,zxx,0,0,0.1
teach,https://x.com/i/status/2108281780243411188,2026-10-08T19:42:01.000Z,en,0,0,0.03
teach,https://x.com/i/status/2108280275990200474,2026-10-08T19:36:02.000Z,en,0,0,0.24
teach,https://x.com/i/status/2108279258267176978,2026-10-08T19:31:59.000Z,en,3,0,0.07
teach,https://x.com/i/status/2108275880858386507,2026-10-08T19:18:34.000Z,en,0,0,0.52
teach,https://x.com/i/status/2108275878727700523,2026-10-08T19:18:34.000Z,en,0,0,0.63
teach,https://x.com/i/status/2108275226568188365,2026-10-08T19:15:58.000Z,ca,5,0,0.79
teach,https://x.com/i/status/2108272904203026787,2026-10-08T19:06:44.000Z,en,0,0,0.22
teach,https://x.com/i/status/2108272381018169738,2026-10-08T19:04:40.000Z,en,0,0,0.03
teach,https://x.com/i/status/2108272370892829108,2026-10-08T19:04:37.000Z,zxx,2,0,0.09
teach,https://x.com/i/status/2108272197190262804,2026-10-08T19:03:56.000Z,en,5,0,0.03
teach,https://x.com/i/status/2108270963628396565,2026-10-08T18:59:02.000Z,en,0,0,0.23
teach,https://x.com/i/status/2108270717926084970,2026-10-08T18:58:03.000Z,en,0,0,0.05
teach,https://x.com/i/status/2108270628688285820,2026-10-08T18:57:42.000Z,en,31,0,0.07
teach,https://x.com/i/status/2108269594024771913,2026-10-08T18:53:35.000Z,en,1,0,0.04
teach,https://x.com/i/status/2108268102186414339,2026-10-08T18:47:39.000Z,en,673,3,0.02
teach,https://x.com/i/status/2108267313279692932,2026-10-08T18:44:31.000Z,en,1,0,0.22
teach,https://x.com/i/status/2108266991609872441,2026-10-08T18:43:15.000Z,en,61,3,0.34
teach,https://x.com/i/status/2108265414719586598,2026-10-08T18:36:59.000Z,en,1,0,0.31
teach,https://x.com/i/status/2108265361388798225,2026-10-08T18:36:46.000Z,en,5,0,0.26
teach,https://x.com/i/status/2108265276735369315,2026-10-08T18:36:26.000Z,en,0,0,0.15
teach,https://x.com/i/status/2108264604698554459,2026-10-08T18:33:46.000Z,en,2,0,0.04
teach,https://x.com/i/status/2108262555164770492,2026-10-08T18:25:37.000Z,en,0,0,0.04
teach,https://x.com/i/status/2108262338705117667,2026-10-08T18:24:45.000Z,en,1,0,0.02
teach,https://x.com/i/status/2108261006908760117,2026-10-08T18:19:28.000Z,en,13,0,0.17
teach,https://x.com/i/status/2108259622066807138,2026-10-08T18:13:58.000Z,en,0,0,0.12
teach,https://x.com/i/status/2108259603343389062,2026-10-08T18:13:53.000Z,en,0,0,0.03
teach,https://x.com/i/status/2108258231760179597,2026-10-08T18:08:26.000Z,en,13,5,0.1
teach,https://x.com/i/status/2108256118598205824,2026-10-08T18:00:02.000Z,en,0,0,0.08
teach,https://x.com/i/status/2108255276247753015,2026-10-08T17:56:42.000Z,en,0,0,0.2
teach,https://x.com/i/status/2108252936811786262,2026-10-08T17:47:24.000Z,en,26,2,0.55
teach,https://x.com/i/status/2108251799543038231,2026-10-08T17:42:53.000Z,en,1,0,0.04
teach,https://x.com/i/status/2108251465185726565,2026-10-08T17:41:33.000Z,en,1,0,0.02
teach,https://x.com/i/status/2108251445241782384,2026-10-08T17:41:28.000Z,en,1,0,0.45
teach,https://x.com/i/status/2108250167749063098,2026-10-08T17:36:24.000Z,en,0,0,0.44
teach,https://x.com/i/status/2108249992775225760,2026-10-08T17:35:42.000Z,en,8,0,0.05
teach,https://x.com/i/status/2108249766995833118,2026-10-08T17:34:48.000Z,en,4,0,0.07
teach,https://x.com/i/status/2108248188759007602,2026-10-08T17:28:32.000Z,en,31,0,0.21
teach,https://x.com/i/status/2108247848315728342,2026-10-08T17:27:11.000Z,en,0,0,0.04
teach,https://x.com/i/status/2108244062520184866,2026-10-08T17:12:08.000Z,en,0,0,0.4
teach,https://x.com/i/status/2108243626451214519,2026-10-08T17:10:24.000Z,zxx,0,0,0.11
teach,https://x.com/i/status/2108242084381769758,2026-10-08T17:04:16.000Z,en,0,0,0.03
notion,https://x.com/i/status/2108357276914602158,2026-10-09T00:42:00.000Z,ja,0,0,0.45
notion,https://x.com/i/status/2108354893719412853,2026-10-09T00:32:32.000Z,en,2,3,0.07
notion,https://x.com/i/status/2108351321258758165,2026-10-09T00:18:20.000Z,ja,0,0,0.4
notion,https://x.com/i/status/2108349618098471277,2026-10-09T00:11:34.000Z,en,1,0,0.61
notion,https://x.com/i/status/2108348669074305380,2026-10-09T00:07:48.000Z,en,0,0,0.59
notion,https://x.com/i/status/2108348625642500388,2026-10-09T00:07:38.000Z,ja,0,0,0.31
notion,https://x.com/i/status/2108348214688592249,2026-10-09T00:06:00.000Z,zh,1,0,0.6
notion,https://x.com/i/status/2108347697292042719,2026-10-09T00:03:56.000Z,ja,12,0,0.2
notion,https://x.com/i/status/2108346665166147901,2026-10-08T23:59:50.000Z,ja,1,0,0.03
notion,https://x.com/i/status/2108337891537465669,2026-10-08T23:24:59.000Z,en,2,0,0.55
notion,https://x.com/i/status/2108337783035048338,2026-10-08T23:24:33.000Z,en,1,0,0.04
notion,https://x.com/i/status/2108336313179214145,2026-10-08T23:18:42.000Z,ja,2,0,0.3
notion,https://x.com/i/status/2108328219199824171,2026-10-08T22:46:32.000Z,en,4,1,0.24
notion,https://x.com/i/status/2108327954174668993,2026-10-08T22:45:29.000Z,en,0,0,0.66
notion,https://x.com/i/status/2108327219949093090,2026-10-08T22:42:34.000Z,en,7,0,0.07
notion,https://x.com/i/status/2108324299807625557,2026-10-08T22:30:58.000Z,en,1,0,0.04
notion,https://x.com/i/status/2108322733771891072,2026-10-08T22:24:45.000Z,ja,14,1,0.04
notion,https://x.com/i/status/2108320703539814776,2026-10-08T22:16:41.000Z,en,0,0,0.21
notion,https://x.com/i/status/2108320029133693161,2026-10-08T22:14:00.000Z,en,3,0,0.05
notion,https://x.com/i/status/2108319934384119873,2026-10-08T22:13:37.000Z,en,0,0,0.43
notion,https://x.com/i/status/2108309208118812847,2026-10-08T21:31:00.000Z,en,0,0,0.41
notion,https://x.com/i/status/2108306761816089086,2026-10-08T21:21:17.000Z,ja,0,0,0.42
notion,https://x.com/i/status/2108304565384913136,2026-10-08T21:12:33.000Z,en,7,1,0.03
notion,https://x.com/i/status/2108303678025138575,2026-10-08T21:09:01.000Z,en,0,0,0.05
notion,https://x.com/i/status/2108295115093537090,2026-10-08T20:35:00.000Z,en,0,0,0.07
notion,https://x.com/i/status/2108292533520605537,2026-10-08T20:24:44.000Z,en,3,1,0.32
notion,https://x.com/i/status/2108290367598842258,2026-10-08T20:16:08.000Z,en,0,0,0.05
notion,https://x.com/i/status/2108287240090661278,2026-10-08T20:03:42.000Z,en,0,0,0.03
notion,https://x.com/i/status/2108287057349214265,2026-10-08T20:02:59.000Z,es,0,0,0.41
notion,https://x.com/i/status/2108286308116308467,2026-10-08T20:00:00.000Z,en,0,0,0.2
notion,https://x.com/i/status/2108285701296914568,2026-10-08T19:57:35.000Z,en,0,0,0.4
notion,https://x.com/i/status/2108283899478753606,2026-10-08T19:50:26.000Z,en,0,0,0.04
notion,https://x.com/i/status/2108282736532234618,2026-10-08T19:45:49.000Z,en,1,0,0.05
notion,https://x.com/i/status/2108281286007599562,2026-10-08T19:40:03.000Z,en,14,1,0.07
notion,https://x.com/i/status/2108280521017229724,2026-10-08T19:37:00.000Z,en,0,0,0.38
notion,https://x.com/i/status/2108279343533211780,2026-10-08T19:32:20.000Z,en,1,0,0.33
notion,https://x.com/i/status/2108274155233870002,2026-10-08T19:11:43.000Z,en,1,0,0.42
notion,https://x.com/i/status/2108274030143062396,2026-10-08T19:11:13.000Z,en,78,2,0.29
notion,https://x.com/i/status/2108270757059207549,2026-10-08T18:58:12.000Z,ja,1,0,0.1
notion,https://x.com/i/status/2108270618424770700,2026-10-08T18:57:39.000Z,fr,2,0,0.03
notion,https://x.com/i/status/2108267216714215657,2026-10-08T18:44:08.000Z,en,5,0,0.45
notion,https://x.com/i/status/2108264774496924056,2026-10-08T18:34:26.000Z,en,0,0,0.41
notion,https://x.com/i/status/2108264710969950560,2026-10-08T18:34:11.000Z,en,32,1,0.36
notion,https://x.com/i/status/2108263915461509370,2026-10-08T18:31:01.000Z,en,0,1,0.12
notion,https://x.com/i/status/2108262544356045026,2026-10-08T18:25:34.000Z,en,0,0,0.55
notion,https://x.com/i/status/2108260299770044641,2026-10-08T18:16:39.000Z,en,1,0,0.17
notion,https://x.com/i/status/2108257735037079742,2026-10-08T18:06:28.000Z,en,0,0,0.46
notion,https://x.com/i/status/2108257074752929805,2026-10-08T18:03:50.000Z,en,0,0,0.46
notion,https://x.com/i/status/2108256645339861152,2026-10-08T18:02:08.000Z,en,1,0,0.27
notion,https://x.com/i/status/2108256638444704087,2026-10-08T18:02:06.000Z,ja,0,0,0.34
notion,https://x.com/i/status/2108254199066894535,2026-10-08T17:52:25.000Z,zh,5,0,0.55
notion,https://x.com/i/status/2108251446491984061,2026-10-08T17:41:28.000Z,zxx,26,4,0.12
notion,https://x.com/i/status/2108251235849499129,2026-10-08T17:40:38.000Z,en,0,0,0.04
notion,https://x.com/i/status/2108247304377597954,2026-10-08T17:25:01.000Z,en,0,0,0.46
notion,https://x.com/i/status/2108247018254844199,2026-10-08T17:23:53.000Z,en,1,0,0.44
notion,https://x.com/i/status/2108245731039686806,2026-10-08T17:18:46.000Z,in,0,0,0.43
notion,https://x.com/i/status/2108243342689505776,2026-10-08T17:09:16.000Z,en,0,0,0.56
notion,https://x.com/i/status/2108243136971768121,2026-10-08T17:08:27.000Z,zxx,0,0,0.13
notion,https://x.com/i/status/2108241556113088788,2026-10-08T17:02:10.000Z,en,0,0,0.59
notion,https://x.com/i/status/2108241456796196918,2026-10-08T17:01:47.000Z,en,0,0,0.03
notion,https://x.com/i/status/2108241395630715079,2026-10-08T17:01:32.000Z,zxx,1,0,0.13
notion,https://x.com/i/status/2108241010971320748,2026-10-08T17:00:00.000Z,en,2,1,0.22
notion,https://x.com/i/status/2108237533784006793,2026-10-08T16:46:11.000Z,zxx,2,0,0.13
notion,https://x.com/i/status/2108236580460822598,2026-10-08T16:42:24.000Z,en,1,0,0.44
notion,https://x.com/i/status/2108234979683484058,2026-10-08T16:36:02.000Z,en,0,1,0.31
notion,https://x.com/i/status/2108228913919078847,2026-10-08T16:11:56.000Z,en,1,1,0.37
notion,https://x.com/i/status/2108228605545181599,2026-10-08T16:10:43.000Z,en,0,0,0.43
notion,https://x.com/i/status/2108228462310015415,2026-10-08T16:10:09.000Z,en,10,1,0.52
notion,https://x.com/i/status/2108227929159123162,2026-10-08T16:08:01.000Z,en,0,0,0.24
notion,https://x.com/i/status/2108227467693502563,2026-10-08T16:06:11.000Z,en,2,0,0.26
notion,https://x.com/i/status/2108226612323823783,2026-10-08T16:02:47.000Z,en,14,5,0.05
notion,https://x.com/i/status/2108226197716975819,2026-10-08T16:01:09.000Z,en,0,0,0.4
notion,https://x.com/i/status/2108223974723199440,2026-10-08T15:52:19.000Z,zh,3,0,0.05
notion,https://x.com/i/status/2108222962306548005,2026-10-08T15:48:17.000Z,en,101,5,0.4
notion,https://x.com/i/status/2108222137412854244,2026-10-08T15:45:01.000Z,en,157,56,0.17
notion,https://x.com/i/status/2108221534729052398,2026-10-08T15:42:37.000Z,en,0,0,0.43
notion,https://x.com/i/status/2108219613918249204,2026-10-08T15:34:59.000Z,zh,0,0,0.57
notion,https://x.com/i/status/2108217100968009877,2026-10-08T15:25:00.000Z,en,1,0,0.58
notion,https://x.com/i/status/2108216993849749863,2026-10-08T15:24:34.000Z,zxx,0,0,0.16
notion,https://x.com/i/status/2108214732909916277,2026-10-08T15:15:35.000Z,en,2,1,0.09
notion,https://x.com/i/status/2108210912821985759,2026-10-08T15:00:24.000Z,en,15,2,0.45
notion,https://x.com/i/status/2108209640177635521,2026-10-08T14:55:21.000Z,en,0,0,0.16
notion,https://x.com/i/status/2108208826977570823,2026-10-08T14:52:07.000Z,en,19,3,0.12
notion,https://x.com/i/status/2108207222249460054,2026-10-08T14:45:45.000Z,en,1,0,0.08
notion,https://x.com/i/status/2108207035183468690,2026-10-08T14:45:00.000Z,en,0,0,0.42
notion,https://x.com/i/status/2108202116095291644,2026-10-08T14:25:27.000Z,en,0,0,0.42
notion,https://x.com/i/status/2108201927657808260,2026-10-08T14:24:42.000Z,en,4,1,0.19
notion,https://x.com/i/status/2108199019352596729,2026-10-08T14:13:09.000Z,en,2,0,0.29
notion,https://x.com/i/status/2108198653643133092,2026-10-08T14:11:42.000Z,ja,1,0,0.47
notion,https://x.com/i/status/2108198134304424171,2026-10-08T14:09:38.000Z,zxx,1,0,0.16
notion,https://x.com/i/status/2108197219145027601,2026-10-08T14:06:00.000Z,en,0,0,0.49
notion,https://x.com/i/status/2108195893170090182,2026-10-08T14:00:43.000Z,en,27,4,0.06
notion,https://x.com/i/status/2108194064315343197,2026-10-08T13:53:27.000Z,en,0,0,0.48
notion,https://x.com/i/status/2108193868856574239,2026-10-08T13:52:41.000Z,en,4,0,0.04
notion,https://x.com/i/status/2108193853132112052,2026-10-08T13:52:37.000Z,en,6,0,0.13
notion,https://x.com/i/status/2108192689909018772,2026-10-08T13:48:00.000Z,zh,2,0,0.38
notion,https://x.com/i/status/2108190749925724660,2026-10-08T13:40:17.000Z,en,1,0,0.09
notion,https://x.com/i/status/2108189422176944216,2026-10-08T13:35:01.000Z,zh,0,0,0.57
notion,https://x.com/i/status/2108188974493904912,2026-10-08T13:33:14.000Z,ja,19,2,0.5
notion,https://x.com/i/status/2108188715352993972,2026-10-08T13:32:12.000Z,zxx,0,0,0.12
codebase-design,https://x.com/i/status/2108092836210204763,2026-10-08T07:11:13.000Z,zh,4,0,0.66
codebase-design,https://x.com/i/status/2107823136590938392,2026-10-07T13:19:31.000Z,en,0,0,0.73
codebase-design,https://x.com/i/status/2107121490323996998,2026-10-05T14:51:26.000Z,zh,1,0,0.26
codebase-design,https://x.com/i/status/2106962354760253508,2026-10-05T04:19:05.000Z,zh,2,0,0.58
codebase-design,https://x.com/i/status/2106946148640723287,2026-10-05T03:14:41.000Z,ko,20,2,0.94
codebase-design,https://x.com/i/status/2106894378891461084,2026-10-04T23:48:58.000Z,zh,2,0,0.05
codebase-design,https://x.com/i/status/2106753279036416219,2026-10-04T14:28:17.000Z,zh,62,8,0.82
codebase-design,https://x.com/i/status/2106096613982937091,2026-10-02T18:58:56.000Z,zxx,16,1,0.17
skill-creator,https://x.com/i/status/2108255604171296874,2026-10-08T17:58:00.000Z,ja,5,0,0.79
skill-creator,https://x.com/i/status/2108222962306548005,2026-10-08T15:48:17.000Z,en,101,5,0.27
skill-creator,https://x.com/i/status/2108198134304424171,2026-10-08T14:09:38.000Z,zxx,1,0,0.17
skill-creator,https://x.com/i/status/2108189759633858563,2026-10-08T13:36:21.000Z,en,0,0,0.75
skill-creator,https://x.com/i/status/2108166095056343250,2026-10-08T12:02:19.000Z,zxx,45,14,0.17
skill-creator,https://x.com/i/status/2108086316458201291,2026-10-08T06:45:18.000Z,en,34,11,0.31
skill-creator,https://x.com/i/status/2108022568724955403,2026-10-08T02:32:00.000Z,zxx,204,42,0.19
skill-creator,https://x.com/i/status/2107961678952534290,2026-10-07T22:30:02.000Z,ja,9,1,0.82
skill-creator,https://x.com/i/status/2107956485036867982,2026-10-07T22:09:24.000Z,zxx,39,3,0.18
skill-creator,https://x.com/i/status/2107898261608583301,2026-10-07T18:18:03.000Z,pt,0,0,0.78
skill-creator,https://x.com/i/status/2107848503305113972,2026-10-07T15:00:19.000Z,zxx,5,1,0.22
skill-creator,https://x.com/i/status/2107847848863613315,2026-10-07T14:57:43.000Z,zh,95,10,0.54
skill-creator,https://x.com/i/status/2107831041540882606,2026-10-07T13:50:56.000Z,zh,21,3,0.07
skill-creator,https://x.com/i/status/2107773037739204914,2026-10-07T10:00:27.000Z,en,57,1,0.63
skill-creator,https://x.com/i/status/2107749277242204617,2026-10-07T08:26:02.000Z,en,0,0,0.13
skill-creator,https://x.com/i/status/2107686543263707579,2026-10-07T04:16:45.000Z,en,0,0,0.7
skill-creator,https://x.com/i/status/2107629482978742486,2026-10-07T00:30:01.000Z,en,2,0,0.6
skill-creator,https://x.com/i/status/2107602784212365817,2026-10-06T22:43:55.000Z,zxx,122,12,0.22
skill-creator,https://x.com/i/status/2107570191928283414,2026-10-06T20:34:25.000Z,en,0,0,0.7
skill-creator,https://x.com/i/status/2107521936498774410,2026-10-06T17:22:40.000Z,en,3,2,0.36
skill-creator,https://x.com/i/status/2107521336272642155,2026-10-06T17:20:17.000Z,en,4,1,0.7
skill-creator,https://x.com/i/status/2107521147508334633,2026-10-06T17:19:32.000Z,en,1,0,0.78
skill-creator,https://x.com/i/status/2107500571976720893,2026-10-06T15:57:46.000Z,en,0,0,0.67
skill-creator,https://x.com/i/status/2107497308858241293,2026-10-06T15:44:48.000Z,en,0,0,0.33
skill-creator,https://x.com/i/status/2107486165226193382,2026-10-06T15:00:31.000Z,en,63,7,0.17
skill-creator,https://x.com/i/status/2107477278821404930,2026-10-06T14:25:12.000Z,en,51,36,0.8
skill-creator,https://x.com/i/status/2107472536565072050,2026-10-06T14:06:22.000Z,it,13,3,0.82
skill-creator,https://x.com/i/status/2107445516799783138,2026-10-06T12:19:00.000Z,ja,3,0,0.78
skill-creator,https://x.com/i/status/2107435915220275202,2026-10-06T11:40:51.000Z,en,257,26,0.72
skill-creator,https://x.com/i/status/2107435524709650464,2026-10-06T11:39:18.000Z,en,0,0,0.77
skill-creator,https://x.com/i/status/2107398741053657106,2026-10-06T09:13:08.000Z,en,0,0,0.81
skill-creator,https://x.com/i/status/2107359069736767938,2026-10-06T06:35:29.000Z,en,83,34,0.74
skill-creator,https://x.com/i/status/2107318689859358905,2026-10-06T03:55:02.000Z,zh,16,4,0.65
skill-creator,https://x.com/i/status/2107125347712147509,2026-10-05T15:06:46.000Z,en,46,3,0.83
skill-creator,https://x.com/i/status/2107114280671645795,2026-10-05T14:22:47.000Z,it,0,0,0.06
skill-creator,https://x.com/i/status/2107108505417031995,2026-10-05T13:59:50.000Z,en,0,0,0.68
skill-creator,https://x.com/i/status/2107088740267229455,2026-10-05T12:41:18.000Z,en,2,0,0.84
skill-creator,https://x.com/i/status/2107051014704845210,2026-10-05T10:11:23.000Z,en,1,0,0.68
skill-creator,https://x.com/i/status/2107010439465038097,2026-10-05T07:30:09.000Z,zxx,17,1,0.21
skill-creator,https://x.com/i/status/2106925339158987208,2026-10-05T01:52:00.000Z,zh,0,0,0.7
skill-creator,https://x.com/i/status/2106923301545386345,2026-10-05T01:43:54.000Z,ja,1,0,0.81
skill-creator,https://x.com/i/status/2106885378829684804,2026-10-04T23:13:13.000Z,zxx,143,7,0.18
skill-creator,https://x.com/i/status/2106766097890546096,2026-10-04T15:19:14.000Z,en,0,0,0.71
skill-creator,https://x.com/i/status/2106757637920510432,2026-10-04T14:45:37.000Z,en,3,0,0.62
skill-creator,https://x.com/i/status/2106674932986077614,2026-10-04T09:16:58.000Z,zxx,6,0,0.18
skill-creator,https://x.com/i/status/2106662924773359721,2026-10-04T08:29:15.000Z,en,0,0,0.15
skill-creator,https://x.com/i/status/2106662757986623734,2026-10-04T08:28:36.000Z,en,1,0,0.79
skill-creator,https://x.com/i/status/2106607893294493963,2026-10-04T04:50:35.000Z,en,22,10,0.08
skill-creator,https://x.com/i/status/2106453368642081077,2026-10-03T18:36:33.000Z,en,2,0,0.72
skill-creator,https://x.com/i/status/2106384124751810798,2026-10-03T14:01:24.000Z,zxx,47,13,0.22
skill-creator,https://x.com/i/status/2106359207427514636,2026-10-03T12:22:23.000Z,it,0,0,0.58
skill-creator,https://x.com/i/status/2106357602212827534,2026-10-03T12:16:01.000Z,it,0,0,0.62
skill-creator,https://x.com/i/status/2106356396526846185,2026-10-03T12:11:13.000Z,it,0,0,0.66
skill-creator,https://x.com/i/status/2106217684346228762,2026-10-03T03:00:02.000Z,en,0,0,0.87
skill-creator,https://x.com/i/status/2106185214556852405,2026-10-03T00:51:00.000Z,en,13,0,0.75
skill-creator,https://x.com/i/status/2106047555616272731,2026-10-02T15:44:00.000Z,zh,3,0,0.59
skill-creator,https://x.com/i/status/2106025619259826686,2026-10-02T14:16:50.000Z,fr,1,0,0.1
skill-creator,https://x.com/i/status/2106004506588959027,2026-10-02T12:52:56.000Z,zh,0,0,0.86
skill-creator,https://x.com/i/status/2105983312045236336,2026-10-02T11:28:43.000Z,zxx,12,0,0.18
skill-creator,https://x.com/i/status/2105952437538582868,2026-10-02T09:26:02.000Z,en,0,0,0.75
skill-creator,https://x.com/i/status/2105945935310451049,2026-10-02T09:00:12.000Z,zxx,62,6,0.19
skill-creator,https://x.com/i/status/2105925148616393058,2026-10-02T07:37:36.000Z,en,0,0,0.6
skill-creator,https://x.com/i/status/2105912704963690550,2026-10-02T06:48:09.000Z,en,0,0,0.43
media-use,https://x.com/i/status/2107386103619858681,2026-10-06T08:22:55.000Z,en,0,0,0.03
media-use,https://x.com/i/status/2106330074123325482,2026-10-03T10:26:38.000Z,en,1,0,0.03
media-use,https://x.com/i/status/2106128589703770177,2026-10-02T21:06:00.000Z,en,0,0,0.14
auto-updater,https://x.com/i/status/2107803132889608455,2026-10-07T12:00:02.000Z,en,186,19,0.01
auto-updater,https://x.com/i/status/2106119728557072711,2026-10-02T20:30:47.000Z,en,9,1,0.06
word-docx,https://x.com/i/status/2105942619851526596,2026-10-02T08:47:01.000Z,zxx,25,3,0.21
evolver,https://x.com/i/status/2107039682680807798,2026-10-05T09:26:21.000Z,en,0,0,0.69
