skill_key,tweet_url,created_at,lang,favorites,retweets,relevance
find-skills,https://x.com/i/status/2107654768281997620,2026-10-07T02:10:29.000Z,zh,0,0,0.96
find-skills,https://x.com/i/status/2107486897366794287,2026-10-06T15:03:26.000Z,de,0,0,0.93
find-skills,https://x.com/i/status/2107391115980935331,2026-10-06T08:42:50.000Z,zxx,0,0,0.26
find-skills,https://x.com/i/status/2107110344665506073,2026-10-05T14:07:09.000Z,en,1,0,0.85
find-skills,https://x.com/i/status/2107092307967451355,2026-10-05T12:55:28.000Z,en,55,5,0.06
find-skills,https://x.com/i/status/2106769020179677684,2026-10-04T15:30:50.000Z,en,0,0,0.97
find-skills,https://x.com/i/status/2106745239834694125,2026-10-04T13:56:21.000Z,und,2,0,0.96
find-skills,https://x.com/i/status/2106542462538010994,2026-10-04T00:30:35.000Z,en,0,0,0.96
find-skills,https://x.com/i/status/2106455493015122221,2026-10-03T18:45:00.000Z,en,95,3,0.96
find-skills,https://x.com/i/status/2106407530981400731,2026-10-03T15:34:25.000Z,en,8,1,0.86
find-skills,https://x.com/i/status/2106315860721983512,2026-10-03T09:30:09.000Z,en,9,2,0.96
find-skills,https://x.com/i/status/2106077161169797249,2026-10-02T17:41:38.000Z,es,639,75,0.95
find-skills,https://x.com/i/status/2106065804215079222,2026-10-02T16:56:31.000Z,en,0,0,0.07
find-skills,https://x.com/i/status/2106023334609592664,2026-10-02T14:07:45.000Z,en,0,0,0.9
find-skills,https://x.com/i/status/2105691805392015783,2026-10-01T16:10:22.000Z,fr,0,0,0.91
find-skills,https://x.com/i/status/2105689991720382930,2026-10-01T16:03:10.000Z,zh,0,0,0.96
find-skills,https://x.com/i/status/2105676809207501287,2026-10-01T15:10:47.000Z,en,22,7,0.05
find-skills,https://x.com/i/status/2105298467601965496,2026-09-30T14:07:23.000Z,en,0,0,0.91
self-improving-agent,https://x.com/i/status/2107712745504178531,2026-10-07T06:00:52.000Z,en,0,0,0.84
self-improving-agent,https://x.com/i/status/2107609408955953540,2026-10-06T23:10:15.000Z,en,0,0,0.88
self-improving-agent,https://x.com/i/status/2107461906688856262,2026-10-06T13:24:07.000Z,en,60,46,0.76
self-improving-agent,https://x.com/i/status/2107399879719018875,2026-10-06T09:17:39.000Z,en,1,0,0.91
self-improving-agent,https://x.com/i/status/2107208163867132318,2026-10-05T20:35:50.000Z,en,7,0,0.29
self-improving-agent,https://x.com/i/status/2107186798594301954,2026-10-05T19:10:57.000Z,en,5,2,0.87
self-improving-agent,https://x.com/i/status/2107151909979320828,2026-10-05T16:52:18.000Z,en,64,3,0.1
self-improving-agent,https://x.com/i/status/2107136401577775135,2026-10-05T15:50:41.000Z,en,2,0,0.78
self-improving-agent,https://x.com/i/status/2107121939923816813,2026-10-05T14:53:13.000Z,en,6,1,0.33
self-improving-agent,https://x.com/i/status/2107066779545538798,2026-10-05T11:14:02.000Z,en,1,0,0.03
self-improving-agent,https://x.com/i/status/2107005569814896868,2026-10-05T07:10:48.000Z,en,2,1,0.7
self-improving-agent,https://x.com/i/status/2106913274851893501,2026-10-05T01:04:03.000Z,en,379,138,0.4
self-improving-agent,https://x.com/i/status/2106870150612045892,2026-10-04T22:12:42.000Z,en,0,0,0.75
self-improving-agent,https://x.com/i/status/2106807494987173984,2026-10-04T18:03:44.000Z,en,0,0,0.9
self-improving-agent,https://x.com/i/status/2106784214792442364,2026-10-04T16:31:13.000Z,en,14,4,0.68
self-improving-agent,https://x.com/i/status/2106609198129668539,2026-10-04T04:55:46.000Z,en,2,2,0.68
self-improving-agent,https://x.com/i/status/2106608131417485761,2026-10-04T04:51:32.000Z,en,16,2,0.51
self-improving-agent,https://x.com/i/status/2106472394869428734,2026-10-03T19:52:09.000Z,zh,1,0,0.93
self-improving-agent,https://x.com/i/status/2106467109614313817,2026-10-03T19:31:09.000Z,en,38,4,0.79
self-improving-agent,https://x.com/i/status/2106437387152965788,2026-10-03T17:33:03.000Z,en,51,33,0.65
self-improving-agent,https://x.com/i/status/2106369875765542956,2026-10-03T13:04:47.000Z,en,24,1,0.64
self-improving-agent,https://x.com/i/status/2106331057893122459,2026-10-03T10:30:32.000Z,en,3,1,0.71
self-improving-agent,https://x.com/i/status/2106238024304730561,2026-10-03T04:20:51.000Z,en,1,0,0.39
self-improving-agent,https://x.com/i/status/2105997623551283676,2026-10-02T12:25:35.000Z,en,271,91,0.4
self-improving-agent,https://x.com/i/status/2105974159066984579,2026-10-02T10:52:21.000Z,en,2,0,0.47
self-improving-agent,https://x.com/i/status/2105953912604020911,2026-10-02T09:31:54.000Z,en,0,0,0.64
self-improving-agent,https://x.com/i/status/2105940371150954728,2026-10-02T08:38:05.000Z,en,1,0,0.72
self-improving-agent,https://x.com/i/status/2105939999703339241,2026-10-02T08:36:37.000Z,en,3,0,0.69
self-improving-agent,https://x.com/i/status/2105938860744270249,2026-10-02T08:32:05.000Z,en,0,0,0.7
self-improving-agent,https://x.com/i/status/2105928503979896851,2026-10-02T07:50:56.000Z,en,2,0,0.14
self-improving-agent,https://x.com/i/status/2105790614985929023,2026-10-01T22:43:00.000Z,en,1,0,0.92
self-improving-agent,https://x.com/i/status/2105732154344788391,2026-10-01T18:50:42.000Z,en,0,0,0.89
self-improving-agent,https://x.com/i/status/2105675695980716189,2026-10-01T15:06:22.000Z,en,0,0,0.92
self-improving-agent,https://x.com/i/status/2105666568155721949,2026-10-01T14:30:05.000Z,en,30,3,0.84
self-improving-agent,https://x.com/i/status/2105664518173204981,2026-10-01T14:21:57.000Z,en,0,0,0.62
self-improving-agent,https://x.com/i/status/2105660297964921027,2026-10-01T14:05:10.000Z,en,0,0,0.57
self-improving-agent,https://x.com/i/status/2105633422215647683,2026-10-01T12:18:23.000Z,en,87,42,0.71
self-improving-agent,https://x.com/i/status/2105514744069378279,2026-10-01T04:26:48.000Z,en,0,0,0.83
self-improving-agent,https://x.com/i/status/2105491055810625619,2026-10-01T02:52:40.000Z,en,0,0,0.84
self-improving-agent,https://x.com/i/status/2105330233729798180,2026-09-30T16:13:37.000Z,en,0,0,0.64
self-improving-agent,https://x.com/i/status/2105322811526947195,2026-09-30T15:44:07.000Z,en,0,0,0.78
self-improving-agent,https://x.com/i/status/2105299154482184388,2026-09-30T14:10:07.000Z,en,1,0,0.81
self-improving-agent,https://x.com/i/status/2105295684488556591,2026-09-30T13:56:20.000Z,en,8,0,0.79
self-improving-agent,https://x.com/i/status/2105293968724332550,2026-09-30T13:49:31.000Z,en,234,6,0.32
self-improving-agent,https://x.com/i/status/2105260380675010939,2026-09-30T11:36:03.000Z,en,0,0,0.87
self-improving-agent,https://x.com/i/status/2105252015014314490,2026-09-30T11:02:48.000Z,en,1,0,0.87
grill-me,https://x.com/i/status/2107723362630082822,2026-10-07T06:43:03.000Z,en,20,6,0.1
grill-me,https://x.com/i/status/2107670479200977189,2026-10-07T03:12:55.000Z,ja,0,0,0.95
grill-me,https://x.com/i/status/2107666968086204616,2026-10-07T02:58:58.000Z,zh,0,0,0.94
grill-me,https://x.com/i/status/2107654000279765070,2026-10-07T02:07:26.000Z,zh,1,0,0.96
grill-me,https://x.com/i/status/2107568831484899451,2026-10-06T20:29:00.000Z,en,1,0,0.97
grill-me,https://x.com/i/status/2107560794280046960,2026-10-06T19:57:04.000Z,en,0,0,0.94
grill-me,https://x.com/i/status/2107542539565961368,2026-10-06T18:44:32.000Z,en,1,0,0.96
grill-me,https://x.com/i/status/2107535313174249871,2026-10-06T18:15:49.000Z,en,1,0,0.07
grill-me,https://x.com/i/status/2107490117371720047,2026-10-06T15:16:13.000Z,tr,1,0,0.05
grill-me,https://x.com/i/status/2107482535056003101,2026-10-06T14:46:06.000Z,zh,3,0,0.81
grill-me,https://x.com/i/status/2107444507788673444,2026-10-06T12:14:59.000Z,en,3,0,0.95
grill-me,https://x.com/i/status/2107440440031228349,2026-10-06T11:58:49.000Z,en,0,0,0.91
grill-me,https://x.com/i/status/2107430180549755340,2026-10-06T11:18:03.000Z,en,0,0,0.95
grill-me,https://x.com/i/status/2107418087771586755,2026-10-06T10:30:00.000Z,en,0,0,0.94
grill-me,https://x.com/i/status/2107402909541339644,2026-10-06T09:29:41.000Z,en,0,0,0.94
grill-me,https://x.com/i/status/2107392340599976399,2026-10-06T08:47:42.000Z,en,5,0,0.62
grill-me,https://x.com/i/status/2107376554401743325,2026-10-06T07:44:58.000Z,en,0,0,0.38
grill-me,https://x.com/i/status/2107344903974056426,2026-10-06T05:39:12.000Z,en,0,0,0.87
grill-me,https://x.com/i/status/2107333610877637094,2026-10-06T04:54:19.000Z,ja,1,0,0.08
grill-me,https://x.com/i/status/2107321121745834084,2026-10-06T04:04:42.000Z,en,1,0,0.76
grill-me,https://x.com/i/status/2107263429585338389,2026-10-06T00:15:27.000Z,en,2,0,0.94
grill-me,https://x.com/i/status/2107256771484008769,2026-10-05T23:48:59.000Z,en,4,0,0.05
grill-me,https://x.com/i/status/2107241216467517763,2026-10-05T22:47:11.000Z,ja,0,0,0.87
grill-me,https://x.com/i/status/2107161423193219548,2026-10-05T17:30:07.000Z,en,54,0,0.07
grill-me,https://x.com/i/status/2107108825761558799,2026-10-05T14:01:06.000Z,en,1242,62,0.07
grill-me,https://x.com/i/status/2107077084891987999,2026-10-05T11:54:59.000Z,zh,1,0,0.07
grill-me,https://x.com/i/status/2107059202342715606,2026-10-05T10:43:55.000Z,en,1,0,0.96
grill-me,https://x.com/i/status/2107053492883919319,2026-10-05T10:21:14.000Z,en,0,0,0.93
grill-me,https://x.com/i/status/2107050883083333825,2026-10-05T10:10:52.000Z,und,376,278,0.8
grill-me,https://x.com/i/status/2107033301357580733,2026-10-05T09:01:00.000Z,zh,0,0,0.97
grill-me,https://x.com/i/status/2106962354760253508,2026-10-05T04:19:05.000Z,zh,2,0,0.89
grill-me,https://x.com/i/status/2106916491119735284,2026-10-05T01:16:50.000Z,ja,1,0,0.85
grill-me,https://x.com/i/status/2106894293030064515,2026-10-04T23:48:38.000Z,en,0,0,0.9
grill-me,https://x.com/i/status/2106818350617878585,2026-10-04T18:46:52.000Z,en,1,0,0.75
grill-me,https://x.com/i/status/2106788202446995488,2026-10-04T16:47:04.000Z,en,1,0,0.05
grill-me,https://x.com/i/status/2106741850627260786,2026-10-04T13:42:53.000Z,en,1,0,0.96
grill-me,https://x.com/i/status/2106716709117714818,2026-10-04T12:02:59.000Z,en,1,0,0.97
grill-me,https://x.com/i/status/2106702672053129696,2026-10-04T11:07:12.000Z,en,0,0,0.92
grill-me,https://x.com/i/status/2106684331729240425,2026-10-04T09:54:19.000Z,en,0,0,0.74
grill-me,https://x.com/i/status/2106683536300552446,2026-10-04T09:51:09.000Z,en,0,0,0.72
grill-me,https://x.com/i/status/2106631009374785541,2026-10-04T06:22:26.000Z,zxx,2,1,0.09
grill-me,https://x.com/i/status/2106596852049363417,2026-10-04T04:06:42.000Z,en,9,0,0.66
grill-me,https://x.com/i/status/2106549424331604392,2026-10-04T00:58:15.000Z,zh,1,0,0.93
grill-me,https://x.com/i/status/2106510336413012463,2026-10-03T22:22:55.000Z,en,1040,58,0.73
grill-me,https://x.com/i/status/2106483510395728179,2026-10-03T20:36:20.000Z,en,0,0,0.9
grill-me,https://x.com/i/status/2106425860584878398,2026-10-03T16:47:15.000Z,zh,3,0,0.82
grill-me,https://x.com/i/status/2106423809784021339,2026-10-03T16:39:06.000Z,en,0,0,0.85
grill-me,https://x.com/i/status/2106413760433021191,2026-10-03T15:59:10.000Z,en,0,0,0.91
grill-me,https://x.com/i/status/2106401741432627506,2026-10-03T15:11:24.000Z,zh,0,0,0.92
grill-me,https://x.com/i/status/2106385315594485832,2026-10-03T14:06:08.000Z,en,0,0,0.88
grill-me,https://x.com/i/status/2106360764533805546,2026-10-03T12:28:35.000Z,en,7,0,0.22
grill-me,https://x.com/i/status/2106350256933753068,2026-10-03T11:46:50.000Z,en,0,0,0.03
grill-me,https://x.com/i/status/2106345516435132911,2026-10-03T11:27:59.000Z,en,82,18,0.23
grill-me,https://x.com/i/status/2106344416453837294,2026-10-03T11:23:37.000Z,en,2,0,0.83
grill-me,https://x.com/i/status/2106317888521183563,2026-10-03T09:38:12.000Z,zxx,11,2,0.1
grill-me,https://x.com/i/status/2106297730800713850,2026-10-03T08:18:06.000Z,en,2,0,0.91
grill-me,https://x.com/i/status/2106096613982937091,2026-10-02T18:58:56.000Z,zxx,16,1,0.07
grill-me,https://x.com/i/status/2106065804215079222,2026-10-02T16:56:31.000Z,en,0,0,0.08
grill-me,https://x.com/i/status/2106058933005926697,2026-10-02T16:29:12.000Z,en,0,0,0.76
grill-me,https://x.com/i/status/2106051048125469114,2026-10-02T15:57:53.000Z,es,2,0,0.93
grill-me,https://x.com/i/status/2106011421938962671,2026-10-02T13:20:25.000Z,en,0,0,0.19
grill-me,https://x.com/i/status/2105992854372028524,2026-10-02T12:06:38.000Z,en,0,0,0.91
grill-me,https://x.com/i/status/2105979355793096939,2026-10-02T11:13:00.000Z,en,107,5,0.89
grill-me,https://x.com/i/status/2105933066837610579,2026-10-02T08:09:04.000Z,en,0,0,0.97
grill-me,https://x.com/i/status/2105900847863406648,2026-10-02T06:01:02.000Z,en,10,0,0.32
grill-me,https://x.com/i/status/2105885742220116149,2026-10-02T05:01:01.000Z,en,30,2,0.91
grill-me,https://x.com/i/status/2105875420839367109,2026-10-02T04:20:00.000Z,zh,0,0,0.89
grill-me,https://x.com/i/status/2105846837316116567,2026-10-02T02:26:25.000Z,ja,1,0,0.91
grill-me,https://x.com/i/status/2105846713101726104,2026-10-02T02:25:55.000Z,en,0,0,0.96
grill-me,https://x.com/i/status/2105787332225868253,2026-10-01T22:29:58.000Z,en,0,0,0.04
grill-me,https://x.com/i/status/2105772473656791328,2026-10-01T21:30:55.000Z,en,2,0,0.91
grill-me,https://x.com/i/status/2105761044199260530,2026-10-01T20:45:30.000Z,zxx,6,1,0.1
grill-me,https://x.com/i/status/2105697043020955887,2026-10-01T16:31:11.000Z,en,0,0,0.95
grill-me,https://x.com/i/status/2105647562804117960,2026-10-01T13:14:34.000Z,ja,1,0,0.96
grill-me,https://x.com/i/status/2105538208020721738,2026-10-01T06:00:02.000Z,en,198,26,0.38
grill-me,https://x.com/i/status/2105518475724914710,2026-10-01T04:41:37.000Z,en,3,0,0.92
grill-me,https://x.com/i/status/2105492171784962535,2026-10-01T02:57:06.000Z,th,2,0,0.85
grill-me,https://x.com/i/status/2105438157970018367,2026-09-30T23:22:28.000Z,zh,1,0,0.79
grill-me,https://x.com/i/status/2105377325735178464,2026-09-30T19:20:45.000Z,en,8,0,0.94
grill-me,https://x.com/i/status/2105376620618166346,2026-09-30T19:17:57.000Z,en,11,0,0.94
grill-me,https://x.com/i/status/2105361164179996960,2026-09-30T18:16:31.000Z,en,1,0,0.05
grill-me,https://x.com/i/status/2105337458183602447,2026-09-30T16:42:19.000Z,en,0,0,0.92
grill-me,https://x.com/i/status/2105298456478925173,2026-09-30T14:07:21.000Z,en,0,0,0.96
grill-me,https://x.com/i/status/2105294890808574083,2026-09-30T13:53:11.000Z,en,1,0,0.82
grill-me,https://x.com/i/status/2105214629849042959,2026-09-30T08:34:15.000Z,en,1,0,0.96
grill-me,https://x.com/i/status/2105208969790734717,2026-09-30T08:11:45.000Z,zh,11,1,0.05
grill-me,https://x.com/i/status/2105208960890368374,2026-09-30T08:11:43.000Z,en,2,0,0.95
grill-me,https://x.com/i/status/2105205279621292464,2026-09-30T07:57:06.000Z,ja,0,0,0.82
grill-with-docs,https://x.com/i/status/2107711116738691360,2026-10-07T05:54:24.000Z,en,2,0,0.86
grill-with-docs,https://x.com/i/status/2107560148243812772,2026-10-06T19:54:30.000Z,en,104,2,0.06
grill-with-docs,https://x.com/i/status/2107502417390469550,2026-10-06T16:05:06.000Z,zh,2,1,0.97
grill-with-docs,https://x.com/i/status/2107413555989602420,2026-10-06T10:12:00.000Z,ja,48,9,0.81
grill-with-docs,https://x.com/i/status/2107142044150071416,2026-10-05T16:13:06.000Z,en,0,0,0.92
grill-with-docs,https://x.com/i/status/2107121490323996998,2026-10-05T14:51:26.000Z,zh,1,0,0.06
grill-with-docs,https://x.com/i/status/2107025819285786687,2026-10-05T08:31:16.000Z,en,1,0,0.97
grill-with-docs,https://x.com/i/status/2106962354760253508,2026-10-05T04:19:05.000Z,zh,2,0,0.53
grill-with-docs,https://x.com/i/status/2106709714042036342,2026-10-04T11:35:11.000Z,en,2,0,0.07
grill-with-docs,https://x.com/i/status/2106655313281613844,2026-10-04T07:59:01.000Z,zxx,3,0,0.19
grill-with-docs,https://x.com/i/status/2106549424331604392,2026-10-04T00:58:15.000Z,zh,1,0,0.97
grill-with-docs,https://x.com/i/status/2106410676239347712,2026-10-03T15:46:55.000Z,fr,34,0,0.06
grill-with-docs,https://x.com/i/status/2106360521406492688,2026-10-03T12:27:37.000Z,en,13,1,0.97
grill-with-docs,https://x.com/i/status/2106146796812812491,2026-10-02T22:18:21.000Z,en,1,0,0.97
grill-with-docs,https://x.com/i/status/2105992854372028524,2026-10-02T12:06:38.000Z,en,0,0,0.95
grill-with-docs,https://x.com/i/status/2105911564155175046,2026-10-02T06:43:37.000Z,en,12,0,0.9
grill-with-docs,https://x.com/i/status/2105346893572108783,2026-09-30T17:19:49.000Z,es,4,0,0.95
grill-with-docs,https://x.com/i/status/2105254329561076185,2026-09-30T11:12:00.000Z,en,0,0,0.97
self-improving,https://x.com/i/status/2107732251094188215,2026-10-07T07:18:23.000Z,en,4,1,0.24
self-improving,https://x.com/i/status/2107712745504178531,2026-10-07T06:00:52.000Z,en,0,0,0.89
self-improving,https://x.com/i/status/2107669198537417157,2026-10-07T03:07:50.000Z,en,15,1,0.24
self-improving,https://x.com/i/status/2107650869982376106,2026-10-07T01:55:00.000Z,en,0,0,0.87
self-improving,https://x.com/i/status/2107648247720181840,2026-10-07T01:44:35.000Z,en,0,0,0.76
self-improving,https://x.com/i/status/2107643134415130981,2026-10-07T01:24:16.000Z,en,5,1,0.22
self-improving,https://x.com/i/status/2107630287207436655,2026-10-07T00:33:13.000Z,en,4,0,0.76
self-improving,https://x.com/i/status/2107609408955953540,2026-10-06T23:10:15.000Z,en,0,0,0.87
self-improving,https://x.com/i/status/2107571762460537049,2026-10-06T20:40:39.000Z,en,113,16,0.58
self-improving,https://x.com/i/status/2107569079083319689,2026-10-06T20:29:59.000Z,en,54,3,0.85
self-improving,https://x.com/i/status/2107564789127872792,2026-10-06T20:12:57.000Z,en,9,2,0.85
self-improving,https://x.com/i/status/2107560120721035502,2026-10-06T19:54:24.000Z,en,25,7,0.85
self-improving,https://x.com/i/status/2107555847975162258,2026-10-06T19:37:25.000Z,en,0,0,0.09
self-improving,https://x.com/i/status/2107553261385547951,2026-10-06T19:27:08.000Z,en,7,3,0.83
self-improving,https://x.com/i/status/2107546605721174178,2026-10-06T19:00:41.000Z,en,28,8,0.86
self-improving,https://x.com/i/status/2107544495307071845,2026-10-06T18:52:18.000Z,en,0,0,0.62
self-improving,https://x.com/i/status/2107542090989404655,2026-10-06T18:42:45.000Z,en,13,2,0.78
self-improving,https://x.com/i/status/2107538149643796758,2026-10-06T18:27:05.000Z,en,8,2,0.9
self-improving,https://x.com/i/status/2107531398253023501,2026-10-06T18:00:16.000Z,en,0,0,0.62
self-improving,https://x.com/i/status/2107530115995652504,2026-10-06T17:55:10.000Z,en,0,0,0.84
self-improving,https://x.com/i/status/2107520854854701269,2026-10-06T17:18:22.000Z,en,0,0,0.86
self-improving,https://x.com/i/status/2107518501338407198,2026-10-06T17:09:01.000Z,en,3,0,0.62
self-improving,https://x.com/i/status/2107514719536025891,2026-10-06T16:53:59.000Z,en,87,9,0.07
self-improving,https://x.com/i/status/2107511131522920697,2026-10-06T16:39:44.000Z,en,20,4,0.3
self-improving,https://x.com/i/status/2107508682871251382,2026-10-06T16:30:00.000Z,en,0,0,0.42
self-improving,https://x.com/i/status/2107501159741034866,2026-10-06T16:00:06.000Z,en,36,1,0.46
self-improving,https://x.com/i/status/2107501125125415017,2026-10-06T15:59:58.000Z,en,0,0,0.82
self-improving,https://x.com/i/status/2107494733505294599,2026-10-06T15:34:34.000Z,en,2,0,0.86
self-improving,https://x.com/i/status/2107486486543073281,2026-10-06T15:01:48.000Z,en,0,0,0.81
self-improving,https://x.com/i/status/2107471974620660142,2026-10-06T14:04:08.000Z,zxx,3,1,0.14
self-improving,https://x.com/i/status/2107470795257577526,2026-10-06T13:59:27.000Z,en,30,6,0.88
self-improving,https://x.com/i/status/2107461906688856262,2026-10-06T13:24:07.000Z,en,60,46,0.69
self-improving,https://x.com/i/status/2107460270432092287,2026-10-06T13:17:37.000Z,en,0,0,0.84
self-improving,https://x.com/i/status/2107442355330777290,2026-10-06T12:06:26.000Z,en,46,12,0.71
self-improving,https://x.com/i/status/2107418433558118624,2026-10-06T10:31:23.000Z,en,0,0,0.92
self-improving,https://x.com/i/status/2107406106817352084,2026-10-06T09:42:24.000Z,en,6,0,0.81
self-improving,https://x.com/i/status/2107399879719018875,2026-10-06T09:17:39.000Z,en,1,0,0.9
self-improving,https://x.com/i/status/2107368303182369136,2026-10-06T07:12:11.000Z,en,0,0,0.72
self-improving,https://x.com/i/status/2107348262269415833,2026-10-06T05:52:33.000Z,zh,0,0,0.85
self-improving,https://x.com/i/status/2107335182978335162,2026-10-06T05:00:34.000Z,en,0,0,0.9
self-improving,https://x.com/i/status/2107331187467542770,2026-10-06T04:44:42.000Z,en,41,21,0.84
self-improving,https://x.com/i/status/2107330452692275351,2026-10-06T04:41:46.000Z,en,5,0,0.79
self-improving,https://x.com/i/status/2107322671486919037,2026-10-06T04:10:51.000Z,en,0,0,0.88
self-improving,https://x.com/i/status/2107320310638788612,2026-10-06T04:01:28.000Z,en,2,0,0.86
self-improving,https://x.com/i/status/2107312456980688977,2026-10-06T03:30:16.000Z,en,2,0,0.68
self-improving,https://x.com/i/status/2107306010121838749,2026-10-06T03:04:39.000Z,en,329,66,0.57
self-improving,https://x.com/i/status/2107305024304951397,2026-10-06T03:00:44.000Z,en,1,0,0.79
self-improving,https://x.com/i/status/2107290491259887942,2026-10-06T02:02:59.000Z,en,167,84,0.86
self-improving,https://x.com/i/status/2107289996894089591,2026-10-06T02:01:01.000Z,en,4,0,0.63
self-improving,https://x.com/i/status/2107285111712497902,2026-10-06T01:41:36.000Z,en,0,0,0.03
self-improving,https://x.com/i/status/2107252690304545241,2026-10-05T23:32:46.000Z,en,0,0,0.68
self-improving,https://x.com/i/status/2107233500302921841,2026-10-05T22:16:31.000Z,zxx,8,0,0.11
self-improving,https://x.com/i/status/2107229102478647373,2026-10-05T21:59:03.000Z,en,4,1,0.02
self-improving,https://x.com/i/status/2107221158261145689,2026-10-05T21:27:29.000Z,en,7,1,0.77
self-improving,https://x.com/i/status/2107208322910691565,2026-10-05T20:36:28.000Z,en,16,3,0.83
self-improving,https://x.com/i/status/2107208163867132318,2026-10-05T20:35:50.000Z,en,7,0,0.38
self-improving,https://x.com/i/status/2107195868944416998,2026-10-05T19:46:59.000Z,en,10,0,0.23
self-improving,https://x.com/i/status/2107194288719254014,2026-10-05T19:40:42.000Z,en,7,0,0.53
self-improving,https://x.com/i/status/2107194210516640146,2026-10-05T19:40:24.000Z,en,3,0,0.13
self-improving,https://x.com/i/status/2107191277385056641,2026-10-05T19:28:44.000Z,en,262,50,0.63
self-improving,https://x.com/i/status/2107186798594301954,2026-10-05T19:10:57.000Z,en,5,2,0.92
self-improving,https://x.com/i/status/2107179464581058600,2026-10-05T18:41:48.000Z,en,20,4,0.86
self-improving,https://x.com/i/status/2107177427382481184,2026-10-05T18:33:42.000Z,en,0,0,0.9
self-improving,https://x.com/i/status/2107176270706757645,2026-10-05T18:29:07.000Z,en,2,0,0.86
self-improving,https://x.com/i/status/2107176227111092500,2026-10-05T18:28:56.000Z,en,0,0,0.63
self-improving,https://x.com/i/status/2107176089869267356,2026-10-05T18:28:23.000Z,en,0,0,0.84
self-improving,https://x.com/i/status/2107170001379881446,2026-10-05T18:04:12.000Z,en,20,0,0.77
self-improving,https://x.com/i/status/2107169822224392195,2026-10-05T18:03:29.000Z,en,0,0,0.76
self-improving,https://x.com/i/status/2107169748740092268,2026-10-05T18:03:12.000Z,en,0,0,0.73
self-improving,https://x.com/i/status/2107169052879946013,2026-10-05T18:00:26.000Z,en,14,0,0.85
self-improving,https://x.com/i/status/2107166031043076363,2026-10-05T17:48:25.000Z,en,25,0,0.87
self-improving,https://x.com/i/status/2107164494434574345,2026-10-05T17:42:19.000Z,en,2,0,0.9
self-improving,https://x.com/i/status/2107162017626746951,2026-10-05T17:32:28.000Z,en,64,7,0.88
self-improving,https://x.com/i/status/2107161643348344928,2026-10-05T17:30:59.000Z,en,1,0,0.03
self-improving,https://x.com/i/status/2107156765645410461,2026-10-05T17:11:36.000Z,en,0,0,0.03
self-improving,https://x.com/i/status/2107151909979320828,2026-10-05T16:52:18.000Z,en,64,3,0.1
self-improving,https://x.com/i/status/2107151521746194605,2026-10-05T16:50:46.000Z,en,27,0,0.9
self-improving,https://x.com/i/status/2107148754633507237,2026-10-05T16:39:46.000Z,en,3803,351,0.75
self-improving,https://x.com/i/status/2107146100436308263,2026-10-05T16:29:13.000Z,en,0,0,0.62
self-improving,https://x.com/i/status/2107145844952863188,2026-10-05T16:28:12.000Z,en,294,34,0.35
self-improving,https://x.com/i/status/2107142427077410919,2026-10-05T16:14:38.000Z,en,33,1,0.87
self-improving,https://x.com/i/status/2107137947078394063,2026-10-05T15:56:49.000Z,zxx,2,0,0.16
self-improving,https://x.com/i/status/2107136401577775135,2026-10-05T15:50:41.000Z,en,2,0,0.85
self-improving,https://x.com/i/status/2107128949134242059,2026-10-05T15:21:04.000Z,en,167,27,0.86
self-improving,https://x.com/i/status/2107126310128476498,2026-10-05T15:10:35.000Z,en,15,0,0.83
self-improving,https://x.com/i/status/2107121939923816813,2026-10-05T14:53:13.000Z,en,6,1,0.51
self-improving,https://x.com/i/status/2107118538762903611,2026-10-05T14:39:42.000Z,en,0,0,0.72
self-improving,https://x.com/i/status/2107115783167807776,2026-10-05T14:28:45.000Z,en,14,0,0.69
self-improving,https://x.com/i/status/2107107794633826787,2026-10-05T13:57:01.000Z,en,46,1,0.77
self-improving,https://x.com/i/status/2107107245821726900,2026-10-05T13:54:50.000Z,en,0,0,0.86
self-improving,https://x.com/i/status/2107103801484140983,2026-10-05T13:41:09.000Z,en,32,0,0.9
self-improving,https://x.com/i/status/2107085904259039291,2026-10-05T12:30:01.000Z,en,23,2,0.64
self-improving,https://x.com/i/status/2107071767923638294,2026-10-05T11:33:51.000Z,zxx,0,0,0.1
self-improving,https://x.com/i/status/2107066779545538798,2026-10-05T11:14:02.000Z,en,1,0,0.03
self-improving,https://x.com/i/status/2107052833568698583,2026-10-05T10:18:37.000Z,en,3,0,0.5
self-improving,https://x.com/i/status/2107049650402525417,2026-10-05T10:05:58.000Z,en,53,17,0.42
self-improving,https://x.com/i/status/2107040875628958086,2026-10-05T09:31:06.000Z,en,0,1,0.81
self-improving,https://x.com/i/status/2107030774864392249,2026-10-05T08:50:58.000Z,en,1,0,0.93
self-improving,https://x.com/i/status/2107013987950796931,2026-10-05T07:44:15.000Z,en,1,1,0.61
self-improving,https://x.com/i/status/2107005569814896868,2026-10-05T07:10:48.000Z,en,2,1,0.62
improve-codebase-architecture,https://x.com/i/status/2107482535056003101,2026-10-06T14:46:06.000Z,zh,3,0,0.38
improve-codebase-architecture,https://x.com/i/status/2107121816565137633,2026-10-05T14:52:44.000Z,en,1,0,0.58
improve-codebase-architecture,https://x.com/i/status/2107121490323996998,2026-10-05T14:51:26.000Z,zh,1,0,0.11
improve-codebase-architecture,https://x.com/i/status/2106962354760253508,2026-10-05T04:19:05.000Z,zh,2,0,0.27
improve-codebase-architecture,https://x.com/i/status/2106753279036416219,2026-10-04T14:28:17.000Z,zh,62,8,0.97
improve-codebase-architecture,https://x.com/i/status/2106096613982937091,2026-10-02T18:58:56.000Z,zxx,16,1,0.17
improve-codebase-architecture,https://x.com/i/status/2105992855978418678,2026-10-02T12:06:38.000Z,en,0,0,0.94
improve-codebase-architecture,https://x.com/i/status/2105979355793096939,2026-10-02T11:13:00.000Z,en,107,5,0.18
improve-codebase-architecture,https://x.com/i/status/2105346893572108783,2026-09-30T17:19:49.000Z,es,4,0,0.96
improve-codebase-architecture,https://x.com/i/status/2105254332081877141,2026-09-30T11:12:01.000Z,en,0,0,0.95
github,https://x.com/i/status/2107736188027289735,2026-10-07T07:34:01.000Z,en,0,0,0.12
github,https://x.com/i/status/2107735302509142459,2026-10-07T07:30:30.000Z,th,1,1,0.1
github,https://x.com/i/status/2107735268920815840,2026-10-07T07:30:22.000Z,en,0,0,0.09
github,https://x.com/i/status/2107735176004649434,2026-10-07T07:30:00.000Z,ja,0,0,0.09
github,https://x.com/i/status/2107735147365966011,2026-10-07T07:29:53.000Z,en,1,0,0.07
github,https://x.com/i/status/2107734688659849318,2026-10-07T07:28:04.000Z,en,0,0,0.05
github,https://x.com/i/status/2107734168583200876,2026-10-07T07:26:00.000Z,zh,0,0,0.09
github,https://x.com/i/status/2107733448966144059,2026-10-07T07:23:08.000Z,zh,2,0,0.1
github,https://x.com/i/status/2107733370801377746,2026-10-07T07:22:50.000Z,en,0,0,0.13
github,https://x.com/i/status/2107732406950412475,2026-10-07T07:19:00.000Z,zh,0,0,0.27
github,https://x.com/i/status/2107732062719688947,2026-10-07T07:17:38.000Z,zh,0,0,0.07
github,https://x.com/i/status/2107730481706111327,2026-10-07T07:11:21.000Z,th,0,0,0.16
github,https://x.com/i/status/2107728632256803298,2026-10-07T07:04:00.000Z,zh,0,0,0.06
github,https://x.com/i/status/2107728389046161876,2026-10-07T07:03:02.000Z,en,3,0,0.05
github,https://x.com/i/status/2107728058849558852,2026-10-07T07:01:43.000Z,en,4,1,0.34
github,https://x.com/i/status/2107727744029073859,2026-10-07T07:00:28.000Z,en,0,0,0.08
github,https://x.com/i/status/2107727341224861744,2026-10-07T06:58:52.000Z,en,2,0,0.09
github,https://x.com/i/status/2107726873090462083,2026-10-07T06:57:00.000Z,zh,0,0,0.09
github,https://x.com/i/status/2107726726222467462,2026-10-07T06:56:25.000Z,en,1,0,0.15
github,https://x.com/i/status/2107726467711095001,2026-10-07T06:55:24.000Z,zh,3,0,0.1
github,https://x.com/i/status/2107726108775121170,2026-10-07T06:53:58.000Z,en,0,0,0.12
github,https://x.com/i/status/2107725559589753237,2026-10-07T06:51:47.000Z,zh,35,4,0.08
github,https://x.com/i/status/2107725361069150408,2026-10-07T06:51:00.000Z,en,1,0,0.08
github,https://x.com/i/status/2107725124510339289,2026-10-07T06:50:03.000Z,zh,0,0,0.28
github,https://x.com/i/status/2107724943974605294,2026-10-07T06:49:20.000Z,en,0,0,0.09
github,https://x.com/i/status/2107724895501299918,2026-10-07T06:49:09.000Z,en,1,0,0.09
github,https://x.com/i/status/2107724352028577929,2026-10-07T06:46:59.000Z,zxx,2,0,0.08
github,https://x.com/i/status/2107723598723223952,2026-10-07T06:44:00.000Z,en,3,0,0.18
github,https://x.com/i/status/2107723116235395576,2026-10-07T06:42:05.000Z,en,0,0,0.15
github,https://x.com/i/status/2107722931702788284,2026-10-07T06:41:21.000Z,ja,0,0,0.08
github,https://x.com/i/status/2107722234991378646,2026-10-07T06:38:35.000Z,en,0,0,0.06
github,https://x.com/i/status/2107721556562731320,2026-10-07T06:35:53.000Z,zh,0,0,0.11
github,https://x.com/i/status/2107721229012733963,2026-10-07T06:34:35.000Z,en,2,1,0.07
github,https://x.com/i/status/2107721200608657691,2026-10-07T06:34:28.000Z,en,3,1,0.02
github,https://x.com/i/status/2107720641730531784,2026-10-07T06:32:15.000Z,zh,0,0,0.1
github,https://x.com/i/status/2107720585723699250,2026-10-07T06:32:01.000Z,en,2,1,0.16
github,https://x.com/i/status/2107720491666411666,2026-10-07T06:31:39.000Z,zh,1,0,0.1
github,https://x.com/i/status/2107720203836760263,2026-10-07T06:30:30.000Z,en,30,25,0.06
github,https://x.com/i/status/2107720076673622074,2026-10-07T06:30:00.000Z,en,8,0,0.12
github,https://x.com/i/status/2107720076212535653,2026-10-07T06:30:00.000Z,en,8,0,0.15
github,https://x.com/i/status/2107720000652153125,2026-10-07T06:29:42.000Z,en,0,0,0.12
github,https://x.com/i/status/2107719749798854853,2026-10-07T06:28:42.000Z,es,0,0,0.18
github,https://x.com/i/status/2107719641900753286,2026-10-07T06:28:16.000Z,zh,11,0,0.14
github,https://x.com/i/status/2107719555015479442,2026-10-07T06:27:56.000Z,en,0,0,0.15
github,https://x.com/i/status/2107719143902609856,2026-10-07T06:26:18.000Z,ja,1,0,0.37
github,https://x.com/i/status/2107718442380083613,2026-10-07T06:23:30.000Z,en,1,0,0.07
github,https://x.com/i/status/2107718095536279981,2026-10-07T06:22:08.000Z,en,0,0,0.16
github,https://x.com/i/status/2107718062510075941,2026-10-07T06:22:00.000Z,zh,2,0,0.14
github,https://x.com/i/status/2107717565346951210,2026-10-07T06:20:01.000Z,en,1,0,0.15
github,https://x.com/i/status/2107717559453638985,2026-10-07T06:20:00.000Z,ar,12,1,0.15
github,https://x.com/i/status/2107716594101101021,2026-10-07T06:16:10.000Z,en,6,1,0.05
github,https://x.com/i/status/2107716040079888530,2026-10-07T06:13:58.000Z,zh,0,0,0.06
github,https://x.com/i/status/2107715969493950811,2026-10-07T06:13:41.000Z,en,0,0,0.12
github,https://x.com/i/status/2107715589640982568,2026-10-07T06:12:10.000Z,zxx,0,0,0.08
github,https://x.com/i/status/2107715047187194068,2026-10-07T06:10:01.000Z,en,3,0,0.16
github,https://x.com/i/status/2107715043135729714,2026-10-07T06:10:00.000Z,en,2,0,0.17
github,https://x.com/i/status/2107714767892996326,2026-10-07T06:08:54.000Z,en,6,3,0.11
github,https://x.com/i/status/2107714517899821560,2026-10-07T06:07:55.000Z,en,0,0,0.13
github,https://x.com/i/status/2107714122066649526,2026-10-07T06:06:20.000Z,en,2,0,0.08
github,https://x.com/i/status/2107713332686053451,2026-10-07T06:03:12.000Z,zh,0,0,0.09
github,https://x.com/i/status/2107713203102970069,2026-10-07T06:02:41.000Z,zxx,98,18,0.08
github,https://x.com/i/status/2107713005500985800,2026-10-07T06:01:54.000Z,en,3,0,0.37
github,https://x.com/i/status/2107712651392585991,2026-10-07T06:00:30.000Z,zxx,0,0,0.11
github,https://x.com/i/status/2107712638381941071,2026-10-07T06:00:27.000Z,zxx,10,0,0.1
github,https://x.com/i/status/2107712533079654461,2026-10-07T06:00:01.000Z,ja,0,0,0.1
github,https://x.com/i/status/2107712468797850043,2026-10-07T05:59:46.000Z,en,0,0,0.12
github,https://x.com/i/status/2107712274324713481,2026-10-07T05:59:00.000Z,ko,1,0,0.18
github,https://x.com/i/status/2107711666116755503,2026-10-07T05:56:35.000Z,en,0,0,0.11
github,https://x.com/i/status/2107711303351751138,2026-10-07T05:55:08.000Z,en,0,0,0.12
github,https://x.com/i/status/2107710811112354176,2026-10-07T05:53:11.000Z,en,1,0,0.08
github,https://x.com/i/status/2107710573412552706,2026-10-07T05:52:14.000Z,en,0,0,0.12
github,https://x.com/i/status/2107710567847014469,2026-10-07T05:52:13.000Z,en,0,0,0.09
github,https://x.com/i/status/2107709809537753261,2026-10-07T05:49:12.000Z,en,214,4,0.03
github,https://x.com/i/status/2107708450742350211,2026-10-07T05:43:48.000Z,en,1,0,0.09
github,https://x.com/i/status/2107707690374066269,2026-10-07T05:40:47.000Z,en,0,0,0.23
github,https://x.com/i/status/2107706684173078678,2026-10-07T05:36:47.000Z,en,0,0,0.09
github,https://x.com/i/status/2107706168118489464,2026-10-07T05:34:44.000Z,en,14,0,0.64
github,https://x.com/i/status/2107705769194127775,2026-10-07T05:33:09.000Z,en,0,0,0.09
github,https://x.com/i/status/2107705145421390020,2026-10-07T05:30:40.000Z,en,5,1,0.09
github,https://x.com/i/status/2107703905765188052,2026-10-07T05:25:45.000Z,en,0,0,0.17
github,https://x.com/i/status/2107703214548410690,2026-10-07T05:23:00.000Z,zh,0,0,0.08
github,https://x.com/i/status/2107703116695302281,2026-10-07T05:22:36.000Z,en,0,0,0.16
github,https://x.com/i/status/2107702729233822043,2026-10-07T05:21:04.000Z,ja,1,0,0.18
github,https://x.com/i/status/2107701964603859164,2026-10-07T05:18:02.000Z,zh,1,0,0.14
github,https://x.com/i/status/2107701145796071473,2026-10-07T05:14:47.000Z,ja,2,1,0.26
github,https://x.com/i/status/2107699827093946552,2026-10-07T05:09:32.000Z,en,0,0,0.22
github,https://x.com/i/status/2107699687402688743,2026-10-07T05:08:59.000Z,en,1,0,0.45
github,https://x.com/i/status/2107699505416253935,2026-10-07T05:08:15.000Z,zh,1,0,0.16
github,https://x.com/i/status/2107698930222047394,2026-10-07T05:05:58.000Z,ja,1,0,0.39
github,https://x.com/i/status/2107698810860232973,2026-10-07T05:05:30.000Z,en,1,0,0.13
github,https://x.com/i/status/2107698794477609294,2026-10-07T05:05:26.000Z,tr,0,0,0.07
github,https://x.com/i/status/2107698729516167225,2026-10-07T05:05:10.000Z,tr,0,0,0.09
github,https://x.com/i/status/2107698610469048772,2026-10-07T05:04:42.000Z,en,0,0,0.11
github,https://x.com/i/status/2107698559521034632,2026-10-07T05:04:30.000Z,ja,0,0,0.1
github,https://x.com/i/status/2107698549563744618,2026-10-07T05:04:28.000Z,ja,0,0,0.09
github,https://x.com/i/status/2107698519050199130,2026-10-07T05:04:20.000Z,ja,0,0,0.09
github,https://x.com/i/status/2107698291714703362,2026-10-07T05:03:26.000Z,ja,0,0,0.09
github,https://x.com/i/status/2107698019915419945,2026-10-07T05:02:21.000Z,zh,0,0,0.44
github,https://x.com/i/status/2107697925220663681,2026-10-07T05:01:59.000Z,zh,1,0,0.08
github,https://x.com/i/status/2107697791543984355,2026-10-07T05:01:27.000Z,en,2,0,0.06
agent-browser,https://x.com/i/status/2107712533079654461,2026-10-07T06:00:01.000Z,ja,0,0,0.08
agent-browser,https://x.com/i/status/2107654807255384287,2026-10-07T02:10:39.000Z,zh,0,0,0.77
agent-browser,https://x.com/i/status/2107654792344678516,2026-10-07T02:10:35.000Z,zh,0,0,0.97
agent-browser,https://x.com/i/status/2107641465468059747,2026-10-07T01:17:38.000Z,en,0,0,0.84
agent-browser,https://x.com/i/status/2107621938709569714,2026-10-07T00:00:02.000Z,ja,1,0,0.04
agent-browser,https://x.com/i/status/2107600044669165941,2026-10-06T22:33:02.000Z,en,2,0,0.89
agent-browser,https://x.com/i/status/2107580327090880875,2026-10-06T21:14:41.000Z,en,4,2,0.77
agent-browser,https://x.com/i/status/2107571494163476567,2026-10-06T20:39:35.000Z,en,4,0,0.95
agent-browser,https://x.com/i/status/2107565074483388426,2026-10-06T20:14:05.000Z,en,1,0,0.89
agent-browser,https://x.com/i/status/2107554989648609656,2026-10-06T19:34:00.000Z,en,12,2,0.75
agent-browser,https://x.com/i/status/2107546545541599619,2026-10-06T19:00:27.000Z,en,0,0,0.93
agent-browser,https://x.com/i/status/2107543237112037744,2026-10-06T18:47:18.000Z,en,12,3,0.06
agent-browser,https://x.com/i/status/2107543069881180473,2026-10-06T18:46:38.000Z,en,3,0,0.1
agent-browser,https://x.com/i/status/2107534972773122296,2026-10-06T18:14:28.000Z,en,2,0,0.8
agent-browser,https://x.com/i/status/2107532647601700939,2026-10-06T18:05:13.000Z,en,32,4,0.74
agent-browser,https://x.com/i/status/2107526200591872442,2026-10-06T17:39:36.000Z,en,1,0,0.77
agent-browser,https://x.com/i/status/2107503788777152672,2026-10-06T16:10:33.000Z,en,15,3,0.36
agent-browser,https://x.com/i/status/2107502635242709502,2026-10-06T16:05:58.000Z,en,36,12,0.54
agent-browser,https://x.com/i/status/2107495549377339649,2026-10-06T15:37:49.000Z,en,1,0,0.94
agent-browser,https://x.com/i/status/2107494963139563829,2026-10-06T15:35:29.000Z,zh,0,0,0.75
agent-browser,https://x.com/i/status/2107487530257940506,2026-10-06T15:05:57.000Z,en,0,0,0.94
agent-browser,https://x.com/i/status/2107483921499717671,2026-10-06T14:51:36.000Z,en,5,0,0.34
agent-browser,https://x.com/i/status/2107437840263164002,2026-10-06T11:48:30.000Z,en,14,0,0.95
agent-browser,https://x.com/i/status/2107435057808117780,2026-10-06T11:37:26.000Z,en,0,0,0.94
agent-browser,https://x.com/i/status/2107419117590642973,2026-10-06T10:34:06.000Z,in,0,0,0.86
agent-browser,https://x.com/i/status/2107416845917749663,2026-10-06T10:25:04.000Z,en,8,1,0.92
agent-browser,https://x.com/i/status/2107414681648537688,2026-10-06T10:16:28.000Z,en,2,0,0.59
agent-browser,https://x.com/i/status/2107380804909465971,2026-10-06T08:01:51.000Z,en,1,0,0.92
agent-browser,https://x.com/i/status/2107339424715477353,2026-10-06T05:17:25.000Z,en,2,1,0.81
agent-browser,https://x.com/i/status/2107332999800909986,2026-10-06T04:51:54.000Z,en,3,0,0.87
agent-browser,https://x.com/i/status/2107312121386086864,2026-10-06T03:28:56.000Z,en,11,0,0.93
agent-browser,https://x.com/i/status/2107302391620030788,2026-10-06T02:50:16.000Z,en,2,0,0.54
agent-browser,https://x.com/i/status/2107297588227784735,2026-10-06T02:31:11.000Z,zh,0,0,0.91
agent-browser,https://x.com/i/status/2107260814713397258,2026-10-06T00:05:03.000Z,ja,0,0,0.94
agent-browser,https://x.com/i/status/2107236108971192580,2026-10-05T22:26:53.000Z,ja,1,0,0.09
agent-browser,https://x.com/i/status/2107206438955217164,2026-10-05T20:28:59.000Z,en,0,0,0.9
agent-browser,https://x.com/i/status/2107201610770166068,2026-10-05T20:09:48.000Z,en,1,0,0.92
agent-browser,https://x.com/i/status/2107200730314506341,2026-10-05T20:06:18.000Z,en,1,0,0.86
agent-browser,https://x.com/i/status/2107177009692430346,2026-10-05T18:32:03.000Z,tr,0,0,0.92
agent-browser,https://x.com/i/status/2107162961479655832,2026-10-05T17:36:13.000Z,en,34,4,0.05
agent-browser,https://x.com/i/status/2107155885965365444,2026-10-05T17:08:06.000Z,en,2,0,0.39
agent-browser,https://x.com/i/status/2107116626936307753,2026-10-05T14:32:06.000Z,en,1,0,0.96
agent-browser,https://x.com/i/status/2107116388263526504,2026-10-05T14:31:09.000Z,en,5,0,0.95
agent-browser,https://x.com/i/status/2107110344665506073,2026-10-05T14:07:09.000Z,en,1,0,0.29
agent-browser,https://x.com/i/status/2107093823872762146,2026-10-05T13:01:30.000Z,en,2,0,0.54
agent-browser,https://x.com/i/status/2107076073683111986,2026-10-05T11:50:58.000Z,en,0,0,0.3
agent-browser,https://x.com/i/status/2107074046416343195,2026-10-05T11:42:54.000Z,en,5,0,0.19
agent-browser,https://x.com/i/status/2107051851350770022,2026-10-05T10:14:43.000Z,ar,1,0,0.67
agent-browser,https://x.com/i/status/2107027481165173018,2026-10-05T08:37:52.000Z,en,0,0,0.66
agent-browser,https://x.com/i/status/2107026055890387239,2026-10-05T08:32:13.000Z,en,3,0,0.71
agent-browser,https://x.com/i/status/2107024143694565521,2026-10-05T08:24:37.000Z,en,0,0,0.93
agent-browser,https://x.com/i/status/2107015064389882134,2026-10-05T07:48:32.000Z,en,0,0,0.92
agent-browser,https://x.com/i/status/2107006657461109021,2026-10-05T07:15:08.000Z,zh,2,0,0.94
agent-browser,https://x.com/i/status/2106968410710282420,2026-10-05T04:43:09.000Z,en,0,0,0.88
agent-browser,https://x.com/i/status/2106950071619404073,2026-10-05T03:30:16.000Z,zh,5,0,0.95
agent-browser,https://x.com/i/status/2106946709800776127,2026-10-05T03:16:55.000Z,en,9,0,0.84
agent-browser,https://x.com/i/status/2106942758246363261,2026-10-05T03:01:13.000Z,en,0,0,0.82
agent-browser,https://x.com/i/status/2106936099046101059,2026-10-05T02:34:45.000Z,en,0,0,0.87
agent-browser,https://x.com/i/status/2106925100704669870,2026-10-05T01:51:03.000Z,en,0,0,0.86
agent-browser,https://x.com/i/status/2106923654613454996,2026-10-05T01:45:18.000Z,en,0,0,0.89
agent-browser,https://x.com/i/status/2106919852145594723,2026-10-05T01:30:12.000Z,en,22,2,0.46
agent-browser,https://x.com/i/status/2106877590329831430,2026-10-04T22:42:16.000Z,en,2,0,0.78
agent-browser,https://x.com/i/status/2106874539330421152,2026-10-04T22:30:08.000Z,en,4,0,0.81
agent-browser,https://x.com/i/status/2106869732737491297,2026-10-04T22:11:02.000Z,en,3,0,0.89
agent-browser,https://x.com/i/status/2106866959266542041,2026-10-04T22:00:01.000Z,en,19,1,0.35
agent-browser,https://x.com/i/status/2106865214771568929,2026-10-04T21:53:05.000Z,en,1,0,0.94
agent-browser,https://x.com/i/status/2106837493903400995,2026-10-04T20:02:56.000Z,en,0,0,0.95
agent-browser,https://x.com/i/status/2106831606573142492,2026-10-04T19:39:32.000Z,en,546,33,0.11
agent-browser,https://x.com/i/status/2106817167522218020,2026-10-04T18:42:10.000Z,en,0,0,0.91
agent-browser,https://x.com/i/status/2106806995223556330,2026-10-04T18:01:44.000Z,ja,1,0,0.8
agent-browser,https://x.com/i/status/2106795423805661597,2026-10-04T17:15:46.000Z,zh,0,0,0.88
agent-browser,https://x.com/i/status/2106756473472860568,2026-10-04T14:40:59.000Z,en,2,0,0.93
agent-browser,https://x.com/i/status/2106742166831997161,2026-10-04T13:44:08.000Z,en,1,0,0.61
agent-browser,https://x.com/i/status/2106714958939718057,2026-10-04T11:56:01.000Z,ja,6,1,0.15
agent-browser,https://x.com/i/status/2106700125842047120,2026-10-04T10:57:05.000Z,en,1,0,0.91
agent-browser,https://x.com/i/status/2106699687327621386,2026-10-04T10:55:20.000Z,en,22,1,0.32
agent-browser,https://x.com/i/status/2106621938118578278,2026-10-04T05:46:23.000Z,en,50,3,0.18
agent-browser,https://x.com/i/status/2106529238555955632,2026-10-03T23:38:02.000Z,en,2,1,0.68
agent-browser,https://x.com/i/status/2106516448768356715,2026-10-03T22:47:13.000Z,en,1,0,0.94
agent-browser,https://x.com/i/status/2106511150695460921,2026-10-03T22:26:10.000Z,en,0,0,0.91
agent-browser,https://x.com/i/status/2106508327488270678,2026-10-03T22:14:56.000Z,en,1,0,0.09
agent-browser,https://x.com/i/status/2106465176111464805,2026-10-03T19:23:28.000Z,en,0,0,0.89
agent-browser,https://x.com/i/status/2106430490118852754,2026-10-03T17:05:39.000Z,en,19,0,0.26
agent-browser,https://x.com/i/status/2106428719220896157,2026-10-03T16:58:36.000Z,en,1,0,0.44
agent-browser,https://x.com/i/status/2106426217557856488,2026-10-03T16:48:40.000Z,en,0,0,0.95
agent-browser,https://x.com/i/status/2106422714823217346,2026-10-03T16:34:45.000Z,en,0,0,0.79
agent-browser,https://x.com/i/status/2106407530981400731,2026-10-03T15:34:25.000Z,en,8,1,0.92
agent-browser,https://x.com/i/status/2106330275747938453,2026-10-03T10:27:26.000Z,en,0,0,0.51
agent-browser,https://x.com/i/status/2106316591465910357,2026-10-03T09:33:03.000Z,en,1,0,0.3
agent-browser,https://x.com/i/status/2106315860721983512,2026-10-03T09:30:09.000Z,en,9,2,0.15
agent-browser,https://x.com/i/status/2106310187418058837,2026-10-03T09:07:36.000Z,en,1,0,0.72
agent-browser,https://x.com/i/status/2106308277265109355,2026-10-03T09:00:01.000Z,ja,2,0,0.09
agent-browser,https://x.com/i/status/2106287592832704738,2026-10-03T07:37:49.000Z,en,0,0,0.93
agent-browser,https://x.com/i/status/2106273183896842245,2026-10-03T06:40:34.000Z,ja,0,0,0.49
agent-browser,https://x.com/i/status/2106222804479639735,2026-10-03T03:20:22.000Z,en,4,0,0.91
agent-browser,https://x.com/i/status/2106156965542154559,2026-10-02T22:58:45.000Z,en,1,0,0.62
agent-browser,https://x.com/i/status/2106151561613217982,2026-10-02T22:37:17.000Z,en,0,0,0.6
agent-browser,https://x.com/i/status/2106113446617981150,2026-10-02T20:05:50.000Z,pt,9,0,0.92
agent-browser,https://x.com/i/status/2106071286526992893,2026-10-02T17:18:18.000Z,en,1,0,0.95
agent-browser,https://x.com/i/status/2106061707374178566,2026-10-02T16:40:14.000Z,en,2,0,0.91
ontology,https://x.com/i/status/2107724920163573927,2026-10-07T06:49:15.000Z,en,0,0,0.36
ontology,https://x.com/i/status/2107713963194806460,2026-10-07T06:05:42.000Z,en,0,0,0.36
ontology,https://x.com/i/status/2107699275069337943,2026-10-07T05:07:20.000Z,el,0,0,0.02
ontology,https://x.com/i/status/2107667230439657531,2026-10-07T03:00:00.000Z,en,0,0,0.08
ontology,https://x.com/i/status/2107654296728928418,2026-10-07T02:08:37.000Z,zxx,1,0,0.1
ontology,https://x.com/i/status/2107641107027050890,2026-10-07T01:16:12.000Z,en,67,19,0.59
ontology,https://x.com/i/status/2107630477406609676,2026-10-07T00:33:58.000Z,ja,1,0,0.8
ontology,https://x.com/i/status/2107620926410178762,2026-10-06T23:56:01.000Z,en,0,0,0.07
ontology,https://x.com/i/status/2107619266593985006,2026-10-06T23:49:25.000Z,en,0,0,0.46
ontology,https://x.com/i/status/2107617465396006965,2026-10-06T23:42:16.000Z,en,5,0,0.03
ontology,https://x.com/i/status/2107613761167294657,2026-10-06T23:27:32.000Z,en,0,0,0.11
ontology,https://x.com/i/status/2107605484111065446,2026-10-06T22:54:39.000Z,ja,2,0,0.73
ontology,https://x.com/i/status/2107597322075144657,2026-10-06T22:22:13.000Z,zxx,5,0,0.14
ontology,https://x.com/i/status/2107593844665778645,2026-10-06T22:08:24.000Z,ja,2,1,0.74
ontology,https://x.com/i/status/2107562786851332231,2026-10-06T20:04:59.000Z,en,2,0,0.64
ontology,https://x.com/i/status/2107547609623642121,2026-10-06T19:04:41.000Z,en,0,0,0.18
ontology,https://x.com/i/status/2107546029952233711,2026-10-06T18:58:24.000Z,en,3,0,0.62
ontology,https://x.com/i/status/2107546012579733770,2026-10-06T18:58:20.000Z,en,0,0,0.14
ontology,https://x.com/i/status/2107544284903682401,2026-10-06T18:51:28.000Z,en,0,0,0.1
ontology,https://x.com/i/status/2107543145973985728,2026-10-06T18:46:56.000Z,en,0,0,0.07
ontology,https://x.com/i/status/2107542065257066797,2026-10-06T18:42:39.000Z,zxx,0,0,0.11
ontology,https://x.com/i/status/2107530078917718165,2026-10-06T17:55:01.000Z,en,0,0,0.12
ontology,https://x.com/i/status/2107529757135093766,2026-10-06T17:53:44.000Z,en,0,0,0.45
ontology,https://x.com/i/status/2107529491060818020,2026-10-06T17:52:41.000Z,en,0,0,0.17
ontology,https://x.com/i/status/2107528667828035749,2026-10-06T17:49:25.000Z,en,0,0,0.07
ontology,https://x.com/i/status/2107526518343630880,2026-10-06T17:40:52.000Z,en,0,0,0.09
ontology,https://x.com/i/status/2107521161919918130,2026-10-06T17:19:35.000Z,en,0,0,0.18
ontology,https://x.com/i/status/2107517349419241509,2026-10-06T17:04:26.000Z,en,2,0,0.45
ontology,https://x.com/i/status/2107509598370591093,2026-10-06T16:33:38.000Z,en,0,0,0.05
ontology,https://x.com/i/status/2107509296439374300,2026-10-06T16:32:26.000Z,en,4,1,0.71
ontology,https://x.com/i/status/2107508679092400388,2026-10-06T16:29:59.000Z,en,1,0,0.21
ontology,https://x.com/i/status/2107505117150773515,2026-10-06T16:15:50.000Z,en,0,0,0.13
ontology,https://x.com/i/status/2107477459591639130,2026-10-06T14:25:56.000Z,en,5,0,0.61
ontology,https://x.com/i/status/2107475386627997838,2026-10-06T14:17:41.000Z,en,2,1,0.36
ontology,https://x.com/i/status/2107471712723841062,2026-10-06T14:03:05.000Z,en,6,3,0.64
ontology,https://x.com/i/status/2107454367389417562,2026-10-06T12:54:10.000Z,zxx,3,0,0.12
ontology,https://x.com/i/status/2107444438595240431,2026-10-06T12:14:43.000Z,en,4,0,0.62
ontology,https://x.com/i/status/2107426900226281928,2026-10-06T11:05:01.000Z,en,0,0,0.24
ontology,https://x.com/i/status/2107416531600908437,2026-10-06T10:23:49.000Z,ja,1,0,0.81
ontology,https://x.com/i/status/2107367778009088000,2026-10-06T07:10:05.000Z,en,74,42,0.04
ontology,https://x.com/i/status/2107354954855842130,2026-10-06T06:19:08.000Z,en,0,0,0.51
ontology,https://x.com/i/status/2107348405286539677,2026-10-06T05:53:07.000Z,en,0,0,0.19
ontology,https://x.com/i/status/2107345393990172741,2026-10-06T05:41:09.000Z,en,0,0,0.24
ontology,https://x.com/i/status/2107338511284154742,2026-10-06T05:13:48.000Z,en,3,0,0.78
ontology,https://x.com/i/status/2107284706626830414,2026-10-06T01:40:00.000Z,ja,0,0,0.76
ontology,https://x.com/i/status/2107283681551532188,2026-10-06T01:35:55.000Z,en,0,0,0.31
ontology,https://x.com/i/status/2107272759126720771,2026-10-06T00:52:31.000Z,en,0,0,0.67
ontology,https://x.com/i/status/2107256837838180425,2026-10-05T23:49:15.000Z,en,0,0,0.27
ontology,https://x.com/i/status/2107242757375000709,2026-10-05T22:53:18.000Z,zxx,1,1,0.13
ontology,https://x.com/i/status/2107221478869446725,2026-10-05T21:28:45.000Z,en,2,0,0.75
ontology,https://x.com/i/status/2107218714630242305,2026-10-05T21:17:46.000Z,en,2,0,0.03
ontology,https://x.com/i/status/2107199489639391379,2026-10-05T20:01:22.000Z,en,0,0,0.49
ontology,https://x.com/i/status/2107184441701671194,2026-10-05T19:01:35.000Z,en,2,0,0.06
ontology,https://x.com/i/status/2107184049852751905,2026-10-05T19:00:01.000Z,en,12,0,0.72
ontology,https://x.com/i/status/2107165374219444362,2026-10-05T17:45:49.000Z,en,0,0,0.77
ontology,https://x.com/i/status/2107151722389066083,2026-10-05T16:51:34.000Z,en,2,0,0.82
ontology,https://x.com/i/status/2107141022765449485,2026-10-05T16:09:03.000Z,en,3,0,0.74
ontology,https://x.com/i/status/2107120081155084623,2026-10-05T14:45:50.000Z,en,2,0,0.74
ontology,https://x.com/i/status/2107092757323874422,2026-10-05T12:57:15.000Z,en,0,0,0.08
ontology,https://x.com/i/status/2107064667676008921,2026-10-05T11:05:38.000Z,en,0,0,0.66
ontology,https://x.com/i/status/2107055100506026462,2026-10-05T10:27:37.000Z,en,0,0,0.1
ontology,https://x.com/i/status/2107036397890945104,2026-10-05T09:13:18.000Z,ja,0,0,0.12
ontology,https://x.com/i/status/2107033601111892113,2026-10-05T09:02:11.000Z,en,1,0,0.76
ontology,https://x.com/i/status/2107032502044963290,2026-10-05T08:57:49.000Z,en,3,0,0.75
ontology,https://x.com/i/status/2107027011814187166,2026-10-05T08:36:00.000Z,zh,11,0,0.28
ontology,https://x.com/i/status/2107026428642636207,2026-10-05T08:33:41.000Z,en,1,0,0.55
ontology,https://x.com/i/status/2107009798243856851,2026-10-05T07:27:36.000Z,en,4,0,0.15
ontology,https://x.com/i/status/2107001676817219635,2026-10-05T06:55:20.000Z,en,3,0,0.77
ontology,https://x.com/i/status/2106999701841281064,2026-10-05T06:47:29.000Z,en,1,0,0.27
ontology,https://x.com/i/status/2106992689669394668,2026-10-05T06:19:37.000Z,en,3,0,0.78
ontology,https://x.com/i/status/2106988750391628128,2026-10-05T06:03:58.000Z,en,1,0,0.06
ontology,https://x.com/i/status/2106987485171683381,2026-10-05T05:58:57.000Z,en,3,0,0.77
ontology,https://x.com/i/status/2106985734532153831,2026-10-05T05:51:59.000Z,zh,47,41,0.74
ontology,https://x.com/i/status/2106967114188018090,2026-10-05T04:38:00.000Z,ja,1,0,0.58
ontology,https://x.com/i/status/2106964836785770841,2026-10-05T04:28:57.000Z,en,7,0,0.22
ontology,https://x.com/i/status/2106955460062691746,2026-10-05T03:51:41.000Z,en,4,0,0.7
ontology,https://x.com/i/status/2106954577417580785,2026-10-05T03:48:11.000Z,en,4,0,0.65
ontology,https://x.com/i/status/2106951920237548032,2026-10-05T03:37:37.000Z,en,0,0,0.05
ontology,https://x.com/i/status/2106951886523793853,2026-10-05T03:37:29.000Z,en,0,0,0.05
ontology,https://x.com/i/status/2106951448999178272,2026-10-05T03:35:45.000Z,en,0,0,0.05
ontology,https://x.com/i/status/2106951399955181691,2026-10-05T03:35:33.000Z,en,0,0,0.05
ontology,https://x.com/i/status/2106951235920412724,2026-10-05T03:34:54.000Z,en,4,0,0.75
ontology,https://x.com/i/status/2106950893081882869,2026-10-05T03:33:32.000Z,en,0,0,0.05
ontology,https://x.com/i/status/2106950857635865020,2026-10-05T03:33:24.000Z,en,0,0,0.04
ontology,https://x.com/i/status/2106915377137471975,2026-10-05T01:12:25.000Z,en,0,0,0.03
ontology,https://x.com/i/status/2106889046395904025,2026-10-04T23:27:47.000Z,en,1,1,0.04
ontology,https://x.com/i/status/2106843192025084102,2026-10-04T20:25:34.000Z,en,0,0,0.05
ontology,https://x.com/i/status/2106803032973603309,2026-10-04T17:46:00.000Z,en,1,1,0.64
ontology,https://x.com/i/status/2106799173924159723,2026-10-04T17:30:40.000Z,en,0,0,0.07
ontology,https://x.com/i/status/2106783884054581712,2026-10-04T16:29:54.000Z,zxx,6,1,0.1
ontology,https://x.com/i/status/2106777422896975961,2026-10-04T16:04:14.000Z,en,1,0,0.19
ontology,https://x.com/i/status/2106758560516313101,2026-10-04T14:49:17.000Z,en,72,11,0.06
ontology,https://x.com/i/status/2106743847141159037,2026-10-04T13:50:49.000Z,en,0,0,0.03
ontology,https://x.com/i/status/2106740919470805320,2026-10-04T13:39:11.000Z,en,0,0,0.09
ontology,https://x.com/i/status/2106724758029279281,2026-10-04T12:34:58.000Z,en,2,0,0.07
ontology,https://x.com/i/status/2106703847154696369,2026-10-04T11:11:52.000Z,en,9,1,0.03
ontology,https://x.com/i/status/2106676784955531713,2026-10-04T09:24:20.000Z,en,1,0,0.04
ontology,https://x.com/i/status/2106614525114147061,2026-10-04T05:16:56.000Z,en,154,48,0.04
ontology,https://x.com/i/status/2106595511146861047,2026-10-04T04:01:23.000Z,en,1,0,0.03
ontology,https://x.com/i/status/2106589123683197407,2026-10-04T03:36:00.000Z,ja,0,0,0.73
tdd,https://x.com/i/status/2107720723058114710,2026-10-07T06:32:34.000Z,ja,0,0,0.68
tdd,https://x.com/i/status/2107669098591363268,2026-10-07T03:07:26.000Z,zh,3,0,0.81
tdd,https://x.com/i/status/2107658527900676523,2026-10-07T02:25:26.000Z,en,0,0,0.08
tdd,https://x.com/i/status/2107654807255384287,2026-10-07T02:10:39.000Z,zh,0,0,0.9
tdd,https://x.com/i/status/2107654000279765070,2026-10-07T02:07:26.000Z,zh,1,0,0.93
tdd,https://x.com/i/status/2107623414827536642,2026-10-07T00:05:54.000Z,en,0,0,0.76
tdd,https://x.com/i/status/2107623412424138886,2026-10-07T00:05:53.000Z,en,0,0,0.8
tdd,https://x.com/i/status/2107618850992964011,2026-10-06T23:47:46.000Z,zh,19,5,0.07
tdd,https://x.com/i/status/2107585059167568319,2026-10-06T21:33:29.000Z,ja,1,0,0.78
tdd,https://x.com/i/status/2107582261206081863,2026-10-06T21:22:22.000Z,en,2,0,0.95
tdd,https://x.com/i/status/2107520584666264032,2026-10-06T17:17:17.000Z,ja,0,0,0.74
tdd,https://x.com/i/status/2107490439800443098,2026-10-06T15:17:30.000Z,en,2,0,0.82
tdd,https://x.com/i/status/2107482535056003101,2026-10-06T14:46:06.000Z,zh,3,0,0.64
tdd,https://x.com/i/status/2107481295030763976,2026-10-06T14:41:10.000Z,en,1,0,0.06
tdd,https://x.com/i/status/2107471330635337736,2026-10-06T14:01:34.000Z,es,0,0,0.92
tdd,https://x.com/i/status/2107468283062730974,2026-10-06T13:49:28.000Z,es,0,0,0.78
tdd,https://x.com/i/status/2107456791491600387,2026-10-06T13:03:48.000Z,es,1178,154,0.86
tdd,https://x.com/i/status/2107443430011908373,2026-10-06T12:10:42.000Z,en,217,21,0.09
tdd,https://x.com/i/status/2107438526992449660,2026-10-06T11:51:13.000Z,zh,1,0,0.22
tdd,https://x.com/i/status/2107424146963521792,2026-10-06T10:54:05.000Z,zh,0,0,0.73
tdd,https://x.com/i/status/2107423162811941232,2026-10-06T10:50:10.000Z,ar,34,8,0.15
tdd,https://x.com/i/status/2107416741424804132,2026-10-06T10:24:39.000Z,en,1,0,0.9
tdd,https://x.com/i/status/2107379653694374138,2026-10-06T07:57:17.000Z,en,0,0,0.94
tdd,https://x.com/i/status/2107366864057942267,2026-10-06T07:06:28.000Z,en,0,0,0.51
tdd,https://x.com/i/status/2107225867545936240,2026-10-05T21:46:11.000Z,en,1,0,0.89
tdd,https://x.com/i/status/2107225005348065443,2026-10-05T21:42:46.000Z,en,0,0,0.91
tdd,https://x.com/i/status/2107213733302882469,2026-10-05T20:57:58.000Z,en,0,0,0.66
tdd,https://x.com/i/status/2107195347626061966,2026-10-05T19:44:55.000Z,en,9,0,0.04
tdd,https://x.com/i/status/2107193011293790388,2026-10-05T19:35:38.000Z,en,1,0,0.86
tdd,https://x.com/i/status/2107172458654535942,2026-10-05T18:13:58.000Z,en,1,0,0.73
tdd,https://x.com/i/status/2107121490323996998,2026-10-05T14:51:26.000Z,zh,1,0,0.15
tdd,https://x.com/i/status/2107120307282797040,2026-10-05T14:46:44.000Z,en,24,0,0.26
tdd,https://x.com/i/status/2107098718033871285,2026-10-05T13:20:57.000Z,en,69,4,0.42
tdd,https://x.com/i/status/2107090792116359232,2026-10-05T12:49:27.000Z,en,10,1,0.02
tdd,https://x.com/i/status/2107081555617198121,2026-10-05T12:12:45.000Z,zh,2,0,0.77
tdd,https://x.com/i/status/2107025291361350071,2026-10-05T08:29:10.000Z,zh,2,0,0.88
tdd,https://x.com/i/status/2107015325078233287,2026-10-05T07:49:34.000Z,en,0,0,0.54
tdd,https://x.com/i/status/2106980118765965708,2026-10-05T05:29:40.000Z,zxx,0,0,0.14
tdd,https://x.com/i/status/2106962354760253508,2026-10-05T04:19:05.000Z,zh,2,0,0.81
tdd,https://x.com/i/status/2106925451629449508,2026-10-05T01:52:27.000Z,zxx,3,0,0.13
tdd,https://x.com/i/status/2106916491119735284,2026-10-05T01:16:50.000Z,ja,1,0,0.91
tdd,https://x.com/i/status/2106888568170025071,2026-10-04T23:25:53.000Z,en,81,5,0.42
tdd,https://x.com/i/status/2106871784444424233,2026-10-04T22:19:11.000Z,ja,1,0,0.03
tdd,https://x.com/i/status/2106840229110039007,2026-10-04T20:13:48.000Z,en,0,0,0.68
tdd,https://x.com/i/status/2106833267240358349,2026-10-04T19:46:08.000Z,en,0,0,0.07
tdd,https://x.com/i/status/2106797727279681957,2026-10-04T17:24:55.000Z,zxx,13,2,0.15
tdd,https://x.com/i/status/2106778270377079019,2026-10-04T16:07:36.000Z,es,44,3,0.87
tdd,https://x.com/i/status/2106761600070000760,2026-10-04T15:01:21.000Z,es,20,0,0.45
tdd,https://x.com/i/status/2106741388012556386,2026-10-04T13:41:02.000Z,ja,2,0,0.18
tdd,https://x.com/i/status/2106738544043590104,2026-10-04T13:29:44.000Z,en,0,0,0.43
tdd,https://x.com/i/status/2106721407337955473,2026-10-04T12:21:39.000Z,ar,4,0,0.04
tdd,https://x.com/i/status/2106710410854269245,2026-10-04T11:37:57.000Z,en,1,0,0.03
tdd,https://x.com/i/status/2106709411330715662,2026-10-04T11:33:59.000Z,zxx,0,0,0.13
tdd,https://x.com/i/status/2106702526514884703,2026-10-04T11:06:37.000Z,en,1,0,0.59
tdd,https://x.com/i/status/2106701678829568452,2026-10-04T11:03:15.000Z,en,0,0,0.58
tdd,https://x.com/i/status/2106682917162541427,2026-10-04T09:48:42.000Z,en,43,13,0.09
tdd,https://x.com/i/status/2106622616425656540,2026-10-04T05:49:05.000Z,en,1,0,0.25
tdd,https://x.com/i/status/2106618436923121908,2026-10-04T05:32:29.000Z,en,1,0,0.37
tdd,https://x.com/i/status/2106608815789474003,2026-10-04T04:54:15.000Z,zh,2,0,0.68
tdd,https://x.com/i/status/2106545895257030696,2026-10-04T00:44:13.000Z,en,1,0,0.84
tdd,https://x.com/i/status/2106525559945916797,2026-10-03T23:23:25.000Z,en,18,0,0.46
tdd,https://x.com/i/status/2106494546154553788,2026-10-03T21:20:11.000Z,en,0,0,0.44
tdd,https://x.com/i/status/2106465211700138038,2026-10-03T19:23:37.000Z,en,0,0,0.24
tdd,https://x.com/i/status/2106430075789029879,2026-10-03T17:04:00.000Z,en,3,0,0.31
tdd,https://x.com/i/status/2106385776607203509,2026-10-03T14:07:58.000Z,en,5,1,0.24
tdd,https://x.com/i/status/2106371347555430788,2026-10-03T13:10:38.000Z,en,7,0,0.3
tdd,https://x.com/i/status/2106366508431790421,2026-10-03T12:51:24.000Z,en,1,0,0.53
tdd,https://x.com/i/status/2106359100183363842,2026-10-03T12:21:58.000Z,en,0,0,0.68
tdd,https://x.com/i/status/2106330437467713764,2026-10-03T10:28:04.000Z,zh,117,28,0.11
tdd,https://x.com/i/status/2106242841760436643,2026-10-03T04:40:00.000Z,zh,0,0,0.74
tdd,https://x.com/i/status/2106230131954274444,2026-10-03T03:49:29.000Z,en,5,3,0.74
tdd,https://x.com/i/status/2106218194381734345,2026-10-03T03:02:03.000Z,en,1,0,0.42
tdd,https://x.com/i/status/2106128779890299070,2026-10-02T21:06:45.000Z,en,1,0,0.49
tdd,https://x.com/i/status/2106104415019270192,2026-10-02T19:29:56.000Z,en,0,0,0.58
tdd,https://x.com/i/status/2106102269770949056,2026-10-02T19:21:25.000Z,en,1,0,0.54
tdd,https://x.com/i/status/2106079040935215113,2026-10-02T17:49:07.000Z,en,0,0,0.55
tdd,https://x.com/i/status/2106062506548740285,2026-10-02T16:43:24.000Z,en,0,0,0.61
tdd,https://x.com/i/status/2106061880238489766,2026-10-02T16:40:55.000Z,en,1,0,0.7
tdd,https://x.com/i/status/2106052857354912251,2026-10-02T16:05:04.000Z,en,1,0,0.57
tdd,https://x.com/i/status/2106048705912561958,2026-10-02T15:48:34.000Z,fa,1,0,0.31
tdd,https://x.com/i/status/2106047177428467715,2026-10-02T15:42:30.000Z,zh,3,0,0.7
tdd,https://x.com/i/status/2106046874327375937,2026-10-02T15:41:17.000Z,en,2,0,0.59
tdd,https://x.com/i/status/2106036735025012935,2026-10-02T15:01:00.000Z,en,5,2,0.76
tdd,https://x.com/i/status/2105993771917643920,2026-10-02T12:10:17.000Z,en,6,0,0.35
tdd,https://x.com/i/status/2105992855978418678,2026-10-02T12:06:38.000Z,en,0,0,0.93
tdd,https://x.com/i/status/2105991465956725081,2026-10-02T12:01:07.000Z,zh,27,2,0.63
tdd,https://x.com/i/status/2105975810800918814,2026-10-02T10:58:55.000Z,en,9,0,0.66
tdd,https://x.com/i/status/2105966457314329020,2026-10-02T10:21:45.000Z,en,0,0,0.59
tdd,https://x.com/i/status/2105957422854545789,2026-10-02T09:45:51.000Z,en,0,0,0.48
tdd,https://x.com/i/status/2105946514535436468,2026-10-02T09:02:30.000Z,en,1,0,0.75
tdd,https://x.com/i/status/2105929876796821925,2026-10-02T07:56:23.000Z,en,0,0,0.55
tdd,https://x.com/i/status/2105929555085033709,2026-10-02T07:55:06.000Z,en,1,0,0.61
tdd,https://x.com/i/status/2105926185293107629,2026-10-02T07:41:43.000Z,en,3,0,0.4
tdd,https://x.com/i/status/2105925020207734935,2026-10-02T07:37:05.000Z,en,0,0,0.68
tdd,https://x.com/i/status/2105914135179633040,2026-10-02T06:53:50.000Z,en,0,1,0.58
tdd,https://x.com/i/status/2105911564155175046,2026-10-02T06:43:37.000Z,en,12,0,0.8
tdd,https://x.com/i/status/2105909593813778913,2026-10-02T06:35:47.000Z,en,5,0,0.46
tdd,https://x.com/i/status/2105875420839367109,2026-10-02T04:20:00.000Z,zh,0,0,0.89
tdd,https://x.com/i/status/2105862726371385751,2026-10-02T03:29:33.000Z,zxx,3,1,0.14
tdd,https://x.com/i/status/2105858723071635607,2026-10-02T03:13:39.000Z,en,1,0,0.14
gog,https://x.com/i/status/2107711618582970383,2026-10-07T05:56:23.000Z,ja,6,3,0.17
gog,https://x.com/i/status/2107687074841456922,2026-10-07T04:18:52.000Z,en,1,0,0.81
gog,https://x.com/i/status/2107573274255495594,2026-10-06T20:46:40.000Z,en,0,0,0.8
gog,https://x.com/i/status/2107282453773549762,2026-10-06T01:31:03.000Z,en,1,0,0.04
gog,https://x.com/i/status/2107221010978357528,2026-10-05T21:26:53.000Z,en,1,0,0.88
gog,https://x.com/i/status/2106706069753827433,2026-10-04T11:20:42.000Z,en,0,0,0.03
gog,https://x.com/i/status/2106705680401043564,2026-10-04T11:19:09.000Z,en,0,0,0.03
gog,https://x.com/i/status/2106230021417234587,2026-10-03T03:49:03.000Z,en,2,0,0.03
gog,https://x.com/i/status/2105993734915498103,2026-10-02T12:10:08.000Z,zxx,0,0,0.08
gog,https://x.com/i/status/2105945931119997110,2026-10-02T09:00:11.000Z,en,1,1,0.02
gog,https://x.com/i/status/2105860009263603946,2026-10-02T03:18:45.000Z,en,3,1,0.02
gog,https://x.com/i/status/2105816877775646832,2026-10-02T00:27:22.000Z,en,0,0,0.02
gog,https://x.com/i/status/2105675495094252008,2026-10-01T15:05:34.000Z,en,0,0,0.04
gog,https://x.com/i/status/2105636825771729388,2026-10-01T12:31:54.000Z,en,0,0,0.02
gog,https://x.com/i/status/2105636580878893196,2026-10-01T12:30:56.000Z,en,0,0,0.02
gog,https://x.com/i/status/2105636202451960220,2026-10-01T12:29:26.000Z,en,0,0,0.02
gog,https://x.com/i/status/2105633843654836271,2026-10-01T12:20:03.000Z,en,0,0,0.02
gog,https://x.com/i/status/2105633418159501531,2026-10-01T12:18:22.000Z,en,0,0,0.02
gog,https://x.com/i/status/2105627834127647093,2026-10-01T11:56:10.000Z,en,0,0,0.02
gog,https://x.com/i/status/2105623427952283707,2026-10-01T11:38:40.000Z,en,1,0,0.03
gog,https://x.com/i/status/2105584624172666904,2026-10-01T09:04:28.000Z,tr,1,0,0.03
gog,https://x.com/i/status/2105318438537154565,2026-09-30T15:26:45.000Z,en,3,1,0.06
gog,https://x.com/i/status/2105222922239422727,2026-09-30T09:07:12.000Z,en,0,0,0.03
frontend-design,https://x.com/i/status/2107689942663188843,2026-10-07T04:30:15.000Z,zh,7,0,0.1
frontend-design,https://x.com/i/status/2107665224031670376,2026-10-07T02:52:02.000Z,en,6,0,0.74
frontend-design,https://x.com/i/status/2107654807255384287,2026-10-07T02:10:39.000Z,zh,0,0,0.88
frontend-design,https://x.com/i/status/2107586830145290538,2026-10-06T21:40:32.000Z,en,6,0,0.92
frontend-design,https://x.com/i/status/2107549022542062056,2026-10-06T19:10:17.000Z,es,1,0,0.18
frontend-design,https://x.com/i/status/2107548015519297733,2026-10-06T19:06:17.000Z,zxx,76,19,0.23
frontend-design,https://x.com/i/status/2107528372041785447,2026-10-06T17:48:14.000Z,en,0,0,0.95
frontend-design,https://x.com/i/status/2107521147508334633,2026-10-06T17:19:32.000Z,en,1,0,0.21
frontend-design,https://x.com/i/status/2107500571976720893,2026-10-06T15:57:46.000Z,en,0,0,0.23
frontend-design,https://x.com/i/status/2107492667340750903,2026-10-06T15:26:21.000Z,fr,1,0,0.97
frontend-design,https://x.com/i/status/2107477619339927793,2026-10-06T14:26:34.000Z,en,1,0,0.64
frontend-design,https://x.com/i/status/2107477278821404930,2026-10-06T14:25:12.000Z,en,47,35,0.31
frontend-design,https://x.com/i/status/2107463442340913297,2026-10-06T13:30:14.000Z,en,118,43,0.33
frontend-design,https://x.com/i/status/2107463228406043135,2026-10-06T13:29:23.000Z,en,0,0,0.37
frontend-design,https://x.com/i/status/2107460364527182194,2026-10-06T13:18:00.000Z,zh,7,0,0.83
frontend-design,https://x.com/i/status/2107455808090821086,2026-10-06T12:59:53.000Z,zxx,69,7,0.26
frontend-design,https://x.com/i/status/2107440745561178275,2026-10-06T12:00:02.000Z,en,8,0,0.45
frontend-design,https://x.com/i/status/2107359069736767938,2026-10-06T06:35:29.000Z,en,75,34,0.31
frontend-design,https://x.com/i/status/2107344675724300380,2026-10-06T05:38:17.000Z,ja,9,1,0.11
frontend-design,https://x.com/i/status/2107191773181165927,2026-10-05T19:30:43.000Z,en,0,0,0.96
frontend-design,https://x.com/i/status/2107170802080555299,2026-10-05T18:07:23.000Z,en,0,0,0.36
frontend-design,https://x.com/i/status/2107125347712147509,2026-10-05T15:06:46.000Z,en,42,3,0.93
frontend-design,https://x.com/i/status/2107116097673867719,2026-10-05T14:30:00.000Z,en,28,2,0.92
frontend-design,https://x.com/i/status/2107102924279255361,2026-10-05T13:37:39.000Z,en,2,0,0.66
frontend-design,https://x.com/i/status/2107044373686788599,2026-10-05T09:45:00.000Z,en,39,2,0.96
frontend-design,https://x.com/i/status/2107031082160005347,2026-10-05T08:52:11.000Z,en,0,0,0.04
frontend-design,https://x.com/i/status/2107027104265306287,2026-10-05T08:36:22.000Z,en,1,0,0.82
frontend-design,https://x.com/i/status/2106923301545386345,2026-10-05T01:43:54.000Z,ja,1,0,0.92
frontend-design,https://x.com/i/status/2106855887130554660,2026-10-04T21:16:01.000Z,en,144,1,0.54
frontend-design,https://x.com/i/status/2106840024318673241,2026-10-04T20:12:59.000Z,en,1,0,0.36
frontend-design,https://x.com/i/status/2106813208749117863,2026-10-04T18:26:26.000Z,en,3,0,0.88
frontend-design,https://x.com/i/status/2106802497444782437,2026-10-04T17:43:52.000Z,en,4,0,0.05
frontend-design,https://x.com/i/status/2106761764226707556,2026-10-04T15:02:00.000Z,pt,5,0,0.92
frontend-design,https://x.com/i/status/2106759766362218677,2026-10-04T14:54:04.000Z,zxx,2,0,0.28
frontend-design,https://x.com/i/status/2106739373160988784,2026-10-04T13:33:02.000Z,en,15,0,0.47
frontend-design,https://x.com/i/status/2106738759672991900,2026-10-04T13:30:36.000Z,en,1,0,0.93
frontend-design,https://x.com/i/status/2106638246897713348,2026-10-04T06:51:12.000Z,en,1,0,0.42
frontend-design,https://x.com/i/status/2106602714247344517,2026-10-04T04:30:00.000Z,en,0,0,0.2
frontend-design,https://x.com/i/status/2106482844025376965,2026-10-03T20:33:41.000Z,en,271,37,0.18
frontend-design,https://x.com/i/status/2106437552844444129,2026-10-03T17:33:42.000Z,en,53,2,0.95
frontend-design,https://x.com/i/status/2106431489785135120,2026-10-03T17:09:37.000Z,en,0,0,0.3
frontend-design,https://x.com/i/status/2106377062860947510,2026-10-03T13:33:21.000Z,en,4,1,0.87
frontend-design,https://x.com/i/status/2106275816342786482,2026-10-03T06:51:01.000Z,zh,1,0,0.92
frontend-design,https://x.com/i/status/2106165005179613337,2026-10-02T23:30:42.000Z,en,2,0,0.43
frontend-design,https://x.com/i/status/2106147535005888995,2026-10-02T22:21:17.000Z,en,169,20,0.21
frontend-design,https://x.com/i/status/2106112010480144715,2026-10-02T20:00:07.000Z,en,1,0,0.59
frontend-design,https://x.com/i/status/2106111996651528317,2026-10-02T20:00:04.000Z,en,0,0,0.95
frontend-design,https://x.com/i/status/2106065804215079222,2026-10-02T16:56:31.000Z,en,0,0,0.11
frontend-design,https://x.com/i/status/2105995615100690782,2026-10-02T12:17:36.000Z,ja,2,0,0.61
frontend-design,https://x.com/i/status/2105976688706539972,2026-10-02T11:02:24.000Z,en,0,0,0.16
frontend-design,https://x.com/i/status/2105965011374051401,2026-10-02T10:16:00.000Z,zh,0,0,0.73
frontend-design,https://x.com/i/status/2105957748533809235,2026-10-02T09:47:08.000Z,en,0,0,0.29
frontend-design,https://x.com/i/status/2105946503353106851,2026-10-02T09:02:27.000Z,en,246,28,0.83
frontend-design,https://x.com/i/status/2105861280934555948,2026-10-02T03:23:49.000Z,en,5,0,0.42
frontend-design,https://x.com/i/status/2105760509572108383,2026-10-01T20:43:23.000Z,en,0,0,0.92
frontend-design,https://x.com/i/status/2105696128444342374,2026-10-01T16:27:33.000Z,en,0,0,0.92
frontend-design,https://x.com/i/status/2105690033839657434,2026-10-01T16:03:20.000Z,en,0,0,0.91
frontend-design,https://x.com/i/status/2105650689963901179,2026-10-01T13:27:00.000Z,zh,1,0,0.8
frontend-design,https://x.com/i/status/2105649432502927666,2026-10-01T13:22:00.000Z,zh,1,0,0.11
frontend-design,https://x.com/i/status/2105646047221690609,2026-10-01T13:08:33.000Z,en,1,0,0.32
frontend-design,https://x.com/i/status/2105638354142527782,2026-10-01T12:37:59.000Z,ru,1,0,0.28
frontend-design,https://x.com/i/status/2105593362405589252,2026-10-01T09:39:12.000Z,en,88,21,0.05
frontend-design,https://x.com/i/status/2105579067156078941,2026-10-01T08:42:24.000Z,en,1,0,0.43
frontend-design,https://x.com/i/status/2105501281603531050,2026-10-01T03:33:18.000Z,ja,76,4,0.08
frontend-design,https://x.com/i/status/2105418408208544085,2026-09-30T22:03:59.000Z,en,2,0,0.95
frontend-design,https://x.com/i/status/2105386370500034987,2026-09-30T19:56:41.000Z,zxx,6,1,0.27
frontend-design,https://x.com/i/status/2105372308722331985,2026-09-30T19:00:48.000Z,en,0,0,0.02
frontend-design,https://x.com/i/status/2105358650650890634,2026-09-30T18:06:32.000Z,en,2,0,0.39
frontend-design,https://x.com/i/status/2105355010355896755,2026-09-30T17:52:04.000Z,en,1,0,0.84
frontend-design,https://x.com/i/status/2105311836190978392,2026-09-30T15:00:31.000Z,zxx,19,4,0.23
frontend-design,https://x.com/i/status/2105281344834040199,2026-09-30T12:59:21.000Z,zxx,27,10,0.26
frontend-design,https://x.com/i/status/2105258083609985101,2026-09-30T11:26:55.000Z,und,0,0,0.22
setup-matt-pocock-skills,https://x.com/i/status/2107482535056003101,2026-10-06T14:46:06.000Z,zh,3,0,0.93
setup-matt-pocock-skills,https://x.com/i/status/2107121490323996998,2026-10-05T14:51:26.000Z,zh,1,0,0.5
setup-matt-pocock-skills,https://x.com/i/status/2106962354760253508,2026-10-05T04:19:05.000Z,zh,2,0,0.83
setup-matt-pocock-skills,https://x.com/i/status/2106730768789602313,2026-10-04T12:58:51.000Z,en,2566,67,0.8
setup-matt-pocock-skills,https://x.com/i/status/2105875420839367109,2026-10-02T04:20:00.000Z,zh,0,0,0.92
proactive-agent,https://x.com/i/status/2107726334445412790,2026-10-07T06:54:52.000Z,zh,1,0,0.86
proactive-agent,https://x.com/i/status/2107717907514093615,2026-10-07T06:21:23.000Z,en,0,0,0.74
proactive-agent,https://x.com/i/status/2107717833123643742,2026-10-07T06:21:05.000Z,en,1,0,0.91
proactive-agent,https://x.com/i/status/2107694171331195288,2026-10-07T04:47:04.000Z,en,0,0,0.89
proactive-agent,https://x.com/i/status/2107668638341939298,2026-10-07T03:05:36.000Z,en,0,0,0.89
proactive-agent,https://x.com/i/status/2107660936664551670,2026-10-07T02:35:00.000Z,en,0,0,0.62
proactive-agent,https://x.com/i/status/2107639428386902127,2026-10-07T01:09:32.000Z,en,0,0,0.92
proactive-agent,https://x.com/i/status/2107606274737307975,2026-10-06T22:57:47.000Z,en,1,0,0.92
proactive-agent,https://x.com/i/status/2107588716298436780,2026-10-06T21:48:01.000Z,en,1,0,0.9
proactive-agent,https://x.com/i/status/2107561261202546907,2026-10-06T19:58:55.000Z,en,0,0,0.86
proactive-agent,https://x.com/i/status/2107559256329482652,2026-10-06T19:50:57.000Z,en,416,16,0.91
proactive-agent,https://x.com/i/status/2107555357321265263,2026-10-06T19:35:28.000Z,en,6,0,0.68
proactive-agent,https://x.com/i/status/2107535282606096692,2026-10-06T18:15:42.000Z,en,0,0,0.86
proactive-agent,https://x.com/i/status/2107518618330345752,2026-10-06T17:09:29.000Z,en,0,0,0.81
proactive-agent,https://x.com/i/status/2107500482050568590,2026-10-06T15:57:25.000Z,en,0,0,0.88
proactive-agent,https://x.com/i/status/2107456131811741786,2026-10-06T13:01:11.000Z,en,0,1,0.86
proactive-agent,https://x.com/i/status/2107430170495979985,2026-10-06T11:18:01.000Z,en,1,0,0.92
proactive-agent,https://x.com/i/status/2107363505192243333,2026-10-06T06:53:07.000Z,en,0,0,0.89
proactive-agent,https://x.com/i/status/2107280437311668374,2026-10-06T01:23:02.000Z,en,2,0,0.94
proactive-agent,https://x.com/i/status/2107257389284044826,2026-10-05T23:51:27.000Z,en,0,0,0.73
proactive-agent,https://x.com/i/status/2107203401633484927,2026-10-05T20:16:55.000Z,en,1,0,0.9
proactive-agent,https://x.com/i/status/2107184399733395668,2026-10-05T19:01:25.000Z,en,0,0,0.89
proactive-agent,https://x.com/i/status/2107156355215729151,2026-10-05T17:09:58.000Z,en,5,0,0.67
proactive-agent,https://x.com/i/status/2107128679549862247,2026-10-05T15:20:00.000Z,en,0,0,0.16
proactive-agent,https://x.com/i/status/2107120477709697316,2026-10-05T14:47:24.000Z,en,117,4,0.87
proactive-agent,https://x.com/i/status/2107106092178383079,2026-10-05T13:50:15.000Z,en,1,0,0.45
proactive-agent,https://x.com/i/status/2107091295264972904,2026-10-05T12:51:27.000Z,en,0,0,0.88
proactive-agent,https://x.com/i/status/2107085576650572274,2026-10-05T12:28:43.000Z,en,1,0,0.93
proactive-agent,https://x.com/i/status/2107057600919650394,2026-10-05T10:37:33.000Z,en,0,0,0.9
proactive-agent,https://x.com/i/status/2107022064267731195,2026-10-05T08:16:21.000Z,zh,5,0,0.24
proactive-agent,https://x.com/i/status/2106914477568561495,2026-10-05T01:08:50.000Z,en,0,0,0.9
proactive-agent,https://x.com/i/status/2106897775598125483,2026-10-05T00:02:28.000Z,en,0,0,0.93
proactive-agent,https://x.com/i/status/2106862482350628883,2026-10-04T21:42:14.000Z,en,8,0,0.89
proactive-agent,https://x.com/i/status/2106861887086543225,2026-10-04T21:39:52.000Z,zxx,80,7,0.12
proactive-agent,https://x.com/i/status/2106797302816133209,2026-10-04T17:23:14.000Z,en,0,0,0.81
proactive-agent,https://x.com/i/status/2106752350945739079,2026-10-04T14:24:36.000Z,tl,0,0,0.77
proactive-agent,https://x.com/i/status/2106676149938184432,2026-10-04T09:21:48.000Z,en,0,0,0.88
proactive-agent,https://x.com/i/status/2106653605063446727,2026-10-04T07:52:13.000Z,en,0,0,0.94
proactive-agent,https://x.com/i/status/2106525784542425377,2026-10-03T23:24:19.000Z,en,4,0,0.9
proactive-agent,https://x.com/i/status/2106496881190687048,2026-10-03T21:29:27.000Z,en,1,0,0.91
proactive-agent,https://x.com/i/status/2106475882877694364,2026-10-03T20:06:01.000Z,en,83,4,0.93
proactive-agent,https://x.com/i/status/2106453126312010202,2026-10-03T18:35:35.000Z,en,0,0,0.91
proactive-agent,https://x.com/i/status/2106412827246531059,2026-10-03T15:55:27.000Z,en,0,0,0.82
proactive-agent,https://x.com/i/status/2106385044751413250,2026-10-03T14:05:04.000Z,en,49,2,0.85
proactive-agent,https://x.com/i/status/2106378525708050650,2026-10-03T13:39:09.000Z,en,2,0,0.92
proactive-agent,https://x.com/i/status/2106340112808448259,2026-10-03T11:06:31.000Z,en,1,0,0.85
proactive-agent,https://x.com/i/status/2106182968783901094,2026-10-03T00:42:05.000Z,en,2,1,0.83
proactive-agent,https://x.com/i/status/2106176265443258681,2026-10-03T00:15:27.000Z,en,3,0,0.87
proactive-agent,https://x.com/i/status/2106166287407657452,2026-10-02T23:35:48.000Z,en,10,0,0.89
proactive-agent,https://x.com/i/status/2106163646992900145,2026-10-02T23:25:18.000Z,en,1,0,0.93
proactive-agent,https://x.com/i/status/2106062270153339091,2026-10-02T16:42:28.000Z,en,60,8,0.78
proactive-agent,https://x.com/i/status/2106012667508937078,2026-10-02T13:25:22.000Z,en,0,0,0.1
proactive-agent,https://x.com/i/status/2106005234879271158,2026-10-02T12:55:50.000Z,en,1,0,0.2
proactive-agent,https://x.com/i/status/2105972985748177223,2026-10-02T10:47:41.000Z,en,0,0,0.34
proactive-agent,https://x.com/i/status/2105965239158104215,2026-10-02T10:16:54.000Z,zxx,49,6,0.14
proactive-agent,https://x.com/i/status/2105962309315334188,2026-10-02T10:05:16.000Z,zxx,1,0,0.15
proactive-agent,https://x.com/i/status/2105938655290482723,2026-10-02T08:31:16.000Z,en,2,0,0.88
proactive-agent,https://x.com/i/status/2105925084594770417,2026-10-02T07:37:21.000Z,en,0,0,0.9
proactive-agent,https://x.com/i/status/2105898851831804353,2026-10-02T05:53:06.000Z,en,0,0,0.87
proactive-agent,https://x.com/i/status/2105814640194175065,2026-10-02T00:18:29.000Z,en,1,0,0.93
proactive-agent,https://x.com/i/status/2105740778983358755,2026-10-01T19:24:59.000Z,zxx,0,0,0.17
proactive-agent,https://x.com/i/status/2105740160579322356,2026-10-01T19:22:31.000Z,en,11,0,0.88
proactive-agent,https://x.com/i/status/2105669767562743978,2026-10-01T14:42:48.000Z,en,0,0,0.91
proactive-agent,https://x.com/i/status/2105666411523686563,2026-10-01T14:29:28.000Z,en,0,0,0.8
proactive-agent,https://x.com/i/status/2105665480992477577,2026-10-01T14:25:46.000Z,en,1,0,0.81
proactive-agent,https://x.com/i/status/2105578122099712264,2026-10-01T08:38:38.000Z,en,0,0,0.93
proactive-agent,https://x.com/i/status/2105525963539038399,2026-10-01T05:11:23.000Z,en,0,0,0.91
proactive-agent,https://x.com/i/status/2105486596791549978,2026-10-01T02:34:57.000Z,en,1,0,0.84
proactive-agent,https://x.com/i/status/2105462405530550356,2026-10-01T00:58:49.000Z,en,3,0,0.85
proactive-agent,https://x.com/i/status/2105395240886833554,2026-09-30T20:31:56.000Z,en,1,0,0.92
proactive-agent,https://x.com/i/status/2105354966256730228,2026-09-30T17:51:54.000Z,en,55,5,0.5
proactive-agent,https://x.com/i/status/2105351394832400806,2026-09-30T17:37:42.000Z,en,1,0,0.86
proactive-agent,https://x.com/i/status/2105342467675726089,2026-09-30T17:02:14.000Z,en,3,1,0.82
proactive-agent,https://x.com/i/status/2105334231304155144,2026-09-30T16:29:30.000Z,en,0,0,0.93
proactive-agent,https://x.com/i/status/2105305274236154172,2026-09-30T14:34:26.000Z,en,11,0,0.88
proactive-agent,https://x.com/i/status/2105282237608391077,2026-09-30T13:02:54.000Z,en,1,0,0.86
proactive-agent,https://x.com/i/status/2105279650784297450,2026-09-30T12:52:37.000Z,ja,0,0,0.05
proactive-agent,https://x.com/i/status/2105240296405733549,2026-09-30T10:16:14.000Z,en,1,0,0.79
proactive-agent,https://x.com/i/status/2105210325914308950,2026-09-30T08:17:09.000Z,en,90,5,0.9
proactive-agent,https://x.com/i/status/2105201331216478413,2026-09-30T07:41:24.000Z,en,21,0,0.67
handoff,https://x.com/i/status/2107736663736938778,2026-10-07T07:35:55.000Z,en,0,0,0.48
handoff,https://x.com/i/status/2107735172288323778,2026-10-07T07:29:59.000Z,zxx,0,0,0.1
handoff,https://x.com/i/status/2107733067024752713,2026-10-07T07:21:37.000Z,en,0,0,0.08
handoff,https://x.com/i/status/2107731991789707349,2026-10-07T07:17:21.000Z,en,0,0,0.68
handoff,https://x.com/i/status/2107728179980890539,2026-10-07T07:02:12.000Z,en,0,0,0.6
handoff,https://x.com/i/status/2107725506422636770,2026-10-07T06:51:35.000Z,en,0,0,0.55
handoff,https://x.com/i/status/2107725472813478122,2026-10-07T06:51:27.000Z,en,0,0,0.64
handoff,https://x.com/i/status/2107725130411446779,2026-10-07T06:50:05.000Z,en,0,0,0.66
handoff,https://x.com/i/status/2107723362630082822,2026-10-07T06:43:03.000Z,en,20,6,0.06
handoff,https://x.com/i/status/2107720401229140231,2026-10-07T06:31:17.000Z,en,0,0,0.63
handoff,https://x.com/i/status/2107716349619573083,2026-10-07T06:15:11.000Z,en,0,0,0.56
handoff,https://x.com/i/status/2107714199938015743,2026-10-07T06:06:39.000Z,en,0,0,0.16
handoff,https://x.com/i/status/2107713185444757567,2026-10-07T06:02:37.000Z,en,1,0,0.39
handoff,https://x.com/i/status/2107712778979135841,2026-10-07T06:01:00.000Z,fr,0,0,0.26
handoff,https://x.com/i/status/2107712086520557940,2026-10-07T05:58:15.000Z,en,0,0,0.57
handoff,https://x.com/i/status/2107710660771750217,2026-10-07T05:52:35.000Z,en,0,0,0.6
handoff,https://x.com/i/status/2107710363378897207,2026-10-07T05:51:24.000Z,zh,1,0,0.7
handoff,https://x.com/i/status/2107709379680117246,2026-10-07T05:47:30.000Z,en,49,18,0.29
handoff,https://x.com/i/status/2107708622423949616,2026-10-07T05:44:29.000Z,zxx,1,0,0.17
handoff,https://x.com/i/status/2107708581923701023,2026-10-07T05:44:19.000Z,en,0,0,0.67
handoff,https://x.com/i/status/2107707148264456602,2026-10-07T05:38:38.000Z,en,1,0,0.31
handoff,https://x.com/i/status/2107704305461371184,2026-10-07T05:27:20.000Z,en,0,0,0.52
handoff,https://x.com/i/status/2107700299288760677,2026-10-07T05:11:25.000Z,en,5,0,0.05
handoff,https://x.com/i/status/2107698268616757421,2026-10-07T05:03:21.000Z,en,0,0,0.42
handoff,https://x.com/i/status/2107693137179316447,2026-10-07T04:42:57.000Z,en,0,0,0.38
handoff,https://x.com/i/status/2107693036830609647,2026-10-07T04:42:33.000Z,en,111,0,0.4
handoff,https://x.com/i/status/2107690142135885828,2026-10-07T04:31:03.000Z,en,0,0,0.62
handoff,https://x.com/i/status/2107688202698162516,2026-10-07T04:23:21.000Z,en,0,0,0.68
handoff,https://x.com/i/status/2107687678733082887,2026-10-07T04:21:16.000Z,en,0,0,0.2
handoff,https://x.com/i/status/2107683839346634842,2026-10-07T04:06:00.000Z,en,7,0,0.84
handoff,https://x.com/i/status/2107683609351999726,2026-10-07T04:05:05.000Z,en,0,0,0.19
handoff,https://x.com/i/status/2107681477500772449,2026-10-07T03:56:37.000Z,en,0,0,0.68
handoff,https://x.com/i/status/2107676919970070792,2026-10-07T03:38:31.000Z,en,0,0,0.48
handoff,https://x.com/i/status/2107669203277021487,2026-10-07T03:07:51.000Z,en,0,0,0.14
handoff,https://x.com/i/status/2107667583692407052,2026-10-07T03:01:25.000Z,en,3,0,0.7
handoff,https://x.com/i/status/2107657084032647312,2026-10-07T02:19:41.000Z,zh,7,2,0.57
handoff,https://x.com/i/status/2107655903319060757,2026-10-07T02:15:00.000Z,en,3,0,0.07
handoff,https://x.com/i/status/2107654000279765070,2026-10-07T02:07:26.000Z,zh,1,0,0.82
handoff,https://x.com/i/status/2107653338464759976,2026-10-07T02:04:48.000Z,en,1,0,0.09
handoff,https://x.com/i/status/2107650590356676971,2026-10-07T01:53:53.000Z,zxx,0,0,0.15
handoff,https://x.com/i/status/2107648373234729052,2026-10-07T01:45:05.000Z,en,6,3,0.03
handoff,https://x.com/i/status/2107641892620165214,2026-10-07T01:19:19.000Z,en,2,0,0.61
handoff,https://x.com/i/status/2107640979369214200,2026-10-07T01:15:42.000Z,en,6,0,0.34
handoff,https://x.com/i/status/2107640789002051862,2026-10-07T01:14:56.000Z,en,0,0,0.55
handoff,https://x.com/i/status/2107636079713255650,2026-10-07T00:56:14.000Z,en,0,0,0.7
handoff,https://x.com/i/status/2107631496190214612,2026-10-07T00:38:01.000Z,en,0,0,0.67
handoff,https://x.com/i/status/2107624511310844407,2026-10-07T00:10:15.000Z,en,1,1,0.72
handoff,https://x.com/i/status/2107621971882340653,2026-10-07T00:00:10.000Z,en,0,0,0.63
handoff,https://x.com/i/status/2107620926410178762,2026-10-06T23:56:01.000Z,en,0,0,0.06
handoff,https://x.com/i/status/2107620627565924623,2026-10-06T23:54:49.000Z,en,1,0,0.61
handoff,https://x.com/i/status/2107612823912321372,2026-10-06T23:23:49.000Z,en,4,0,0.41
handoff,https://x.com/i/status/2107612355731591425,2026-10-06T23:21:57.000Z,en,0,0,0.64
handoff,https://x.com/i/status/2107608512830529939,2026-10-06T23:06:41.000Z,en,0,0,0.13
handoff,https://x.com/i/status/2107606416504803717,2026-10-06T22:58:21.000Z,en,0,0,0.62
handoff,https://x.com/i/status/2107606006226104708,2026-10-06T22:56:43.000Z,en,5,0,0.02
handoff,https://x.com/i/status/2107602173546869038,2026-10-06T22:41:30.000Z,en,116,15,0.02
handoff,https://x.com/i/status/2107600347933868169,2026-10-06T22:34:14.000Z,en,0,0,0.38
handoff,https://x.com/i/status/2107596350946714077,2026-10-06T22:18:21.000Z,en,1,0,0.65
handoff,https://x.com/i/status/2107595170153967811,2026-10-06T22:13:40.000Z,en,3,1,0.09
handoff,https://x.com/i/status/2107594249508118538,2026-10-06T22:10:00.000Z,en,2,0,0.14
handoff,https://x.com/i/status/2107589968541659555,2026-10-06T21:53:00.000Z,en,293,12,0.59
handoff,https://x.com/i/status/2107589503359787430,2026-10-06T21:51:09.000Z,en,0,0,0.41
handoff,https://x.com/i/status/2107587699276460206,2026-10-06T21:43:59.000Z,en,0,0,0.18
handoff,https://x.com/i/status/2107586441387646994,2026-10-06T21:38:59.000Z,en,0,0,0.49
handoff,https://x.com/i/status/2107584842200219723,2026-10-06T21:32:38.000Z,en,26,7,0.03
handoff,https://x.com/i/status/2107582815034589662,2026-10-06T21:24:34.000Z,en,0,0,0.63
handoff,https://x.com/i/status/2107582060680691886,2026-10-06T21:21:34.000Z,zh,0,0,0.7
handoff,https://x.com/i/status/2107582008113455477,2026-10-06T21:21:22.000Z,en,12,6,0.08
handoff,https://x.com/i/status/2107581298311413889,2026-10-06T21:18:33.000Z,en,0,0,0.75
handoff,https://x.com/i/status/2107580046370083072,2026-10-06T21:13:34.000Z,en,4,1,0.4
handoff,https://x.com/i/status/2107579143391199626,2026-10-06T21:09:59.000Z,de,0,0,0.54
handoff,https://x.com/i/status/2107573517298381232,2026-10-06T20:47:38.000Z,en,0,0,0.04
handoff,https://x.com/i/status/2107572667876245722,2026-10-06T20:44:15.000Z,en,0,0,0.17
handoff,https://x.com/i/status/2107572594421752024,2026-10-06T20:43:57.000Z,en,7,4,0.36
handoff,https://x.com/i/status/2107569723110240486,2026-10-06T20:32:33.000Z,en,5,1,0.13
handoff,https://x.com/i/status/2107565297284612194,2026-10-06T20:14:58.000Z,es,0,0,0.85
handoff,https://x.com/i/status/2107563657345249532,2026-10-06T20:08:27.000Z,en,0,0,0.54
handoff,https://x.com/i/status/2107559179561087232,2026-10-06T19:50:39.000Z,en,0,0,0.1
handoff,https://x.com/i/status/2107558475480117701,2026-10-06T19:47:51.000Z,en,0,0,0.45
handoff,https://x.com/i/status/2107555528234901512,2026-10-06T19:36:09.000Z,en,0,0,0.48
handoff,https://x.com/i/status/2107555006274826459,2026-10-06T19:34:04.000Z,en,2,1,0.96
handoff,https://x.com/i/status/2107553730166231296,2026-10-06T19:29:00.000Z,en,2,1,0.48
handoff,https://x.com/i/status/2107552824401760710,2026-10-06T19:25:24.000Z,en,0,0,0.41
handoff,https://x.com/i/status/2107550622174339316,2026-10-06T19:16:39.000Z,en,0,0,0.55
handoff,https://x.com/i/status/2107548149002756507,2026-10-06T19:06:49.000Z,en,0,0,0.37
handoff,https://x.com/i/status/2107547749323505856,2026-10-06T19:05:14.000Z,en,3,0,0.22
handoff,https://x.com/i/status/2107547191971615031,2026-10-06T19:03:01.000Z,en,0,0,0.58
handoff,https://x.com/i/status/2107546565435167120,2026-10-06T19:00:32.000Z,en,0,0,0.58
handoff,https://x.com/i/status/2107545677794627605,2026-10-06T18:57:00.000Z,en,0,0,0.7
handoff,https://x.com/i/status/2107544934085513339,2026-10-06T18:54:03.000Z,en,0,0,0.66
handoff,https://x.com/i/status/2107543731628831223,2026-10-06T18:49:16.000Z,en,0,0,0.55
handoff,https://x.com/i/status/2107542996501602527,2026-10-06T18:46:21.000Z,en,0,0,0.14
handoff,https://x.com/i/status/2107542798077505676,2026-10-06T18:45:33.000Z,en,35,4,0.26
handoff,https://x.com/i/status/2107542425816215940,2026-10-06T18:44:05.000Z,en,0,0,0.07
handoff,https://x.com/i/status/2107539003759026281,2026-10-06T18:30:29.000Z,en,0,0,0.07
handoff,https://x.com/i/status/2107536881621889233,2026-10-06T18:22:03.000Z,zxx,11,7,0.12
handoff,https://x.com/i/status/2107536344671039913,2026-10-06T18:19:55.000Z,zxx,12,0,0.12
handoff,https://x.com/i/status/2107536053972185383,2026-10-06T18:18:46.000Z,en,0,0,0.48
handoff,https://x.com/i/status/2107535112883802213,2026-10-06T18:15:01.000Z,en,1,0,0.1
handoff,https://x.com/i/status/2107532250917278066,2026-10-06T18:03:39.000Z,en,0,0,0.28
weather,https://x.com/i/status/2107734380613612020,2026-10-07T07:26:50.000Z,en,1,0,0.02
weather,https://x.com/i/status/2107733547976954341,2026-10-07T07:23:32.000Z,en,9,7,0.05
weather,https://x.com/i/status/2107725458695446801,2026-10-07T06:51:23.000Z,en,0,0,0.09
weather,https://x.com/i/status/2107718182442291322,2026-10-07T06:22:28.000Z,en,22,1,0.1
weather,https://x.com/i/status/2107702654864625759,2026-10-07T05:20:46.000Z,en,3,1,0.04
weather,https://x.com/i/status/2107698613379838294,2026-10-07T05:04:43.000Z,en,51,6,0.03
weather,https://x.com/i/status/2107685345240416644,2026-10-07T04:11:59.000Z,en,1,0,0.06
weather,https://x.com/i/status/2107682750857908735,2026-10-07T04:01:41.000Z,zxx,1,0,0.11
weather,https://x.com/i/status/2107674308810031281,2026-10-07T03:28:08.000Z,en,0,0,0.03
weather,https://x.com/i/status/2107659871302660113,2026-10-07T02:30:46.000Z,zxx,0,0,0.1
weather,https://x.com/i/status/2107656578476191797,2026-10-07T02:17:41.000Z,en,0,0,0.02
weather,https://x.com/i/status/2107638532583874686,2026-10-07T01:05:58.000Z,en,0,0,0.69
weather,https://x.com/i/status/2107637908223963269,2026-10-07T01:03:29.000Z,en,1,0,0.06
weather,https://x.com/i/status/2107627791865040977,2026-10-07T00:23:18.000Z,en,5,0,0.62
weather,https://x.com/i/status/2107621758367064196,2026-10-06T23:59:19.000Z,en,0,0,0.65
weather,https://x.com/i/status/2107609814457032720,2026-10-06T23:11:51.000Z,en,29,0,0.05
weather,https://x.com/i/status/2107608305170272638,2026-10-06T23:05:52.000Z,zxx,2,0,0.11
weather,https://x.com/i/status/2107601823821656524,2026-10-06T22:40:06.000Z,en,0,0,0.04
weather,https://x.com/i/status/2107598067104932245,2026-10-06T22:25:11.000Z,en,2,0,0.29
weather,https://x.com/i/status/2107594619156320273,2026-10-06T22:11:29.000Z,en,0,1,0.02
weather,https://x.com/i/status/2107592520838304138,2026-10-06T22:03:08.000Z,en,2,0,0.03
weather,https://x.com/i/status/2107588121437323741,2026-10-06T21:45:39.000Z,en,0,0,0.64
weather,https://x.com/i/status/2107576565005427114,2026-10-06T20:59:44.000Z,en,0,0,0.13
weather,https://x.com/i/status/2107574847635341340,2026-10-06T20:52:55.000Z,en,5,1,0.37
weather,https://x.com/i/status/2107568466727428449,2026-10-06T20:27:33.000Z,en,1,1,0.02
weather,https://x.com/i/status/2107566874850627806,2026-10-06T20:21:14.000Z,en,3,0,0.55
weather,https://x.com/i/status/2107565188169740417,2026-10-06T20:14:32.000Z,en,2,0,0.65
weather,https://x.com/i/status/2107563747531456775,2026-10-06T20:08:48.000Z,en,1,0,0.04
weather,https://x.com/i/status/2107556108319572352,2026-10-06T19:38:27.000Z,zxx,28,0,0.14
weather,https://x.com/i/status/2107550353507987639,2026-10-06T19:15:35.000Z,en,1,1,0.02
weather,https://x.com/i/status/2107546956012593555,2026-10-06T19:02:05.000Z,en,1,0,0.11
weather,https://x.com/i/status/2107546453120069961,2026-10-06T19:00:05.000Z,en,2,0,0.53
weather,https://x.com/i/status/2107545424227676371,2026-10-06T18:56:00.000Z,en,0,0,0.03
weather,https://x.com/i/status/2107545238982008996,2026-10-06T18:55:15.000Z,en,3,0,0.05
weather,https://x.com/i/status/2107535943783878830,2026-10-06T18:18:19.000Z,en,1,0,0.04
weather,https://x.com/i/status/2107531156509896902,2026-10-06T17:59:18.000Z,en,26,7,0.05
weather,https://x.com/i/status/2107530834739966109,2026-10-06T17:58:01.000Z,en,2,1,0.39
weather,https://x.com/i/status/2107528529915113672,2026-10-06T17:48:52.000Z,en,1,0,0.05
weather,https://x.com/i/status/2107526131486478363,2026-10-06T17:39:20.000Z,en,0,0,0.22
weather,https://x.com/i/status/2107525818180342270,2026-10-06T17:38:05.000Z,zxx,4,0,0.14
weather,https://x.com/i/status/2107525370811404311,2026-10-06T17:36:18.000Z,zxx,0,0,0.14
weather,https://x.com/i/status/2107525227303633065,2026-10-06T17:35:44.000Z,en,0,0,0.11
weather,https://x.com/i/status/2107524904145047636,2026-10-06T17:34:27.000Z,zxx,4,3,0.14
weather,https://x.com/i/status/2107524209144455285,2026-10-06T17:31:42.000Z,en,1,0,0.55
weather,https://x.com/i/status/2107523408598597733,2026-10-06T17:28:31.000Z,en,1,0,0.06
weather,https://x.com/i/status/2107522922935964135,2026-10-06T17:26:35.000Z,en,0,0,0.2
weather,https://x.com/i/status/2107522693025370156,2026-10-06T17:25:40.000Z,en,1,0,0.05
weather,https://x.com/i/status/2107522576172118298,2026-10-06T17:25:12.000Z,en,1,0,0.05
weather,https://x.com/i/status/2107522401281941854,2026-10-06T17:24:30.000Z,en,6,1,0.04
weather,https://x.com/i/status/2107522248584118485,2026-10-06T17:23:54.000Z,en,0,0,0.64
weather,https://x.com/i/status/2107522010683232768,2026-10-06T17:22:57.000Z,en,3,0,0.04
weather,https://x.com/i/status/2107521912717152622,2026-10-06T17:22:34.000Z,en,1,0,0.04
weather,https://x.com/i/status/2107520822810144899,2026-10-06T17:18:14.000Z,en,1,0,0.04
weather,https://x.com/i/status/2107514483165872477,2026-10-06T16:53:03.000Z,en,1,0,0.06
weather,https://x.com/i/status/2107512800780415074,2026-10-06T16:46:22.000Z,en,0,0,0.51
weather,https://x.com/i/status/2107509599222034433,2026-10-06T16:33:38.000Z,en,1,0,0.06
weather,https://x.com/i/status/2107504507554775121,2026-10-06T16:13:24.000Z,zxx,5,1,0.11
weather,https://x.com/i/status/2107503832712556913,2026-10-06T16:10:43.000Z,en,2,0,0.44
weather,https://x.com/i/status/2107501479322067127,2026-10-06T16:01:22.000Z,zxx,1,0,0.15
weather,https://x.com/i/status/2107498189985075266,2026-10-06T15:48:18.000Z,zxx,0,0,0.14
weather,https://x.com/i/status/2107490588522107103,2026-10-06T15:18:06.000Z,en,5,0,0.07
weather,https://x.com/i/status/2107488091065753827,2026-10-06T15:08:10.000Z,en,20,12,0.04
weather,https://x.com/i/status/2107487189617537378,2026-10-06T15:04:35.000Z,en,2,1,0.05
weather,https://x.com/i/status/2107483062292377724,2026-10-06T14:48:11.000Z,zxx,1,0,0.14
weather,https://x.com/i/status/2107479000675201161,2026-10-06T14:32:03.000Z,en,1,0,0.54
weather,https://x.com/i/status/2107478180080869799,2026-10-06T14:28:47.000Z,en,1,0,0.69
weather,https://x.com/i/status/2107477533532815475,2026-10-06T14:26:13.000Z,en,0,0,0.04
weather,https://x.com/i/status/2107471195272786163,2026-10-06T14:01:02.000Z,en,1,1,0.05
weather,https://x.com/i/status/2107471180621922594,2026-10-06T14:00:59.000Z,en,5,3,0.03
weather,https://x.com/i/status/2107469154378764727,2026-10-06T13:52:55.000Z,en,2,0,0.05
weather,https://x.com/i/status/2107464835340673110,2026-10-06T13:35:46.000Z,en,1,1,0.04
weather,https://x.com/i/status/2107463928196247843,2026-10-06T13:32:09.000Z,en,25,9,0.07
weather,https://x.com/i/status/2107457960297291977,2026-10-06T13:08:27.000Z,en,2,1,0.05
weather,https://x.com/i/status/2107457665941041363,2026-10-06T13:07:16.000Z,en,0,0,0.03
weather,https://x.com/i/status/2107456843606032786,2026-10-06T13:04:00.000Z,en,0,0,0.04
weather,https://x.com/i/status/2107452059629113545,2026-10-06T12:45:00.000Z,en,159,4,0.27
weather,https://x.com/i/status/2107451649270706533,2026-10-06T12:43:22.000Z,en,2,0,0.15
weather,https://x.com/i/status/2107450374546243598,2026-10-06T12:38:18.000Z,en,42,2,0.04
weather,https://x.com/i/status/2107448931294536109,2026-10-06T12:32:34.000Z,en,3,2,0.03
weather,https://x.com/i/status/2107448691426791575,2026-10-06T12:31:37.000Z,en,1,0,0.04
weather,https://x.com/i/status/2107446984756077031,2026-10-06T12:24:50.000Z,en,0,0,0.3
weather,https://x.com/i/status/2107442416496099555,2026-10-06T12:06:41.000Z,en,0,0,0.02
weather,https://x.com/i/status/2107441379139809569,2026-10-06T12:02:33.000Z,en,0,0,0.05
weather,https://x.com/i/status/2107436545020174565,2026-10-06T11:43:21.000Z,en,0,0,0.03
weather,https://x.com/i/status/2107436433036259655,2026-10-06T11:42:54.000Z,en,0,0,0.07
weather,https://x.com/i/status/2107434647873307078,2026-10-06T11:35:48.000Z,en,0,0,0.03
weather,https://x.com/i/status/2107432506668601852,2026-10-06T11:27:18.000Z,en,1,0,0.02
weather,https://x.com/i/status/2107432069420683377,2026-10-06T11:25:34.000Z,en,3,0,0.05
weather,https://x.com/i/status/2107432055415906805,2026-10-06T11:25:30.000Z,zxx,9,3,0.16
weather,https://x.com/i/status/2107430324015685976,2026-10-06T11:18:38.000Z,en,0,0,0.04
weather,https://x.com/i/status/2107425699925463209,2026-10-06T11:00:15.000Z,en,0,0,0.03
weather,https://x.com/i/status/2107425652806684896,2026-10-06T11:00:04.000Z,ja,11,1,0.31
weather,https://x.com/i/status/2107425179664089569,2026-10-06T10:58:11.000Z,en,0,0,0.02
weather,https://x.com/i/status/2107422738273210760,2026-10-06T10:48:29.000Z,zxx,5,1,0.12
weather,https://x.com/i/status/2107422240622924156,2026-10-06T10:46:30.000Z,en,1,0,0.02
weather,https://x.com/i/status/2107422132653228098,2026-10-06T10:46:05.000Z,en,0,0,0.04
weather,https://x.com/i/status/2107419049499951206,2026-10-06T10:33:50.000Z,en,0,0,0.02
weather,https://x.com/i/status/2107413859422392707,2026-10-06T10:13:12.000Z,en,2,0,0.12
weather,https://x.com/i/status/2107408025262944575,2026-10-06T09:50:01.000Z,en,7,1,0.02
weather,https://x.com/i/status/2107403314073661596,2026-10-06T09:31:18.000Z,en,0,0,0.03
triage,https://x.com/i/status/2107730095742062908,2026-10-07T07:09:49.000Z,en,0,0,0.45
triage,https://x.com/i/status/2107718265975849273,2026-10-07T06:22:48.000Z,de,0,0,0.04
triage,https://x.com/i/status/2107716336092897374,2026-10-07T06:15:08.000Z,en,0,0,0.59
triage,https://x.com/i/status/2107716185391296856,2026-10-07T06:14:32.000Z,en,0,0,0.45
triage,https://x.com/i/status/2107698610469048772,2026-10-07T05:04:42.000Z,en,0,0,0.08
triage,https://x.com/i/status/2107683520860803228,2026-10-07T04:04:44.000Z,en,0,0,0.65
triage,https://x.com/i/status/2107676094534910235,2026-10-07T03:35:14.000Z,zxx,1,0,0.08
triage,https://x.com/i/status/2107666348772110458,2026-10-07T02:56:30.000Z,ja,0,0,0.49
triage,https://x.com/i/status/2107654551260090575,2026-10-07T02:09:38.000Z,en,0,0,0.82
triage,https://x.com/i/status/2107652128680681764,2026-10-07T02:00:00.000Z,en,0,0,0.25
triage,https://x.com/i/status/2107641806041309574,2026-10-07T01:18:59.000Z,en,0,0,0.63
triage,https://x.com/i/status/2107640757859615199,2026-10-07T01:14:49.000Z,es,2,0,0.73
triage,https://x.com/i/status/2107622988812300581,2026-10-07T00:04:12.000Z,en,3,1,0.06
triage,https://x.com/i/status/2107608243463745899,2026-10-06T23:05:37.000Z,en,7,0,0.45
triage,https://x.com/i/status/2107606942998986788,2026-10-06T23:00:27.000Z,en,0,0,0.18
triage,https://x.com/i/status/2107599692376772933,2026-10-06T22:31:38.000Z,en,0,0,0.77
triage,https://x.com/i/status/2107592423715242463,2026-10-06T22:02:45.000Z,en,0,0,0.06
triage,https://x.com/i/status/2107589811796316624,2026-10-06T21:52:22.000Z,ja,0,0,0.03
triage,https://x.com/i/status/2107586526271975475,2026-10-06T21:39:19.000Z,en,0,0,0.72
triage,https://x.com/i/status/2107583556927328515,2026-10-06T21:27:31.000Z,ja,1,0,0.06
triage,https://x.com/i/status/2107578111609184701,2026-10-06T21:05:53.000Z,en,0,0,0.07
triage,https://x.com/i/status/2107577317853892942,2026-10-06T21:02:44.000Z,en,9,0,0.63
triage,https://x.com/i/status/2107577094527910212,2026-10-06T21:01:50.000Z,en,5,1,0.04
triage,https://x.com/i/status/2107568467063033881,2026-10-06T20:27:33.000Z,en,26,4,0.1
triage,https://x.com/i/status/2107563881740812521,2026-10-06T20:09:20.000Z,en,2,0,0.78
triage,https://x.com/i/status/2107556720772092161,2026-10-06T19:40:53.000Z,en,0,0,0.05
triage,https://x.com/i/status/2107555899602600090,2026-10-06T19:37:37.000Z,en,23,2,0.13
triage,https://x.com/i/status/2107554572109566131,2026-10-06T19:32:21.000Z,en,3,1,0.2
triage,https://x.com/i/status/2107553601774047375,2026-10-06T19:28:29.000Z,en,0,0,0.66
triage,https://x.com/i/status/2107552116797526109,2026-10-06T19:22:35.000Z,en,2,0,0.5
triage,https://x.com/i/status/2107552071071215966,2026-10-06T19:22:24.000Z,en,0,0,0.67
triage,https://x.com/i/status/2107550619015995731,2026-10-06T19:16:38.000Z,en,2,0,0.47
triage,https://x.com/i/status/2107543571612234103,2026-10-06T18:48:38.000Z,en,0,0,0.67
triage,https://x.com/i/status/2107540719892123870,2026-10-06T18:37:18.000Z,en,0,0,0.06
triage,https://x.com/i/status/2107536316607209705,2026-10-06T18:19:48.000Z,zxx,0,0,0.07
triage,https://x.com/i/status/2107519415755456727,2026-10-06T17:12:39.000Z,en,0,0,0.33
triage,https://x.com/i/status/2107518401279414457,2026-10-06T17:08:37.000Z,en,1,0,0.1
triage,https://x.com/i/status/2107517005175968155,2026-10-06T17:03:04.000Z,ja,0,0,0.1
triage,https://x.com/i/status/2107510472601985336,2026-10-06T16:37:06.000Z,en,1172,53,0.19
triage,https://x.com/i/status/2107509698916176232,2026-10-06T16:34:02.000Z,zxx,13,2,0.07
triage,https://x.com/i/status/2107505060272132180,2026-10-06T16:15:36.000Z,en,0,0,0.3
triage,https://x.com/i/status/2107502068147626223,2026-10-06T16:03:43.000Z,en,0,0,0.04
triage,https://x.com/i/status/2107501842741752047,2026-10-06T16:02:49.000Z,en,4,0,0.15
triage,https://x.com/i/status/2107499359386612199,2026-10-06T15:52:57.000Z,in,3,0,0.73
triage,https://x.com/i/status/2107490775537741850,2026-10-06T15:18:50.000Z,zxx,23,0,0.08
triage,https://x.com/i/status/2107485196941414665,2026-10-06T14:56:40.000Z,en,5,0,0.1
triage,https://x.com/i/status/2107483381143650749,2026-10-06T14:49:27.000Z,en,0,0,0.5
triage,https://x.com/i/status/2107481353331614069,2026-10-06T14:41:24.000Z,zxx,20,1,0.1
triage,https://x.com/i/status/2107480271658295490,2026-10-06T14:37:06.000Z,en,4,0,0.64
triage,https://x.com/i/status/2107479771492061429,2026-10-06T14:35:07.000Z,en,8,1,0.18
triage,https://x.com/i/status/2107471548667797553,2026-10-06T14:02:26.000Z,en,1,0,0.59
triage,https://x.com/i/status/2107460048960270499,2026-10-06T13:16:45.000Z,en,0,0,0.77
triage,https://x.com/i/status/2107456158726270978,2026-10-06T13:01:17.000Z,en,10,0,0.17
triage,https://x.com/i/status/2107454576630649341,2026-10-06T12:55:00.000Z,zxx,7,2,0.09
triage,https://x.com/i/status/2107450561641738575,2026-10-06T12:39:03.000Z,en,2,1,0.08
triage,https://x.com/i/status/2107449098441822361,2026-10-06T12:33:14.000Z,en,0,0,0.06
triage,https://x.com/i/status/2107442274053632370,2026-10-06T12:06:07.000Z,en,0,0,0.37
triage,https://x.com/i/status/2107440636764840164,2026-10-06T11:59:36.000Z,en,0,0,0.04
triage,https://x.com/i/status/2107430089487192189,2026-10-06T11:17:42.000Z,en,5,0,0.62
triage,https://x.com/i/status/2107429744719401142,2026-10-06T11:16:19.000Z,en,31,5,0.03
triage,https://x.com/i/status/2107421728603529512,2026-10-06T10:44:28.000Z,en,0,0,0.06
triage,https://x.com/i/status/2107419625977749899,2026-10-06T10:36:07.000Z,en,15,2,0.12
triage,https://x.com/i/status/2107411658372980979,2026-10-06T10:04:27.000Z,en,75,11,0.11
triage,https://x.com/i/status/2107410576179683560,2026-10-06T10:00:09.000Z,en,0,0,0.52
triage,https://x.com/i/status/2107410545204715936,2026-10-06T10:00:02.000Z,en,4,0,0.09
triage,https://x.com/i/status/2107403884851511779,2026-10-06T09:33:34.000Z,en,0,0,0.47
triage,https://x.com/i/status/2107396413915287935,2026-10-06T09:03:53.000Z,en,2,0,0.2
triage,https://x.com/i/status/2107385485853430032,2026-10-06T08:20:27.000Z,en,24,13,0.17
triage,https://x.com/i/status/2107377267164819848,2026-10-06T07:47:48.000Z,en,44,1,0.13
triage,https://x.com/i/status/2107370707550396567,2026-10-06T07:21:44.000Z,en,9,5,0.23
triage,https://x.com/i/status/2107355538388304052,2026-10-06T06:21:27.000Z,zxx,17,0,0.07
triage,https://x.com/i/status/2107352914197115222,2026-10-06T06:11:02.000Z,en,6,0,0.82
triage,https://x.com/i/status/2107352135956611296,2026-10-06T06:07:56.000Z,en,2,0,0.64
triage,https://x.com/i/status/2107351033639059732,2026-10-06T06:03:33.000Z,en,0,0,0.58
triage,https://x.com/i/status/2107350721704145302,2026-10-06T06:02:19.000Z,en,2,0,0.49
triage,https://x.com/i/status/2107350231578804654,2026-10-06T06:00:22.000Z,en,0,0,0.82
triage,https://x.com/i/status/2107346873153360276,2026-10-06T05:47:01.000Z,en,8,0,0.4
triage,https://x.com/i/status/2107340112753287257,2026-10-06T05:20:10.000Z,en,0,0,0.07
triage,https://x.com/i/status/2107331590099800523,2026-10-06T04:46:18.000Z,en,2,2,0.65
triage,https://x.com/i/status/2107329086054137884,2026-10-06T04:36:21.000Z,en,0,0,0.1
triage,https://x.com/i/status/2107328615239266750,2026-10-06T04:34:28.000Z,en,3,0,0.04
triage,https://x.com/i/status/2107326578573369739,2026-10-06T04:26:23.000Z,en,1,0,0.1
triage,https://x.com/i/status/2107312132983275839,2026-10-06T03:28:59.000Z,en,19,2,0.16
triage,https://x.com/i/status/2107305091673772145,2026-10-06T03:01:00.000Z,en,3,0,0.24
triage,https://x.com/i/status/2107292891471040925,2026-10-06T02:12:31.000Z,en,0,0,0.11
triage,https://x.com/i/status/2107292511081574473,2026-10-06T02:11:00.000Z,en,1,0,0.82
triage,https://x.com/i/status/2107284313821880724,2026-10-06T01:38:26.000Z,en,2,0,0.1
triage,https://x.com/i/status/2107274706571129258,2026-10-06T01:00:15.000Z,en,1,0,0.23
triage,https://x.com/i/status/2107273528752152862,2026-10-06T00:55:35.000Z,en,6,0,0.08
triage,https://x.com/i/status/2107268727008076224,2026-10-06T00:36:30.000Z,en,0,0,0.11
triage,https://x.com/i/status/2107266000613769408,2026-10-06T00:25:40.000Z,en,1,0,0.6
triage,https://x.com/i/status/2107264242621808998,2026-10-06T00:18:41.000Z,en,0,0,0.57
triage,https://x.com/i/status/2107263121954099335,2026-10-06T00:14:13.000Z,en,0,0,0.69
triage,https://x.com/i/status/2107243771197005989,2026-10-05T22:57:20.000Z,en,6,0,0.06
triage,https://x.com/i/status/2107242197674242409,2026-10-05T22:51:05.000Z,en,0,0,0.49
triage,https://x.com/i/status/2107240135742152713,2026-10-05T22:42:53.000Z,en,0,0,0.54
triage,https://x.com/i/status/2107220532420559130,2026-10-05T21:24:59.000Z,zxx,0,0,0.07
triage,https://x.com/i/status/2107214561661087771,2026-10-05T21:01:16.000Z,en,1,0,0.11
triage,https://x.com/i/status/2107202701461471306,2026-10-05T20:14:08.000Z,en,0,0,0.54
triage,https://x.com/i/status/2107202635229171859,2026-10-05T20:13:52.000Z,en,0,0,0.57
prototype,https://x.com/i/status/2107726226894762495,2026-10-07T06:54:26.000Z,fr,0,1,0.07
prototype,https://x.com/i/status/2107721902466978252,2026-10-07T06:37:15.000Z,en,2,0,0.09
prototype,https://x.com/i/status/2107721517262078228,2026-10-07T06:35:43.000Z,en,0,0,0.05
prototype,https://x.com/i/status/2107716911211614261,2026-10-07T06:17:25.000Z,en,1,0,0.18
prototype,https://x.com/i/status/2107712307690148314,2026-10-07T05:59:08.000Z,en,0,0,0.15
prototype,https://x.com/i/status/2107708105324630440,2026-10-07T05:42:26.000Z,en,3,0,0.12
prototype,https://x.com/i/status/2107707106262753304,2026-10-07T05:38:28.000Z,zxx,0,0,0.09
prototype,https://x.com/i/status/2107699292949676424,2026-10-07T05:07:25.000Z,qme,0,0,0.03
prototype,https://x.com/i/status/2107694105031782715,2026-10-07T04:46:48.000Z,zxx,2,1,0.1
prototype,https://x.com/i/status/2107691054686241055,2026-10-07T04:34:41.000Z,en,0,0,0.11
prototype,https://x.com/i/status/2107681920259666329,2026-10-07T03:58:23.000Z,en,0,0,0.04
prototype,https://x.com/i/status/2107674164660146404,2026-10-07T03:27:34.000Z,ko,0,0,0.22
prototype,https://x.com/i/status/2107674145118892519,2026-10-07T03:27:29.000Z,en,0,0,0.14
prototype,https://x.com/i/status/2107670365694476559,2026-10-07T03:12:28.000Z,en,0,0,0.18
prototype,https://x.com/i/status/2107666047319093337,2026-10-07T02:55:18.000Z,en,5,3,0.07
prototype,https://x.com/i/status/2107666020836241596,2026-10-07T02:55:12.000Z,en,3,1,0.04
prototype,https://x.com/i/status/2107655065859170803,2026-10-07T02:11:40.000Z,en,0,0,0.19
prototype,https://x.com/i/status/2107653587023360422,2026-10-07T02:05:48.000Z,en,1,0,0.35
prototype,https://x.com/i/status/2107649762765771134,2026-10-07T01:50:36.000Z,en,0,0,0.11
prototype,https://x.com/i/status/2107647225534816373,2026-10-07T01:40:31.000Z,en,110,1,0.44
prototype,https://x.com/i/status/2107636552910492053,2026-10-07T00:58:06.000Z,en,2,0,0.12
prototype,https://x.com/i/status/2107631458903105869,2026-10-07T00:37:52.000Z,en,1,0,0.04
prototype,https://x.com/i/status/2107622906939216069,2026-10-07T00:03:53.000Z,en,1,0,0.07
prototype,https://x.com/i/status/2107622629276627360,2026-10-07T00:02:47.000Z,en,0,0,0.05
prototype,https://x.com/i/status/2107618474637844605,2026-10-06T23:46:16.000Z,en,1,0,0.02
prototype,https://x.com/i/status/2107608454298993112,2026-10-06T23:06:27.000Z,en,166,19,0.1
prototype,https://x.com/i/status/2107605166811967888,2026-10-06T22:53:23.000Z,en,1,0,0.1
prototype,https://x.com/i/status/2107602351498666132,2026-10-06T22:42:12.000Z,zxx,27,6,0.11
prototype,https://x.com/i/status/2107581332322959483,2026-10-06T21:18:41.000Z,en,0,0,0.09
prototype,https://x.com/i/status/2107578325367701915,2026-10-06T21:06:44.000Z,en,39,4,0.16
prototype,https://x.com/i/status/2107578318752993311,2026-10-06T21:06:42.000Z,en,39,4,0.13
prototype,https://x.com/i/status/2107576464531210479,2026-10-06T20:59:20.000Z,en,16,0,0.26
prototype,https://x.com/i/status/2107569428858552648,2026-10-06T20:31:23.000Z,en,12,0,0.08
prototype,https://x.com/i/status/2107567940316873126,2026-10-06T20:25:28.000Z,en,6,0,0.09
prototype,https://x.com/i/status/2107566041895178626,2026-10-06T20:17:55.000Z,en,1,0,0.69
prototype,https://x.com/i/status/2107562041145741815,2026-10-06T20:02:01.000Z,en,0,0,0.3
prototype,https://x.com/i/status/2107561306534355362,2026-10-06T19:59:06.000Z,en,100,14,0.12
prototype,https://x.com/i/status/2107561276922573081,2026-10-06T19:58:59.000Z,en,0,0,0.09
prototype,https://x.com/i/status/2107559181763183059,2026-10-06T19:50:40.000Z,en,0,1,0.07
prototype,https://x.com/i/status/2107556497672605717,2026-10-06T19:40:00.000Z,en,1,0,0.06
prototype,https://x.com/i/status/2107555293290692857,2026-10-06T19:35:13.000Z,fr,3,4,0.02
prototype,https://x.com/i/status/2107554352940429794,2026-10-06T19:31:28.000Z,ar,18,0,0.41
prototype,https://x.com/i/status/2107553537643401701,2026-10-06T19:28:14.000Z,zxx,0,0,0.1
prototype,https://x.com/i/status/2107551065847779374,2026-10-06T19:18:25.000Z,zxx,233,27,0.11
prototype,https://x.com/i/status/2107538520638197798,2026-10-06T18:28:34.000Z,en,0,0,0.08
prototype,https://x.com/i/status/2107538401713176839,2026-10-06T18:28:05.000Z,en,14,0,0.87
prototype,https://x.com/i/status/2107531878895145320,2026-10-06T18:02:10.000Z,en,2,0,0.16
prototype,https://x.com/i/status/2107520517968437628,2026-10-06T17:17:01.000Z,en,0,0,0.22
prototype,https://x.com/i/status/2107515827045970024,2026-10-06T16:58:23.000Z,en,0,1,0.35
prototype,https://x.com/i/status/2107514589550129497,2026-10-06T16:53:28.000Z,en,12,6,0.28
prototype,https://x.com/i/status/2107510471259779145,2026-10-06T16:37:06.000Z,en,0,0,0.04
prototype,https://x.com/i/status/2107502529764569537,2026-10-06T16:05:33.000Z,en,0,0,0.18
prototype,https://x.com/i/status/2107501612046455005,2026-10-06T16:01:54.000Z,en,1,0,0.15
prototype,https://x.com/i/status/2107501479322067127,2026-10-06T16:01:22.000Z,zxx,1,0,0.1
prototype,https://x.com/i/status/2107500999321489828,2026-10-06T15:59:28.000Z,en,0,0,0.08
prototype,https://x.com/i/status/2107498753636659379,2026-10-06T15:50:32.000Z,en,0,1,0.08
prototype,https://x.com/i/status/2107494760999276631,2026-10-06T15:34:41.000Z,en,1,0,0.45
prototype,https://x.com/i/status/2107493585700724825,2026-10-06T15:30:00.000Z,en,15,0,0.09
prototype,https://x.com/i/status/2107490557589098832,2026-10-06T15:17:58.000Z,fr,6,0,0.21
prototype,https://x.com/i/status/2107484427924173091,2026-10-06T14:53:37.000Z,en,29,0,0.18
prototype,https://x.com/i/status/2107483962155143366,2026-10-06T14:51:46.000Z,en,0,0,0.14
prototype,https://x.com/i/status/2107480007018942749,2026-10-06T14:36:03.000Z,en,0,0,0.27
prototype,https://x.com/i/status/2107478492061499790,2026-10-06T14:30:02.000Z,en,3,0,0.04
prototype,https://x.com/i/status/2107477619339927793,2026-10-06T14:26:34.000Z,en,1,0,0.52
prototype,https://x.com/i/status/2107471305603973277,2026-10-06T14:01:28.000Z,en,225,3,0.09
prototype,https://x.com/i/status/2107470941609402840,2026-10-06T14:00:02.000Z,en,0,0,0.1
prototype,https://x.com/i/status/2107467723290632214,2026-10-06T13:47:14.000Z,en,0,0,0.09
prototype,https://x.com/i/status/2107458984768831917,2026-10-06T13:12:31.000Z,en,1,0,0.02
prototype,https://x.com/i/status/2107455990820155536,2026-10-06T13:00:37.000Z,en,3,0,0.28
prototype,https://x.com/i/status/2107455961338130618,2026-10-06T13:00:30.000Z,en,2,1,0.09
prototype,https://x.com/i/status/2107455844073807881,2026-10-06T13:00:02.000Z,en,25,0,0.3
prototype,https://x.com/i/status/2107454588555341975,2026-10-06T12:55:03.000Z,en,0,0,0.25
prototype,https://x.com/i/status/2107452382560809358,2026-10-06T12:46:17.000Z,en,0,0,0.08
prototype,https://x.com/i/status/2107442292944433249,2026-10-06T12:06:11.000Z,en,0,0,0.17
prototype,https://x.com/i/status/2107435729412608314,2026-10-06T11:40:06.000Z,en,0,0,0.14
prototype,https://x.com/i/status/2107433437720391908,2026-10-06T11:31:00.000Z,en,0,0,0.06
prototype,https://x.com/i/status/2107429931860865319,2026-10-06T11:17:04.000Z,en,0,0,0.02
prototype,https://x.com/i/status/2107421728603529512,2026-10-06T10:44:28.000Z,en,0,0,0.07
prototype,https://x.com/i/status/2107421619857871263,2026-10-06T10:44:02.000Z,en,13,0,0.12
prototype,https://x.com/i/status/2107412838880870875,2026-10-06T10:09:09.000Z,en,39,2,0.05
prototype,https://x.com/i/status/2107410542298120277,2026-10-06T10:00:01.000Z,en,0,0,0.07
prototype,https://x.com/i/status/2107404999386906715,2026-10-06T09:38:00.000Z,en,1,0,0.19
prototype,https://x.com/i/status/2107394171380351082,2026-10-06T08:54:58.000Z,en,8,0,0.11
prototype,https://x.com/i/status/2107392127802225009,2026-10-06T08:46:51.000Z,zh,1,0,0.9
prototype,https://x.com/i/status/2107386291977633804,2026-10-06T08:23:40.000Z,en,3,0,0.09
prototype,https://x.com/i/status/2107383713629605957,2026-10-06T08:13:25.000Z,en,155,11,0.1
prototype,https://x.com/i/status/2107379472915955769,2026-10-06T07:56:34.000Z,en,0,0,0.11
prototype,https://x.com/i/status/2107367327209841109,2026-10-06T07:08:18.000Z,en,0,0,0.17
prototype,https://x.com/i/status/2107364844928483834,2026-10-06T06:58:26.000Z,en,0,0,0.03
prototype,https://x.com/i/status/2107359664069648650,2026-10-06T06:37:51.000Z,en,0,0,0.03
prototype,https://x.com/i/status/2107356965504475358,2026-10-06T06:27:08.000Z,zxx,1,0,0.08
prototype,https://x.com/i/status/2107351821778092458,2026-10-06T06:06:41.000Z,en,1,0,0.03
prototype,https://x.com/i/status/2107346025883263413,2026-10-06T05:43:39.000Z,en,4,0,0.03
prototype,https://x.com/i/status/2107342588785103015,2026-10-06T05:30:00.000Z,en,4,0,0.07
prototype,https://x.com/i/status/2107338563847401591,2026-10-06T05:14:00.000Z,en,0,0,0.07
prototype,https://x.com/i/status/2107337265756377096,2026-10-06T05:08:51.000Z,en,0,0,0.09
prototype,https://x.com/i/status/2107333653848363065,2026-10-06T04:54:30.000Z,en,1,0,0.02
prototype,https://x.com/i/status/2107333562236067953,2026-10-06T04:54:08.000Z,zxx,1,0,0.07
prototype,https://x.com/i/status/2107331588082266444,2026-10-06T04:46:17.000Z,en,0,0,0.1
prototype,https://x.com/i/status/2107327085945471184,2026-10-06T04:28:24.000Z,en,1,0,0.1
grilling,https://x.com/i/status/2107709355483160711,2026-10-07T05:47:24.000Z,en,1,0,0.11
grilling,https://x.com/i/status/2107669744098623779,2026-10-07T03:10:00.000Z,ja,0,0,0.95
grilling,https://x.com/i/status/2107637034072568239,2026-10-07T01:00:01.000Z,en,0,0,0.02
grilling,https://x.com/i/status/2107591733618126961,2026-10-06T22:00:01.000Z,en,0,0,0.03
grilling,https://x.com/i/status/2107525890745962514,2026-10-06T17:38:22.000Z,en,0,0,0.94
grilling,https://x.com/i/status/2107448967881768989,2026-10-06T12:32:43.000Z,en,0,0,0.86
grilling,https://x.com/i/status/2107447968999616880,2026-10-06T12:28:44.000Z,en,0,0,0.9
grilling,https://x.com/i/status/2107440597846065418,2026-10-06T11:59:27.000Z,en,2,0,0.91
grilling,https://x.com/i/status/2107437108541432008,2026-10-06T11:45:35.000Z,en,1,0,0.67
grilling,https://x.com/i/status/2107424146963521792,2026-10-06T10:54:05.000Z,zh,0,0,0.94
grilling,https://x.com/i/status/2107391372244234640,2026-10-06T08:43:51.000Z,en,22,0,0.93
grilling,https://x.com/i/status/2107336706999620067,2026-10-06T05:06:38.000Z,en,3,0,0.76
grilling,https://x.com/i/status/2107319944266293500,2026-10-06T04:00:01.000Z,en,1,0,0.03
grilling,https://x.com/i/status/2107315252752982231,2026-10-06T03:41:22.000Z,en,1,0,0.38
grilling,https://x.com/i/status/2107274648677208110,2026-10-06T01:00:02.000Z,en,0,0,0.03
grilling,https://x.com/i/status/2107263042295861518,2026-10-06T00:13:54.000Z,en,2,0,0.04
grilling,https://x.com/i/status/2107229355365863614,2026-10-05T22:00:03.000Z,en,1,1,0.03
grilling,https://x.com/i/status/2107195347626061966,2026-10-05T19:44:55.000Z,en,9,0,0.05
grilling,https://x.com/i/status/2107157509089935464,2026-10-05T17:14:33.000Z,zh,59,13,0.07
grilling,https://x.com/i/status/2107142044150071416,2026-10-05T16:13:06.000Z,en,0,0,0.92
grilling,https://x.com/i/status/2107120307282797040,2026-10-05T14:46:44.000Z,en,24,0,0.25
grilling,https://x.com/i/status/2107119620331045039,2026-10-05T14:44:00.000Z,en,2,0,0.06
grilling,https://x.com/i/status/2107116480022143299,2026-10-05T14:31:31.000Z,en,0,0,0.9
grilling,https://x.com/i/status/2107110344665506073,2026-10-05T14:07:09.000Z,en,1,0,0.08
grilling,https://x.com/i/status/2107098828629217525,2026-10-05T13:21:23.000Z,en,1,0,0.9
grilling,https://x.com/i/status/2107096062351528133,2026-10-05T13:10:23.000Z,en,0,0,0.94
grilling,https://x.com/i/status/2107054627489206276,2026-10-05T10:25:45.000Z,en,0,0,0.95
grilling,https://x.com/i/status/2107047726781514112,2026-10-05T09:58:19.000Z,en,1,0,0.93
grilling,https://x.com/i/status/2107033301357580733,2026-10-05T09:01:00.000Z,zh,0,0,0.95
grilling,https://x.com/i/status/2106962354760253508,2026-10-05T04:19:05.000Z,zh,2,0,0.86
grilling,https://x.com/i/status/2106912257829707888,2026-10-05T01:00:01.000Z,en,0,0,0.03
grilling,https://x.com/i/status/2106784032683876412,2026-10-04T16:30:30.000Z,en,2,0,0.95
grilling,https://x.com/i/status/2106744345881632938,2026-10-04T13:52:48.000Z,en,1,0,0.93
grilling,https://x.com/i/status/2106729822903013873,2026-10-04T12:55:05.000Z,en,0,0,0.92
grilling,https://x.com/i/status/2106684207649153399,2026-10-04T09:53:50.000Z,en,0,0,0.03
grilling,https://x.com/i/status/2106660106595385634,2026-10-04T08:18:03.000Z,en,2,0,0.86
grilling,https://x.com/i/status/2106651794734756255,2026-10-04T07:45:02.000Z,en,0,0,0.04
grilling,https://x.com/i/status/2106549874749526163,2026-10-04T01:00:02.000Z,en,0,0,0.03
grilling,https://x.com/i/status/2106546949893579242,2026-10-04T00:48:25.000Z,es,0,0,0.94
grilling,https://x.com/i/status/2106536780304732385,2026-10-04T00:08:00.000Z,en,1,0,0.22
grilling,https://x.com/i/status/2106360764533805546,2026-10-03T12:28:35.000Z,en,7,0,0.35
grilling,https://x.com/i/status/2106257775101919505,2026-10-03T05:39:20.000Z,ja,117,9,0.89
grilling,https://x.com/i/status/2106187488964346272,2026-10-03T01:00:03.000Z,en,0,0,0.05
grilling,https://x.com/i/status/2106184869273559071,2026-10-03T00:49:38.000Z,en,2,0,0.08
grilling,https://x.com/i/status/2106059999940087879,2026-10-02T16:33:27.000Z,es,1,0,0.94
grilling,https://x.com/i/status/2106044105101103248,2026-10-02T15:30:17.000Z,en,0,0,0.67
grilling,https://x.com/i/status/2106024374729879835,2026-10-02T14:11:53.000Z,en,1,0,0.38
grilling,https://x.com/i/status/2105990116510740758,2026-10-02T11:55:45.000Z,en,0,0,0.23
grilling,https://x.com/i/status/2105852236630827097,2026-10-02T02:47:52.000Z,en,6,0,0.95
grilling,https://x.com/i/status/2105825092186108062,2026-10-02T01:00:00.000Z,en,0,0,0.04
grilling,https://x.com/i/status/2105765306983674024,2026-10-01T21:02:27.000Z,ja,3,0,0.8
grilling,https://x.com/i/status/2105720398486933927,2026-10-01T18:04:00.000Z,en,0,0,0.03
grilling,https://x.com/i/status/2105686149725601830,2026-10-01T15:47:54.000Z,en,0,0,0.89
grilling,https://x.com/i/status/2105546800589365756,2026-10-01T06:34:11.000Z,en,12,0,0.83
grilling,https://x.com/i/status/2105485578590659005,2026-10-01T02:30:54.000Z,zxx,3,0,0.07
grilling,https://x.com/i/status/2105398078236664128,2026-09-30T20:43:12.000Z,en,2,0,0.04
grilling,https://x.com/i/status/2105386425139036319,2026-09-30T19:56:54.000Z,en,1,0,0.03
grilling,https://x.com/i/status/2105283353935040943,2026-09-30T13:07:20.000Z,en,0,0,0.05
grilling,https://x.com/i/status/2105265392356868160,2026-09-30T11:55:58.000Z,en,1,0,0.02
grilling,https://x.com/i/status/2105208969790734717,2026-09-30T08:11:45.000Z,zh,11,1,0.05
admapix,https://x.com/i/status/2106940909367820293,2026-10-05T02:53:52.000Z,en,0,0,0.49
humanizer,https://x.com/i/status/2107723362630082822,2026-10-07T06:43:03.000Z,en,20,6,0.09
humanizer,https://x.com/i/status/2107703958857044246,2026-10-07T05:25:57.000Z,zh,3,0,0.85
humanizer,https://x.com/i/status/2107692286113202269,2026-10-07T04:39:34.000Z,fr,16,0,0.18
humanizer,https://x.com/i/status/2107677561417261421,2026-10-07T03:41:04.000Z,zh,0,0,0.28
humanizer,https://x.com/i/status/2107672920034341054,2026-10-07T03:22:37.000Z,en,1,0,0.94
humanizer,https://x.com/i/status/2107650755855601879,2026-10-07T01:54:33.000Z,zxx,1,0,0.14
humanizer,https://x.com/i/status/2107646806867968122,2026-10-07T01:38:51.000Z,en,2,0,0.04
humanizer,https://x.com/i/status/2107498419099209806,2026-10-06T15:49:13.000Z,zh,385,71,0.33
humanizer,https://x.com/i/status/2107466570738127202,2026-10-06T13:42:39.000Z,es,0,0,0.85
humanizer,https://x.com/i/status/2107466550156640269,2026-10-06T13:42:35.000Z,es,0,0,0.94
humanizer,https://x.com/i/status/2107455248973640049,2026-10-06T12:57:40.000Z,zxx,6,0,0.16
humanizer,https://x.com/i/status/2107380475744686468,2026-10-06T08:00:33.000Z,en,1,0,0.47
humanizer,https://x.com/i/status/2107374442586239161,2026-10-06T07:36:34.000Z,en,2,0,0.04
humanizer,https://x.com/i/status/2107333962766893493,2026-10-06T04:55:43.000Z,zh,4,0,0.85
humanizer,https://x.com/i/status/2107267297299833028,2026-10-06T00:30:49.000Z,en,0,0,0.88
humanizer,https://x.com/i/status/2107173487140037025,2026-10-05T18:18:03.000Z,en,1,0,0.95
humanizer,https://x.com/i/status/2107157509089935464,2026-10-05T17:14:33.000Z,zh,59,13,0.06
humanizer,https://x.com/i/status/2107128094951641418,2026-10-05T15:17:41.000Z,zh,11,1,0.96
humanizer,https://x.com/i/status/2107078285939331328,2026-10-05T11:59:45.000Z,en,50,2,0.38
humanizer,https://x.com/i/status/2107070328585240912,2026-10-05T11:28:08.000Z,en,0,0,0.58
humanizer,https://x.com/i/status/2107050121188004324,2026-10-05T10:07:50.000Z,en,25,16,0.2
humanizer,https://x.com/i/status/2107049804480291261,2026-10-05T10:06:35.000Z,zxx,112,18,0.17
humanizer,https://x.com/i/status/2107021204527915075,2026-10-05T08:12:56.000Z,ja,1,0,0.95
humanizer,https://x.com/i/status/2106987610216481237,2026-10-05T05:59:26.000Z,en,0,0,0.92
humanizer,https://x.com/i/status/2106987604495442085,2026-10-05T05:59:25.000Z,en,0,1,0.91
humanizer,https://x.com/i/status/2106984060358938952,2026-10-05T05:45:20.000Z,en,1,0,0.89
humanizer,https://x.com/i/status/2106976465397174392,2026-10-05T05:15:09.000Z,en,2,0,0.06
humanizer,https://x.com/i/status/2106869070075133953,2026-10-04T22:08:24.000Z,en,2,1,0.84
humanizer,https://x.com/i/status/2106837007250952279,2026-10-04T20:01:00.000Z,zh,5,3,0.18
humanizer,https://x.com/i/status/2106815617466855807,2026-10-04T18:36:00.000Z,zxx,854,142,0.18
humanizer,https://x.com/i/status/2106773521917771807,2026-10-04T15:48:44.000Z,en,0,0,0.56
humanizer,https://x.com/i/status/2106761286608699668,2026-10-04T15:00:07.000Z,en,0,0,0.93
humanizer,https://x.com/i/status/2106691090720207006,2026-10-04T10:21:11.000Z,en,49,20,0.28
humanizer,https://x.com/i/status/2106681243391885818,2026-10-04T09:42:03.000Z,en,1,0,0.15
humanizer,https://x.com/i/status/2106668422960689432,2026-10-04T08:51:06.000Z,en,0,0,0.82
humanizer,https://x.com/i/status/2106527632485699936,2026-10-03T23:31:39.000Z,en,2,0,0.9
humanizer,https://x.com/i/status/2106509124720816286,2026-10-03T22:18:07.000Z,en,0,0,0.95
humanizer,https://x.com/i/status/2106479296755990998,2026-10-03T20:19:35.000Z,en,0,0,0.93
humanizer,https://x.com/i/status/2106377062860947510,2026-10-03T13:33:21.000Z,en,4,1,0.9
humanizer,https://x.com/i/status/2106377056942694490,2026-10-03T13:33:19.000Z,en,48,8,0.93
humanizer,https://x.com/i/status/2106263730623312321,2026-10-03T06:03:00.000Z,zh,3,1,0.97
humanizer,https://x.com/i/status/2106199328478110014,2026-10-03T01:47:05.000Z,en,22,14,0.28
humanizer,https://x.com/i/status/2106163600704545134,2026-10-02T23:25:07.000Z,zh,1,0,0.11
humanizer,https://x.com/i/status/2106141534425067695,2026-10-02T21:57:26.000Z,zh,0,0,0.97
humanizer,https://x.com/i/status/2106127645855662518,2026-10-02T21:02:15.000Z,zh,83,2,0.96
humanizer,https://x.com/i/status/2106124396834218206,2026-10-02T20:49:20.000Z,en,0,0,0.95
humanizer,https://x.com/i/status/2106124385631223916,2026-10-02T20:49:18.000Z,en,0,0,0.91
humanizer,https://x.com/i/status/2106124375007334535,2026-10-02T20:49:15.000Z,en,0,0,0.95
humanizer,https://x.com/i/status/2106075970168049693,2026-10-02T17:36:54.000Z,en,0,0,0.95
humanizer,https://x.com/i/status/2106061865600368882,2026-10-02T16:40:52.000Z,en,2,0,0.94
humanizer,https://x.com/i/status/2106051134628512189,2026-10-02T15:58:13.000Z,fa,15,0,0.21
humanizer,https://x.com/i/status/2106033988808626680,2026-10-02T14:50:05.000Z,en,0,0,0.24
humanizer,https://x.com/i/status/2105981172119748816,2026-10-02T11:20:13.000Z,en,0,0,0.89
humanizer,https://x.com/i/status/2105898321877532887,2026-10-02T05:51:00.000Z,zh,70,15,0.12
humanizer,https://x.com/i/status/2105868905860542832,2026-10-02T03:54:06.000Z,en,14,4,0.27
humanizer,https://x.com/i/status/2105846713101726104,2026-10-02T02:25:55.000Z,en,0,0,0.94
humanizer,https://x.com/i/status/2105836690187407404,2026-10-02T01:46:06.000Z,en,78,47,0.34
humanizer,https://x.com/i/status/2105674388301557847,2026-10-01T15:01:10.000Z,en,32,1,0.78
humanizer,https://x.com/i/status/2105539495047397646,2026-10-01T06:05:09.000Z,zh,329,83,0.09
humanizer,https://x.com/i/status/2105538208020721738,2026-10-01T06:00:02.000Z,en,198,26,0.17
humanizer,https://x.com/i/status/2105512869555237012,2026-10-01T04:19:21.000Z,ja,1289,91,0.5
humanizer,https://x.com/i/status/2105500056438939985,2026-10-01T03:28:26.000Z,en,7,1,0.34
humanizer,https://x.com/i/status/2105496273583472679,2026-10-01T03:13:24.000Z,en,12,9,0.32
humanizer,https://x.com/i/status/2105449571295912155,2026-10-01T00:07:49.000Z,en,10,1,0.97
humanizer,https://x.com/i/status/2105444712807284953,2026-09-30T23:48:31.000Z,en,2,2,0.02
humanizer,https://x.com/i/status/2105355010355896755,2026-09-30T17:52:04.000Z,en,1,0,0.91
humanizer,https://x.com/i/status/2105323681065177216,2026-09-30T15:47:35.000Z,en,1,0,0.37
humanizer,https://x.com/i/status/2105311718825947418,2026-09-30T15:00:03.000Z,en,2305,304,0.14
humanizer,https://x.com/i/status/2105293150923472971,2026-09-30T13:46:16.000Z,en,0,0,0.95
humanizer,https://x.com/i/status/2105248514594713730,2026-09-30T10:48:54.000Z,zxx,30,1,0.22
humanizer,https://x.com/i/status/2105227281425961362,2026-09-30T09:24:31.000Z,en,136,4,0.96
humanizer,https://x.com/i/status/2105226374210601362,2026-09-30T09:20:55.000Z,qme,0,0,0.17
reddit-automation,https://x.com/i/status/2107110344665506073,2026-10-05T14:07:09.000Z,en,1,0,0.73
reddit-automation,https://x.com/i/status/2106407530981400731,2026-10-03T15:34:25.000Z,en,8,1,0.91
reddit-automation,https://x.com/i/status/2106315860721983512,2026-10-03T09:30:09.000Z,en,9,2,0.92
reddit-automation,https://x.com/i/status/2106023334609592664,2026-10-02T14:07:45.000Z,en,0,0,0.81
reddit-automation,https://x.com/i/status/2105298467601965496,2026-09-30T14:07:23.000Z,en,0,0,0.79
hyperframes,https://x.com/i/status/2107727183724822554,2026-10-07T06:58:14.000Z,zxx,1,0,0.26
hyperframes,https://x.com/i/status/2107727026581020707,2026-10-07T06:57:37.000Z,en,4,0,0.24
hyperframes,https://x.com/i/status/2107726275607445786,2026-10-07T06:54:38.000Z,en,21,9,0.63
hyperframes,https://x.com/i/status/2107722866397761693,2026-10-07T06:41:05.000Z,es,3,0,0.63
hyperframes,https://x.com/i/status/2107718349039997282,2026-10-07T06:23:08.000Z,en,0,0,0.71
hyperframes,https://x.com/i/status/2107705219694100834,2026-10-07T05:30:58.000Z,en,2,0,0.73
hyperframes,https://x.com/i/status/2107698610469048772,2026-10-07T05:04:42.000Z,en,0,0,0.04
hyperframes,https://x.com/i/status/2107694255477305422,2026-10-07T04:47:24.000Z,en,1,0,0.84
hyperframes,https://x.com/i/status/2107678748736672125,2026-10-07T03:45:47.000Z,en,0,0,0.83
hyperframes,https://x.com/i/status/2107661805447184673,2026-10-07T02:38:27.000Z,pt,44,1,0.26
hyperframes,https://x.com/i/status/2107657440917651532,2026-10-07T02:21:06.000Z,en,1,0,0.75
hyperframes,https://x.com/i/status/2107651558595088441,2026-10-07T01:57:44.000Z,in,3,0,0.19
hyperframes,https://x.com/i/status/2107650695012765888,2026-10-07T01:54:18.000Z,en,2,0,0.65
hyperframes,https://x.com/i/status/2107649731229094304,2026-10-07T01:50:28.000Z,en,3,0,0.76
hyperframes,https://x.com/i/status/2107641240061911402,2026-10-07T01:16:44.000Z,pt,1,0,0.71
hyperframes,https://x.com/i/status/2107641238728147062,2026-10-07T01:16:44.000Z,pt,3,0,0.72
hyperframes,https://x.com/i/status/2107640229108805922,2026-10-07T01:12:43.000Z,pt,0,0,0.7
hyperframes,https://x.com/i/status/2107621594562769042,2026-10-06T23:58:40.000Z,zxx,1,1,0.3
hyperframes,https://x.com/i/status/2107620398669939182,2026-10-06T23:53:55.000Z,pt,4,0,0.91
hyperframes,https://x.com/i/status/2107607007003811980,2026-10-06T23:00:42.000Z,pt,0,0,0.92
hyperframes,https://x.com/i/status/2107591982831079524,2026-10-06T22:01:00.000Z,ja,0,0,0.67
hyperframes,https://x.com/i/status/2107590816776814994,2026-10-06T21:56:22.000Z,ca,1,0,0.8
hyperframes,https://x.com/i/status/2107579872843538574,2026-10-06T21:12:53.000Z,ja,2,0,0.67
hyperframes,https://x.com/i/status/2107576635960504820,2026-10-06T21:00:01.000Z,en,0,0,0.05
hyperframes,https://x.com/i/status/2107576402945962397,2026-10-06T20:59:05.000Z,en,0,0,0.03
hyperframes,https://x.com/i/status/2107569495820640377,2026-10-06T20:31:39.000Z,en,1,0,0.72
hyperframes,https://x.com/i/status/2107568904075706454,2026-10-06T20:29:18.000Z,en,6,0,0.71
hyperframes,https://x.com/i/status/2107561427791724957,2026-10-06T19:59:35.000Z,en,1,0,0.73
hyperframes,https://x.com/i/status/2107557590947299493,2026-10-06T19:44:20.000Z,ja,1,0,0.74
hyperframes,https://x.com/i/status/2107553239310745824,2026-10-06T19:27:03.000Z,en,7,0,0.77
hyperframes,https://x.com/i/status/2107543355420708897,2026-10-06T18:47:46.000Z,pt,0,0,0.03
hyperframes,https://x.com/i/status/2107540050477281704,2026-10-06T18:34:38.000Z,fr,2,0,0.69
hyperframes,https://x.com/i/status/2107538673785049261,2026-10-06T18:29:10.000Z,en,1,0,0.78
hyperframes,https://x.com/i/status/2107538470063288338,2026-10-06T18:28:22.000Z,es,0,0,0.8
hyperframes,https://x.com/i/status/2107535550068756484,2026-10-06T18:16:45.000Z,en,1,0,0.74
hyperframes,https://x.com/i/status/2107525835242484033,2026-10-06T17:38:09.000Z,en,22,1,0.73
hyperframes,https://x.com/i/status/2107521352127422946,2026-10-06T17:20:20.000Z,en,1,0,0.73
hyperframes,https://x.com/i/status/2107516605437534462,2026-10-06T17:01:29.000Z,en,2,0,0.79
hyperframes,https://x.com/i/status/2107516075248419155,2026-10-06T16:59:22.000Z,en,7,1,0.75
hyperframes,https://x.com/i/status/2107515718669623755,2026-10-06T16:57:57.000Z,en,9,1,0.77
hyperframes,https://x.com/i/status/2107515648876413409,2026-10-06T16:57:41.000Z,zh,0,0,0.78
hyperframes,https://x.com/i/status/2107515577598423135,2026-10-06T16:57:24.000Z,en,8,1,0.81
hyperframes,https://x.com/i/status/2107515489585123488,2026-10-06T16:57:03.000Z,en,12,1,0.78
hyperframes,https://x.com/i/status/2107515364624282070,2026-10-06T16:56:33.000Z,en,11,1,0.82
hyperframes,https://x.com/i/status/2107511896437936283,2026-10-06T16:42:46.000Z,en,1,0,0.74
hyperframes,https://x.com/i/status/2107502357772722618,2026-10-06T16:04:52.000Z,en,0,0,0.6
hyperframes,https://x.com/i/status/2107501939986751626,2026-10-06T16:03:12.000Z,zxx,2,0,0.28
hyperframes,https://x.com/i/status/2107497691051679885,2026-10-06T15:46:19.000Z,tr,217,14,0.62
hyperframes,https://x.com/i/status/2107493761144267019,2026-10-06T15:30:42.000Z,en,1,0,0.77
hyperframes,https://x.com/i/status/2107482217643442435,2026-10-06T14:44:50.000Z,en,2,0,0.75
hyperframes,https://x.com/i/status/2107476905628762208,2026-10-06T14:23:43.000Z,en,1,0,0.73
hyperframes,https://x.com/i/status/2107476247479775644,2026-10-06T14:21:07.000Z,en,1,0,0.69
hyperframes,https://x.com/i/status/2107470936504971704,2026-10-06T14:00:00.000Z,en,2,0,0.69
hyperframes,https://x.com/i/status/2107469212688290263,2026-10-06T13:53:09.000Z,fr,0,0,0.67
hyperframes,https://x.com/i/status/2107465258986057745,2026-10-06T13:37:27.000Z,en,4,0,0.58
hyperframes,https://x.com/i/status/2107459471857344870,2026-10-06T13:14:27.000Z,es,2,0,0.72
hyperframes,https://x.com/i/status/2107459283851845870,2026-10-06T13:13:42.000Z,en,4,0,0.19
hyperframes,https://x.com/i/status/2107458093563134154,2026-10-06T13:08:58.000Z,en,1,0,0.71
hyperframes,https://x.com/i/status/2107455896225972562,2026-10-06T13:00:14.000Z,zh,0,0,0.82
hyperframes,https://x.com/i/status/2107446024939712805,2026-10-06T12:21:01.000Z,zh,2,0,0.85
hyperframes,https://x.com/i/status/2107432288866963928,2026-10-06T11:26:26.000Z,ja,5,0,0.15
hyperframes,https://x.com/i/status/2107421664090960260,2026-10-06T10:44:13.000Z,en,4,0,0.72
hyperframes,https://x.com/i/status/2107421162896830589,2026-10-06T10:42:13.000Z,es,1,0,0.74
hyperframes,https://x.com/i/status/2107413753293930727,2026-10-06T10:12:47.000Z,en,0,0,0.59
hyperframes,https://x.com/i/status/2107413732594729306,2026-10-06T10:12:42.000Z,en,1,0,0.86
hyperframes,https://x.com/i/status/2107412560785928369,2026-10-06T10:08:02.000Z,en,5,0,0.68
hyperframes,https://x.com/i/status/2107410722233676261,2026-10-06T10:00:44.000Z,zh,1,1,0.77
hyperframes,https://x.com/i/status/2107405126574985476,2026-10-06T09:38:30.000Z,en,0,0,0.83
hyperframes,https://x.com/i/status/2107396095165014409,2026-10-06T09:02:37.000Z,zh,41,6,0.89
hyperframes,https://x.com/i/status/2107395689886220446,2026-10-06T09:01:00.000Z,en,1,1,0.83
hyperframes,https://x.com/i/status/2107395452320809341,2026-10-06T09:00:04.000Z,en,0,0,0.9
hyperframes,https://x.com/i/status/2107389074210447750,2026-10-06T08:34:43.000Z,en,0,0,0.72
hyperframes,https://x.com/i/status/2107384239318614151,2026-10-06T08:15:30.000Z,en,11,0,0.7
hyperframes,https://x.com/i/status/2107379385661878590,2026-10-06T07:56:13.000Z,in,3,1,0.77
hyperframes,https://x.com/i/status/2107376850813260200,2026-10-06T07:46:09.000Z,ja,5,0,0.7
hyperframes,https://x.com/i/status/2107367948063264947,2026-10-06T07:10:46.000Z,zh,1,0,0.57
hyperframes,https://x.com/i/status/2107367460144029769,2026-10-06T07:08:50.000Z,en,3,0,0.72
hyperframes,https://x.com/i/status/2107366774262128990,2026-10-06T07:06:06.000Z,en,1,0,0.76
hyperframes,https://x.com/i/status/2107365741267734714,2026-10-06T07:02:00.000Z,fr,810,49,0.74
hyperframes,https://x.com/i/status/2107349251101724816,2026-10-06T05:56:28.000Z,en,8,1,0.76
hyperframes,https://x.com/i/status/2107347220353712600,2026-10-06T05:48:24.000Z,zh,2,0,0.78
hyperframes,https://x.com/i/status/2107340830314996209,2026-10-06T05:23:01.000Z,en,0,0,0.38
hyperframes,https://x.com/i/status/2107325324522590565,2026-10-06T04:21:24.000Z,ja,2,0,0.72
hyperframes,https://x.com/i/status/2107324991272542352,2026-10-06T04:20:04.000Z,zxx,1,0,0.29
hyperframes,https://x.com/i/status/2107324810212847830,2026-10-06T04:19:21.000Z,en,3,0,0.76
hyperframes,https://x.com/i/status/2107315100176863639,2026-10-06T03:40:46.000Z,en,13,0,0.72
hyperframes,https://x.com/i/status/2107306069907374201,2026-10-06T03:04:53.000Z,en,0,0,0.73
hyperframes,https://x.com/i/status/2107306037187653785,2026-10-06T03:04:45.000Z,en,2,0,0.67
hyperframes,https://x.com/i/status/2107303062801125550,2026-10-06T02:52:56.000Z,en,0,0,0.11
hyperframes,https://x.com/i/status/2107299555117236327,2026-10-06T02:39:00.000Z,zh,2,0,0.9
hyperframes,https://x.com/i/status/2107299554764964103,2026-10-06T02:39:00.000Z,zh,9,0,0.79
hyperframes,https://x.com/i/status/2107295470968320039,2026-10-06T02:22:46.000Z,zxx,120,9,0.32
hyperframes,https://x.com/i/status/2107295308413833419,2026-10-06T02:22:07.000Z,zh,0,0,0.63
hyperframes,https://x.com/i/status/2107295303926002125,2026-10-06T02:22:06.000Z,zh,0,0,0.88
hyperframes,https://x.com/i/status/2107293934502519228,2026-10-06T02:16:40.000Z,en,27,2,0.57
hyperframes,https://x.com/i/status/2107287138899570817,2026-10-06T01:49:40.000Z,en,46,5,0.63
hyperframes,https://x.com/i/status/2107284080396251486,2026-10-06T01:37:30.000Z,en,0,0,0.55
hyperframes,https://x.com/i/status/2107282945467715874,2026-10-06T01:33:00.000Z,zh,1,1,0.55
hyperframes,https://x.com/i/status/2107282310668202260,2026-10-06T01:30:28.000Z,es,0,0,0.73
hyperframes,https://x.com/i/status/2107281600002040032,2026-10-06T01:27:39.000Z,en,0,0,0.6
obsidian,https://x.com/i/status/2107732789093396720,2026-10-07T07:20:31.000Z,ja,0,0,0.21
obsidian,https://x.com/i/status/2107727183724822554,2026-10-07T06:58:14.000Z,zxx,1,0,0.18
obsidian,https://x.com/i/status/2107727026581020707,2026-10-07T06:57:37.000Z,en,4,0,0.31
obsidian,https://x.com/i/status/2107715589640982568,2026-10-07T06:12:10.000Z,zxx,0,0,0.2
obsidian,https://x.com/i/status/2107712149447410081,2026-10-07T05:58:30.000Z,en,0,0,0.33
obsidian,https://x.com/i/status/2107707839179612367,2026-10-07T05:41:22.000Z,en,0,0,0.55
obsidian,https://x.com/i/status/2107704914248163437,2026-10-07T05:29:45.000Z,zh,0,0,0.08
obsidian,https://x.com/i/status/2107704478426173691,2026-10-07T05:28:01.000Z,en,0,0,0.64
obsidian,https://x.com/i/status/2107689210203590923,2026-10-07T04:27:21.000Z,zh,1,1,0.15
obsidian,https://x.com/i/status/2107669884339626106,2026-10-07T03:10:33.000Z,zh,1,0,0.03
obsidian,https://x.com/i/status/2107667243119288762,2026-10-07T03:00:03.000Z,ja,0,0,0.37
obsidian,https://x.com/i/status/2107666079657128159,2026-10-07T02:55:26.000Z,zh,3,0,0.03
obsidian,https://x.com/i/status/2107651624307212633,2026-10-07T01:58:00.000Z,ja,3,0,0.31
obsidian,https://x.com/i/status/2107651323625894098,2026-10-07T01:56:48.000Z,ja,6,0,0.33
obsidian,https://x.com/i/status/2107644579478651033,2026-10-07T01:30:00.000Z,ja,4,0,0.59
obsidian,https://x.com/i/status/2107637769136947353,2026-10-07T01:02:56.000Z,en,0,0,0.53
obsidian,https://x.com/i/status/2107633305210470722,2026-10-07T00:45:12.000Z,ja,1,0,0.25
obsidian,https://x.com/i/status/2107631426115973480,2026-10-07T00:37:44.000Z,en,0,0,0.36
obsidian,https://x.com/i/status/2107620201827315741,2026-10-06T23:53:08.000Z,ja,0,0,0.47
obsidian,https://x.com/i/status/2107617904497746203,2026-10-06T23:44:00.000Z,ja,6,1,0.56
obsidian,https://x.com/i/status/2107612234855928122,2026-10-06T23:21:28.000Z,zh,0,0,0.07
obsidian,https://x.com/i/status/2107606528190472485,2026-10-06T22:58:48.000Z,en,77,8,0.16
obsidian,https://x.com/i/status/2107601934345744469,2026-10-06T22:40:33.000Z,ja,0,0,0.39
obsidian,https://x.com/i/status/2107599997881799021,2026-10-06T22:32:51.000Z,ja,0,0,0.36
obsidian,https://x.com/i/status/2107599029383401567,2026-10-06T22:29:00.000Z,ja,0,0,0.4
obsidian,https://x.com/i/status/2107598153310711867,2026-10-06T22:25:31.000Z,ja,1,0,0.39
obsidian,https://x.com/i/status/2107595661088792994,2026-10-06T22:15:37.000Z,en,0,0,0.47
obsidian,https://x.com/i/status/2107594550545965105,2026-10-06T22:11:12.000Z,en,0,0,0.57
obsidian,https://x.com/i/status/2107593528109076925,2026-10-06T22:07:08.000Z,ja,1,0,0.69
obsidian,https://x.com/i/status/2107592520838304138,2026-10-06T22:03:08.000Z,en,2,0,0.05
obsidian,https://x.com/i/status/2107580423660593590,2026-10-06T21:15:04.000Z,zxx,18,3,0.18
obsidian,https://x.com/i/status/2107578999925072078,2026-10-06T21:09:25.000Z,en,1,0,0.4
obsidian,https://x.com/i/status/2107570171191951811,2026-10-06T20:34:20.000Z,en,0,0,0.43
obsidian,https://x.com/i/status/2107569286692605978,2026-10-06T20:30:49.000Z,ja,0,0,0.57
obsidian,https://x.com/i/status/2107565914438680581,2026-10-06T20:17:25.000Z,fa,30,2,0.05
obsidian,https://x.com/i/status/2107564047654584770,2026-10-06T20:10:00.000Z,zh,12,3,0.49
obsidian,https://x.com/i/status/2107548827162984941,2026-10-06T19:09:31.000Z,zh,1,0,0.37
obsidian,https://x.com/i/status/2107548249758318714,2026-10-06T19:07:13.000Z,en,4,0,0.45
obsidian,https://x.com/i/status/2107547864612179970,2026-10-06T19:05:41.000Z,fr,1,0,0.38
obsidian,https://x.com/i/status/2107546605909942477,2026-10-06T19:00:41.000Z,en,1,0,0.25
obsidian,https://x.com/i/status/2107539089012432993,2026-10-06T18:30:49.000Z,en,0,0,0.57
obsidian,https://x.com/i/status/2107537868600254773,2026-10-06T18:25:58.000Z,en,1,0,0.33
obsidian,https://x.com/i/status/2107533988055355616,2026-10-06T18:10:33.000Z,zh,0,0,0.5
obsidian,https://x.com/i/status/2107527746020655575,2026-10-06T17:45:45.000Z,en,2,0,0.04
obsidian,https://x.com/i/status/2107517748507205764,2026-10-06T17:06:01.000Z,en,0,0,0.61
obsidian,https://x.com/i/status/2107515954792198181,2026-10-06T16:58:54.000Z,en,0,0,0.44
obsidian,https://x.com/i/status/2107515884671795466,2026-10-06T16:58:37.000Z,ko,0,0,0.54
obsidian,https://x.com/i/status/2107512913955320197,2026-10-06T16:46:49.000Z,en,2,0,0.56
obsidian,https://x.com/i/status/2107512506113761574,2026-10-06T16:45:11.000Z,zxx,0,0,0.21
obsidian,https://x.com/i/status/2107508583134871937,2026-10-06T16:29:36.000Z,en,0,0,0.48
obsidian,https://x.com/i/status/2107508522166710567,2026-10-06T16:29:21.000Z,zxx,0,0,0.21
obsidian,https://x.com/i/status/2107506621396201792,2026-10-06T16:21:48.000Z,en,2,0,0.3
obsidian,https://x.com/i/status/2107503972760051969,2026-10-06T16:11:17.000Z,tr,10,10,0.04
obsidian,https://x.com/i/status/2107503303928201223,2026-10-06T16:08:37.000Z,zh,0,0,0.04
obsidian,https://x.com/i/status/2107497309160268231,2026-10-06T15:44:48.000Z,en,2,0,0.45
obsidian,https://x.com/i/status/2107493101958746340,2026-10-06T15:28:05.000Z,en,11,1,0.53
obsidian,https://x.com/i/status/2107491318524240082,2026-10-06T15:21:00.000Z,zh,7,2,0.25
obsidian,https://x.com/i/status/2107488886041563216,2026-10-06T15:11:20.000Z,zxx,98,4,0.2
obsidian,https://x.com/i/status/2107486048771006564,2026-10-06T15:00:03.000Z,fr,0,0,0.53
obsidian,https://x.com/i/status/2107481140743299205,2026-10-06T14:40:33.000Z,en,0,0,0.47
obsidian,https://x.com/i/status/2107479061656392105,2026-10-06T14:32:18.000Z,ja,1,0,0.54
obsidian,https://x.com/i/status/2107478748987539839,2026-10-06T14:31:03.000Z,en,1,0,0.41
obsidian,https://x.com/i/status/2107478486474764327,2026-10-06T14:30:00.000Z,en,0,0,0.45
obsidian,https://x.com/i/status/2107478483811398065,2026-10-06T14:30:00.000Z,en,3,1,0.04
obsidian,https://x.com/i/status/2107475130490237281,2026-10-06T14:16:40.000Z,en,139,30,0.31
obsidian,https://x.com/i/status/2107472529744863534,2026-10-06T14:06:20.000Z,en,1,0,0.37
obsidian,https://x.com/i/status/2107468693546389677,2026-10-06T13:51:06.000Z,en,5,0,0.51
obsidian,https://x.com/i/status/2107467019385712780,2026-10-06T13:44:26.000Z,fr,0,0,0.35
obsidian,https://x.com/i/status/2107444699732550056,2026-10-06T12:15:45.000Z,en,0,0,0.53
obsidian,https://x.com/i/status/2107444512150929435,2026-10-06T12:15:00.000Z,ja,1,0,0.59
obsidian,https://x.com/i/status/2107441273158177174,2026-10-06T12:02:08.000Z,en,0,0,0.54
obsidian,https://x.com/i/status/2107440739408105675,2026-10-06T12:00:01.000Z,ja,2,0,0.42
obsidian,https://x.com/i/status/2107439343124295797,2026-10-06T11:54:28.000Z,en,0,0,0.06
obsidian,https://x.com/i/status/2107434913544999199,2026-10-06T11:36:52.000Z,en,0,0,0.61
obsidian,https://x.com/i/status/2107426333240266832,2026-10-06T11:02:46.000Z,fr,0,0,0.47
obsidian,https://x.com/i/status/2107426141711540369,2026-10-06T11:02:00.000Z,en,5,0,0.55
obsidian,https://x.com/i/status/2107422682379911239,2026-10-06T10:48:16.000Z,zxx,0,0,0.17
obsidian,https://x.com/i/status/2107422579619463547,2026-10-06T10:47:51.000Z,en,0,0,0.65
obsidian,https://x.com/i/status/2107421878101119301,2026-10-06T10:45:04.000Z,en,1,0,0.68
obsidian,https://x.com/i/status/2107421813332701291,2026-10-06T10:44:48.000Z,ja,0,0,0.19
obsidian,https://x.com/i/status/2107419596068438290,2026-10-06T10:36:00.000Z,zh,3,0,0.27
obsidian,https://x.com/i/status/2107415002898681905,2026-10-06T10:17:45.000Z,zxx,7,2,0.22
obsidian,https://x.com/i/status/2107414148095299892,2026-10-06T10:14:21.000Z,en,0,0,0.18
obsidian,https://x.com/i/status/2107414060623118411,2026-10-06T10:14:00.000Z,ja,0,0,0.49
obsidian,https://x.com/i/status/2107412751026925788,2026-10-06T10:08:48.000Z,en,0,0,0.53
obsidian,https://x.com/i/status/2107410611453788247,2026-10-06T10:00:18.000Z,ru,0,0,0.68
obsidian,https://x.com/i/status/2107410573251973589,2026-10-06T10:00:09.000Z,en,0,0,0.5
obsidian,https://x.com/i/status/2107410548132548955,2026-10-06T10:00:03.000Z,en,2,1,0.62
obsidian,https://x.com/i/status/2107408193626476935,2026-10-06T09:50:41.000Z,en,4,0,0.55
obsidian,https://x.com/i/status/2107407133289386301,2026-10-06T09:46:28.000Z,zxx,1964,194,0.19
obsidian,https://x.com/i/status/2107406319972126932,2026-10-06T09:43:15.000Z,ja,1,0,0.2
obsidian,https://x.com/i/status/2107405394347970787,2026-10-06T09:39:34.000Z,en,24,14,0.08
obsidian,https://x.com/i/status/2107404748169400635,2026-10-06T09:37:00.000Z,en,430,63,0.61
obsidian,https://x.com/i/status/2107401922764493291,2026-10-06T09:25:46.000Z,zh,0,0,0.25
obsidian,https://x.com/i/status/2107401123896422635,2026-10-06T09:22:36.000Z,ja,0,0,0.39
obsidian,https://x.com/i/status/2107400013689348286,2026-10-06T09:18:11.000Z,zxx,37,4,0.18
obsidian,https://x.com/i/status/2107399635438625080,2026-10-06T09:16:41.000Z,ja,6,0,0.63
obsidian,https://x.com/i/status/2107394624042271222,2026-10-06T08:56:46.000Z,ja,0,0,0.53
obsidian,https://x.com/i/status/2107393814453473665,2026-10-06T08:53:33.000Z,ja,2,1,0.62
obsidian,https://x.com/i/status/2107393166705860971,2026-10-06T08:50:59.000Z,zh,7,0,0.42
vercel-react-best-practices,https://x.com/i/status/2106065804215079222,2026-10-02T16:56:31.000Z,en,0,0,0.05
domain-modeling,https://x.com/i/status/2107413555989602420,2026-10-06T10:12:00.000Z,ja,48,9,0.11
domain-modeling,https://x.com/i/status/2107121490323996998,2026-10-05T14:51:26.000Z,zh,1,0,0.09
domain-modeling,https://x.com/i/status/2106962354760253508,2026-10-05T04:19:05.000Z,zh,2,0,0.13
domain-modeling,https://x.com/i/status/2106915298808918304,2026-10-05T01:12:06.000Z,pt,17,1,0.19
domain-modeling,https://x.com/i/status/2105252603189707145,2026-09-30T11:05:08.000Z,en,2,0,0.94
nano-banana-pro,https://x.com/i/status/2107721556562731320,2026-10-07T06:35:53.000Z,zh,0,0,0.74
nano-banana-pro,https://x.com/i/status/2107702768773574686,2026-10-07T05:21:13.000Z,en,0,0,0.82
nano-banana-pro,https://x.com/i/status/2107702338588979526,2026-10-07T05:19:31.000Z,en,0,0,0.72
nano-banana-pro,https://x.com/i/status/2107697663353459193,2026-10-07T05:00:56.000Z,en,0,0,0.73
nano-banana-pro,https://x.com/i/status/2107694497052381352,2026-10-07T04:48:21.000Z,en,0,0,0.72
nano-banana-pro,https://x.com/i/status/2107677872320377219,2026-10-07T03:42:18.000Z,en,0,0,0.04
nano-banana-pro,https://x.com/i/status/2107653135439458581,2026-10-07T02:04:00.000Z,en,2,0,0.03
nano-banana-pro,https://x.com/i/status/2107581298709844332,2026-10-06T21:18:33.000Z,zxx,0,0,0.06
nano-banana-pro,https://x.com/i/status/2107541993341538396,2026-10-06T18:42:22.000Z,en,0,0,0.91
nano-banana-pro,https://x.com/i/status/2107526300889948510,2026-10-06T17:40:00.000Z,en,1,0,0.07
nano-banana-pro,https://x.com/i/status/2107481632680595634,2026-10-06T14:42:31.000Z,es,204,25,0.08
nano-banana-pro,https://x.com/i/status/2107477790345789937,2026-10-06T14:27:14.000Z,en,1,0,0.85
nano-banana-pro,https://x.com/i/status/2107474336831451611,2026-10-06T14:13:31.000Z,zh,0,0,0.83
nano-banana-pro,https://x.com/i/status/2107386562053042344,2026-10-06T08:24:44.000Z,ja,7,2,0.85
nano-banana-pro,https://x.com/i/status/2107267092022268377,2026-10-06T00:30:00.000Z,ja,8,1,0.67
nano-banana-pro,https://x.com/i/status/2107248330132885654,2026-10-05T23:15:27.000Z,ja,13,0,0.09
nano-banana-pro,https://x.com/i/status/2107083495445025223,2026-10-05T12:20:27.000Z,en,6,1,0.91
nano-banana-pro,https://x.com/i/status/2106997539169857635,2026-10-05T06:38:54.000Z,en,1,0,0.05
nano-banana-pro,https://x.com/i/status/2106983853948842264,2026-10-05T05:44:31.000Z,ja,0,1,0.87
nano-banana-pro,https://x.com/i/status/2106951559686852769,2026-10-05T03:36:11.000Z,ar,56,11,0.09
nano-banana-pro,https://x.com/i/status/2106867083036553635,2026-10-04T22:00:30.000Z,en,0,0,0.81
nano-banana-pro,https://x.com/i/status/2106853265694503064,2026-10-04T21:05:36.000Z,en,1322,165,0.09
nano-banana-pro,https://x.com/i/status/2106852540558295405,2026-10-04T21:02:43.000Z,en,67,9,0.13
nano-banana-pro,https://x.com/i/status/2106814399381905736,2026-10-04T18:31:10.000Z,en,0,0,0.9
nano-banana-pro,https://x.com/i/status/2106735637499888090,2026-10-04T13:18:11.000Z,und,0,0,0.84
nano-banana-pro,https://x.com/i/status/2106731563492749724,2026-10-04T13:02:00.000Z,en,5,3,0.32
nano-banana-pro,https://x.com/i/status/2106638208209731790,2026-10-04T06:51:02.000Z,zh,307,47,0.1
nano-banana-pro,https://x.com/i/status/2106578312009007154,2026-10-04T02:53:02.000Z,zxx,11,2,0.1
nano-banana-pro,https://x.com/i/status/2106462729594909031,2026-10-03T19:13:45.000Z,en,0,0,0.91
nano-banana-pro,https://x.com/i/status/2106435162812649617,2026-10-03T17:24:13.000Z,ja,3,0,0.9
nano-banana-pro,https://x.com/i/status/2106395987996536913,2026-10-03T14:48:33.000Z,en,179,23,0.84
nano-banana-pro,https://x.com/i/status/2106354347055743385,2026-10-03T12:03:05.000Z,en,0,0,0.87
nano-banana-pro,https://x.com/i/status/2106349967015375051,2026-10-03T11:45:40.000Z,en,0,0,0.89
nano-banana-pro,https://x.com/i/status/2106320855902924862,2026-10-03T09:50:00.000Z,ja,19,0,0.78
nano-banana-pro,https://x.com/i/status/2106310907899105704,2026-10-03T09:10:28.000Z,ja,207,20,0.85
nano-banana-pro,https://x.com/i/status/2106172344826024314,2026-10-02T23:59:52.000Z,ko,0,0,0.85
nano-banana-pro,https://x.com/i/status/2106147337827738006,2026-10-02T22:20:30.000Z,zh,124,29,0.09
nano-banana-pro,https://x.com/i/status/2106055746802594009,2026-10-02T16:16:33.000Z,zxx,15,3,0.13
nano-banana-pro,https://x.com/i/status/2106017640254955564,2026-10-02T13:45:08.000Z,en,0,0,0.89
nano-banana-pro,https://x.com/i/status/2105990497084870915,2026-10-02T11:57:16.000Z,en,38,3,0.11
nano-banana-pro,https://x.com/i/status/2105840689435087118,2026-10-02T02:01:59.000Z,en,5,0,0.07
nano-banana-pro,https://x.com/i/status/2105751222422786123,2026-10-01T20:06:29.000Z,en,3,0,0.91
nano-banana-pro,https://x.com/i/status/2105721858138001646,2026-10-01T18:09:48.000Z,en,7,1,0.87
nano-banana-pro,https://x.com/i/status/2105682210657546281,2026-10-01T15:32:15.000Z,en,0,0,0.05
nano-banana-pro,https://x.com/i/status/2105663103677645272,2026-10-01T14:16:19.000Z,ja,16,1,0.09
nano-banana-pro,https://x.com/i/status/2105645994671329696,2026-10-01T13:08:20.000Z,zxx,0,0,0.09
nano-banana-pro,https://x.com/i/status/2105597256078696516,2026-10-01T09:54:40.000Z,en,3,0,0.7
nano-banana-pro,https://x.com/i/status/2105520149407334654,2026-10-01T04:48:16.000Z,zxx,3,0,0.12
nano-banana-pro,https://x.com/i/status/2105415455662117010,2026-09-30T21:52:16.000Z,zxx,0,0,0.14
nano-banana-pro,https://x.com/i/status/2105399071066493140,2026-09-30T20:47:09.000Z,ja,5,2,0.08
nano-banana-pro,https://x.com/i/status/2105323095825219607,2026-09-30T15:45:15.000Z,es,0,0,0.87
teach,https://x.com/i/status/2107731751305105879,2026-10-07T07:16:23.000Z,en,4,0,0.09
teach,https://x.com/i/status/2107730234522919199,2026-10-07T07:10:22.000Z,en,12,0,0.17
teach,https://x.com/i/status/2107728642294034663,2026-10-07T07:04:02.000Z,zxx,0,0,0.05
teach,https://x.com/i/status/2107728513805799885,2026-10-07T07:03:32.000Z,en,0,0,0.04
teach,https://x.com/i/status/2107726753565213071,2026-10-07T06:56:32.000Z,en,0,0,0.03
teach,https://x.com/i/status/2107726279885672637,2026-10-07T06:54:39.000Z,en,0,0,0.03
teach,https://x.com/i/status/2107725413988651508,2026-10-07T06:51:12.000Z,en,0,0,0.09
teach,https://x.com/i/status/2107724920163573927,2026-10-07T06:49:15.000Z,en,0,0,0.08
teach,https://x.com/i/status/2107723356330193306,2026-10-07T06:43:02.000Z,en,2,1,0.09
teach,https://x.com/i/status/2107720466374746212,2026-10-07T06:31:33.000Z,en,0,0,0.03
teach,https://x.com/i/status/2107719360064446589,2026-10-07T06:27:09.000Z,en,0,0,0.03
teach,https://x.com/i/status/2107717167575708137,2026-10-07T06:18:26.000Z,en,2,0,0.04
teach,https://x.com/i/status/2107714339301929337,2026-10-07T06:07:12.000Z,en,0,0,0.05
teach,https://x.com/i/status/2107713544280252501,2026-10-07T06:04:03.000Z,en,0,0,0.06
teach,https://x.com/i/status/2107713250066620454,2026-10-07T06:02:52.000Z,en,0,0,0.07
teach,https://x.com/i/status/2107713029617905967,2026-10-07T06:02:00.000Z,en,12,1,0.05
teach,https://x.com/i/status/2107712802244698126,2026-10-07T06:01:06.000Z,zxx,1,1,0.14
teach,https://x.com/i/status/2107712774499622959,2026-10-07T06:00:59.000Z,en,0,0,0.63
teach,https://x.com/i/status/2107712638381941071,2026-10-07T06:00:27.000Z,zxx,10,0,0.12
teach,https://x.com/i/status/2107709250877509994,2026-10-07T05:46:59.000Z,en,0,0,0.03
teach,https://x.com/i/status/2107705288241430888,2026-10-07T05:31:14.000Z,zh,6,0,0.82
teach,https://x.com/i/status/2107704884485038293,2026-10-07T05:29:38.000Z,en,0,0,0.07
teach,https://x.com/i/status/2107703963659190569,2026-10-07T05:25:58.000Z,en,0,0,0.02
teach,https://x.com/i/status/2107702098611581023,2026-10-07T05:18:34.000Z,en,0,0,0.1
teach,https://x.com/i/status/2107701702749216930,2026-10-07T05:16:59.000Z,en,0,0,0.02
teach,https://x.com/i/status/2107701564727005263,2026-10-07T05:16:26.000Z,en,22,1,0.03
teach,https://x.com/i/status/2107699065404473730,2026-10-07T05:06:31.000Z,en,0,0,0.02
teach,https://x.com/i/status/2107696894579216402,2026-10-07T04:57:53.000Z,en,2,0,0.18
teach,https://x.com/i/status/2107696528865595625,2026-10-07T04:56:26.000Z,en,1,0,0.1
teach,https://x.com/i/status/2107691387013722370,2026-10-07T04:36:00.000Z,en,0,0,0.03
teach,https://x.com/i/status/2107689809791836452,2026-10-07T04:29:44.000Z,en,0,0,0.72
teach,https://x.com/i/status/2107689687850897413,2026-10-07T04:29:15.000Z,en,15,1,0.57
teach,https://x.com/i/status/2107689072429092998,2026-10-07T04:26:48.000Z,en,3,1,0.08
teach,https://x.com/i/status/2107688928610488335,2026-10-07T04:26:14.000Z,en,0,0,0.07
teach,https://x.com/i/status/2107688756870296013,2026-10-07T04:25:33.000Z,en,0,0,0.06
teach,https://x.com/i/status/2107687587015958934,2026-10-07T04:20:54.000Z,en,0,0,0.03
teach,https://x.com/i/status/2107685778960658442,2026-10-07T04:13:43.000Z,en,0,0,0.06
teach,https://x.com/i/status/2107684569310781832,2026-10-07T04:08:54.000Z,en,1,0,0.02
teach,https://x.com/i/status/2107683652188447215,2026-10-07T04:05:16.000Z,en,0,0,0.05
teach,https://x.com/i/status/2107682783292199345,2026-10-07T04:01:49.000Z,en,0,0,0.06
teach,https://x.com/i/status/2107682058403221891,2026-10-07T03:58:56.000Z,en,84,6,0.03
teach,https://x.com/i/status/2107680883142766623,2026-10-07T03:54:16.000Z,en,0,0,0.05
teach,https://x.com/i/status/2107680569001931246,2026-10-07T03:53:01.000Z,en,0,0,0.03
teach,https://x.com/i/status/2107678827271057614,2026-10-07T03:46:05.000Z,en,27,3,0.09
teach,https://x.com/i/status/2107677668212892090,2026-10-07T03:41:29.000Z,zxx,2,0,0.13
teach,https://x.com/i/status/2107673623775551978,2026-10-07T03:25:25.000Z,en,23,8,0.03
teach,https://x.com/i/status/2107670186430197986,2026-10-07T03:11:45.000Z,en,0,0,0.05
teach,https://x.com/i/status/2107667860931670363,2026-10-07T03:02:31.000Z,en,20,3,0.04
teach,https://x.com/i/status/2107667486711947527,2026-10-07T03:01:02.000Z,en,16,3,0.07
teach,https://x.com/i/status/2107667423914754053,2026-10-07T03:00:47.000Z,en,0,0,0.14
teach,https://x.com/i/status/2107667376737014054,2026-10-07T03:00:35.000Z,en,0,0,0.03
teach,https://x.com/i/status/2107666968086204616,2026-10-07T02:58:58.000Z,zh,0,0,0.93
teach,https://x.com/i/status/2107666020836241596,2026-10-07T02:55:12.000Z,en,3,1,0.03
teach,https://x.com/i/status/2107662002571370596,2026-10-07T02:39:14.000Z,en,13,6,0.49
teach,https://x.com/i/status/2107658389048492258,2026-10-07T02:24:53.000Z,en,0,0,0.05
teach,https://x.com/i/status/2107655857567883647,2026-10-07T02:14:49.000Z,en,0,0,0.09
teach,https://x.com/i/status/2107655587710566774,2026-10-07T02:13:45.000Z,en,1,0,0.03
teach,https://x.com/i/status/2107654009402327247,2026-10-07T02:07:28.000Z,en,18,1,0.03
teach,https://x.com/i/status/2107653298207514729,2026-10-07T02:04:39.000Z,en,0,0,0.02
teach,https://x.com/i/status/2107652130995896732,2026-10-07T02:00:00.000Z,en,43,9,0.11
teach,https://x.com/i/status/2107650932972667215,2026-10-07T01:55:15.000Z,en,0,0,0.04
teach,https://x.com/i/status/2107648361075552481,2026-10-07T01:45:02.000Z,en,4,0,0.18
teach,https://x.com/i/status/2107647794802724944,2026-10-07T01:42:47.000Z,en,1,0,0.06
teach,https://x.com/i/status/2107647340395769930,2026-10-07T01:40:58.000Z,en,1,0,0.02
teach,https://x.com/i/status/2107646120922878376,2026-10-07T01:36:08.000Z,en,17,0,0.11
teach,https://x.com/i/status/2107645174512033986,2026-10-07T01:32:22.000Z,en,0,0,0.05
teach,https://x.com/i/status/2107645161794933237,2026-10-07T01:32:19.000Z,zxx,8,1,0.09
teach,https://x.com/i/status/2107645032648065289,2026-10-07T01:31:48.000Z,en,0,0,0.03
teach,https://x.com/i/status/2107644580577652746,2026-10-07T01:30:00.000Z,en,121,35,0.04
teach,https://x.com/i/status/2107643945773838572,2026-10-07T01:27:29.000Z,en,1,0,0.03
teach,https://x.com/i/status/2107642315636457810,2026-10-07T01:21:00.000Z,en,6,0,0.05
teach,https://x.com/i/status/2107642241590198327,2026-10-07T01:20:43.000Z,en,0,0,0.03
teach,https://x.com/i/status/2107638646853517536,2026-10-07T01:06:26.000Z,en,1,0,0.04
teach,https://x.com/i/status/2107630986309587111,2026-10-07T00:35:59.000Z,en,1,0,0.13
teach,https://x.com/i/status/2107628230085661014,2026-10-07T00:25:02.000Z,en,0,0,0.05
teach,https://x.com/i/status/2107627882998612395,2026-10-07T00:23:39.000Z,en,0,0,0.04
teach,https://x.com/i/status/2107627619139395906,2026-10-07T00:22:36.000Z,en,0,0,0.35
teach,https://x.com/i/status/2107627432970747912,2026-10-07T00:21:52.000Z,en,0,0,0.02
teach,https://x.com/i/status/2107627042514817525,2026-10-07T00:20:19.000Z,en,2,1,0.03
teach,https://x.com/i/status/2107626425318842743,2026-10-07T00:17:52.000Z,en,0,0,0.03
teach,https://x.com/i/status/2107625686655779134,2026-10-07T00:14:56.000Z,en,12,0,0.03
teach,https://x.com/i/status/2107623187530006681,2026-10-07T00:05:00.000Z,en,15,0,0.51
teach,https://x.com/i/status/2107620926410178762,2026-10-06T23:56:01.000Z,en,0,0,0.04
teach,https://x.com/i/status/2107618459354022188,2026-10-06T23:46:13.000Z,en,5,2,0.43
teach,https://x.com/i/status/2107617282247839760,2026-10-06T23:41:32.000Z,en,7,0,0.03
teach,https://x.com/i/status/2107615576374022146,2026-10-06T23:34:45.000Z,en,0,0,0.08
teach,https://x.com/i/status/2107614638905106784,2026-10-06T23:31:02.000Z,en,12,3,0.07
teach,https://x.com/i/status/2107614325007425812,2026-10-06T23:29:47.000Z,en,2,0,0.07
teach,https://x.com/i/status/2107613254721896630,2026-10-06T23:25:32.000Z,en,0,0,0.16
teach,https://x.com/i/status/2107610856724873239,2026-10-06T23:16:00.000Z,en,1,0,0.03
teach,https://x.com/i/status/2107607242727997760,2026-10-06T23:01:38.000Z,en,2,0,0.03
teach,https://x.com/i/status/2107604345575334044,2026-10-06T22:50:08.000Z,en,0,0,0.07
teach,https://x.com/i/status/2107598893030715429,2026-10-06T22:28:28.000Z,en,1,0,0.12
teach,https://x.com/i/status/2107597082785948003,2026-10-06T22:21:16.000Z,en,0,0,0.1
teach,https://x.com/i/status/2107596568987598894,2026-10-06T22:19:13.000Z,en,1,0,0.03
teach,https://x.com/i/status/2107596164032073876,2026-10-06T22:17:37.000Z,zxx,0,0,0.09
teach,https://x.com/i/status/2107595477801992343,2026-10-06T22:14:53.000Z,en,8,2,0.03
teach,https://x.com/i/status/2107592945222500640,2026-10-06T22:04:49.000Z,en,5,1,0.08
teach,https://x.com/i/status/2107592375250100699,2026-10-06T22:02:34.000Z,en,0,0,0.03
teach,https://x.com/i/status/2107592235294589365,2026-10-06T22:02:00.000Z,en,0,0,0.45
notion,https://x.com/i/status/2107737501737591165,2026-10-07T07:39:14.000Z,en,0,0,0.22
notion,https://x.com/i/status/2107736862974722285,2026-10-07T07:36:42.000Z,zxx,3,0,0.09
notion,https://x.com/i/status/2107730830122795019,2026-10-07T07:12:44.000Z,en,0,0,0.24
notion,https://x.com/i/status/2107727744029073859,2026-10-07T07:00:28.000Z,en,0,0,0.26
notion,https://x.com/i/status/2107721677576794305,2026-10-07T06:36:22.000Z,zh,0,0,0.44
notion,https://x.com/i/status/2107720358384357512,2026-10-07T06:31:07.000Z,en,2,0,0.37
notion,https://x.com/i/status/2107719641900753286,2026-10-07T06:28:16.000Z,zh,11,0,0.09
notion,https://x.com/i/status/2107718400793526414,2026-10-07T06:23:20.000Z,en,1,0,0.33
notion,https://x.com/i/status/2107717615229825288,2026-10-07T06:20:13.000Z,en,0,0,0.3
notion,https://x.com/i/status/2107716560727028041,2026-10-07T06:16:02.000Z,fr,0,0,0.13
notion,https://x.com/i/status/2107715589640982568,2026-10-07T06:12:10.000Z,zxx,0,0,0.16
notion,https://x.com/i/status/2107712638381941071,2026-10-07T06:00:27.000Z,zxx,10,0,0.18
notion,https://x.com/i/status/2107712149447410081,2026-10-07T05:58:30.000Z,en,0,0,0.1
notion,https://x.com/i/status/2107707952182268066,2026-10-07T05:41:49.000Z,zxx,0,0,0.13
notion,https://x.com/i/status/2107704743535730823,2026-10-07T05:29:04.000Z,en,0,0,0.34
notion,https://x.com/i/status/2107701305544442061,2026-10-07T05:15:25.000Z,en,0,0,0.51
notion,https://x.com/i/status/2107697559485796832,2026-10-07T05:00:31.000Z,ja,2,0,0.46
notion,https://x.com/i/status/2107697117472952504,2026-10-07T04:58:46.000Z,en,0,0,0.06
notion,https://x.com/i/status/2107695306942918818,2026-10-07T04:51:34.000Z,en,113,88,0.12
notion,https://x.com/i/status/2107693643167326244,2026-10-07T04:44:58.000Z,en,0,0,0.46
notion,https://x.com/i/status/2107684787838201938,2026-10-07T04:09:46.000Z,en,0,0,0.39
notion,https://x.com/i/status/2107678543798772047,2026-10-07T03:44:58.000Z,en,0,0,0.03
notion,https://x.com/i/status/2107676339105120684,2026-10-07T03:36:12.000Z,ja,0,0,0.67
notion,https://x.com/i/status/2107676336924049417,2026-10-07T03:36:12.000Z,ja,4,0,0.73
notion,https://x.com/i/status/2107670922488623357,2026-10-07T03:14:41.000Z,en,1,1,0.46
notion,https://x.com/i/status/2107669931533705271,2026-10-07T03:10:44.000Z,zh,5,1,0.1
notion,https://x.com/i/status/2107669884339626106,2026-10-07T03:10:33.000Z,zh,1,0,0.05
notion,https://x.com/i/status/2107669203277021487,2026-10-07T03:07:51.000Z,en,0,0,0.23
notion,https://x.com/i/status/2107667434866123055,2026-10-07T03:00:49.000Z,ja,1,0,0.41
notion,https://x.com/i/status/2107666079657128159,2026-10-07T02:55:26.000Z,zh,3,0,0.06
notion,https://x.com/i/status/2107665898475823589,2026-10-07T02:54:43.000Z,ja,0,0,0.26
notion,https://x.com/i/status/2107664399171469596,2026-10-07T02:48:45.000Z,en,13,1,0.07
notion,https://x.com/i/status/2107662774558167152,2026-10-07T02:42:18.000Z,en,0,0,0.16
notion,https://x.com/i/status/2107662033189560433,2026-10-07T02:39:21.000Z,en,1,0,0.48
notion,https://x.com/i/status/2107654856546701379,2026-10-07T02:10:50.000Z,en,11,1,0.05
notion,https://x.com/i/status/2107654851459256773,2026-10-07T02:10:49.000Z,en,54,35,0.06
notion,https://x.com/i/status/2107654225367093731,2026-10-07T02:08:20.000Z,en,59,41,0.04
notion,https://x.com/i/status/2107652887673188644,2026-10-07T02:03:01.000Z,en,11,0,0.48
notion,https://x.com/i/status/2107652513105408284,2026-10-07T02:01:32.000Z,th,0,1,0.25
notion,https://x.com/i/status/2107651872496533800,2026-10-07T01:58:59.000Z,en,54,4,0.19
notion,https://x.com/i/status/2107650755855601879,2026-10-07T01:54:33.000Z,zxx,1,0,0.15
notion,https://x.com/i/status/2107641097153352007,2026-10-07T01:16:10.000Z,en,0,0,0.07
notion,https://x.com/i/status/2107641095425257727,2026-10-07T01:16:09.000Z,en,3,0,0.14
notion,https://x.com/i/status/2107640465914761649,2026-10-07T01:13:39.000Z,en,7,0,0.06
notion,https://x.com/i/status/2107639292625400267,2026-10-07T01:09:00.000Z,pt,1,0,0.47
notion,https://x.com/i/status/2107634813650030728,2026-10-07T00:51:12.000Z,en,26,18,0.06
notion,https://x.com/i/status/2107629523814498673,2026-10-07T00:30:10.000Z,en,120,8,0.2
notion,https://x.com/i/status/2107627737750155463,2026-10-07T00:23:05.000Z,en,6,1,0.49
notion,https://x.com/i/status/2107627438964686857,2026-10-07T00:21:53.000Z,zxx,13,1,0.16
notion,https://x.com/i/status/2107626459141734502,2026-10-07T00:18:00.000Z,en,6,1,0.08
notion,https://x.com/i/status/2107618192298254396,2026-10-06T23:45:09.000Z,en,0,0,0.13
notion,https://x.com/i/status/2107612234855928122,2026-10-06T23:21:28.000Z,zh,0,0,0.08
notion,https://x.com/i/status/2107609811626148129,2026-10-06T23:11:51.000Z,ja,1,0,0.38
notion,https://x.com/i/status/2107608325059953090,2026-10-06T23:05:56.000Z,en,21,16,0.05
notion,https://x.com/i/status/2107600953822388593,2026-10-06T22:36:39.000Z,zxx,54,3,0.13
notion,https://x.com/i/status/2107598030308602322,2026-10-06T22:25:02.000Z,zxx,43,1,0.14
notion,https://x.com/i/status/2107593103393898700,2026-10-06T22:05:27.000Z,ja,1,0,0.05
notion,https://x.com/i/status/2107588261581656413,2026-10-06T21:46:13.000Z,en,11,2,0.13
notion,https://x.com/i/status/2107586337956352379,2026-10-06T21:38:34.000Z,en,4,1,0.53
notion,https://x.com/i/status/2107585549846647089,2026-10-06T21:35:26.000Z,zxx,38,5,0.15
notion,https://x.com/i/status/2107584788110434676,2026-10-06T21:32:25.000Z,fr,4,0,0.15
notion,https://x.com/i/status/2107583770656477371,2026-10-06T21:28:22.000Z,zxx,3,2,0.14
notion,https://x.com/i/status/2107581870607085633,2026-10-06T21:20:49.000Z,en,0,0,0.26
notion,https://x.com/i/status/2107580629827383421,2026-10-06T21:15:53.000Z,en,1,0,0.12
notion,https://x.com/i/status/2107578687285809361,2026-10-06T21:08:10.000Z,ja,13,0,0.23
notion,https://x.com/i/status/2107578159444951255,2026-10-06T21:06:04.000Z,en,4,2,0.06
notion,https://x.com/i/status/2107574596434366634,2026-10-06T20:51:55.000Z,zh,1,0,0.09
notion,https://x.com/i/status/2107574067297435849,2026-10-06T20:49:49.000Z,en,0,0,0.06
notion,https://x.com/i/status/2107570729734541666,2026-10-06T20:36:33.000Z,en,0,0,0.17
notion,https://x.com/i/status/2107566300495286469,2026-10-06T20:18:57.000Z,zxx,0,0,0.17
notion,https://x.com/i/status/2107566272372187139,2026-10-06T20:18:50.000Z,en,14,1,0.12
notion,https://x.com/i/status/2107563098395853096,2026-10-06T20:06:13.000Z,ja,3,0,0.37
notion,https://x.com/i/status/2107562750599696556,2026-10-06T20:04:51.000Z,en,2,0,0.3
notion,https://x.com/i/status/2107560327026200945,2026-10-06T19:55:13.000Z,zxx,2,0,0.15
notion,https://x.com/i/status/2107556434200375459,2026-10-06T19:39:45.000Z,en,12,0,0.26
notion,https://x.com/i/status/2107556251119092098,2026-10-06T19:39:01.000Z,en,3,0,0.2
notion,https://x.com/i/status/2107553062017540295,2026-10-06T19:26:21.000Z,es,0,1,0.17
notion,https://x.com/i/status/2107552126423470514,2026-10-06T19:22:38.000Z,en,1,0,0.05
notion,https://x.com/i/status/2107552071071215966,2026-10-06T19:22:24.000Z,en,0,0,0.47
notion,https://x.com/i/status/2107551156746481870,2026-10-06T19:18:46.000Z,fr,0,0,0.06
notion,https://x.com/i/status/2107549117773689274,2026-10-06T19:10:40.000Z,en,17,4,0.05
notion,https://x.com/i/status/2107548054043890029,2026-10-06T19:06:27.000Z,en,3,0,0.44
notion,https://x.com/i/status/2107542857779233047,2026-10-06T18:45:48.000Z,en,0,0,0.1
notion,https://x.com/i/status/2107537466731168248,2026-10-06T18:24:22.000Z,en,294,10,0.06
notion,https://x.com/i/status/2107532341262320103,2026-10-06T18:04:00.000Z,en,0,0,0.38
notion,https://x.com/i/status/2107524956758425778,2026-10-06T17:34:40.000Z,en,1,0,0.61
notion,https://x.com/i/status/2107522996046905797,2026-10-06T17:26:52.000Z,en,93,7,0.11
notion,https://x.com/i/status/2107521757166928239,2026-10-06T17:21:57.000Z,en,0,0,0.43
notion,https://x.com/i/status/2107519930903973939,2026-10-06T17:14:42.000Z,en,2,0,0.03
notion,https://x.com/i/status/2107519165628330191,2026-10-06T17:11:39.000Z,en,1,0,0.65
notion,https://x.com/i/status/2107517736528032068,2026-10-06T17:05:58.000Z,en,1,0,0.05
notion,https://x.com/i/status/2107517005175968155,2026-10-06T17:03:04.000Z,ja,0,0,0.24
notion,https://x.com/i/status/2107515954792198181,2026-10-06T16:58:54.000Z,en,0,0,0.52
notion,https://x.com/i/status/2107515748193026301,2026-10-06T16:58:04.000Z,en,1925,193,0.43
notion,https://x.com/i/status/2107515719726280988,2026-10-06T16:57:57.000Z,en,4,0,0.52
notion,https://x.com/i/status/2107515709475496337,2026-10-06T16:57:55.000Z,en,2,0,0.42
notion,https://x.com/i/status/2107508136752116197,2026-10-06T16:27:50.000Z,ja,2,0,0.54
notion,https://x.com/i/status/2107507636404953566,2026-10-06T16:25:50.000Z,zxx,77,25,0.18
notion,https://x.com/i/status/2107506269149880438,2026-10-06T16:20:24.000Z,en,20,3,0.24
notion,https://x.com/i/status/2107506078460342594,2026-10-06T16:19:39.000Z,en,18,3,0.24
skill-creator,https://x.com/i/status/2107686543263707579,2026-10-07T04:16:45.000Z,en,0,0,0.65
skill-creator,https://x.com/i/status/2107629482978742486,2026-10-07T00:30:01.000Z,en,0,0,0.51
skill-creator,https://x.com/i/status/2107602784212365817,2026-10-06T22:43:55.000Z,zxx,77,10,0.2
skill-creator,https://x.com/i/status/2107570191928283414,2026-10-06T20:34:25.000Z,en,0,0,0.71
skill-creator,https://x.com/i/status/2107521936498774410,2026-10-06T17:22:40.000Z,en,2,1,0.3
skill-creator,https://x.com/i/status/2107521336272642155,2026-10-06T17:20:17.000Z,en,2,1,0.67
skill-creator,https://x.com/i/status/2107521147508334633,2026-10-06T17:19:32.000Z,en,1,0,0.73
skill-creator,https://x.com/i/status/2107500571976720893,2026-10-06T15:57:46.000Z,en,0,0,0.71
skill-creator,https://x.com/i/status/2107497308858241293,2026-10-06T15:44:48.000Z,en,0,0,0.34
skill-creator,https://x.com/i/status/2107486165226193382,2026-10-06T15:00:31.000Z,en,59,7,0.23
skill-creator,https://x.com/i/status/2107477278821404930,2026-10-06T14:25:12.000Z,en,47,35,0.77
skill-creator,https://x.com/i/status/2107472536565072050,2026-10-06T14:06:22.000Z,it,13,3,0.82
skill-creator,https://x.com/i/status/2107445516799783138,2026-10-06T12:19:00.000Z,ja,3,0,0.84
skill-creator,https://x.com/i/status/2107435915220275202,2026-10-06T11:40:51.000Z,en,241,25,0.78
skill-creator,https://x.com/i/status/2107435524709650464,2026-10-06T11:39:18.000Z,en,0,0,0.79
skill-creator,https://x.com/i/status/2107398741053657106,2026-10-06T09:13:08.000Z,en,0,0,0.82
skill-creator,https://x.com/i/status/2107359069736767938,2026-10-06T06:35:29.000Z,en,75,34,0.77
skill-creator,https://x.com/i/status/2107318689859358905,2026-10-06T03:55:02.000Z,zh,16,4,0.64
skill-creator,https://x.com/i/status/2107125347712147509,2026-10-05T15:06:46.000Z,en,42,3,0.89
skill-creator,https://x.com/i/status/2107114280671645795,2026-10-05T14:22:47.000Z,it,0,0,0.06
skill-creator,https://x.com/i/status/2107108505417031995,2026-10-05T13:59:50.000Z,en,0,0,0.74
skill-creator,https://x.com/i/status/2107088740267229455,2026-10-05T12:41:18.000Z,en,1,0,0.88
skill-creator,https://x.com/i/status/2107051014704845210,2026-10-05T10:11:23.000Z,en,1,0,0.67
skill-creator,https://x.com/i/status/2107010439465038097,2026-10-05T07:30:09.000Z,zxx,17,1,0.2
skill-creator,https://x.com/i/status/2106925339158987208,2026-10-05T01:52:00.000Z,zh,0,0,0.75
skill-creator,https://x.com/i/status/2106923301545386345,2026-10-05T01:43:54.000Z,ja,1,0,0.87
skill-creator,https://x.com/i/status/2106885378829684804,2026-10-04T23:13:13.000Z,zxx,142,5,0.19
skill-creator,https://x.com/i/status/2106766097890546096,2026-10-04T15:19:14.000Z,en,0,0,0.71
skill-creator,https://x.com/i/status/2106757637920510432,2026-10-04T14:45:37.000Z,en,3,0,0.54
skill-creator,https://x.com/i/status/2106674932986077614,2026-10-04T09:16:58.000Z,zxx,6,0,0.18
skill-creator,https://x.com/i/status/2106662924773359721,2026-10-04T08:29:15.000Z,en,0,0,0.19
skill-creator,https://x.com/i/status/2106662757986623734,2026-10-04T08:28:36.000Z,en,1,0,0.79
skill-creator,https://x.com/i/status/2106607893294493963,2026-10-04T04:50:35.000Z,en,22,11,0.09
skill-creator,https://x.com/i/status/2106453368642081077,2026-10-03T18:36:33.000Z,en,2,0,0.84
skill-creator,https://x.com/i/status/2106384124751810798,2026-10-03T14:01:24.000Z,zxx,43,12,0.25
skill-creator,https://x.com/i/status/2106359207427514636,2026-10-03T12:22:23.000Z,it,0,0,0.61
skill-creator,https://x.com/i/status/2106357602212827534,2026-10-03T12:16:01.000Z,it,0,0,0.56
skill-creator,https://x.com/i/status/2106356396526846185,2026-10-03T12:11:13.000Z,it,0,0,0.58
skill-creator,https://x.com/i/status/2106217684346228762,2026-10-03T03:00:02.000Z,en,0,0,0.89
skill-creator,https://x.com/i/status/2106185214556852405,2026-10-03T00:51:00.000Z,en,13,0,0.77
skill-creator,https://x.com/i/status/2106047555616272731,2026-10-02T15:44:00.000Z,zh,3,0,0.67
skill-creator,https://x.com/i/status/2106025619259826686,2026-10-02T14:16:50.000Z,fr,1,0,0.11
skill-creator,https://x.com/i/status/2106004506588959027,2026-10-02T12:52:56.000Z,zh,0,0,0.84
skill-creator,https://x.com/i/status/2105983312045236336,2026-10-02T11:28:43.000Z,zxx,12,0,0.17
skill-creator,https://x.com/i/status/2105952437538582868,2026-10-02T09:26:02.000Z,en,0,0,0.78
skill-creator,https://x.com/i/status/2105945935310451049,2026-10-02T09:00:12.000Z,zxx,62,6,0.17
skill-creator,https://x.com/i/status/2105925148616393058,2026-10-02T07:37:36.000Z,en,0,0,0.58
skill-creator,https://x.com/i/status/2105912704963690550,2026-10-02T06:48:09.000Z,en,0,0,0.36
skill-creator,https://x.com/i/status/2105759548376228267,2026-10-01T20:39:34.000Z,es,0,0,0.86
skill-creator,https://x.com/i/status/2105759536208343550,2026-10-01T20:39:31.000Z,en,0,0,0.75
skill-creator,https://x.com/i/status/2105649432502927666,2026-10-01T13:22:00.000Z,zh,1,0,0.29
skill-creator,https://x.com/i/status/2105636525589270898,2026-10-01T12:30:43.000Z,en,0,0,0.03
skill-creator,https://x.com/i/status/2105631236647780470,2026-10-01T12:09:42.000Z,ja,4,1,0.61
skill-creator,https://x.com/i/status/2105566395173945426,2026-10-01T07:52:02.000Z,th,1181,727,0.32
skill-creator,https://x.com/i/status/2105565200531460354,2026-10-01T07:47:17.000Z,zxx,0,0,0.18
skill-creator,https://x.com/i/status/2105427825415049503,2026-09-30T22:41:25.000Z,en,6,0,0.47
skill-creator,https://x.com/i/status/2105417447557963872,2026-09-30T22:00:10.000Z,zxx,0,0,0.15
skill-creator,https://x.com/i/status/2105390127602098592,2026-09-30T20:11:37.000Z,en,12,1,0.18
skill-creator,https://x.com/i/status/2105339138287321443,2026-09-30T16:49:00.000Z,en,0,0,0.9
skill-creator,https://x.com/i/status/2105273624613564563,2026-09-30T12:28:40.000Z,en,7,0,0.16
skill-creator,https://x.com/i/status/2105258083609985101,2026-09-30T11:26:55.000Z,und,0,0,0.73
auto-updater,https://x.com/i/status/2106119728557072711,2026-10-02T20:30:47.000Z,en,9,1,0.11
auto-updater,https://x.com/i/status/2105262995446145054,2026-09-30T11:46:26.000Z,en,3,0,0.02
codebase-design,https://x.com/i/status/2107121490323996998,2026-10-05T14:51:26.000Z,zh,1,0,0.14
codebase-design,https://x.com/i/status/2106962354760253508,2026-10-05T04:19:05.000Z,zh,2,0,0.3
codebase-design,https://x.com/i/status/2106946148640723287,2026-10-05T03:14:41.000Z,ko,20,2,0.93
codebase-design,https://x.com/i/status/2106894378891461084,2026-10-04T23:48:58.000Z,zh,2,0,0.04
codebase-design,https://x.com/i/status/2106753279036416219,2026-10-04T14:28:17.000Z,zh,62,8,0.78
codebase-design,https://x.com/i/status/2106096613982937091,2026-10-02T18:58:56.000Z,zxx,16,1,0.14
codebase-design,https://x.com/i/status/2105638689942515953,2026-10-01T12:39:19.000Z,zh,0,0,0.92
codebase-design,https://x.com/i/status/2105365980591382861,2026-09-30T18:35:40.000Z,en,0,0,0.33
word-docx,https://x.com/i/status/2105942619851526596,2026-10-02T08:47:01.000Z,zxx,25,3,0.11
word-docx,https://x.com/i/status/2105534180457173306,2026-10-01T05:44:02.000Z,en,6,4,0.04
evolver,https://x.com/i/status/2107039682680807798,2026-10-05T09:26:21.000Z,en,0,0,0.6
