skill_key,tweet_url,created_at,lang,favorites,retweets
find-skills,https://x.com/i/status/2100078660133024254,2026-09-16T04:25:44.000Z,en,1,1
find-skills,https://x.com/i/status/2099979023489347939,2026-09-15T21:49:49.000Z,ja,1,0
find-skills,https://x.com/i/status/2099887813466398928,2026-09-15T15:47:23.000Z,en,5,1
find-skills,https://x.com/i/status/2099875938137739757,2026-09-15T15:00:12.000Z,en,2,0
find-skills,https://x.com/i/status/2099795358029115439,2026-09-15T09:40:00.000Z,en,0,0
find-skills,https://x.com/i/status/2099694865516744877,2026-09-15T03:00:41.000Z,en,0,0
find-skills,https://x.com/i/status/2099685634910585122,2026-09-15T02:24:00.000Z,ja,192,19
find-skills,https://x.com/i/status/2099677799426424974,2026-09-15T01:52:52.000Z,ja,0,0
find-skills,https://x.com/i/status/2099563380185202846,2026-09-14T18:18:12.000Z,ja,0,0
find-skills,https://x.com/i/status/2099410355386818656,2026-09-14T08:10:08.000Z,en,1,0
find-skills,https://x.com/i/status/2099404029281665317,2026-09-14T07:45:00.000Z,ja,7,3
find-skills,https://x.com/i/status/2099312467201630346,2026-09-14T01:41:10.000Z,ja,60,5
find-skills,https://x.com/i/status/2099273583931400402,2026-09-13T23:06:39.000Z,en,0,0
find-skills,https://x.com/i/status/2099224062253826385,2026-09-13T19:49:52.000Z,en,480,76
find-skills,https://x.com/i/status/2099107576147521929,2026-09-13T12:07:00.000Z,ja,3,0
find-skills,https://x.com/i/status/2099074885008175478,2026-09-13T09:57:06.000Z,es,1,0
find-skills,https://x.com/i/status/2099028852282654954,2026-09-13T06:54:11.000Z,zh,8,2
find-skills,https://x.com/i/status/2098595244082069573,2026-09-12T02:11:10.000Z,es,0,0
find-skills,https://x.com/i/status/2098191539008590325,2026-09-10T23:27:00.000Z,es,190,18
find-skills,https://x.com/i/status/2097962441615564996,2026-09-10T08:16:38.000Z,en,136,32
find-skills,https://x.com/i/status/2097910254168367560,2026-09-10T04:49:16.000Z,ja,2,0
find-skills,https://x.com/i/status/2097575853408264518,2026-09-09T06:40:29.000Z,en,1,0
self-improving-agent,https://x.com/i/status/2099950860591837600,2026-09-15T19:57:55.000Z,en,5,0
self-improving-agent,https://x.com/i/status/2099942523472912640,2026-09-15T19:24:47.000Z,en,0,0
self-improving-agent,https://x.com/i/status/2099936495465631943,2026-09-15T19:00:50.000Z,zxx,84,10
self-improving-agent,https://x.com/i/status/2099881134888816832,2026-09-15T15:20:51.000Z,en,0,0
self-improving-agent,https://x.com/i/status/2099863754364367128,2026-09-15T14:11:47.000Z,en,1,0
self-improving-agent,https://x.com/i/status/2099846771073577415,2026-09-15T13:04:18.000Z,en,27,1
self-improving-agent,https://x.com/i/status/2099807942073819301,2026-09-15T10:30:00.000Z,en,72,31
self-improving-agent,https://x.com/i/status/2099771261035401660,2026-09-15T08:04:15.000Z,en,0,0
self-improving-agent,https://x.com/i/status/2099769292224909588,2026-09-15T07:56:25.000Z,en,0,0
self-improving-agent,https://x.com/i/status/2099697319923073440,2026-09-15T03:10:26.000Z,ja,2,0
self-improving-agent,https://x.com/i/status/2099673257607664083,2026-09-15T01:34:49.000Z,en,0,0
self-improving-agent,https://x.com/i/status/2099545638950109528,2026-09-14T17:07:42.000Z,en,26,0
self-improving-agent,https://x.com/i/status/2099535559744205255,2026-09-14T16:27:39.000Z,en,0,0
self-improving-agent,https://x.com/i/status/2099531243486417342,2026-09-14T16:10:30.000Z,en,12,0
self-improving-agent,https://x.com/i/status/2099528620834201988,2026-09-14T16:00:05.000Z,en,1,0
self-improving-agent,https://x.com/i/status/2099503267931959531,2026-09-14T14:19:20.000Z,en,0,0
self-improving-agent,https://x.com/i/status/2099501676381995501,2026-09-14T14:13:01.000Z,en,119,15
self-improving-agent,https://x.com/i/status/2099494050500071440,2026-09-14T13:42:43.000Z,en,0,0
self-improving-agent,https://x.com/i/status/2099470490817458369,2026-09-14T12:09:05.000Z,en,17,1
self-improving-agent,https://x.com/i/status/2099395015579418900,2026-09-14T07:09:11.000Z,en,0,0
self-improving-agent,https://x.com/i/status/2099377411330838841,2026-09-14T05:59:14.000Z,zxx,0,0
self-improving-agent,https://x.com/i/status/2099367646831714339,2026-09-14T05:20:26.000Z,en,3,0
self-improving-agent,https://x.com/i/status/2099281382749110296,2026-09-13T23:37:39.000Z,zxx,0,0
self-improving-agent,https://x.com/i/status/2099278200232894628,2026-09-13T23:25:00.000Z,en,0,0
self-improving-agent,https://x.com/i/status/2099206570626203659,2026-09-13T18:40:22.000Z,en,466,41
self-improving-agent,https://x.com/i/status/2099201315998224520,2026-09-13T18:19:29.000Z,en,0,0
self-improving-agent,https://x.com/i/status/2099168306863190147,2026-09-13T16:08:19.000Z,zxx,93,16
self-improving-agent,https://x.com/i/status/2099150171833770062,2026-09-13T14:56:15.000Z,en,282,92
self-improving-agent,https://x.com/i/status/2099142802286285063,2026-09-13T14:26:58.000Z,en,0,0
self-improving-agent,https://x.com/i/status/2099126365115347425,2026-09-13T13:21:39.000Z,en,0,0
self-improving-agent,https://x.com/i/status/2098933057424425302,2026-09-13T00:33:31.000Z,en,1,0
self-improving-agent,https://x.com/i/status/2098866781985096072,2026-09-12T20:10:10.000Z,en,0,0
self-improving-agent,https://x.com/i/status/2098791320533754143,2026-09-12T15:10:19.000Z,en,29,0
self-improving-agent,https://x.com/i/status/2098752115640500532,2026-09-12T12:34:31.000Z,en,0,0
self-improving-agent,https://x.com/i/status/2098733999824961546,2026-09-12T11:22:32.000Z,en,0,0
self-improving-agent,https://x.com/i/status/2098512324600463730,2026-09-11T20:41:41.000Z,en,0,0
self-improving-agent,https://x.com/i/status/2098444619285709124,2026-09-11T16:12:39.000Z,en,2,0
self-improving-agent,https://x.com/i/status/2098402843166220330,2026-09-11T13:26:38.000Z,en,277,39
self-improving-agent,https://x.com/i/status/2098304467938762986,2026-09-11T06:55:44.000Z,en,6,0
self-improving-agent,https://x.com/i/status/2098302807308677567,2026-09-11T06:49:08.000Z,en,0,0
self-improving-agent,https://x.com/i/status/2098284612942176376,2026-09-11T05:36:50.000Z,en,0,0
self-improving-agent,https://x.com/i/status/2098280806766547342,2026-09-11T05:21:43.000Z,en,9,9
self-improving-agent,https://x.com/i/status/2098248415956054174,2026-09-11T03:13:00.000Z,en,19,3
self-improving-agent,https://x.com/i/status/2098231705870192663,2026-09-11T02:06:36.000Z,en,3,2
self-improving-agent,https://x.com/i/status/2098200906638442713,2026-09-11T00:04:13.000Z,en,2,0
self-improving-agent,https://x.com/i/status/2098021114685616637,2026-09-10T12:09:47.000Z,en,177,24
self-improving-agent,https://x.com/i/status/2098006290530209990,2026-09-10T11:10:53.000Z,en,2,0
self-improving-agent,https://x.com/i/status/2097955779190067405,2026-09-10T07:50:10.000Z,zh,19,0
self-improving-agent,https://x.com/i/status/2097947939763003773,2026-09-10T07:19:01.000Z,en,1,0
self-improving-agent,https://x.com/i/status/2097947880220684400,2026-09-10T07:18:47.000Z,en,2,0
self-improving-agent,https://x.com/i/status/2097916936801935818,2026-09-10T05:15:49.000Z,en,9,0
self-improving-agent,https://x.com/i/status/2097752959526330501,2026-09-09T18:24:14.000Z,en,792,88
self-improving-agent,https://x.com/i/status/2097752198600085627,2026-09-09T18:21:13.000Z,en,2,0
self-improving-agent,https://x.com/i/status/2097660229660168202,2026-09-09T12:15:46.000Z,en,1,0
self-improving-agent,https://x.com/i/status/2097636781302890536,2026-09-09T10:42:35.000Z,en,3,0
grill-me,https://x.com/i/status/2100059499516383607,2026-09-16T03:09:36.000Z,en,0,0
grill-me,https://x.com/i/status/2100030216831988158,2026-09-16T01:13:15.000Z,en,1,0
grill-me,https://x.com/i/status/2099981381011165534,2026-09-15T21:59:11.000Z,en,0,0
grill-me,https://x.com/i/status/2099957229512270283,2026-09-15T20:23:13.000Z,en,0,0
grill-me,https://x.com/i/status/2099921772049268948,2026-09-15T18:02:19.000Z,en,1,0
grill-me,https://x.com/i/status/2099892317339754551,2026-09-15T16:05:17.000Z,en,2,0
grill-me,https://x.com/i/status/2099887813466398928,2026-09-15T15:47:23.000Z,en,5,1
grill-me,https://x.com/i/status/2099877862492819600,2026-09-15T15:07:50.000Z,es,2,0
grill-me,https://x.com/i/status/2099855982444871727,2026-09-15T13:40:54.000Z,en,0,0
grill-me,https://x.com/i/status/2099855384077086857,2026-09-15T13:38:31.000Z,en,1,0
grill-me,https://x.com/i/status/2099837947260416174,2026-09-15T12:29:14.000Z,en,0,0
grill-me,https://x.com/i/status/2099833813484355822,2026-09-15T12:12:48.000Z,pt,2,0
grill-me,https://x.com/i/status/2099795358029115439,2026-09-15T09:40:00.000Z,en,0,0
grill-me,https://x.com/i/status/2099779733831786807,2026-09-15T08:37:55.000Z,en,0,0
grill-me,https://x.com/i/status/2099758151927271514,2026-09-15T07:12:09.000Z,zh,2,0
grill-me,https://x.com/i/status/2099747048551846214,2026-09-15T06:28:02.000Z,en,60,11
grill-me,https://x.com/i/status/2099707118362456075,2026-09-15T03:49:22.000Z,zh,2,0
grill-me,https://x.com/i/status/2099706964846805391,2026-09-15T03:48:45.000Z,en,9,2
grill-me,https://x.com/i/status/2099698995647902050,2026-09-15T03:17:05.000Z,en,1,0
grill-me,https://x.com/i/status/2099685634910585122,2026-09-15T02:24:00.000Z,ja,192,19
grill-me,https://x.com/i/status/2099682064207433942,2026-09-15T02:09:48.000Z,es,1,0
grill-me,https://x.com/i/status/2099666142142833090,2026-09-15T01:06:32.000Z,en,0,0
grill-me,https://x.com/i/status/2099658713782984905,2026-09-15T00:37:01.000Z,es,0,0
grill-me,https://x.com/i/status/2099639325268799689,2026-09-14T23:19:59.000Z,en,1,0
grill-me,https://x.com/i/status/2099590454283001990,2026-09-14T20:05:47.000Z,pt,0,0
grill-me,https://x.com/i/status/2099553354137407999,2026-09-14T17:38:22.000Z,en,0,0
grill-me,https://x.com/i/status/2099539253063733689,2026-09-14T16:42:20.000Z,zh,0,0
grill-me,https://x.com/i/status/2099493793645068588,2026-09-14T13:41:41.000Z,zh,2,0
grill-me,https://x.com/i/status/2099433775629209605,2026-09-14T09:43:12.000Z,en,1,0
grill-me,https://x.com/i/status/2099421279044739073,2026-09-14T08:53:32.000Z,zh,1,0
grill-me,https://x.com/i/status/2099419677738848328,2026-09-14T08:47:11.000Z,en,0,0
grill-me,https://x.com/i/status/2099415405840478447,2026-09-14T08:30:12.000Z,en,1,0
grill-me,https://x.com/i/status/2099410355386818656,2026-09-14T08:10:08.000Z,en,1,0
grill-me,https://x.com/i/status/2099408056668848379,2026-09-14T08:01:00.000Z,ko,211,46
grill-me,https://x.com/i/status/2099399026965971261,2026-09-14T07:25:07.000Z,en,0,0
grill-me,https://x.com/i/status/2099341806999925145,2026-09-14T03:37:45.000Z,zh,19,0
grill-me,https://x.com/i/status/2099330360760991881,2026-09-14T02:52:16.000Z,en,0,0
grill-me,https://x.com/i/status/2099324897474367832,2026-09-14T02:30:33.000Z,zxx,0,0
grill-me,https://x.com/i/status/2099314222928629995,2026-09-14T01:48:08.000Z,zh,0,0
grill-me,https://x.com/i/status/2099314179920232709,2026-09-14T01:47:58.000Z,en,14,0
grill-me,https://x.com/i/status/2099310412340535744,2026-09-14T01:33:00.000Z,ja,30,0
grill-me,https://x.com/i/status/2099296578586792429,2026-09-14T00:38:02.000Z,en,0,0
grill-me,https://x.com/i/status/2099282178865877336,2026-09-13T23:40:48.000Z,zxx,2,0
grill-me,https://x.com/i/status/2099224062253826385,2026-09-13T19:49:52.000Z,en,480,76
grill-me,https://x.com/i/status/2099219119736492203,2026-09-13T19:30:14.000Z,en,1,0
grill-me,https://x.com/i/status/2099183333393502289,2026-09-13T17:08:02.000Z,en,0,0
grill-me,https://x.com/i/status/2099180856023654749,2026-09-13T16:58:11.000Z,en,1,0
grill-me,https://x.com/i/status/2099171651552415887,2026-09-13T16:21:37.000Z,en,0,0
grill-me,https://x.com/i/status/2099168685617545462,2026-09-13T16:09:49.000Z,en,0,0
grill-me,https://x.com/i/status/2099155313123606848,2026-09-13T15:16:41.000Z,en,0,0
grill-me,https://x.com/i/status/2099138747166249075,2026-09-13T14:10:52.000Z,en,0,0
grill-me,https://x.com/i/status/2099119603461046347,2026-09-13T12:54:47.000Z,zxx,37,7
grill-me,https://x.com/i/status/2099090717151019167,2026-09-13T11:00:00.000Z,ja,1,0
grill-me,https://x.com/i/status/2099072785515532475,2026-09-13T09:48:45.000Z,ar,3,0
grill-me,https://x.com/i/status/2099028852282654954,2026-09-13T06:54:11.000Z,zh,8,2
grill-me,https://x.com/i/status/2098985773458682273,2026-09-13T04:03:00.000Z,zh,4,0
grill-me,https://x.com/i/status/2098973174700658736,2026-09-13T03:12:56.000Z,zh,2,0
grill-me,https://x.com/i/status/2098896865597313163,2026-09-12T22:09:43.000Z,en,1072,27
grill-me,https://x.com/i/status/2098872952011755944,2026-09-12T20:34:41.000Z,en,0,0
grill-me,https://x.com/i/status/2098802539772711049,2026-09-12T15:54:54.000Z,en,0,0
grill-me,https://x.com/i/status/2098788860394180903,2026-09-12T15:00:32.000Z,pl,0,0
grill-me,https://x.com/i/status/2098778513452970034,2026-09-12T14:19:25.000Z,en,0,0
grill-me,https://x.com/i/status/2098757998768484756,2026-09-12T12:57:54.000Z,en,0,0
grill-me,https://x.com/i/status/2098719683713056935,2026-09-12T10:25:39.000Z,en,0,0
grill-me,https://x.com/i/status/2098713920240271741,2026-09-12T10:02:45.000Z,en,14,0
grill-me,https://x.com/i/status/2098687991346774381,2026-09-12T08:19:43.000Z,en,2,0
grill-me,https://x.com/i/status/2098687985931731443,2026-09-12T08:19:42.000Z,en,20,1
grill-me,https://x.com/i/status/2098676943956681094,2026-09-12T07:35:49.000Z,en,0,0
grill-me,https://x.com/i/status/2098671297467232369,2026-09-12T07:13:23.000Z,zh,115,14
grill-me,https://x.com/i/status/2098665009295347986,2026-09-12T06:48:24.000Z,en,0,0
grill-me,https://x.com/i/status/2098654591164330352,2026-09-12T06:07:00.000Z,zh,16,4
grill-me,https://x.com/i/status/2098639617985851520,2026-09-12T05:07:30.000Z,zh,6,0
grill-me,https://x.com/i/status/2098635377934242154,2026-09-12T04:50:39.000Z,en,0,0
grill-me,https://x.com/i/status/2098633341004378457,2026-09-12T04:42:33.000Z,zxx,21,0
grill-me,https://x.com/i/status/2098603599333069169,2026-09-12T02:44:22.000Z,ja,0,0
grill-me,https://x.com/i/status/2098597212905525500,2026-09-12T02:19:00.000Z,ja,43,0
grill-me,https://x.com/i/status/2098517986864709684,2026-09-11T21:04:11.000Z,en,1,0
grill-me,https://x.com/i/status/2098513104522940836,2026-09-11T20:44:47.000Z,en,0,0
grill-me,https://x.com/i/status/2098498141570126303,2026-09-11T19:45:19.000Z,en,3,0
grill-me,https://x.com/i/status/2098495861093192078,2026-09-11T19:36:16.000Z,en,0,0
grill-me,https://x.com/i/status/2098473418622734405,2026-09-11T18:07:05.000Z,en,0,0
grill-me,https://x.com/i/status/2098472452812632350,2026-09-11T18:03:15.000Z,en,0,0
grill-me,https://x.com/i/status/2098365950261149814,2026-09-11T11:00:02.000Z,en,6,0
grill-me,https://x.com/i/status/2098365572564038011,2026-09-11T10:58:32.000Z,en,4,0
grill-me,https://x.com/i/status/2098348226613067955,2026-09-11T09:49:37.000Z,pl,2,0
grill-me,https://x.com/i/status/2098329176893743307,2026-09-11T08:33:55.000Z,en,0,0
grill-me,https://x.com/i/status/2098308820422340924,2026-09-11T07:13:02.000Z,en,0,0
grill-me,https://x.com/i/status/2098299098650882116,2026-09-11T06:34:24.000Z,ja,1,0
grill-me,https://x.com/i/status/2098276016892568042,2026-09-11T05:02:41.000Z,en,5,0
grill-me,https://x.com/i/status/2098204571571048833,2026-09-11T00:18:47.000Z,en,2,0
grill-me,https://x.com/i/status/2098163717191901588,2026-09-10T21:36:26.000Z,en,0,0
grill-me,https://x.com/i/status/2098160907633217737,2026-09-10T21:25:16.000Z,en,0,0
grill-me,https://x.com/i/status/2098113767473115347,2026-09-10T18:17:57.000Z,en,0,0
grill-me,https://x.com/i/status/2098107294445924618,2026-09-10T17:52:14.000Z,en,1,0
grill-me,https://x.com/i/status/2098106850751197565,2026-09-10T17:50:28.000Z,en,0,0
grill-me,https://x.com/i/status/2098081318181462365,2026-09-10T16:09:01.000Z,en,0,0
grill-me,https://x.com/i/status/2098074493155701210,2026-09-10T15:41:54.000Z,en,0,0
grill-me,https://x.com/i/status/2098066485943886100,2026-09-10T15:10:05.000Z,en,0,0
grill-me,https://x.com/i/status/2098033762462572749,2026-09-10T13:00:03.000Z,en,4,0
grill-me,https://x.com/i/status/2098031094792876492,2026-09-10T12:49:27.000Z,in,0,0
grill-with-docs,https://x.com/i/status/2099889692804022620,2026-09-15T15:54:51.000Z,en,8,0
grill-with-docs,https://x.com/i/status/2099831924298502616,2026-09-15T12:05:18.000Z,en,5,1
grill-with-docs,https://x.com/i/status/2099809232979951664,2026-09-15T10:35:08.000Z,en,0,0
grill-with-docs,https://x.com/i/status/2099752946858639609,2026-09-15T06:51:28.000Z,en,116,16
grill-with-docs,https://x.com/i/status/2099589086595964965,2026-09-14T20:00:21.000Z,en,685,123
grill-with-docs,https://x.com/i/status/2099564246476419519,2026-09-14T18:21:39.000Z,en,0,0
grill-with-docs,https://x.com/i/status/2099341806999925145,2026-09-14T03:37:45.000Z,zh,19,0
grill-with-docs,https://x.com/i/status/2099028852282654954,2026-09-13T06:54:11.000Z,zh,8,2
grill-with-docs,https://x.com/i/status/2098861036279599589,2026-09-12T19:47:20.000Z,zh,1,0
grill-with-docs,https://x.com/i/status/2098767869719036274,2026-09-12T13:37:08.000Z,zxx,0,0
grill-with-docs,https://x.com/i/status/2098691928963666025,2026-09-12T08:35:22.000Z,zh,0,0
grill-with-docs,https://x.com/i/status/2098472593083011115,2026-09-11T18:03:48.000Z,pt,4,0
grill-with-docs,https://x.com/i/status/2098308820422340924,2026-09-11T07:13:02.000Z,en,0,0
grill-with-docs,https://x.com/i/status/2098091699465601474,2026-09-10T16:50:16.000Z,tr,25,1
grill-with-docs,https://x.com/i/status/2097840502217281985,2026-09-10T00:12:06.000Z,en,0,0
grill-with-docs,https://x.com/i/status/2097833651677671562,2026-09-09T23:44:53.000Z,ja,0,0
grill-with-docs,https://x.com/i/status/2097781257727877536,2026-09-09T20:16:41.000Z,en,2,0
grill-with-docs,https://x.com/i/status/2097719351751135514,2026-09-09T16:10:41.000Z,en,0,0
grill-with-docs,https://x.com/i/status/2097709130417144104,2026-09-09T15:30:04.000Z,ko,4,0
grill-with-docs,https://x.com/i/status/2097621293566656738,2026-09-09T09:41:02.000Z,en,0,0
self-improving,https://x.com/i/status/2100095913092141390,2026-09-16T05:34:18.000Z,zxx,2,0
self-improving,https://x.com/i/status/2100083981819470153,2026-09-16T04:46:53.000Z,en,0,0
self-improving,https://x.com/i/status/2100064346902815116,2026-09-16T03:28:52.000Z,en,0,0
self-improving,https://x.com/i/status/2100052336643395848,2026-09-16T02:41:08.000Z,en,17,5
self-improving,https://x.com/i/status/2100052212579987579,2026-09-16T02:40:39.000Z,en,18,2
self-improving,https://x.com/i/status/2100043991295390197,2026-09-16T02:07:59.000Z,en,0,0
self-improving,https://x.com/i/status/2100039260313387239,2026-09-16T01:49:11.000Z,zh,2,0
self-improving,https://x.com/i/status/2100017440747118740,2026-09-16T00:22:28.000Z,en,4,0
self-improving,https://x.com/i/status/2100013049625403505,2026-09-16T00:05:02.000Z,zh,0,0
self-improving,https://x.com/i/status/2100012979467018317,2026-09-16T00:04:45.000Z,en,0,1
self-improving,https://x.com/i/status/2100008284551819524,2026-09-15T23:46:05.000Z,en,12,1
self-improving,https://x.com/i/status/2099994167908893114,2026-09-15T22:50:00.000Z,en,0,0
self-improving,https://x.com/i/status/2099979888040317087,2026-09-15T21:53:15.000Z,en,2,0
self-improving,https://x.com/i/status/2099970057459949779,2026-09-15T21:14:11.000Z,en,0,1
self-improving,https://x.com/i/status/2099965521131082184,2026-09-15T20:56:10.000Z,en,0,0
self-improving,https://x.com/i/status/2099961977695318477,2026-09-15T20:42:05.000Z,en,18,0
self-improving,https://x.com/i/status/2099961767875018815,2026-09-15T20:41:15.000Z,en,0,0
self-improving,https://x.com/i/status/2099958270677172708,2026-09-15T20:27:21.000Z,zxx,0,0
self-improving,https://x.com/i/status/2099950860591837600,2026-09-15T19:57:55.000Z,en,5,0
self-improving,https://x.com/i/status/2099943179453608224,2026-09-15T19:27:23.000Z,en,0,0
self-improving,https://x.com/i/status/2099942523472912640,2026-09-15T19:24:47.000Z,en,0,0
self-improving,https://x.com/i/status/2099941244063432720,2026-09-15T19:19:42.000Z,en,384,35
self-improving,https://x.com/i/status/2099940910754582882,2026-09-15T19:18:22.000Z,en,0,0
self-improving,https://x.com/i/status/2099936495465631943,2026-09-15T19:00:50.000Z,zxx,84,10
self-improving,https://x.com/i/status/2099931790097981489,2026-09-15T18:42:08.000Z,en,0,0
self-improving,https://x.com/i/status/2099923371723284689,2026-09-15T18:08:41.000Z,en,0,0
self-improving,https://x.com/i/status/2099911937106797055,2026-09-15T17:23:14.000Z,en,0,0
self-improving,https://x.com/i/status/2099903280889409655,2026-09-15T16:48:51.000Z,en,0,0
self-improving,https://x.com/i/status/2099901375207649506,2026-09-15T16:41:16.000Z,en,51,17
self-improving,https://x.com/i/status/2099897031552872713,2026-09-15T16:24:01.000Z,en,1,0
self-improving,https://x.com/i/status/2099896434623692926,2026-09-15T16:21:38.000Z,en,3,0
self-improving,https://x.com/i/status/2099892035750621249,2026-09-15T16:04:10.000Z,en,6,1
self-improving,https://x.com/i/status/2099888488686461114,2026-09-15T15:50:04.000Z,en,3,1
self-improving,https://x.com/i/status/2099881134888816832,2026-09-15T15:20:51.000Z,en,0,0
self-improving,https://x.com/i/status/2099880100770849001,2026-09-15T15:16:44.000Z,en,426,26
self-improving,https://x.com/i/status/2099873492913029386,2026-09-15T14:50:29.000Z,en,14,1
self-improving,https://x.com/i/status/2099868662299509027,2026-09-15T14:31:17.000Z,en,70,17
self-improving,https://x.com/i/status/2099863754364367128,2026-09-15T14:11:47.000Z,en,1,0
self-improving,https://x.com/i/status/2099855777607434276,2026-09-15T13:40:05.000Z,en,25,0
self-improving,https://x.com/i/status/2099854062040543556,2026-09-15T13:33:16.000Z,en,405,32
self-improving,https://x.com/i/status/2099850817905819843,2026-09-15T13:20:22.000Z,en,583,67
self-improving,https://x.com/i/status/2099848214610325597,2026-09-15T13:10:02.000Z,en,41,4
self-improving,https://x.com/i/status/2099846771073577415,2026-09-15T13:04:18.000Z,en,27,1
self-improving,https://x.com/i/status/2099837681396220206,2026-09-15T12:28:10.000Z,en,88,36
self-improving,https://x.com/i/status/2099818587523625339,2026-09-15T11:12:18.000Z,zxx,2,1
self-improving,https://x.com/i/status/2099808288376242606,2026-09-15T10:31:23.000Z,en,0,0
self-improving,https://x.com/i/status/2099807942073819301,2026-09-15T10:30:00.000Z,en,72,31
self-improving,https://x.com/i/status/2099807267730145295,2026-09-15T10:27:19.000Z,en,2,0
self-improving,https://x.com/i/status/2099778894098481357,2026-09-15T08:34:35.000Z,en,0,0
self-improving,https://x.com/i/status/2099771261035401660,2026-09-15T08:04:15.000Z,en,0,0
self-improving,https://x.com/i/status/2099770205178114278,2026-09-15T08:00:03.000Z,en,2,0
self-improving,https://x.com/i/status/2099769292224909588,2026-09-15T07:56:25.000Z,en,0,0
self-improving,https://x.com/i/status/2099765976560800020,2026-09-15T07:43:15.000Z,en,174,41
self-improving,https://x.com/i/status/2099759141950574992,2026-09-15T07:16:05.000Z,en,418,82
self-improving,https://x.com/i/status/2099758734163796311,2026-09-15T07:14:28.000Z,en,2,0
self-improving,https://x.com/i/status/2099748800956973536,2026-09-15T06:35:00.000Z,en,22,7
self-improving,https://x.com/i/status/2099746062361907669,2026-09-15T06:24:07.000Z,en,18,1
self-improving,https://x.com/i/status/2099739990452248618,2026-09-15T05:59:59.000Z,en,0,0
self-improving,https://x.com/i/status/2099728026439426376,2026-09-15T05:12:27.000Z,en,0,0
self-improving,https://x.com/i/status/2099720497852235837,2026-09-15T04:42:32.000Z,en,1,0
self-improving,https://x.com/i/status/2099706534645395844,2026-09-15T03:47:03.000Z,en,97,22
self-improving,https://x.com/i/status/2099703317274538207,2026-09-15T03:34:16.000Z,en,395,88
self-improving,https://x.com/i/status/2099697319923073440,2026-09-15T03:10:26.000Z,ja,2,0
self-improving,https://x.com/i/status/2099677516084502846,2026-09-15T01:51:44.000Z,zxx,4,2
self-improving,https://x.com/i/status/2099677218557542804,2026-09-15T01:50:33.000Z,en,0,0
self-improving,https://x.com/i/status/2099673796839895545,2026-09-15T01:36:57.000Z,en,0,0
self-improving,https://x.com/i/status/2099673257607664083,2026-09-15T01:34:49.000Z,en,0,0
self-improving,https://x.com/i/status/2099672690999128474,2026-09-15T01:32:34.000Z,en,0,1
self-improving,https://x.com/i/status/2099659540916846842,2026-09-15T00:40:18.000Z,en,0,0
self-improving,https://x.com/i/status/2099649647883309208,2026-09-15T00:01:00.000Z,en,6,1
self-improving,https://x.com/i/status/2099605761173156194,2026-09-14T21:06:36.000Z,en,54,4
self-improving,https://x.com/i/status/2099599032037388404,2026-09-14T20:39:52.000Z,en,1406,109
self-improving,https://x.com/i/status/2099598753737163188,2026-09-14T20:38:46.000Z,en,1,0
self-improving,https://x.com/i/status/2099587552894173492,2026-09-14T19:54:15.000Z,en,13,1
self-improving,https://x.com/i/status/2099587514680148176,2026-09-14T19:54:06.000Z,en,20,5
self-improving,https://x.com/i/status/2099584610564993410,2026-09-14T19:42:34.000Z,en,2,0
self-improving,https://x.com/i/status/2099583357847822538,2026-09-14T19:37:35.000Z,en,128,15
self-improving,https://x.com/i/status/2099581821734264835,2026-09-14T19:31:29.000Z,en,158,34
self-improving,https://x.com/i/status/2099575163524366788,2026-09-14T19:05:01.000Z,en,0,0
self-improving,https://x.com/i/status/2099571827240587720,2026-09-14T18:51:46.000Z,en,32,0
self-improving,https://x.com/i/status/2099565601312166157,2026-09-14T18:27:02.000Z,en,978,85
self-improving,https://x.com/i/status/2099559574109827498,2026-09-14T18:03:05.000Z,en,5,0
self-improving,https://x.com/i/status/2099558287549083648,2026-09-14T17:57:58.000Z,en,113,12
self-improving,https://x.com/i/status/2099554331410235496,2026-09-14T17:42:15.000Z,zh,0,0
self-improving,https://x.com/i/status/2099551895073554904,2026-09-14T17:32:34.000Z,en,3,0
self-improving,https://x.com/i/status/2099551508266455256,2026-09-14T17:31:02.000Z,en,1,1
self-improving,https://x.com/i/status/2099551280565776493,2026-09-14T17:30:07.000Z,en,6,1
self-improving,https://x.com/i/status/2099547400226373986,2026-09-14T17:14:42.000Z,zxx,4,0
self-improving,https://x.com/i/status/2099546066077028695,2026-09-14T17:09:24.000Z,en,5,1
self-improving,https://x.com/i/status/2099545638950109528,2026-09-14T17:07:42.000Z,en,26,0
self-improving,https://x.com/i/status/2099540530552099262,2026-09-14T16:47:24.000Z,en,3,1
self-improving,https://x.com/i/status/2099540478832078921,2026-09-14T16:47:12.000Z,en,1,0
self-improving,https://x.com/i/status/2099538678288654364,2026-09-14T16:40:03.000Z,en,59,0
self-improving,https://x.com/i/status/2099537062751817806,2026-09-14T16:33:37.000Z,zxx,13,7
self-improving,https://x.com/i/status/2099535559744205255,2026-09-14T16:27:39.000Z,en,0,0
self-improving,https://x.com/i/status/2099533178247729586,2026-09-14T16:18:11.000Z,en,0,0
self-improving,https://x.com/i/status/2099531243486417342,2026-09-14T16:10:30.000Z,en,12,0
self-improving,https://x.com/i/status/2099528620834201988,2026-09-14T16:00:05.000Z,en,1,0
self-improving,https://x.com/i/status/2099525229378990248,2026-09-14T15:46:36.000Z,en,2,0
self-improving,https://x.com/i/status/2099511934429110398,2026-09-14T14:53:46.000Z,en,2,1
improve-codebase-architecture,https://x.com/i/status/2098654591164330352,2026-09-12T06:07:00.000Z,zh,16,4
improve-codebase-architecture,https://x.com/i/status/2098598093281538309,2026-09-12T02:22:30.000Z,en,0,0
improve-codebase-architecture,https://x.com/i/status/2098365940295708956,2026-09-11T11:00:00.000Z,en,2,0
ontology,https://x.com/i/status/2100095533775724818,2026-09-16T05:32:47.000Z,en,0,0
ontology,https://x.com/i/status/2100052111547596948,2026-09-16T02:40:15.000Z,zxx,1,0
ontology,https://x.com/i/status/2100039634411499618,2026-09-16T01:50:40.000Z,en,0,0
ontology,https://x.com/i/status/2100034349374795976,2026-09-16T01:29:40.000Z,en,0,0
ontology,https://x.com/i/status/2100032419936018846,2026-09-16T01:22:00.000Z,zxx,0,0
ontology,https://x.com/i/status/2099985313745502414,2026-09-15T22:14:49.000Z,zxx,0,0
ontology,https://x.com/i/status/2099956640737001481,2026-09-15T20:20:53.000Z,en,1,0
ontology,https://x.com/i/status/2099949445400207813,2026-09-15T19:52:17.000Z,en,0,0
ontology,https://x.com/i/status/2099949001004949858,2026-09-15T19:50:31.000Z,zxx,1,0
ontology,https://x.com/i/status/2099936462569382009,2026-09-15T19:00:42.000Z,en,0,0
ontology,https://x.com/i/status/2099930048056688755,2026-09-15T18:35:12.000Z,en,1,0
ontology,https://x.com/i/status/2099920810848989327,2026-09-15T17:58:30.000Z,en,0,0
ontology,https://x.com/i/status/2099915328658510281,2026-09-15T17:36:43.000Z,en,1,0
ontology,https://x.com/i/status/2099898233522913652,2026-09-15T16:28:47.000Z,en,5,1
ontology,https://x.com/i/status/2099892106206888375,2026-09-15T16:04:26.000Z,en,0,0
ontology,https://x.com/i/status/2099890260780216678,2026-09-15T15:57:06.000Z,en,0,0
ontology,https://x.com/i/status/2099883923543130281,2026-09-15T15:31:55.000Z,en,67,0
ontology,https://x.com/i/status/2099883718752321768,2026-09-15T15:31:07.000Z,zxx,55,7
ontology,https://x.com/i/status/2099879746691866708,2026-09-15T15:15:20.000Z,zxx,3,0
ontology,https://x.com/i/status/2099873232077934824,2026-09-15T14:49:26.000Z,en,0,0
ontology,https://x.com/i/status/2099865915794080063,2026-09-15T14:20:22.000Z,zh,0,0
ontology,https://x.com/i/status/2099863177655668763,2026-09-15T14:09:29.000Z,zxx,9,2
ontology,https://x.com/i/status/2099857059235725319,2026-09-15T13:45:11.000Z,zxx,16,7
ontology,https://x.com/i/status/2099855136977731798,2026-09-15T13:37:32.000Z,en,1,0
ontology,https://x.com/i/status/2099841746071109877,2026-09-15T12:44:20.000Z,en,3,0
ontology,https://x.com/i/status/2099838564305690948,2026-09-15T12:31:41.000Z,en,2,0
ontology,https://x.com/i/status/2099813229291823399,2026-09-15T10:51:01.000Z,en,3,0
ontology,https://x.com/i/status/2099811608604389645,2026-09-15T10:44:34.000Z,en,0,0
ontology,https://x.com/i/status/2099803692979437733,2026-09-15T10:13:07.000Z,en,1,0
ontology,https://x.com/i/status/2099794847041503362,2026-09-15T09:37:58.000Z,zxx,0,0
ontology,https://x.com/i/status/2099761116465537289,2026-09-15T07:23:56.000Z,en,2,1
ontology,https://x.com/i/status/2099755499592020377,2026-09-15T07:01:37.000Z,zxx,2,0
ontology,https://x.com/i/status/2099754476248969700,2026-09-15T06:57:33.000Z,en,2,0
ontology,https://x.com/i/status/2099753714760515916,2026-09-15T06:54:31.000Z,en,0,0
ontology,https://x.com/i/status/2099752953536196907,2026-09-15T06:51:30.000Z,en,0,0
ontology,https://x.com/i/status/2099741508270530781,2026-09-15T06:06:01.000Z,zh,5,1
ontology,https://x.com/i/status/2099721861768806623,2026-09-15T04:47:57.000Z,zh,4,0
ontology,https://x.com/i/status/2099713568577028160,2026-09-15T04:15:00.000Z,en,4,0
ontology,https://x.com/i/status/2099701245615517983,2026-09-15T03:26:02.000Z,en,0,0
ontology,https://x.com/i/status/2099694107799237055,2026-09-15T02:57:40.000Z,en,2,0
ontology,https://x.com/i/status/2099691263876604377,2026-09-15T02:46:22.000Z,en,0,0
ontology,https://x.com/i/status/2099663169446969491,2026-09-15T00:54:44.000Z,zxx,183,28
ontology,https://x.com/i/status/2099653785769656364,2026-09-15T00:17:26.000Z,en,0,0
ontology,https://x.com/i/status/2099649728346767381,2026-09-15T00:01:19.000Z,ko,23,7
ontology,https://x.com/i/status/2099636813132337432,2026-09-14T23:10:00.000Z,en,3,0
ontology,https://x.com/i/status/2099562724879647050,2026-09-14T18:15:36.000Z,en,0,0
ontology,https://x.com/i/status/2099560473675153798,2026-09-14T18:06:39.000Z,en,7,1
ontology,https://x.com/i/status/2099550570541384064,2026-09-14T17:27:18.000Z,zxx,2,0
ontology,https://x.com/i/status/2099545213580533973,2026-09-14T17:06:01.000Z,en,0,0
ontology,https://x.com/i/status/2099540357293687167,2026-09-14T16:46:43.000Z,zxx,0,0
ontology,https://x.com/i/status/2099530925633868135,2026-09-14T16:09:14.000Z,zh,92,19
ontology,https://x.com/i/status/2099528592531001825,2026-09-14T15:59:58.000Z,en,1866,345
ontology,https://x.com/i/status/2099512854680412494,2026-09-14T14:57:26.000Z,en,133,15
ontology,https://x.com/i/status/2099502455885033565,2026-09-14T14:16:07.000Z,en,0,0
ontology,https://x.com/i/status/2099496961074516227,2026-09-14T13:54:16.000Z,zh,33,6
ontology,https://x.com/i/status/2099490647736479864,2026-09-14T13:29:11.000Z,en,5,1
ontology,https://x.com/i/status/2099482472819925140,2026-09-14T12:56:42.000Z,en,1,0
ontology,https://x.com/i/status/2099448124658135546,2026-09-14T10:40:13.000Z,en,16,2
ontology,https://x.com/i/status/2099444198449545442,2026-09-14T10:24:37.000Z,en,0,0
ontology,https://x.com/i/status/2099444075904577848,2026-09-14T10:24:08.000Z,en,0,0
ontology,https://x.com/i/status/2099443713311129936,2026-09-14T10:22:41.000Z,en,0,0
ontology,https://x.com/i/status/2099442586783994229,2026-09-14T10:18:13.000Z,en,0,0
ontology,https://x.com/i/status/2099442333523567030,2026-09-14T10:17:12.000Z,en,0,0
ontology,https://x.com/i/status/2099437412162195740,2026-09-14T09:57:39.000Z,en,1,0
ontology,https://x.com/i/status/2099427207328493579,2026-09-14T09:17:06.000Z,en,2,0
ontology,https://x.com/i/status/2099377106866380930,2026-09-14T05:58:01.000Z,ja,2,0
ontology,https://x.com/i/status/2099291609103733172,2026-09-14T00:18:17.000Z,en,0,0
ontology,https://x.com/i/status/2099286083376648496,2026-09-13T23:56:19.000Z,en,10,0
ontology,https://x.com/i/status/2099267267573981413,2026-09-13T22:41:33.000Z,en,1,1
ontology,https://x.com/i/status/2099257227425239112,2026-09-13T22:01:39.000Z,zxx,0,0
ontology,https://x.com/i/status/2099239208191750262,2026-09-13T20:50:03.000Z,en,0,0
ontology,https://x.com/i/status/2099239177107771632,2026-09-13T20:49:56.000Z,en,0,0
ontology,https://x.com/i/status/2099225809223323736,2026-09-13T19:56:49.000Z,en,65,3
ontology,https://x.com/i/status/2099218424677409000,2026-09-13T19:27:28.000Z,en,7,2
ontology,https://x.com/i/status/2099205674370466114,2026-09-13T18:36:48.000Z,en,1,0
ontology,https://x.com/i/status/2099179628346630211,2026-09-13T16:53:18.000Z,en,0,0
ontology,https://x.com/i/status/2099165706616983573,2026-09-13T15:57:59.000Z,en,0,0
ontology,https://x.com/i/status/2099164721983418527,2026-09-13T15:54:04.000Z,en,6,1
ontology,https://x.com/i/status/2099149131667411210,2026-09-13T14:52:07.000Z,en,2,0
ontology,https://x.com/i/status/2099144723147681878,2026-09-13T14:34:36.000Z,en,4,0
ontology,https://x.com/i/status/2099141827173720261,2026-09-13T14:23:06.000Z,en,5,0
ontology,https://x.com/i/status/2099136876267368554,2026-09-13T14:03:26.000Z,en,1,1
ontology,https://x.com/i/status/2099136843887583360,2026-09-13T14:03:18.000Z,en,0,0
ontology,https://x.com/i/status/2099125892501098562,2026-09-13T13:19:47.000Z,en,0,0
ontology,https://x.com/i/status/2099111872641352013,2026-09-13T12:24:04.000Z,en,0,0
ontology,https://x.com/i/status/2099109550238433534,2026-09-13T12:14:51.000Z,en,0,0
ontology,https://x.com/i/status/2099085215113081315,2026-09-13T10:38:09.000Z,en,0,0
ontology,https://x.com/i/status/2099054008308764864,2026-09-13T08:34:08.000Z,en,0,0
ontology,https://x.com/i/status/2099045360316579875,2026-09-13T07:59:46.000Z,en,0,0
ontology,https://x.com/i/status/2099043756301254750,2026-09-13T07:53:24.000Z,en,0,0
ontology,https://x.com/i/status/2099017622503461365,2026-09-13T06:09:33.000Z,en,1,0
ontology,https://x.com/i/status/2099000423554433067,2026-09-13T05:01:13.000Z,zxx,15,2
ontology,https://x.com/i/status/2098990543011213748,2026-09-13T04:21:57.000Z,pt,2,1
ontology,https://x.com/i/status/2098982331541557285,2026-09-13T03:49:19.000Z,zh,23,2
ontology,https://x.com/i/status/2098981811863056509,2026-09-13T03:47:15.000Z,en,0,0
ontology,https://x.com/i/status/2098940910608200154,2026-09-13T01:04:44.000Z,en,1,0
ontology,https://x.com/i/status/2098927606582415378,2026-09-13T00:11:52.000Z,en,16,4
ontology,https://x.com/i/status/2098926652923466035,2026-09-13T00:08:04.000Z,en,4,0
ontology,https://x.com/i/status/2098918127598006616,2026-09-12T23:34:12.000Z,en,3,2
ontology,https://x.com/i/status/2098909971631231360,2026-09-12T23:01:47.000Z,en,1,0
tdd,https://x.com/i/status/2100103805081952390,2026-09-16T06:05:39.000Z,zxx,2,0
tdd,https://x.com/i/status/2100092411729072350,2026-09-16T05:20:23.000Z,en,0,0
tdd,https://x.com/i/status/2100060387538591748,2026-09-16T03:13:08.000Z,fr,0,0
tdd,https://x.com/i/status/2100060358409097456,2026-09-16T03:13:01.000Z,es,0,0
tdd,https://x.com/i/status/2100060331167064484,2026-09-16T03:12:54.000Z,zh,0,0
tdd,https://x.com/i/status/2100060283133927715,2026-09-16T03:12:43.000Z,en,0,0
tdd,https://x.com/i/status/2100053410640998731,2026-09-16T02:45:24.000Z,zh,0,0
tdd,https://x.com/i/status/2100053210887278912,2026-09-16T02:44:37.000Z,zxx,0,0
tdd,https://x.com/i/status/2100048629524492418,2026-09-16T02:26:24.000Z,fr,0,0
tdd,https://x.com/i/status/2100038520765288560,2026-09-16T01:46:14.000Z,ko,7,1
tdd,https://x.com/i/status/2100030642994233475,2026-09-16T01:14:56.000Z,fr,0,0
tdd,https://x.com/i/status/2100030622366617957,2026-09-16T01:14:51.000Z,es,0,0
tdd,https://x.com/i/status/2100027245318332844,2026-09-16T01:01:26.000Z,en,1,0
tdd,https://x.com/i/status/2100024846721622458,2026-09-16T00:51:54.000Z,en,0,0
tdd,https://x.com/i/status/2100024643398902024,2026-09-16T00:51:06.000Z,zh,0,0
tdd,https://x.com/i/status/2100020518275387494,2026-09-16T00:34:42.000Z,en,1,0
tdd,https://x.com/i/status/2099967876811604199,2026-09-15T21:05:32.000Z,fr,0,0
tdd,https://x.com/i/status/2099868340244152516,2026-09-15T14:30:00.000Z,en,15,5
tdd,https://x.com/i/status/2099832738542964914,2026-09-15T12:08:32.000Z,en,76,1
tdd,https://x.com/i/status/2099831286663876819,2026-09-15T12:02:46.000Z,en,0,0
tdd,https://x.com/i/status/2099819052780659133,2026-09-15T11:14:09.000Z,es,2,0
tdd,https://x.com/i/status/2099785779329237008,2026-09-15T09:01:56.000Z,zxx,3,0
tdd,https://x.com/i/status/2099771596739113282,2026-09-15T08:05:35.000Z,ja,4,0
tdd,https://x.com/i/status/2099752559321711021,2026-09-15T06:49:56.000Z,en,1,0
tdd,https://x.com/i/status/2099706964846805391,2026-09-15T03:48:45.000Z,en,9,2
tdd,https://x.com/i/status/2099694341434614072,2026-09-15T02:58:36.000Z,en,2,0
tdd,https://x.com/i/status/2099687245305557076,2026-09-15T02:30:24.000Z,en,0,0
tdd,https://x.com/i/status/2099661253715370413,2026-09-15T00:47:07.000Z,zh,52,11
tdd,https://x.com/i/status/2099643125493027198,2026-09-14T23:35:05.000Z,ko,11,8
tdd,https://x.com/i/status/2099536820350664993,2026-09-14T16:32:40.000Z,en,2,0
tdd,https://x.com/i/status/2099533739437244691,2026-09-14T16:20:25.000Z,en,0,0
tdd,https://x.com/i/status/2099499437068357915,2026-09-14T14:04:07.000Z,en,2338,298
tdd,https://x.com/i/status/2099485886979174438,2026-09-14T13:10:16.000Z,en,0,0
tdd,https://x.com/i/status/2099476514823885211,2026-09-14T12:33:02.000Z,en,23,11
tdd,https://x.com/i/status/2099463346395468233,2026-09-14T11:40:42.000Z,en,0,0
tdd,https://x.com/i/status/2099418061631586729,2026-09-14T08:40:45.000Z,en,20,0
tdd,https://x.com/i/status/2099414674785902887,2026-09-14T08:27:18.000Z,en,2,0
tdd,https://x.com/i/status/2099405149588578339,2026-09-14T07:49:27.000Z,zh,0,0
tdd,https://x.com/i/status/2099381147021332841,2026-09-14T06:14:04.000Z,en,0,0
tdd,https://x.com/i/status/2099347154707915215,2026-09-14T03:59:00.000Z,zh,74,6
tdd,https://x.com/i/status/2099343842713780422,2026-09-14T03:45:50.000Z,ja,0,0
tdd,https://x.com/i/status/2099340868474048906,2026-09-14T03:34:01.000Z,zh,0,0
tdd,https://x.com/i/status/2099324897474367832,2026-09-14T02:30:33.000Z,zxx,0,0
tdd,https://x.com/i/status/2099247802950070592,2026-09-13T21:24:13.000Z,zxx,0,0
tdd,https://x.com/i/status/2099149200332329276,2026-09-13T14:52:24.000Z,en,1,0
tdd,https://x.com/i/status/2099125892501098562,2026-09-13T13:19:47.000Z,en,0,0
tdd,https://x.com/i/status/2099028852282654954,2026-09-13T06:54:11.000Z,zh,8,2
tdd,https://x.com/i/status/2099025684119289947,2026-09-13T06:41:35.000Z,zh,0,0
tdd,https://x.com/i/status/2099025646672355549,2026-09-13T06:41:26.000Z,zh,0,0
tdd,https://x.com/i/status/2099011141594947919,2026-09-13T05:43:48.000Z,ja,0,0
tdd,https://x.com/i/status/2098867971276112342,2026-09-12T20:14:54.000Z,en,0,0
tdd,https://x.com/i/status/2098780159625294059,2026-09-12T14:25:58.000Z,en,0,0
tdd,https://x.com/i/status/2098780152042000582,2026-09-12T14:25:56.000Z,en,0,0
tdd,https://x.com/i/status/2098767869719036274,2026-09-12T13:37:08.000Z,zxx,0,0
tdd,https://x.com/i/status/2098715487983030527,2026-09-12T10:08:59.000Z,en,4,0
tdd,https://x.com/i/status/2098690578775204342,2026-09-12T08:30:00.000Z,en,1,0
tdd,https://x.com/i/status/2098682837490901075,2026-09-12T07:59:14.000Z,ja,25,0
tdd,https://x.com/i/status/2098660330591420498,2026-09-12T06:29:48.000Z,en,0,0
tdd,https://x.com/i/status/2098654591164330352,2026-09-12T06:07:00.000Z,zh,16,4
tdd,https://x.com/i/status/2098637478500376801,2026-09-12T04:59:00.000Z,zh,11,0
tdd,https://x.com/i/status/2098623818776653936,2026-09-12T04:04:43.000Z,en,1,0
tdd,https://x.com/i/status/2098621355373834538,2026-09-12T03:54:56.000Z,en,0,0
tdd,https://x.com/i/status/2098600371866468376,2026-09-12T02:31:33.000Z,en,0,0
tdd,https://x.com/i/status/2098574213657293311,2026-09-12T00:47:36.000Z,en,0,0
tdd,https://x.com/i/status/2098569533250273420,2026-09-12T00:29:00.000Z,en,20,4
tdd,https://x.com/i/status/2098459215140626441,2026-09-11T17:10:39.000Z,en,1,0
tdd,https://x.com/i/status/2098456484602368042,2026-09-11T16:59:48.000Z,es,7,0
tdd,https://x.com/i/status/2098426275064848870,2026-09-11T14:59:45.000Z,en,0,0
tdd,https://x.com/i/status/2098387679524073536,2026-09-11T12:26:23.000Z,es,0,0
tdd,https://x.com/i/status/2098354043999387882,2026-09-11T10:12:44.000Z,en,1,0
tdd,https://x.com/i/status/2098353629631582419,2026-09-11T10:11:05.000Z,en,0,0
tdd,https://x.com/i/status/2098352248007147899,2026-09-11T10:05:36.000Z,zh,9,0
tdd,https://x.com/i/status/2098346797584322708,2026-09-11T09:43:56.000Z,en,0,0
tdd,https://x.com/i/status/2098335833984258470,2026-09-11T09:00:22.000Z,en,2,0
tdd,https://x.com/i/status/2098335080850571510,2026-09-11T08:57:23.000Z,en,0,0
tdd,https://x.com/i/status/2098328766615629873,2026-09-11T08:32:17.000Z,ja,0,0
tdd,https://x.com/i/status/2098315079595036773,2026-09-11T07:37:54.000Z,en,2,0
tdd,https://x.com/i/status/2098277412652097625,2026-09-11T05:08:13.000Z,zh,0,0
tdd,https://x.com/i/status/2098277103766851721,2026-09-11T05:07:00.000Z,zh,23,2
tdd,https://x.com/i/status/2098266145556144598,2026-09-11T04:23:27.000Z,ja,7,3
tdd,https://x.com/i/status/2098261376473116988,2026-09-11T04:04:30.000Z,en,1,0
tdd,https://x.com/i/status/2098253699537850471,2026-09-11T03:34:00.000Z,zh,3,0
tdd,https://x.com/i/status/2098225671285715123,2026-09-11T01:42:37.000Z,en,0,0
tdd,https://x.com/i/status/2098223012105621760,2026-09-11T01:32:03.000Z,en,0,0
tdd,https://x.com/i/status/2098204571239899415,2026-09-11T00:18:47.000Z,zh,0,0
tdd,https://x.com/i/status/2098184002515665147,2026-09-10T22:57:03.000Z,ja,0,0
tdd,https://x.com/i/status/2098158764763332910,2026-09-10T21:16:46.000Z,en,0,0
tdd,https://x.com/i/status/2098154603976003760,2026-09-10T21:00:14.000Z,en,0,0
tdd,https://x.com/i/status/2098117746932207950,2026-09-10T18:33:46.000Z,fr,0,0
tdd,https://x.com/i/status/2098111965700719039,2026-09-10T18:10:48.000Z,en,8,0
tdd,https://x.com/i/status/2098109586104603116,2026-09-10T18:01:20.000Z,en,1,0
tdd,https://x.com/i/status/2098094480402661606,2026-09-10T17:01:19.000Z,en,0,0
tdd,https://x.com/i/status/2098082922771152921,2026-09-10T16:15:23.000Z,en,0,0
tdd,https://x.com/i/status/2098080535192932573,2026-09-10T16:05:54.000Z,en,10,2
tdd,https://x.com/i/status/2098077723302428745,2026-09-10T15:54:44.000Z,en,127,23
tdd,https://x.com/i/status/2098044659344048423,2026-09-10T13:43:21.000Z,zh,6,0
tdd,https://x.com/i/status/2098022629643096106,2026-09-10T12:15:48.000Z,en,0,0
tdd,https://x.com/i/status/2097973404179583225,2026-09-10T09:00:12.000Z,en,637,44
tdd,https://x.com/i/status/2097928435788296670,2026-09-10T06:01:31.000Z,en,0,0
tdd,https://x.com/i/status/2097914418344681926,2026-09-10T05:05:49.000Z,en,1,0
github,https://x.com/i/status/2100106788125159901,2026-09-16T06:17:31.000Z,en,15,15
github,https://x.com/i/status/2100106358226104352,2026-09-16T06:15:48.000Z,ja,0,0
github,https://x.com/i/status/2100106269646266416,2026-09-16T06:15:27.000Z,en,0,0
github,https://x.com/i/status/2100105926388670586,2026-09-16T06:14:05.000Z,en,0,0
github,https://x.com/i/status/2100105005818581096,2026-09-16T06:10:26.000Z,en,0,0
github,https://x.com/i/status/2100104464531394722,2026-09-16T06:08:17.000Z,zxx,0,0
github,https://x.com/i/status/2100103805081952390,2026-09-16T06:05:39.000Z,zxx,2,0
github,https://x.com/i/status/2100103635212640397,2026-09-16T06:04:59.000Z,zxx,1,0
github,https://x.com/i/status/2100103561619354005,2026-09-16T06:04:41.000Z,ja,2,0
github,https://x.com/i/status/2100102129226588583,2026-09-16T05:59:00.000Z,ko,2,0
github,https://x.com/i/status/2100101200914035104,2026-09-16T05:55:18.000Z,zxx,0,0
github,https://x.com/i/status/2100100961318670400,2026-09-16T05:54:21.000Z,en,0,0
github,https://x.com/i/status/2100099233802277110,2026-09-16T05:47:29.000Z,zxx,2,0
github,https://x.com/i/status/2100099076893335623,2026-09-16T05:46:52.000Z,en,0,0
github,https://x.com/i/status/2100098705630396696,2026-09-16T05:45:24.000Z,zh,2,1
github,https://x.com/i/status/2100098690967122068,2026-09-16T05:45:20.000Z,zh,0,0
github,https://x.com/i/status/2100098346744496370,2026-09-16T05:43:58.000Z,en,0,0
github,https://x.com/i/status/2100097229277249541,2026-09-16T05:39:32.000Z,en,0,0
github,https://x.com/i/status/2100097179591520356,2026-09-16T05:39:20.000Z,en,0,0
github,https://x.com/i/status/2100096915224326163,2026-09-16T05:38:17.000Z,zxx,0,0
github,https://x.com/i/status/2100095905932390706,2026-09-16T05:34:16.000Z,vi,0,0
github,https://x.com/i/status/2100095830413701445,2026-09-16T05:33:58.000Z,zh,13,1
github,https://x.com/i/status/2100094863836340331,2026-09-16T05:30:08.000Z,en,3,1
github,https://x.com/i/status/2100094735142834206,2026-09-16T05:29:37.000Z,zh,2,0
github,https://x.com/i/status/2100094613419597930,2026-09-16T05:29:08.000Z,en,0,0
github,https://x.com/i/status/2100094282787119160,2026-09-16T05:27:49.000Z,en,17,0
github,https://x.com/i/status/2100094086040736005,2026-09-16T05:27:02.000Z,en,0,0
github,https://x.com/i/status/2100094058047914192,2026-09-16T05:26:55.000Z,en,0,0
github,https://x.com/i/status/2100093818364375342,2026-09-16T05:25:58.000Z,en,0,0
github,https://x.com/i/status/2100093373612998909,2026-09-16T05:24:12.000Z,zh,3,1
github,https://x.com/i/status/2100093207744774276,2026-09-16T05:23:33.000Z,en,0,0
github,https://x.com/i/status/2100092771713663192,2026-09-16T05:21:49.000Z,ja,2,0
github,https://x.com/i/status/2100092736133017901,2026-09-16T05:21:40.000Z,en,1,0
github,https://x.com/i/status/2100092597310296237,2026-09-16T05:21:07.000Z,en,0,0
github,https://x.com/i/status/2100092499964441010,2026-09-16T05:20:44.000Z,en,4,0
github,https://x.com/i/status/2100091271926956430,2026-09-16T05:15:51.000Z,ca,0,0
github,https://x.com/i/status/2100089849457832248,2026-09-16T05:10:12.000Z,zh,0,1
github,https://x.com/i/status/2100089294543269921,2026-09-16T05:08:00.000Z,zh,0,0
github,https://x.com/i/status/2100087857314512995,2026-09-16T05:02:17.000Z,en,1,1
github,https://x.com/i/status/2100087269319233540,2026-09-16T04:59:57.000Z,en,0,0
github,https://x.com/i/status/2100086423877832784,2026-09-16T04:56:35.000Z,en,11,0
github,https://x.com/i/status/2100086274501779963,2026-09-16T04:56:00.000Z,en,0,0
github,https://x.com/i/status/2100086120037875759,2026-09-16T04:55:23.000Z,en,3,0
github,https://x.com/i/status/2100086022856135140,2026-09-16T04:55:00.000Z,zh,0,0
github,https://x.com/i/status/2100084840628641863,2026-09-16T04:50:18.000Z,en,1,1
github,https://x.com/i/status/2100084603197476949,2026-09-16T04:49:21.000Z,zh,6,0
github,https://x.com/i/status/2100084553809608911,2026-09-16T04:49:09.000Z,zh,0,0
github,https://x.com/i/status/2100084395277512993,2026-09-16T04:48:32.000Z,zh,1,0
github,https://x.com/i/status/2100083963003826248,2026-09-16T04:46:49.000Z,ar,0,0
github,https://x.com/i/status/2100083613421465894,2026-09-16T04:45:25.000Z,en,2,1
github,https://x.com/i/status/2100083457762406499,2026-09-16T04:44:48.000Z,en,6,0
github,https://x.com/i/status/2100083127008002537,2026-09-16T04:43:29.000Z,zh,0,0
github,https://x.com/i/status/2100083104698232998,2026-09-16T04:43:24.000Z,zxx,0,0
github,https://x.com/i/status/2100082834878927235,2026-09-16T04:42:20.000Z,zh,0,0
github,https://x.com/i/status/2100082551734018488,2026-09-16T04:41:12.000Z,zh,0,0
github,https://x.com/i/status/2100081867235954698,2026-09-16T04:38:29.000Z,zxx,3,0
github,https://x.com/i/status/2100081834470306276,2026-09-16T04:38:21.000Z,en,26,2
github,https://x.com/i/status/2100081821639971129,2026-09-16T04:38:18.000Z,zxx,0,0
github,https://x.com/i/status/2100080486400065891,2026-09-16T04:33:00.000Z,en,0,0
github,https://x.com/i/status/2100080482075722029,2026-09-16T04:32:59.000Z,en,3,2
github,https://x.com/i/status/2100079833669574782,2026-09-16T04:30:24.000Z,en,8,0
github,https://x.com/i/status/2100079734667247872,2026-09-16T04:30:00.000Z,en,0,0
github,https://x.com/i/status/2100078277562135013,2026-09-16T04:24:13.000Z,zxx,17,2
github,https://x.com/i/status/2100078076176855041,2026-09-16T04:23:25.000Z,zh,1,0
github,https://x.com/i/status/2100078047739396323,2026-09-16T04:23:18.000Z,ja,1,0
github,https://x.com/i/status/2100076088332546487,2026-09-16T04:15:31.000Z,en,2,0
github,https://x.com/i/status/2100075704985567647,2026-09-16T04:14:00.000Z,en,0,0
github,https://x.com/i/status/2100075692671037735,2026-09-16T04:13:57.000Z,en,4,0
github,https://x.com/i/status/2100075545987846201,2026-09-16T04:13:22.000Z,en,0,0
github,https://x.com/i/status/2100074809933664450,2026-09-16T04:10:26.000Z,es,1,0
github,https://x.com/i/status/2100074765801459998,2026-09-16T04:10:16.000Z,en,10,0
github,https://x.com/i/status/2100074744527847435,2026-09-16T04:10:11.000Z,en,4,0
github,https://x.com/i/status/2100074168054411316,2026-09-16T04:07:53.000Z,ja,1,0
github,https://x.com/i/status/2100074153533436247,2026-09-16T04:07:50.000Z,en,0,0
github,https://x.com/i/status/2100073509468987599,2026-09-16T04:05:16.000Z,en,0,0
github,https://x.com/i/status/2100072259142721771,2026-09-16T04:00:18.000Z,zxx,1,0
github,https://x.com/i/status/2100071908431503772,2026-09-16T03:58:55.000Z,en,1,0
github,https://x.com/i/status/2100071434349584441,2026-09-16T03:57:02.000Z,zh,0,0
github,https://x.com/i/status/2100071426825019722,2026-09-16T03:57:00.000Z,zh,0,0
github,https://x.com/i/status/2100071314589618578,2026-09-16T03:56:33.000Z,zxx,0,0
github,https://x.com/i/status/2100070170760995092,2026-09-16T03:52:00.000Z,ja,0,0
github,https://x.com/i/status/2100069416071225453,2026-09-16T03:49:00.000Z,ja,1,0
github,https://x.com/i/status/2100069340309836023,2026-09-16T03:48:42.000Z,zh,0,0
github,https://x.com/i/status/2100066575760200035,2026-09-16T03:37:43.000Z,zh,1,0
github,https://x.com/i/status/2100065645174145405,2026-09-16T03:34:01.000Z,zxx,0,0
github,https://x.com/i/status/2100064932360241217,2026-09-16T03:31:11.000Z,en,1,0
github,https://x.com/i/status/2100064556676755916,2026-09-16T03:29:42.000Z,en,0,0
github,https://x.com/i/status/2100064402212855929,2026-09-16T03:29:05.000Z,zh,1,0
github,https://x.com/i/status/2100063910711775460,2026-09-16T03:27:08.000Z,ko,3,1
github,https://x.com/i/status/2100063122224796136,2026-09-16T03:24:00.000Z,ja,0,0
github,https://x.com/i/status/2100062574528360928,2026-09-16T03:21:49.000Z,zh,0,0
github,https://x.com/i/status/2100061360881283240,2026-09-16T03:17:00.000Z,zh,0,0
github,https://x.com/i/status/2100061354476654906,2026-09-16T03:16:58.000Z,ja,1,0
github,https://x.com/i/status/2100060959784010046,2026-09-16T03:15:24.000Z,en,0,0
github,https://x.com/i/status/2100060102837305591,2026-09-16T03:12:00.000Z,en,0,1
github,https://x.com/i/status/2100060039897641168,2026-09-16T03:11:45.000Z,zh,6,0
github,https://x.com/i/status/2100059838751617402,2026-09-16T03:10:57.000Z,ja,0,0
github,https://x.com/i/status/2100059236990689363,2026-09-16T03:08:33.000Z,zxx,18,2
github,https://x.com/i/status/2100058828624846920,2026-09-16T03:06:56.000Z,en,0,0
github,https://x.com/i/status/2100058602572501249,2026-09-16T03:06:02.000Z,en,1,0
frontend-design,https://x.com/i/status/2100094637042208941,2026-09-16T05:29:13.000Z,en,0,0
frontend-design,https://x.com/i/status/2100028214659932570,2026-09-16T01:05:17.000Z,zh,10,5
frontend-design,https://x.com/i/status/2100022713439911943,2026-09-16T00:43:26.000Z,ar,38,2
frontend-design,https://x.com/i/status/2099979027604001096,2026-09-15T21:49:50.000Z,ja,0,0
frontend-design,https://x.com/i/status/2099961969600057604,2026-09-15T20:42:03.000Z,en,8,0
frontend-design,https://x.com/i/status/2099900427441443024,2026-09-15T16:37:30.000Z,en,1,0
frontend-design,https://x.com/i/status/2099899057921503555,2026-09-15T16:32:04.000Z,en,2,0
frontend-design,https://x.com/i/status/2099887813466398928,2026-09-15T15:47:23.000Z,en,5,1
frontend-design,https://x.com/i/status/2099885139731841226,2026-09-15T15:36:45.000Z,en,0,0
frontend-design,https://x.com/i/status/2099795358029115439,2026-09-15T09:40:00.000Z,en,0,0
frontend-design,https://x.com/i/status/2099779047685566903,2026-09-15T08:35:11.000Z,en,0,0
frontend-design,https://x.com/i/status/2099685634910585122,2026-09-15T02:24:00.000Z,ja,192,19
frontend-design,https://x.com/i/status/2099643125493027198,2026-09-14T23:35:05.000Z,ko,11,8
frontend-design,https://x.com/i/status/2099503099110990149,2026-09-14T14:18:40.000Z,en,2,0
frontend-design,https://x.com/i/status/2099448156039631007,2026-09-14T10:40:20.000Z,en,12,0
frontend-design,https://x.com/i/status/2099440273403064816,2026-09-14T10:09:01.000Z,zxx,1,0
frontend-design,https://x.com/i/status/2099410355386818656,2026-09-14T08:10:08.000Z,en,1,0
frontend-design,https://x.com/i/status/2099393459941417276,2026-09-14T07:03:00.000Z,ja,159,16
frontend-design,https://x.com/i/status/2099389959266504819,2026-09-14T06:49:05.000Z,zh,0,0
frontend-design,https://x.com/i/status/2099382043901935629,2026-09-14T06:17:38.000Z,zxx,78,5
frontend-design,https://x.com/i/status/2099380899594858599,2026-09-14T06:13:05.000Z,zh,211,35
frontend-design,https://x.com/i/status/2099260460063228392,2026-09-13T22:14:30.000Z,en,0,0
frontend-design,https://x.com/i/status/2099254308038447392,2026-09-13T21:50:03.000Z,en,2,0
frontend-design,https://x.com/i/status/2099250709732765967,2026-09-13T21:35:46.000Z,en,0,0
frontend-design,https://x.com/i/status/2099224062253826385,2026-09-13T19:49:52.000Z,en,480,76
frontend-design,https://x.com/i/status/2099197364296634831,2026-09-13T18:03:47.000Z,en,10,0
frontend-design,https://x.com/i/status/2099085352266789275,2026-09-13T10:38:41.000Z,en,85,15
frontend-design,https://x.com/i/status/2099074885008175478,2026-09-13T09:57:06.000Z,es,1,0
frontend-design,https://x.com/i/status/2099028852282654954,2026-09-13T06:54:11.000Z,zh,8,2
frontend-design,https://x.com/i/status/2098903484170912094,2026-09-12T22:36:01.000Z,en,0,0
frontend-design,https://x.com/i/status/2098835876105068758,2026-09-12T18:07:22.000Z,en,0,0
frontend-design,https://x.com/i/status/2098806850217017532,2026-09-12T16:12:01.000Z,zxx,140,7
frontend-design,https://x.com/i/status/2098798711023239212,2026-09-12T15:39:41.000Z,pt,0,0
frontend-design,https://x.com/i/status/2098791806615826804,2026-09-12T15:12:15.000Z,en,3,0
frontend-design,https://x.com/i/status/2098790989746041072,2026-09-12T15:09:00.000Z,zh,25,2
frontend-design,https://x.com/i/status/2098778148141981934,2026-09-12T14:17:58.000Z,zh,50,12
frontend-design,https://x.com/i/status/2098771709474083094,2026-09-12T13:52:23.000Z,en,12,2
frontend-design,https://x.com/i/status/2098706507504435684,2026-09-12T09:33:18.000Z,en,73,11
frontend-design,https://x.com/i/status/2098690578775204342,2026-09-12T08:30:00.000Z,en,1,0
frontend-design,https://x.com/i/status/2098683736443527327,2026-09-12T08:02:49.000Z,en,0,0
frontend-design,https://x.com/i/status/2098682531533242775,2026-09-12T07:58:01.000Z,en,0,0
frontend-design,https://x.com/i/status/2098670165710037368,2026-09-12T07:08:53.000Z,en,3,0
frontend-design,https://x.com/i/status/2098652326248493447,2026-09-12T05:58:00.000Z,en,676,93
frontend-design,https://x.com/i/status/2098533559153619341,2026-09-11T22:06:04.000Z,en,3,0
frontend-design,https://x.com/i/status/2098511814447538604,2026-09-11T20:39:39.000Z,en,3,0
frontend-design,https://x.com/i/status/2098490405289705796,2026-09-11T19:14:35.000Z,en,57,4
frontend-design,https://x.com/i/status/2098489852027375784,2026-09-11T19:12:23.000Z,en,724,45
frontend-design,https://x.com/i/status/2098439146625016161,2026-09-11T15:50:54.000Z,en,2,0
frontend-design,https://x.com/i/status/2098415805109244015,2026-09-11T14:18:09.000Z,en,0,0
frontend-design,https://x.com/i/status/2098131495965565245,2026-09-10T19:28:24.000Z,zxx,0,0
frontend-design,https://x.com/i/status/2098079062287643100,2026-09-10T16:00:03.000Z,en,1,0
frontend-design,https://x.com/i/status/2097910254168367560,2026-09-10T04:49:16.000Z,ja,2,0
frontend-design,https://x.com/i/status/2097854262814421060,2026-09-10T01:06:47.000Z,en,0,0
frontend-design,https://x.com/i/status/2097728192668991514,2026-09-09T16:45:49.000Z,en,4,0
frontend-design,https://x.com/i/status/2097673736547618953,2026-09-09T13:09:26.000Z,en,0,0
frontend-design,https://x.com/i/status/2097656824413519981,2026-09-09T12:02:14.000Z,en,38,2
frontend-design,https://x.com/i/status/2097606595454673067,2026-09-09T08:42:38.000Z,en,9,1
frontend-design,https://x.com/i/status/2097586782586233139,2026-09-09T07:23:54.000Z,en,19,2
gog,https://x.com/i/status/2099987659707846716,2026-09-15T22:24:08.000Z,en,0,0
gog,https://x.com/i/status/2099718587682611314,2026-09-15T04:34:56.000Z,en,0,0
gog,https://x.com/i/status/2099638440891441599,2026-09-14T23:16:28.000Z,en,4,0
gog,https://x.com/i/status/2099603193415991429,2026-09-14T20:56:24.000Z,en,1,0
gog,https://x.com/i/status/2099577988845117655,2026-09-14T19:16:15.000Z,en,0,0
gog,https://x.com/i/status/2099471969531945461,2026-09-14T12:14:58.000Z,en,0,0
gog,https://x.com/i/status/2099261673739567563,2026-09-13T22:19:20.000Z,en,0,0
gog,https://x.com/i/status/2099125641048215639,2026-09-13T13:18:47.000Z,en,1,0
gog,https://x.com/i/status/2099092304745091473,2026-09-13T11:06:19.000Z,en,3,0
gog,https://x.com/i/status/2098783224696610839,2026-09-12T14:38:08.000Z,en,0,0
gog,https://x.com/i/status/2098676596190134427,2026-09-12T07:34:26.000Z,fr,1,0
gog,https://x.com/i/status/2098584891294441979,2026-09-12T01:30:02.000Z,in,4,0
gog,https://x.com/i/status/2098533350017237375,2026-09-11T22:05:14.000Z,en,0,0
gog,https://x.com/i/status/2098503831206191426,2026-09-11T20:07:56.000Z,en,1,0
gog,https://x.com/i/status/2097785981093240946,2026-09-09T20:35:27.000Z,en,3,0
gog,https://x.com/i/status/2097626108870930616,2026-09-09T10:00:11.000Z,en,0,0
agent-browser,https://x.com/i/status/2100057838915813419,2026-09-16T03:03:00.000Z,zh,23,1
agent-browser,https://x.com/i/status/2100023963011174709,2026-09-16T00:48:23.000Z,en,0,0
agent-browser,https://x.com/i/status/2099981590806089970,2026-09-15T22:00:01.000Z,ja,5,0
agent-browser,https://x.com/i/status/2099979029583626715,2026-09-15T21:49:51.000Z,ja,0,0
agent-browser,https://x.com/i/status/2099959861005910386,2026-09-15T20:33:40.000Z,en,0,0
agent-browser,https://x.com/i/status/2099949169569906753,2026-09-15T19:51:11.000Z,en,0,0
agent-browser,https://x.com/i/status/2099944176418714043,2026-09-15T19:31:21.000Z,es,0,0
agent-browser,https://x.com/i/status/2099940801639817724,2026-09-15T19:17:56.000Z,en,0,0
agent-browser,https://x.com/i/status/2099922006942646517,2026-09-15T18:03:15.000Z,en,0,0
agent-browser,https://x.com/i/status/2099921817146200319,2026-09-15T18:02:30.000Z,en,1,0
agent-browser,https://x.com/i/status/2099920372829159605,2026-09-15T17:56:46.000Z,en,0,0
agent-browser,https://x.com/i/status/2099918748131930378,2026-09-15T17:50:18.000Z,en,1,0
agent-browser,https://x.com/i/status/2099901322573070608,2026-09-15T16:41:04.000Z,en,0,0
agent-browser,https://x.com/i/status/2099895321945837804,2026-09-15T16:17:13.000Z,zxx,0,0
agent-browser,https://x.com/i/status/2099895124545192044,2026-09-15T16:16:26.000Z,en,0,0
agent-browser,https://x.com/i/status/2099890686485209349,2026-09-15T15:58:48.000Z,en,0,0
agent-browser,https://x.com/i/status/2099887813466398928,2026-09-15T15:47:23.000Z,en,5,1
agent-browser,https://x.com/i/status/2099884937742811245,2026-09-15T15:35:57.000Z,en,3,0
agent-browser,https://x.com/i/status/2099874512225304941,2026-09-15T14:54:32.000Z,en,0,0
agent-browser,https://x.com/i/status/2099868338663137309,2026-09-15T14:30:00.000Z,en,9,0
agent-browser,https://x.com/i/status/2099867022859321769,2026-09-15T14:24:46.000Z,en,0,0
agent-browser,https://x.com/i/status/2099857265247314275,2026-09-15T13:46:00.000Z,es,0,0
agent-browser,https://x.com/i/status/2099852692189249920,2026-09-15T13:27:49.000Z,en,1,0
agent-browser,https://x.com/i/status/2099851994697490631,2026-09-15T13:25:03.000Z,en,0,0
agent-browser,https://x.com/i/status/2099847476169601331,2026-09-15T13:07:06.000Z,en,0,0
agent-browser,https://x.com/i/status/2099843367018312017,2026-09-15T12:50:46.000Z,en,0,0
agent-browser,https://x.com/i/status/2099803525647847434,2026-09-15T10:12:27.000Z,en,1,0
agent-browser,https://x.com/i/status/2099801699779240400,2026-09-15T10:05:12.000Z,en,1,0
agent-browser,https://x.com/i/status/2099799317653401683,2026-09-15T09:55:44.000Z,en,0,0
agent-browser,https://x.com/i/status/2099795358029115439,2026-09-15T09:40:00.000Z,en,0,0
agent-browser,https://x.com/i/status/2099785797201530987,2026-09-15T09:02:00.000Z,en,0,0
agent-browser,https://x.com/i/status/2099779083156824245,2026-09-15T08:35:20.000Z,en,0,0
agent-browser,https://x.com/i/status/2099762659067670942,2026-09-15T07:30:04.000Z,vi,0,0
agent-browser,https://x.com/i/status/2099752277271814576,2026-09-15T06:48:49.000Z,en,0,0
agent-browser,https://x.com/i/status/2099714111105855882,2026-09-15T04:17:09.000Z,en,1,0
agent-browser,https://x.com/i/status/2099685634910585122,2026-09-15T02:24:00.000Z,ja,192,19
agent-browser,https://x.com/i/status/2099669967860011258,2026-09-15T01:21:44.000Z,en,0,0
agent-browser,https://x.com/i/status/2099665825439592699,2026-09-15T01:05:17.000Z,ja,2,0
agent-browser,https://x.com/i/status/2099664548135350737,2026-09-15T01:00:12.000Z,en,0,0
agent-browser,https://x.com/i/status/2099653077016215599,2026-09-15T00:14:37.000Z,en,0,0
agent-browser,https://x.com/i/status/2099638452094386627,2026-09-14T23:16:31.000Z,en,0,0
agent-browser,https://x.com/i/status/2099632726022279537,2026-09-14T22:53:45.000Z,en,0,0
agent-browser,https://x.com/i/status/2099630714798911975,2026-09-14T22:45:46.000Z,qme,0,0
agent-browser,https://x.com/i/status/2099629894405603400,2026-09-14T22:42:30.000Z,en,0,0
agent-browser,https://x.com/i/status/2099629893600571682,2026-09-14T22:42:30.000Z,en,0,0
agent-browser,https://x.com/i/status/2099624236478562772,2026-09-14T22:20:01.000Z,en,5,0
agent-browser,https://x.com/i/status/2099623442286850308,2026-09-14T22:16:52.000Z,en,2,0
agent-browser,https://x.com/i/status/2099622364300628393,2026-09-14T22:12:35.000Z,en,4,0
agent-browser,https://x.com/i/status/2099621387732140540,2026-09-14T22:08:42.000Z,en,2076,113
agent-browser,https://x.com/i/status/2099619205083787292,2026-09-14T22:00:02.000Z,ja,3,0
agent-browser,https://x.com/i/status/2099598210520019340,2026-09-14T20:36:36.000Z,en,1,0
agent-browser,https://x.com/i/status/2099596656886845469,2026-09-14T20:30:26.000Z,en,0,0
agent-browser,https://x.com/i/status/2099564563402224006,2026-09-14T18:22:54.000Z,ja,0,0
agent-browser,https://x.com/i/status/2099558876525793673,2026-09-14T18:00:18.000Z,en,211,6
agent-browser,https://x.com/i/status/2099549448489885978,2026-09-14T17:22:50.000Z,en,0,0
agent-browser,https://x.com/i/status/2099548805993840917,2026-09-14T17:20:17.000Z,en,7,0
agent-browser,https://x.com/i/status/2099498415709192651,2026-09-14T14:00:03.000Z,zxx,1,0
agent-browser,https://x.com/i/status/2099490881099182269,2026-09-14T13:30:07.000Z,en,0,0
agent-browser,https://x.com/i/status/2099488357147398499,2026-09-14T13:20:05.000Z,en,0,0
agent-browser,https://x.com/i/status/2099486402660454842,2026-09-14T13:12:19.000Z,en,0,0
agent-browser,https://x.com/i/status/2099477733436756388,2026-09-14T12:37:52.000Z,en,2,0
agent-browser,https://x.com/i/status/2099460224071659967,2026-09-14T11:28:18.000Z,zh,1,0
agent-browser,https://x.com/i/status/2099410355386818656,2026-09-14T08:10:08.000Z,en,1,0
agent-browser,https://x.com/i/status/2099394826760577511,2026-09-14T07:08:26.000Z,en,1,0
agent-browser,https://x.com/i/status/2099377947333247058,2026-09-14T06:01:21.000Z,en,0,0
agent-browser,https://x.com/i/status/2099377935245299942,2026-09-14T06:01:18.000Z,en,2,0
agent-browser,https://x.com/i/status/2099362571321040948,2026-09-14T05:00:15.000Z,en,0,0
agent-browser,https://x.com/i/status/2099311178660884648,2026-09-14T01:36:02.000Z,en,0,0
agent-browser,https://x.com/i/status/2099306360152219743,2026-09-14T01:16:54.000Z,en,5,0
agent-browser,https://x.com/i/status/2099285077154791603,2026-09-13T23:52:19.000Z,en,1,0
agent-browser,https://x.com/i/status/2099285028614111680,2026-09-13T23:52:08.000Z,en,0,0
agent-browser,https://x.com/i/status/2099262338532606196,2026-09-13T22:21:58.000Z,en,1,0
agent-browser,https://x.com/i/status/2099256813841719762,2026-09-13T22:00:01.000Z,ja,1,0
agent-browser,https://x.com/i/status/2099244183500263872,2026-09-13T21:09:50.000Z,en,0,0
agent-browser,https://x.com/i/status/2099235198126981263,2026-09-13T20:34:07.000Z,en,0,0
agent-browser,https://x.com/i/status/2099224062253826385,2026-09-13T19:49:52.000Z,en,480,76
agent-browser,https://x.com/i/status/2099215230635069842,2026-09-13T19:14:47.000Z,en,0,0
agent-browser,https://x.com/i/status/2099215132735807603,2026-09-13T19:14:23.000Z,en,0,0
agent-browser,https://x.com/i/status/2099196341687910827,2026-09-13T17:59:43.000Z,en,27,5
agent-browser,https://x.com/i/status/2099195289131430373,2026-09-13T17:55:32.000Z,en,4,0
setup-matt-pocock-skills,https://x.com/i/status/2098091699465601474,2026-09-10T16:50:16.000Z,tr,25,1
setup-matt-pocock-skills,https://x.com/i/status/2097833651677671562,2026-09-09T23:44:53.000Z,ja,0,0
proactive-agent,https://x.com/i/status/2099924759043879175,2026-09-15T18:14:11.000Z,en,9,2
proactive-agent,https://x.com/i/status/2099876021512163374,2026-09-15T15:00:31.000Z,en,1,0
proactive-agent,https://x.com/i/status/2099857787207737802,2026-09-15T13:48:04.000Z,en,0,0
proactive-agent,https://x.com/i/status/2099759599037657578,2026-09-15T07:17:54.000Z,en,0,0
proactive-agent,https://x.com/i/status/2099758734163796311,2026-09-15T07:14:28.000Z,en,2,0
proactive-agent,https://x.com/i/status/2099732323168030793,2026-09-15T05:29:31.000Z,en,0,0
proactive-agent,https://x.com/i/status/2099583425980043298,2026-09-14T19:37:51.000Z,zxx,3,2
proactive-agent,https://x.com/i/status/2099546066077028695,2026-09-14T17:09:24.000Z,en,5,1
proactive-agent,https://x.com/i/status/2099315308943040993,2026-09-14T01:52:27.000Z,en,0,0
proactive-agent,https://x.com/i/status/2099254256368828519,2026-09-13T21:49:51.000Z,en,0,0
proactive-agent,https://x.com/i/status/2099240334937194719,2026-09-13T20:54:32.000Z,en,1,0
proactive-agent,https://x.com/i/status/2098685434759123437,2026-09-12T08:09:33.000Z,en,0,0
proactive-agent,https://x.com/i/status/2098680917720023146,2026-09-12T07:51:37.000Z,en,0,0
proactive-agent,https://x.com/i/status/2098619780890505439,2026-09-12T03:48:40.000Z,en,3,0
proactive-agent,https://x.com/i/status/2098288044399009856,2026-09-11T05:50:28.000Z,en,2,0
proactive-agent,https://x.com/i/status/2098168336450294082,2026-09-10T21:54:48.000Z,en,0,0
proactive-agent,https://x.com/i/status/2098084870622986275,2026-09-10T16:23:08.000Z,zxx,2,0
proactive-agent,https://x.com/i/status/2097975852633821503,2026-09-10T09:09:56.000Z,zxx,125,5
proactive-agent,https://x.com/i/status/2097786076274331874,2026-09-09T20:35:50.000Z,en,9,0
proactive-agent,https://x.com/i/status/2097775555198537949,2026-09-09T19:54:01.000Z,en,2,0
proactive-agent,https://x.com/i/status/2097761108480143709,2026-09-09T18:56:37.000Z,zxx,5,1
proactive-agent,https://x.com/i/status/2097678447527231550,2026-09-09T13:28:09.000Z,zh,0,0
proactive-agent,https://x.com/i/status/2097623690364305759,2026-09-09T09:50:34.000Z,en,0,0
handoff,https://x.com/i/status/2100107612633321664,2026-09-16T06:20:47.000Z,en,0,0
handoff,https://x.com/i/status/2100106882220191921,2026-09-16T06:17:53.000Z,en,0,0
handoff,https://x.com/i/status/2100105257389035960,2026-09-16T06:11:26.000Z,en,0,0
handoff,https://x.com/i/status/2100105144914640965,2026-09-16T06:10:59.000Z,en,0,0
handoff,https://x.com/i/status/2100105054200197386,2026-09-16T06:10:37.000Z,en,1,0
handoff,https://x.com/i/status/2100104119566393425,2026-09-16T06:06:54.000Z,en,0,0
handoff,https://x.com/i/status/2100103453401874512,2026-09-16T06:04:15.000Z,en,0,0
handoff,https://x.com/i/status/2100101697695572369,2026-09-16T05:57:17.000Z,zxx,0,0
handoff,https://x.com/i/status/2100101508243292670,2026-09-16T05:56:32.000Z,en,0,0
handoff,https://x.com/i/status/2100101200914035104,2026-09-16T05:55:18.000Z,zxx,0,0
handoff,https://x.com/i/status/2100100983426810284,2026-09-16T05:54:27.000Z,en,0,0
handoff,https://x.com/i/status/2100097467429904797,2026-09-16T05:40:28.000Z,en,5,0
handoff,https://x.com/i/status/2100096002954875337,2026-09-16T05:34:39.000Z,en,0,0
handoff,https://x.com/i/status/2100094990948929920,2026-09-16T05:30:38.000Z,en,0,0
handoff,https://x.com/i/status/2100094686471803321,2026-09-16T05:29:25.000Z,zxx,0,0
handoff,https://x.com/i/status/2100094530494333118,2026-09-16T05:28:48.000Z,en,0,0
handoff,https://x.com/i/status/2100094121797108115,2026-09-16T05:27:11.000Z,en,0,0
handoff,https://x.com/i/status/2100091840175477015,2026-09-16T05:18:07.000Z,en,0,0
handoff,https://x.com/i/status/2100089140192899213,2026-09-16T05:07:23.000Z,en,0,0
handoff,https://x.com/i/status/2100086726194503753,2026-09-16T04:57:47.000Z,en,1,0
handoff,https://x.com/i/status/2100086246550725077,2026-09-16T04:55:53.000Z,en,0,0
handoff,https://x.com/i/status/2100086240154472796,2026-09-16T04:55:52.000Z,en,0,0
handoff,https://x.com/i/status/2100085729195876506,2026-09-16T04:53:50.000Z,en,0,0
handoff,https://x.com/i/status/2100084510784110733,2026-09-16T04:48:59.000Z,en,0,0
handoff,https://x.com/i/status/2100084024983302258,2026-09-16T04:47:03.000Z,en,0,0
handoff,https://x.com/i/status/2100081821639971129,2026-09-16T04:38:18.000Z,zxx,0,0
handoff,https://x.com/i/status/2100074765801459998,2026-09-16T04:10:16.000Z,en,10,0
handoff,https://x.com/i/status/2100074689230000290,2026-09-16T04:09:58.000Z,en,1,0
handoff,https://x.com/i/status/2100074435973984460,2026-09-16T04:08:57.000Z,en,0,0
handoff,https://x.com/i/status/2100073920397287635,2026-09-16T04:06:54.000Z,en,4,0
handoff,https://x.com/i/status/2100070148463833592,2026-09-16T03:51:55.000Z,en,1,0
handoff,https://x.com/i/status/2100067912446771574,2026-09-16T03:43:02.000Z,en,0,0
handoff,https://x.com/i/status/2100063943708524798,2026-09-16T03:27:16.000Z,en,27,6
handoff,https://x.com/i/status/2100062416679944198,2026-09-16T03:21:12.000Z,ja,16,0
handoff,https://x.com/i/status/2100054054034698558,2026-09-16T02:47:58.000Z,en,0,0
handoff,https://x.com/i/status/2100052324031005182,2026-09-16T02:41:05.000Z,en,0,0
handoff,https://x.com/i/status/2100048427958636881,2026-09-16T02:25:36.000Z,en,1,0
handoff,https://x.com/i/status/2100046327858278731,2026-09-16T02:17:16.000Z,en,0,0
handoff,https://x.com/i/status/2100044665181409633,2026-09-16T02:10:39.000Z,en,0,0
handoff,https://x.com/i/status/2100043780552327400,2026-09-16T02:07:08.000Z,en,0,0
handoff,https://x.com/i/status/2100036446144942363,2026-09-16T01:38:00.000Z,en,0,0
handoff,https://x.com/i/status/2100035793658024060,2026-09-16T01:35:24.000Z,en,1,0
handoff,https://x.com/i/status/2100031231287009733,2026-09-16T01:17:16.000Z,zxx,2,0
handoff,https://x.com/i/status/2100028819700961299,2026-09-16T01:07:41.000Z,en,0,0
handoff,https://x.com/i/status/2100026885854073075,2026-09-16T01:00:00.000Z,en,0,0
handoff,https://x.com/i/status/2100025927728312386,2026-09-16T00:56:12.000Z,en,0,0
handoff,https://x.com/i/status/2100018969004454112,2026-09-16T00:28:33.000Z,en,0,0
handoff,https://x.com/i/status/2100018891695227078,2026-09-16T00:28:14.000Z,en,0,0
handoff,https://x.com/i/status/2100017824693641239,2026-09-16T00:24:00.000Z,en,0,0
handoff,https://x.com/i/status/2100017369552953664,2026-09-16T00:22:11.000Z,en,0,0
handoff,https://x.com/i/status/2100016861349830853,2026-09-16T00:20:10.000Z,en,1,0
handoff,https://x.com/i/status/2100015960425963747,2026-09-16T00:16:36.000Z,en,0,0
handoff,https://x.com/i/status/2100013745418440746,2026-09-16T00:07:47.000Z,zxx,1,0
handoff,https://x.com/i/status/2100010866502746430,2026-09-15T23:56:21.000Z,en,0,0
handoff,https://x.com/i/status/2100010554865684938,2026-09-15T23:55:07.000Z,en,0,0
handoff,https://x.com/i/status/2100010530761216094,2026-09-15T23:55:01.000Z,en,1,0
handoff,https://x.com/i/status/2100008216352481691,2026-09-15T23:45:49.000Z,en,0,0
handoff,https://x.com/i/status/2100007545968431491,2026-09-15T23:43:09.000Z,en,1,0
handoff,https://x.com/i/status/2100006412067983614,2026-09-15T23:38:39.000Z,en,0,0
handoff,https://x.com/i/status/2100002127246422385,2026-09-15T23:21:37.000Z,en,0,0
handoff,https://x.com/i/status/2100001453104337088,2026-09-15T23:18:57.000Z,en,0,0
handoff,https://x.com/i/status/2099998398720204932,2026-09-15T23:06:48.000Z,en,0,0
handoff,https://x.com/i/status/2099997856052527535,2026-09-15T23:04:39.000Z,en,0,0
handoff,https://x.com/i/status/2099997695981281439,2026-09-15T23:04:01.000Z,en,0,0
handoff,https://x.com/i/status/2099991746495308023,2026-09-15T22:40:22.000Z,en,0,0
handoff,https://x.com/i/status/2099990064801734707,2026-09-15T22:33:42.000Z,en,0,0
handoff,https://x.com/i/status/2099989433701576985,2026-09-15T22:31:11.000Z,en,0,0
handoff,https://x.com/i/status/2099988695835459633,2026-09-15T22:28:15.000Z,en,1,0
handoff,https://x.com/i/status/2099984446594408482,2026-09-15T22:11:22.000Z,zxx,0,0
handoff,https://x.com/i/status/2099982212934558110,2026-09-15T22:02:30.000Z,en,0,0
handoff,https://x.com/i/status/2099982151387070683,2026-09-15T22:02:15.000Z,en,0,0
handoff,https://x.com/i/status/2099981589283500412,2026-09-15T22:00:01.000Z,en,1,0
handoff,https://x.com/i/status/2099978375909486922,2026-09-15T21:47:15.000Z,en,0,0
handoff,https://x.com/i/status/2099976971505877102,2026-09-15T21:41:40.000Z,en,0,0
handoff,https://x.com/i/status/2099974183124099266,2026-09-15T21:30:35.000Z,en,13,3
handoff,https://x.com/i/status/2099970402306957372,2026-09-15T21:15:34.000Z,en,1,0
handoff,https://x.com/i/status/2099967991651901600,2026-09-15T21:05:59.000Z,en,0,0
handoff,https://x.com/i/status/2099962892313342191,2026-09-15T20:45:43.000Z,en,6,0
handoff,https://x.com/i/status/2099962695957332190,2026-09-15T20:44:56.000Z,en,5,2
handoff,https://x.com/i/status/2099962437571362917,2026-09-15T20:43:55.000Z,en,0,0
handoff,https://x.com/i/status/2099953902397342175,2026-09-15T20:10:00.000Z,en,0,0
handoff,https://x.com/i/status/2099952536564220219,2026-09-15T20:04:34.000Z,en,0,0
handoff,https://x.com/i/status/2099948649073487942,2026-09-15T19:49:07.000Z,en,1,0
handoff,https://x.com/i/status/2099946732599607370,2026-09-15T19:41:30.000Z,en,0,0
handoff,https://x.com/i/status/2099946563011280976,2026-09-15T19:40:50.000Z,en,0,0
handoff,https://x.com/i/status/2099946027403067843,2026-09-15T19:38:42.000Z,en,2,1
handoff,https://x.com/i/status/2099944659678355717,2026-09-15T19:33:16.000Z,en,0,0
handoff,https://x.com/i/status/2099944066410860611,2026-09-15T19:30:55.000Z,en,0,0
handoff,https://x.com/i/status/2099941308156502452,2026-09-15T19:19:57.000Z,en,0,0
handoff,https://x.com/i/status/2099940146980233623,2026-09-15T19:15:20.000Z,en,1,0
handoff,https://x.com/i/status/2099938742131683501,2026-09-15T19:09:45.000Z,en,0,0
handoff,https://x.com/i/status/2099938342498693167,2026-09-15T19:08:10.000Z,en,2,0
handoff,https://x.com/i/status/2099938090752127444,2026-09-15T19:07:10.000Z,en,0,0
handoff,https://x.com/i/status/2099937624001519625,2026-09-15T19:05:19.000Z,en,1,0
handoff,https://x.com/i/status/2099936287075541261,2026-09-15T19:00:00.000Z,en,0,0
handoff,https://x.com/i/status/2099935570231173307,2026-09-15T18:57:09.000Z,en,1,0
handoff,https://x.com/i/status/2099935500203086264,2026-09-15T18:56:52.000Z,zxx,2,0
handoff,https://x.com/i/status/2099934177189634213,2026-09-15T18:51:37.000Z,zxx,33,1
handoff,https://x.com/i/status/2099932537959456788,2026-09-15T18:45:06.000Z,en,1,0
handoff,https://x.com/i/status/2099930741224431891,2026-09-15T18:37:58.000Z,en,0,0
weather,https://x.com/i/status/2100101697695572369,2026-09-16T05:57:17.000Z,zxx,0,0
weather,https://x.com/i/status/2100100436250239322,2026-09-16T05:52:16.000Z,en,2,0
weather,https://x.com/i/status/2100091070243602683,2026-09-16T05:15:03.000Z,en,31,3
weather,https://x.com/i/status/2100089497333403753,2026-09-16T05:08:48.000Z,en,0,0
weather,https://x.com/i/status/2100084684344438846,2026-09-16T04:49:41.000Z,en,0,0
weather,https://x.com/i/status/2100076230767001826,2026-09-16T04:16:05.000Z,en,1,0
weather,https://x.com/i/status/2100065764334010467,2026-09-16T03:34:30.000Z,en,0,0
weather,https://x.com/i/status/2100065673430901057,2026-09-16T03:34:08.000Z,en,0,0
weather,https://x.com/i/status/2100062766556205487,2026-09-16T03:22:35.000Z,en,0,0
weather,https://x.com/i/status/2100058871876198790,2026-09-16T03:07:06.000Z,en,1,0
weather,https://x.com/i/status/2100056362248003738,2026-09-16T02:57:08.000Z,en,0,0
weather,https://x.com/i/status/2100053866888733027,2026-09-16T02:47:13.000Z,en,2,0
weather,https://x.com/i/status/2100052214501064989,2026-09-16T02:40:39.000Z,zxx,1,0
weather,https://x.com/i/status/2100049246104023478,2026-09-16T02:28:51.000Z,en,0,0
weather,https://x.com/i/status/2100047990891176016,2026-09-16T02:23:52.000Z,zxx,2,0
weather,https://x.com/i/status/2100045012067090716,2026-09-16T02:12:02.000Z,en,0,0
weather,https://x.com/i/status/2100043231845126251,2026-09-16T02:04:58.000Z,en,0,0
weather,https://x.com/i/status/2100029793831927828,2026-09-16T01:11:34.000Z,en,0,0
weather,https://x.com/i/status/2100022608985313300,2026-09-16T00:43:01.000Z,zxx,3,2
weather,https://x.com/i/status/2099996243615211712,2026-09-15T22:58:15.000Z,en,5,1
weather,https://x.com/i/status/2099992722816000406,2026-09-15T22:44:15.000Z,en,0,0
weather,https://x.com/i/status/2099991816107942007,2026-09-15T22:40:39.000Z,en,3,0
weather,https://x.com/i/status/2099985372470296825,2026-09-15T22:15:03.000Z,en,1,0
weather,https://x.com/i/status/2099978505618632931,2026-09-15T21:47:46.000Z,en,1,0
weather,https://x.com/i/status/2099963049637490989,2026-09-15T20:46:21.000Z,en,0,0
weather,https://x.com/i/status/2099959967512183249,2026-09-15T20:34:06.000Z,en,0,0
weather,https://x.com/i/status/2099952346063118763,2026-09-15T20:03:49.000Z,en,0,0
weather,https://x.com/i/status/2099952171752341732,2026-09-15T20:03:07.000Z,en,3,0
weather,https://x.com/i/status/2099943220956283223,2026-09-15T19:27:33.000Z,en,1,0
weather,https://x.com/i/status/2099942093477331376,2026-09-15T19:23:04.000Z,en,1,0
weather,https://x.com/i/status/2099940578998055067,2026-09-15T19:17:03.000Z,en,0,0
weather,https://x.com/i/status/2099937842713722963,2026-09-15T19:06:11.000Z,en,2,0
weather,https://x.com/i/status/2099937778847105421,2026-09-15T19:05:56.000Z,en,2,0
weather,https://x.com/i/status/2099937475791929851,2026-09-15T19:04:43.000Z,en,16,3
weather,https://x.com/i/status/2099935385363308676,2026-09-15T18:56:25.000Z,en,0,0
weather,https://x.com/i/status/2099929330768122199,2026-09-15T18:32:21.000Z,en,0,0
weather,https://x.com/i/status/2099928146569232599,2026-09-15T18:27:39.000Z,en,0,0
weather,https://x.com/i/status/2099927043643457943,2026-09-15T18:23:16.000Z,en,1,0
weather,https://x.com/i/status/2099924144876142658,2026-09-15T18:11:45.000Z,en,0,0
weather,https://x.com/i/status/2099922702693699716,2026-09-15T18:06:01.000Z,en,1,0
weather,https://x.com/i/status/2099921026008129737,2026-09-15T17:59:21.000Z,en,1,0
weather,https://x.com/i/status/2099917004472033445,2026-09-15T17:43:23.000Z,en,1,0
weather,https://x.com/i/status/2099916769549070472,2026-09-15T17:42:27.000Z,bn,0,0
weather,https://x.com/i/status/2099916163333357863,2026-09-15T17:40:02.000Z,en,8,0
weather,https://x.com/i/status/2099916162733924689,2026-09-15T17:40:02.000Z,en,0,0
weather,https://x.com/i/status/2099914544134889888,2026-09-15T17:33:36.000Z,en,1,0
weather,https://x.com/i/status/2099911892323950874,2026-09-15T17:23:04.000Z,en,0,0
weather,https://x.com/i/status/2099911758932545920,2026-09-15T17:22:32.000Z,en,2,0
weather,https://x.com/i/status/2099910105898602814,2026-09-15T17:15:58.000Z,zxx,52,20
weather,https://x.com/i/status/2099897783092228356,2026-09-15T16:27:00.000Z,en,5,2
weather,https://x.com/i/status/2099894524135047337,2026-09-15T16:14:03.000Z,en,0,0
weather,https://x.com/i/status/2099894156944609754,2026-09-15T16:12:35.000Z,en,4,1
weather,https://x.com/i/status/2099893114546835713,2026-09-15T16:08:27.000Z,zxx,14,1
weather,https://x.com/i/status/2099892230244704612,2026-09-15T16:04:56.000Z,en,28,28
weather,https://x.com/i/status/2099891944289861906,2026-09-15T16:03:48.000Z,zxx,1,0
weather,https://x.com/i/status/2099890494428115371,2026-09-15T15:58:02.000Z,en,2,1
weather,https://x.com/i/status/2099884826144706678,2026-09-15T15:35:31.000Z,en,1,1
weather,https://x.com/i/status/2099875388445126928,2026-09-15T14:58:01.000Z,en,2,1
weather,https://x.com/i/status/2099874486010937748,2026-09-15T14:54:25.000Z,en,0,0
weather,https://x.com/i/status/2099872242532225219,2026-09-15T14:45:31.000Z,en,0,0
weather,https://x.com/i/status/2099868473899831595,2026-09-15T14:30:32.000Z,en,2,0
weather,https://x.com/i/status/2099867783882551483,2026-09-15T14:27:47.000Z,zxx,17,4
weather,https://x.com/i/status/2099860955937304937,2026-09-15T14:00:40.000Z,en,2,0
weather,https://x.com/i/status/2099854142076604914,2026-09-15T13:33:35.000Z,en,0,0
weather,https://x.com/i/status/2099847742172336381,2026-09-15T13:08:09.000Z,en,3,0
weather,https://x.com/i/status/2099845188135117256,2026-09-15T12:58:00.000Z,en,0,0
weather,https://x.com/i/status/2099841077725245536,2026-09-15T12:41:40.000Z,en,2,1
weather,https://x.com/i/status/2099835543810892254,2026-09-15T12:19:41.000Z,en,0,0
weather,https://x.com/i/status/2099826530902028529,2026-09-15T11:43:52.000Z,en,1,0
weather,https://x.com/i/status/2099826097261040054,2026-09-15T11:42:09.000Z,en,8,1
weather,https://x.com/i/status/2099822693184913541,2026-09-15T11:28:37.000Z,en,0,0
weather,https://x.com/i/status/2099819955105538096,2026-09-15T11:17:44.000Z,en,1,0
weather,https://x.com/i/status/2099817094216860016,2026-09-15T11:06:22.000Z,en,0,0
weather,https://x.com/i/status/2099814232376181013,2026-09-15T10:55:00.000Z,en,4,0
weather,https://x.com/i/status/2099805891209883777,2026-09-15T10:21:51.000Z,en,3,0
weather,https://x.com/i/status/2099805153419489760,2026-09-15T10:18:55.000Z,en,0,0
weather,https://x.com/i/status/2099804959671775606,2026-09-15T10:18:09.000Z,en,2,0
weather,https://x.com/i/status/2099804220274659700,2026-09-15T10:15:13.000Z,en,4,0
weather,https://x.com/i/status/2099802700187668694,2026-09-15T10:09:10.000Z,zxx,3,1
weather,https://x.com/i/status/2099799846668361988,2026-09-15T09:57:50.000Z,en,2,0
weather,https://x.com/i/status/2099799637653889220,2026-09-15T09:57:00.000Z,en,0,0
weather,https://x.com/i/status/2099798895526101148,2026-09-15T09:54:03.000Z,en,0,0
weather,https://x.com/i/status/2099796484493328875,2026-09-15T09:44:28.000Z,en,0,0
weather,https://x.com/i/status/2099795718575685856,2026-09-15T09:41:26.000Z,en,1,0
weather,https://x.com/i/status/2099793599453925642,2026-09-15T09:33:01.000Z,en,0,0
weather,https://x.com/i/status/2099788872515510612,2026-09-15T09:14:14.000Z,en,1,0
weather,https://x.com/i/status/2099786943488053749,2026-09-15T09:06:34.000Z,zxx,5,1
weather,https://x.com/i/status/2099786926765076493,2026-09-15T09:06:30.000Z,en,0,0
weather,https://x.com/i/status/2099785412902261126,2026-09-15T09:00:29.000Z,en,6,2
weather,https://x.com/i/status/2099784775309668804,2026-09-15T08:57:57.000Z,en,2,0
weather,https://x.com/i/status/2099780809242595346,2026-09-15T08:42:11.000Z,en,1,0
weather,https://x.com/i/status/2099779572468486309,2026-09-15T08:37:16.000Z,zxx,11,1
weather,https://x.com/i/status/2099779080229101853,2026-09-15T08:35:19.000Z,en,1,0
weather,https://x.com/i/status/2099772215147295144,2026-09-15T08:08:02.000Z,en,1,0
weather,https://x.com/i/status/2099762728533459295,2026-09-15T07:30:20.000Z,en,36,5
weather,https://x.com/i/status/2099756761943286006,2026-09-15T07:06:38.000Z,en,3,0
weather,https://x.com/i/status/2099749344047923313,2026-09-15T06:37:09.000Z,en,0,0
weather,https://x.com/i/status/2099748561709899965,2026-09-15T06:34:03.000Z,en,1,0
weather,https://x.com/i/status/2099747145561608228,2026-09-15T06:28:25.000Z,en,0,0
weather,https://x.com/i/status/2099743043146653711,2026-09-15T06:12:07.000Z,ja,8,1
triage,https://x.com/i/status/2100103844763939156,2026-09-16T06:05:49.000Z,en,1,0
triage,https://x.com/i/status/2100097160335499689,2026-09-16T05:39:15.000Z,en,0,0
triage,https://x.com/i/status/2100095815666823381,2026-09-16T05:33:55.000Z,en,0,0
triage,https://x.com/i/status/2100094783507366163,2026-09-16T05:29:48.000Z,en,0,0
triage,https://x.com/i/status/2100094182840758514,2026-09-16T05:27:25.000Z,en,0,0
triage,https://x.com/i/status/2100090635784966274,2026-09-16T05:13:20.000Z,en,0,0
triage,https://x.com/i/status/2100081834470306276,2026-09-16T04:38:21.000Z,en,26,2
triage,https://x.com/i/status/2100078745331667073,2026-09-16T04:26:05.000Z,en,0,0
triage,https://x.com/i/status/2100076981639401712,2026-09-16T04:19:04.000Z,en,0,0
triage,https://x.com/i/status/2100074765801459998,2026-09-16T04:10:16.000Z,en,10,0
triage,https://x.com/i/status/2100072286204432557,2026-09-16T04:00:25.000Z,en,0,0
triage,https://x.com/i/status/2100055578790003022,2026-09-16T02:54:01.000Z,en,12,0
triage,https://x.com/i/status/2100051353984741824,2026-09-16T02:37:14.000Z,en,0,0
triage,https://x.com/i/status/2100046347063968039,2026-09-16T02:17:20.000Z,en,0,0
triage,https://x.com/i/status/2100040430415188101,2026-09-16T01:53:50.000Z,en,4,0
triage,https://x.com/i/status/2100036391673512402,2026-09-16T01:37:47.000Z,en,0,0
triage,https://x.com/i/status/2100034978792837240,2026-09-16T01:32:10.000Z,en,0,0
triage,https://x.com/i/status/2100025773608386740,2026-09-16T00:55:35.000Z,en,44,3
triage,https://x.com/i/status/2100017044217348434,2026-09-16T00:20:54.000Z,en,0,0
triage,https://x.com/i/status/2100010434220986377,2026-09-15T23:54:38.000Z,en,14,2
triage,https://x.com/i/status/2100007059794329739,2026-09-15T23:41:13.000Z,en,0,0
triage,https://x.com/i/status/2100003344672555103,2026-09-15T23:26:28.000Z,en,0,0
triage,https://x.com/i/status/2099985907902538081,2026-09-15T22:17:10.000Z,en,1,0
triage,https://x.com/i/status/2099985313745502414,2026-09-15T22:14:49.000Z,zxx,0,0
triage,https://x.com/i/status/2099982075965096032,2026-09-15T22:01:57.000Z,en,0,0
triage,https://x.com/i/status/2099979245409706344,2026-09-15T21:50:42.000Z,en,3,0
triage,https://x.com/i/status/2099970957397889168,2026-09-15T21:17:46.000Z,en,0,0
triage,https://x.com/i/status/2099970402306957372,2026-09-15T21:15:34.000Z,en,1,0
triage,https://x.com/i/status/2099968905964069017,2026-09-15T21:09:37.000Z,en,2,0
triage,https://x.com/i/status/2099968398537236672,2026-09-15T21:07:36.000Z,en,1,0
triage,https://x.com/i/status/2099958937621831877,2026-09-15T20:30:00.000Z,en,12,2
triage,https://x.com/i/status/2099956317209174083,2026-09-15T20:19:35.000Z,en,0,0
triage,https://x.com/i/status/2099956096517693920,2026-09-15T20:18:43.000Z,zxx,0,0
triage,https://x.com/i/status/2099954521828937827,2026-09-15T20:12:27.000Z,en,5,0
triage,https://x.com/i/status/2099943192070406438,2026-09-15T19:27:26.000Z,en,4,0
triage,https://x.com/i/status/2099942513952145697,2026-09-15T19:24:45.000Z,en,1,0
triage,https://x.com/i/status/2099941244063432720,2026-09-15T19:19:42.000Z,en,386,35
triage,https://x.com/i/status/2099936627158118648,2026-09-15T19:01:21.000Z,en,0,0
triage,https://x.com/i/status/2099927045945884983,2026-09-15T18:23:17.000Z,en,0,0
triage,https://x.com/i/status/2099927006125125743,2026-09-15T18:23:07.000Z,en,1,0
triage,https://x.com/i/status/2099925959675683227,2026-09-15T18:18:58.000Z,en,0,0
triage,https://x.com/i/status/2099923612014723417,2026-09-15T18:09:38.000Z,en,0,0
triage,https://x.com/i/status/2099921248533000388,2026-09-15T18:00:14.000Z,en,1,1
triage,https://x.com/i/status/2099914951519293563,2026-09-15T17:35:13.000Z,en,2,2
triage,https://x.com/i/status/2099907964014301410,2026-09-15T17:07:27.000Z,en,1,0
triage,https://x.com/i/status/2099904450089349178,2026-09-15T16:53:29.000Z,en,0,0
triage,https://x.com/i/status/2099902152621572310,2026-09-15T16:44:22.000Z,en,0,0
triage,https://x.com/i/status/2099898625891459350,2026-09-15T16:30:21.000Z,en,0,0
triage,https://x.com/i/status/2099895497263640974,2026-09-15T16:17:55.000Z,en,0,0
triage,https://x.com/i/status/2099892510885646377,2026-09-15T16:06:03.000Z,en,0,0
triage,https://x.com/i/status/2099889719274565754,2026-09-15T15:54:57.000Z,zxx,0,0
triage,https://x.com/i/status/2099888702277271686,2026-09-15T15:50:55.000Z,en,1,0
triage,https://x.com/i/status/2099887626450866211,2026-09-15T15:46:38.000Z,zxx,8,0
triage,https://x.com/i/status/2099883448152231994,2026-09-15T15:30:02.000Z,en,1,0
triage,https://x.com/i/status/2099872868901220786,2026-09-15T14:48:00.000Z,en,1,0
triage,https://x.com/i/status/2099871265922208175,2026-09-15T14:41:38.000Z,ja,48,3
triage,https://x.com/i/status/2099870824648069469,2026-09-15T14:39:52.000Z,zxx,0,0
triage,https://x.com/i/status/2099869025677299861,2026-09-15T14:32:44.000Z,zxx,2,0
triage,https://x.com/i/status/2099867783882551483,2026-09-15T14:27:47.000Z,zxx,17,4
triage,https://x.com/i/status/2099865252238131629,2026-09-15T14:17:44.000Z,en,11,0
triage,https://x.com/i/status/2099862466108752319,2026-09-15T14:06:40.000Z,en,0,0
triage,https://x.com/i/status/2099860924177764800,2026-09-15T14:00:32.000Z,en,38,4
triage,https://x.com/i/status/2099860378079646170,2026-09-15T13:58:22.000Z,en,1,0
triage,https://x.com/i/status/2099859619128443217,2026-09-15T13:55:21.000Z,zxx,0,0
triage,https://x.com/i/status/2099859203485544572,2026-09-15T13:53:42.000Z,en,2,0
triage,https://x.com/i/status/2099857891549397231,2026-09-15T13:48:29.000Z,en,0,0
triage,https://x.com/i/status/2099856321998737811,2026-09-15T13:42:15.000Z,en,0,0
triage,https://x.com/i/status/2099851937306845465,2026-09-15T13:24:49.000Z,en,1,0
triage,https://x.com/i/status/2099849723163427236,2026-09-15T13:16:01.000Z,en,0,0
triage,https://x.com/i/status/2099846876589588984,2026-09-15T13:04:43.000Z,en,13,4
triage,https://x.com/i/status/2099846523584717218,2026-09-15T13:03:19.000Z,en,1,0
triage,https://x.com/i/status/2099846259771326823,2026-09-15T13:02:16.000Z,en,1,0
triage,https://x.com/i/status/2099845029317468439,2026-09-15T12:57:22.000Z,en,0,0
triage,https://x.com/i/status/2099818243305222529,2026-09-15T11:10:56.000Z,en,9,0
triage,https://x.com/i/status/2099816497942261947,2026-09-15T11:04:00.000Z,zh,3,0
triage,https://x.com/i/status/2099810782280352036,2026-09-15T10:41:17.000Z,zxx,9,0
triage,https://x.com/i/status/2099804635678593289,2026-09-15T10:16:52.000Z,en,2,0
triage,https://x.com/i/status/2099803509092753581,2026-09-15T10:12:23.000Z,en,1,0
triage,https://x.com/i/status/2099796568849453188,2026-09-15T09:44:49.000Z,en,0,0
triage,https://x.com/i/status/2099795559984816483,2026-09-15T09:40:48.000Z,zxx,0,0
triage,https://x.com/i/status/2099780476340744270,2026-09-15T08:40:52.000Z,en,0,0
triage,https://x.com/i/status/2099776452078284965,2026-09-15T08:24:52.000Z,en,0,0
triage,https://x.com/i/status/2099775420434653373,2026-09-15T08:20:46.000Z,en,0,0
triage,https://x.com/i/status/2099773933318799608,2026-09-15T08:14:52.000Z,en,30,6
triage,https://x.com/i/status/2099773602782441702,2026-09-15T08:13:33.000Z,en,0,0
triage,https://x.com/i/status/2099771890139074588,2026-09-15T08:06:45.000Z,en,2,0
triage,https://x.com/i/status/2099771808442708383,2026-09-15T08:06:25.000Z,en,0,0
triage,https://x.com/i/status/2099766870421512687,2026-09-15T07:46:48.000Z,en,0,0
triage,https://x.com/i/status/2099762858309329034,2026-09-15T07:30:51.000Z,en,3,1
triage,https://x.com/i/status/2099751318344925581,2026-09-15T06:45:00.000Z,en,75,9
triage,https://x.com/i/status/2099741503090274589,2026-09-15T06:06:00.000Z,zh,52,12
triage,https://x.com/i/status/2099737373131088106,2026-09-15T05:49:35.000Z,en,2,0
triage,https://x.com/i/status/2099733954513494102,2026-09-15T05:36:00.000Z,en,0,0
triage,https://x.com/i/status/2099733583971975282,2026-09-15T05:34:32.000Z,en,0,0
triage,https://x.com/i/status/2099732752769614305,2026-09-15T05:31:14.000Z,en,4,2
triage,https://x.com/i/status/2099732192373133581,2026-09-15T05:29:00.000Z,en,0,1
triage,https://x.com/i/status/2099716379200884991,2026-09-15T04:26:10.000Z,en,0,0
triage,https://x.com/i/status/2099713314586517634,2026-09-15T04:13:59.000Z,en,5,2
triage,https://x.com/i/status/2099704973810635148,2026-09-15T03:40:51.000Z,en,1,0
triage,https://x.com/i/status/2099700717036446140,2026-09-15T03:23:56.000Z,en,1,0
multi-search-engine,https://x.com/i/status/2099667663341682771,2026-09-15T01:12:35.000Z,en,8,0
multi-search-engine,https://x.com/i/status/2099407403557306402,2026-09-14T07:58:24.000Z,en,11,1
prototype,https://x.com/i/status/2100105820579246331,2026-09-16T06:13:40.000Z,en,0,0
prototype,https://x.com/i/status/2100094006726205747,2026-09-16T05:26:43.000Z,en,1,0
prototype,https://x.com/i/status/2100093956931678602,2026-09-16T05:26:31.000Z,en,0,0
prototype,https://x.com/i/status/2100090124927152218,2026-09-16T05:11:18.000Z,en,1,0
prototype,https://x.com/i/status/2100084202653757461,2026-09-16T04:47:46.000Z,en,10,1
prototype,https://x.com/i/status/2100083356348432635,2026-09-16T04:44:24.000Z,en,0,0
prototype,https://x.com/i/status/2100075598068740511,2026-09-16T04:13:34.000Z,en,0,0
prototype,https://x.com/i/status/2100071846481948848,2026-09-16T03:58:40.000Z,ja,2,0
prototype,https://x.com/i/status/2100060387538591748,2026-09-16T03:13:08.000Z,fr,0,0
prototype,https://x.com/i/status/2100059208909799588,2026-09-16T03:08:27.000Z,en,1,0
prototype,https://x.com/i/status/2100055182151168487,2026-09-16T02:52:27.000Z,en,0,0
prototype,https://x.com/i/status/2100051528706888110,2026-09-16T02:37:56.000Z,en,0,0
prototype,https://x.com/i/status/2100051239316672761,2026-09-16T02:36:47.000Z,en,1,0
prototype,https://x.com/i/status/2100048526868910393,2026-09-16T02:26:00.000Z,en,0,0
prototype,https://x.com/i/status/2100010743366041639,2026-09-15T23:55:52.000Z,en,0,0
prototype,https://x.com/i/status/2100010280604316073,2026-09-15T23:54:01.000Z,en,3,0
prototype,https://x.com/i/status/2100009416414339518,2026-09-15T23:50:35.000Z,en,0,0
prototype,https://x.com/i/status/2100002392804929652,2026-09-15T23:22:41.000Z,en,18,3
prototype,https://x.com/i/status/2100002112935493958,2026-09-15T23:21:34.000Z,en,1,0
prototype,https://x.com/i/status/2100002108942483846,2026-09-15T23:21:33.000Z,en,0,0
prototype,https://x.com/i/status/2100000337859838146,2026-09-15T23:14:31.000Z,en,3,0
prototype,https://x.com/i/status/2099999346788094146,2026-09-15T23:10:35.000Z,en,3,0
prototype,https://x.com/i/status/2099993052635099335,2026-09-15T22:45:34.000Z,en,1,0
prototype,https://x.com/i/status/2099992307269300694,2026-09-15T22:42:36.000Z,en,0,0
prototype,https://x.com/i/status/2099988952321032649,2026-09-15T22:29:16.000Z,en,1,0
prototype,https://x.com/i/status/2099987685968593093,2026-09-15T22:24:14.000Z,en,2,0
prototype,https://x.com/i/status/2099958693924405701,2026-09-15T20:29:02.000Z,zxx,0,0
prototype,https://x.com/i/status/2099956623783633364,2026-09-15T20:20:49.000Z,en,0,0
prototype,https://x.com/i/status/2099954644180992171,2026-09-15T20:12:57.000Z,en,6,0
prototype,https://x.com/i/status/2099953144323043331,2026-09-15T20:06:59.000Z,en,0,0
prototype,https://x.com/i/status/2099948779864793303,2026-09-15T19:49:38.000Z,en,1818,46
prototype,https://x.com/i/status/2099942924041720242,2026-09-15T19:26:22.000Z,en,1,0
prototype,https://x.com/i/status/2099938833588756582,2026-09-15T19:10:07.000Z,en,1,0
prototype,https://x.com/i/status/2099926416607600779,2026-09-15T18:20:47.000Z,en,2,0
prototype,https://x.com/i/status/2099921990484365798,2026-09-15T18:03:11.000Z,en,2,0
prototype,https://x.com/i/status/2099913718549344406,2026-09-15T17:30:19.000Z,en,0,0
prototype,https://x.com/i/status/2099911640645005804,2026-09-15T17:22:04.000Z,zxx,0,0
prototype,https://x.com/i/status/2099909621720764576,2026-09-15T17:14:02.000Z,en,7,0
prototype,https://x.com/i/status/2099908876501967139,2026-09-15T17:11:05.000Z,en,1,0
prototype,https://x.com/i/status/2099908610708902369,2026-09-15T17:10:01.000Z,en,0,0
prototype,https://x.com/i/status/2099907805994008630,2026-09-15T17:06:50.000Z,en,46,4
prototype,https://x.com/i/status/2099903437106524212,2026-09-15T16:49:28.000Z,en,74,7
prototype,https://x.com/i/status/2099900633494999518,2026-09-15T16:38:19.000Z,en,1,0
prototype,https://x.com/i/status/2099897003199086913,2026-09-15T16:23:54.000Z,en,1,0
prototype,https://x.com/i/status/2099893114546835713,2026-09-15T16:08:27.000Z,zxx,14,1
prototype,https://x.com/i/status/2099891244554191131,2026-09-15T16:01:01.000Z,en,0,1
prototype,https://x.com/i/status/2099889708071325730,2026-09-15T15:54:55.000Z,en,0,0
prototype,https://x.com/i/status/2099887813466398928,2026-09-15T15:47:23.000Z,en,5,1
prototype,https://x.com/i/status/2099885449494093837,2026-09-15T15:37:59.000Z,en,6,0
prototype,https://x.com/i/status/2099882960698630524,2026-09-15T15:28:06.000Z,en,1,0
prototype,https://x.com/i/status/2099879722649833879,2026-09-15T15:15:14.000Z,zxx,2,0
prototype,https://x.com/i/status/2099877442743628254,2026-09-15T15:06:10.000Z,en,5,1
prototype,https://x.com/i/status/2099875394266738941,2026-09-15T14:58:02.000Z,en,0,0
prototype,https://x.com/i/status/2099872446765748356,2026-09-15T14:46:19.000Z,en,285,58
prototype,https://x.com/i/status/2099872442617659485,2026-09-15T14:46:18.000Z,en,9,0
prototype,https://x.com/i/status/2099871604729688123,2026-09-15T14:42:58.000Z,en,10,0
prototype,https://x.com/i/status/2099871292619215200,2026-09-15T14:41:44.000Z,en,2601,906
prototype,https://x.com/i/status/2099871266719318153,2026-09-15T14:41:38.000Z,en,0,1
prototype,https://x.com/i/status/2099870386233942253,2026-09-15T14:38:08.000Z,en,0,0
prototype,https://x.com/i/status/2099869396617597171,2026-09-15T14:34:12.000Z,en,0,0
prototype,https://x.com/i/status/2099868607278977529,2026-09-15T14:31:04.000Z,en,0,0
prototype,https://x.com/i/status/2099864564078629053,2026-09-15T14:15:00.000Z,en,0,0
prototype,https://x.com/i/status/2099862036008075306,2026-09-15T14:04:57.000Z,en,1,0
prototype,https://x.com/i/status/2099861499015524780,2026-09-15T14:02:49.000Z,en,4,2
prototype,https://x.com/i/status/2099856893497774221,2026-09-15T13:44:31.000Z,zxx,4,0
prototype,https://x.com/i/status/2099853289907196153,2026-09-15T13:30:12.000Z,zxx,443,30
prototype,https://x.com/i/status/2099851891832168519,2026-09-15T13:24:39.000Z,en,119,6
prototype,https://x.com/i/status/2099845739753193911,2026-09-15T13:00:12.000Z,en,0,0
prototype,https://x.com/i/status/2099842430317015054,2026-09-15T12:47:03.000Z,en,1,0
prototype,https://x.com/i/status/2099838690101002660,2026-09-15T12:32:11.000Z,en,2,0
prototype,https://x.com/i/status/2099835583560376671,2026-09-15T12:19:50.000Z,en,10,4
prototype,https://x.com/i/status/2099831286663876819,2026-09-15T12:02:46.000Z,en,0,0
prototype,https://x.com/i/status/2099829626964947061,2026-09-15T11:56:10.000Z,en,2,0
prototype,https://x.com/i/status/2099826048967872616,2026-09-15T11:41:57.000Z,en,12,4
prototype,https://x.com/i/status/2099823633778540917,2026-09-15T11:32:21.000Z,en,23,1
prototype,https://x.com/i/status/2099822033844777076,2026-09-15T11:26:00.000Z,en,8,2
prototype,https://x.com/i/status/2099817765091574222,2026-09-15T11:09:02.000Z,en,2,0
prototype,https://x.com/i/status/2099814092563525960,2026-09-15T10:54:26.000Z,en,1,0
prototype,https://x.com/i/status/2099809502761554316,2026-09-15T10:36:12.000Z,zxx,6,4
prototype,https://x.com/i/status/2099806773020369089,2026-09-15T10:25:21.000Z,en,0,0
prototype,https://x.com/i/status/2099801536129868272,2026-09-15T10:04:33.000Z,en,3,0
prototype,https://x.com/i/status/2099795358029115439,2026-09-15T09:40:00.000Z,en,0,0
prototype,https://x.com/i/status/2099784963080028432,2026-09-15T08:58:41.000Z,en,0,0
prototype,https://x.com/i/status/2099783435372122290,2026-09-15T08:52:37.000Z,en,0,0
prototype,https://x.com/i/status/2099781284654711285,2026-09-15T08:44:04.000Z,en,1,0
prototype,https://x.com/i/status/2099781005947306391,2026-09-15T08:42:58.000Z,en,0,0
prototype,https://x.com/i/status/2099779461344297299,2026-09-15T08:36:50.000Z,en,0,0
prototype,https://x.com/i/status/2099778998930973047,2026-09-15T08:35:00.000Z,en,0,0
prototype,https://x.com/i/status/2099778238457520601,2026-09-15T08:31:58.000Z,en,0,0
prototype,https://x.com/i/status/2099775293905133788,2026-09-15T08:20:16.000Z,en,0,0
prototype,https://x.com/i/status/2099774749316694486,2026-09-15T08:18:06.000Z,en,0,0
prototype,https://x.com/i/status/2099772923364221228,2026-09-15T08:10:51.000Z,en,0,0
prototype,https://x.com/i/status/2099771029556269226,2026-09-15T08:03:19.000Z,en,0,0
prototype,https://x.com/i/status/2099770345528127818,2026-09-15T08:00:36.000Z,en,12,0
prototype,https://x.com/i/status/2099769654982127775,2026-09-15T07:57:52.000Z,en,0,0
prototype,https://x.com/i/status/2099769364668989449,2026-09-15T07:56:43.000Z,en,0,0
prototype,https://x.com/i/status/2099764109369844075,2026-09-15T07:35:50.000Z,en,10,0
prototype,https://x.com/i/status/2099761393457406078,2026-09-15T07:25:02.000Z,th,306,157
prototype,https://x.com/i/status/2099749705244606607,2026-09-15T06:38:35.000Z,en,110,9
prototype,https://x.com/i/status/2099746361503613346,2026-09-15T06:25:18.000Z,en,4,0
vercel-react-best-practices,https://x.com/i/status/2099889692804022620,2026-09-15T15:54:51.000Z,en,8,0
vercel-react-best-practices,https://x.com/i/status/2099831924298502616,2026-09-15T12:05:18.000Z,en,5,1
vercel-react-best-practices,https://x.com/i/status/2099809232979951664,2026-09-15T10:35:08.000Z,en,0,0
vercel-react-best-practices,https://x.com/i/status/2099779059572244632,2026-09-15T08:35:14.000Z,en,0,0
vercel-react-best-practices,https://x.com/i/status/2099752946858639609,2026-09-15T06:51:28.000Z,en,116,16
vercel-react-best-practices,https://x.com/i/status/2099589086595964965,2026-09-14T20:00:21.000Z,en,685,124
vercel-react-best-practices,https://x.com/i/status/2099521236367745346,2026-09-14T15:30:44.000Z,en,2,0
vercel-react-best-practices,https://x.com/i/status/2097897369589232063,2026-09-10T03:58:04.000Z,en,1,0
grilling,https://x.com/i/status/2100103275911536788,2026-09-16T06:03:33.000Z,en,0,0
grilling,https://x.com/i/status/2100032127383597112,2026-09-16T01:20:50.000Z,en,1,0
grilling,https://x.com/i/status/2099989830553702761,2026-09-15T22:32:46.000Z,en,3,0
grilling,https://x.com/i/status/2099979025557151872,2026-09-15T21:49:50.000Z,ja,0,0
grilling,https://x.com/i/status/2099911500156547118,2026-09-15T17:21:30.000Z,en,0,0
grilling,https://x.com/i/status/2099910982508097948,2026-09-15T17:19:27.000Z,en,0,0
grilling,https://x.com/i/status/2099626912083595623,2026-09-14T22:30:39.000Z,en,10,0
grilling,https://x.com/i/status/2099468743386779870,2026-09-14T12:02:09.000Z,ja,1,0
grilling,https://x.com/i/status/2099409274204020996,2026-09-14T08:05:50.000Z,en,0,0
grilling,https://x.com/i/status/2099324897474367832,2026-09-14T02:30:33.000Z,zxx,0,0
grilling,https://x.com/i/status/2099292479136694437,2026-09-14T00:21:44.000Z,en,0,0
grilling,https://x.com/i/status/2099282178865877336,2026-09-13T23:40:48.000Z,zxx,2,0
grilling,https://x.com/i/status/2099138352486256865,2026-09-13T14:09:17.000Z,en,0,0
grilling,https://x.com/i/status/2098827151390749087,2026-09-12T17:32:41.000Z,en,0,0
grilling,https://x.com/i/status/2098764176843825442,2026-09-12T13:22:27.000Z,en,1,0
grilling,https://x.com/i/status/2098525416399253911,2026-09-11T21:33:42.000Z,en,1,0
grilling,https://x.com/i/status/2098425906834329807,2026-09-11T14:58:17.000Z,en,0,0
grilling,https://x.com/i/status/2098344269790445862,2026-09-11T09:33:53.000Z,en,1,0
grilling,https://x.com/i/status/2098314985902641561,2026-09-11T07:37:32.000Z,ja,1,0
grilling,https://x.com/i/status/2098268063548514433,2026-09-11T04:31:04.000Z,en,2,0
grilling,https://x.com/i/status/2098163857231364399,2026-09-10T21:37:00.000Z,en,2,0
grilling,https://x.com/i/status/2098158169902235882,2026-09-10T21:14:24.000Z,en,2,0
grilling,https://x.com/i/status/2098087042127143123,2026-09-10T16:31:46.000Z,en,6,2
grilling,https://x.com/i/status/2098014209552310302,2026-09-10T11:42:21.000Z,en,0,0
grilling,https://x.com/i/status/2098001983185588344,2026-09-10T10:53:46.000Z,en,1,0
grilling,https://x.com/i/status/2097990144800309572,2026-09-10T10:06:43.000Z,en,0,0
grilling,https://x.com/i/status/2097948812191084616,2026-09-10T07:22:29.000Z,ja,0,0
grilling,https://x.com/i/status/2097924173918359996,2026-09-10T05:44:35.000Z,en,0,0
grilling,https://x.com/i/status/2097914418344681926,2026-09-10T05:05:49.000Z,en,1,0
grilling,https://x.com/i/status/2097891917916966941,2026-09-10T03:36:24.000Z,en,0,0
grilling,https://x.com/i/status/2097841594636587055,2026-09-10T00:16:26.000Z,zh,0,0
grilling,https://x.com/i/status/2097833651677671562,2026-09-09T23:44:53.000Z,ja,0,0
grilling,https://x.com/i/status/2097755002785661178,2026-09-09T18:32:21.000Z,en,0,0
grilling,https://x.com/i/status/2097742530188059113,2026-09-09T17:42:48.000Z,en,0,0
grilling,https://x.com/i/status/2097742349937811608,2026-09-09T17:42:05.000Z,en,1,0
grilling,https://x.com/i/status/2097710845132214744,2026-09-09T15:36:53.000Z,en,11,0
grilling,https://x.com/i/status/2097710169245323303,2026-09-09T15:34:12.000Z,en,591,27
grilling,https://x.com/i/status/2097701337807159706,2026-09-09T14:59:06.000Z,zh,1,0
grilling,https://x.com/i/status/2097661439901048852,2026-09-09T12:20:34.000Z,en,280,9
grilling,https://x.com/i/status/2097637634617315692,2026-09-09T10:45:58.000Z,en,0,0
grilling,https://x.com/i/status/2097601021392388600,2026-09-09T08:20:29.000Z,en,2,1
grilling,https://x.com/i/status/2097588628503560353,2026-09-09T07:31:15.000Z,en,0,0
humanizer,https://x.com/i/status/2100095830413701445,2026-09-16T05:33:58.000Z,zh,15,2
humanizer,https://x.com/i/status/2100066585352491422,2026-09-16T03:37:45.000Z,zh,1,0
humanizer,https://x.com/i/status/2100066582420713648,2026-09-16T03:37:45.000Z,zh,1,0
humanizer,https://x.com/i/status/2100059855323283878,2026-09-16T03:11:01.000Z,en,4,0
humanizer,https://x.com/i/status/2099990755901338019,2026-09-15T22:36:26.000Z,en,1,0
humanizer,https://x.com/i/status/2099970099851436226,2026-09-15T21:14:22.000Z,zh,177,28
humanizer,https://x.com/i/status/2099951653906686435,2026-09-15T20:01:04.000Z,en,0,0
humanizer,https://x.com/i/status/2099942558440837605,2026-09-15T19:24:55.000Z,en,0,0
humanizer,https://x.com/i/status/2099929225683972134,2026-09-15T18:31:56.000Z,en,89,8
humanizer,https://x.com/i/status/2099921191536411129,2026-09-15T18:00:01.000Z,en,44,2
humanizer,https://x.com/i/status/2099897513633607965,2026-09-15T16:25:56.000Z,zxx,23,6
humanizer,https://x.com/i/status/2099870860299456901,2026-09-15T14:40:01.000Z,zh,1,0
humanizer,https://x.com/i/status/2099814355030483431,2026-09-15T10:55:29.000Z,zh,2,0
humanizer,https://x.com/i/status/2099755128224100486,2026-09-15T07:00:08.000Z,en,0,0
humanizer,https://x.com/i/status/2099668987751911769,2026-09-15T01:17:51.000Z,ja,1,0
humanizer,https://x.com/i/status/2099653064798163037,2026-09-15T00:14:34.000Z,zh,1,0
humanizer,https://x.com/i/status/2099638580331123057,2026-09-14T23:17:01.000Z,zxx,9,0
humanizer,https://x.com/i/status/2099634408609509782,2026-09-14T23:00:26.000Z,zh,3,0
humanizer,https://x.com/i/status/2099634317018509372,2026-09-14T23:00:05.000Z,en,1,0
humanizer,https://x.com/i/status/2099558810801360963,2026-09-14T18:00:03.000Z,en,2,0
humanizer,https://x.com/i/status/2099492116703388142,2026-09-14T13:35:01.000Z,en,0,0
humanizer,https://x.com/i/status/2099479939754164677,2026-09-14T12:46:38.000Z,en,1,0
humanizer,https://x.com/i/status/2099436222250963019,2026-09-14T09:52:55.000Z,en,1,0
humanizer,https://x.com/i/status/2099405033712308654,2026-09-14T07:48:59.000Z,en,0,0
humanizer,https://x.com/i/status/2099395391758213386,2026-09-14T07:10:40.000Z,zh,121,23
humanizer,https://x.com/i/status/2099375468701233239,2026-09-14T05:51:30.000Z,ja,8,2
humanizer,https://x.com/i/status/2099363220700172356,2026-09-14T05:02:50.000Z,ja,3,0
humanizer,https://x.com/i/status/2099341806999925145,2026-09-14T03:37:45.000Z,zh,19,0
humanizer,https://x.com/i/status/2099331299916087530,2026-09-14T02:56:00.000Z,zh,35,3
humanizer,https://x.com/i/status/2099322204353905062,2026-09-14T02:19:51.000Z,zh,17,0
humanizer,https://x.com/i/status/2099212769446801899,2026-09-13T19:05:00.000Z,zh,5,2
humanizer,https://x.com/i/status/2099176748676219275,2026-09-13T16:41:52.000Z,en,0,0
humanizer,https://x.com/i/status/2099157762332594284,2026-09-13T15:26:25.000Z,en,1,0
humanizer,https://x.com/i/status/2098986277051740528,2026-09-13T04:05:00.000Z,zh,8,0
humanizer,https://x.com/i/status/2098820074962313509,2026-09-12T17:04:34.000Z,en,0,0
humanizer,https://x.com/i/status/2098774469577965921,2026-09-12T14:03:21.000Z,zh,3,0
humanizer,https://x.com/i/status/2098714018642858305,2026-09-12T10:03:08.000Z,en,0,0
humanizer,https://x.com/i/status/2098684564965323168,2026-09-12T08:06:06.000Z,zh,3,0
humanizer,https://x.com/i/status/2098632715415277807,2026-09-12T04:40:04.000Z,en,0,0
humanizer,https://x.com/i/status/2098599477754147204,2026-09-12T02:28:00.000Z,en,6,0
humanizer,https://x.com/i/status/2098548114303172674,2026-09-11T23:03:54.000Z,ja,4,0
humanizer,https://x.com/i/status/2098474153250869251,2026-09-11T18:10:00.000Z,en,0,0
humanizer,https://x.com/i/status/2098465595696058766,2026-09-11T17:36:00.000Z,es,2,0
humanizer,https://x.com/i/status/2098451162420937023,2026-09-11T16:38:39.000Z,en,1,0
humanizer,https://x.com/i/status/2098389500326293626,2026-09-11T12:33:37.000Z,en,1,0
humanizer,https://x.com/i/status/2098366198924578834,2026-09-11T11:01:02.000Z,en,0,0
humanizer,https://x.com/i/status/2098298966962307421,2026-09-11T06:33:52.000Z,ja,1,0
humanizer,https://x.com/i/status/2098289711248732519,2026-09-11T05:57:06.000Z,en,0,0
humanizer,https://x.com/i/status/2098283767752524043,2026-09-11T05:33:29.000Z,zxx,0,0
humanizer,https://x.com/i/status/2098232377856426277,2026-09-11T02:09:16.000Z,ja,3,0
humanizer,https://x.com/i/status/2098178604735578482,2026-09-10T22:35:36.000Z,pt,6,0
humanizer,https://x.com/i/status/2098122552027893813,2026-09-10T18:52:52.000Z,en,0,0
humanizer,https://x.com/i/status/2098107243879071809,2026-09-10T17:52:02.000Z,en,0,0
humanizer,https://x.com/i/status/2098056632915673265,2026-09-10T14:30:55.000Z,en,35,0
humanizer,https://x.com/i/status/2097981974837371052,2026-09-10T09:34:16.000Z,zh,0,0
humanizer,https://x.com/i/status/2097962441615564996,2026-09-10T08:16:38.000Z,en,136,32
humanizer,https://x.com/i/status/2097958678636745078,2026-09-10T08:01:41.000Z,sv,0,0
humanizer,https://x.com/i/status/2097944804084556003,2026-09-10T07:06:33.000Z,en,38,1
humanizer,https://x.com/i/status/2097885286265180398,2026-09-10T03:10:03.000Z,ja,958,111
humanizer,https://x.com/i/status/2097754380661412081,2026-09-09T18:29:53.000Z,en,0,0
humanizer,https://x.com/i/status/2097747942287290716,2026-09-09T18:04:18.000Z,pt,1,0
humanizer,https://x.com/i/status/2097712815398105273,2026-09-09T15:44:43.000Z,und,2,0
humanizer,https://x.com/i/status/2097711124871287064,2026-09-09T15:38:00.000Z,en,2,1
humanizer,https://x.com/i/status/2097709292275032477,2026-09-09T15:30:43.000Z,en,1,0
humanizer,https://x.com/i/status/2097707067796779203,2026-09-09T15:21:53.000Z,en,5,0
humanizer,https://x.com/i/status/2097681264086020551,2026-09-09T13:39:21.000Z,en,4,0
humanizer,https://x.com/i/status/2097672609777500441,2026-09-09T13:04:57.000Z,en,0,0
humanizer,https://x.com/i/status/2097590180311892209,2026-09-09T07:37:24.000Z,en,0,0
lark-doc,https://x.com/i/status/2099060608570466516,2026-09-13T09:00:22.000Z,ja,5,0
obsidian,https://x.com/i/status/2100107998756741512,2026-09-16T06:22:19.000Z,en,0,0
obsidian,https://x.com/i/status/2100107332164493407,2026-09-16T06:19:40.000Z,en,0,0
obsidian,https://x.com/i/status/2100103635212640397,2026-09-16T06:04:59.000Z,zxx,1,0
obsidian,https://x.com/i/status/2100102129226588583,2026-09-16T05:59:00.000Z,ko,2,0
obsidian,https://x.com/i/status/2100099916202954980,2026-09-16T05:50:12.000Z,zxx,0,0
obsidian,https://x.com/i/status/2100098163222757650,2026-09-16T05:43:14.000Z,en,0,0
obsidian,https://x.com/i/status/2100098012055994437,2026-09-16T05:42:38.000Z,zxx,2,0
obsidian,https://x.com/i/status/2100093373612998909,2026-09-16T05:24:12.000Z,zh,3,1
obsidian,https://x.com/i/status/2100091494749397181,2026-09-16T05:16:44.000Z,ja,0,0
obsidian,https://x.com/i/status/2100090874009104769,2026-09-16T05:14:16.000Z,zxx,0,0
obsidian,https://x.com/i/status/2100089324532609212,2026-09-16T05:08:07.000Z,ja,3,1
obsidian,https://x.com/i/status/2100088692425867711,2026-09-16T05:05:36.000Z,zxx,0,0
obsidian,https://x.com/i/status/2100088540038054090,2026-09-16T05:05:00.000Z,ja,3,0
obsidian,https://x.com/i/status/2100085847316177081,2026-09-16T04:54:18.000Z,zxx,3,0
obsidian,https://x.com/i/status/2100085499121827857,2026-09-16T04:52:55.000Z,en,0,0
obsidian,https://x.com/i/status/2100079742607106404,2026-09-16T04:30:02.000Z,es,0,0
obsidian,https://x.com/i/status/2100075792093130952,2026-09-16T04:14:21.000Z,en,0,0
obsidian,https://x.com/i/status/2100069183933325684,2026-09-16T03:48:05.000Z,en,0,0
obsidian,https://x.com/i/status/2100057352611459345,2026-09-16T03:01:04.000Z,en,0,0
obsidian,https://x.com/i/status/2100056355558261138,2026-09-16T02:57:06.000Z,ja,0,0
obsidian,https://x.com/i/status/2100049441189474312,2026-09-16T02:29:38.000Z,en,0,0
obsidian,https://x.com/i/status/2100045059261620604,2026-09-16T02:12:13.000Z,zh,0,0
obsidian,https://x.com/i/status/2100041983503065391,2026-09-16T02:00:00.000Z,ja,5,1
obsidian,https://x.com/i/status/2100038300446654719,2026-09-16T01:45:22.000Z,ja,18,0
obsidian,https://x.com/i/status/2100034195535921548,2026-09-16T01:29:03.000Z,ja,0,0
obsidian,https://x.com/i/status/2100029788102811874,2026-09-16T01:11:32.000Z,ja,5,0
obsidian,https://x.com/i/status/2100024607868952755,2026-09-16T00:50:57.000Z,ko,1,0
obsidian,https://x.com/i/status/2100024129122406803,2026-09-16T00:49:03.000Z,ja,2,0
obsidian,https://x.com/i/status/2100017228402094550,2026-09-16T00:21:38.000Z,zh,3,0
obsidian,https://x.com/i/status/2100014803519508485,2026-09-16T00:12:00.000Z,ja,5,1
obsidian,https://x.com/i/status/2100012529904922743,2026-09-16T00:02:58.000Z,ja,1,0
obsidian,https://x.com/i/status/2100007329777471592,2026-09-15T23:42:18.000Z,ja,1,0
obsidian,https://x.com/i/status/2099999350017655109,2026-09-15T23:10:35.000Z,ja,0,0
obsidian,https://x.com/i/status/2099999202097123365,2026-09-15T23:10:00.000Z,ja,21,3
obsidian,https://x.com/i/status/2099998659551412329,2026-09-15T23:07:51.000Z,ja,1,1
obsidian,https://x.com/i/status/2099992156987351176,2026-09-15T22:42:00.000Z,en,2,0
obsidian,https://x.com/i/status/2099988670988312788,2026-09-15T22:28:09.000Z,en,4,1
obsidian,https://x.com/i/status/2099987829023723857,2026-09-15T22:24:48.000Z,en,0,0
obsidian,https://x.com/i/status/2099975426214908004,2026-09-15T21:35:31.000Z,en,0,0
obsidian,https://x.com/i/status/2099974143047352539,2026-09-15T21:30:25.000Z,en,0,0
obsidian,https://x.com/i/status/2099974133412978943,2026-09-15T21:30:23.000Z,pt,0,0
obsidian,https://x.com/i/status/2099974061615161469,2026-09-15T21:30:06.000Z,zxx,30,1
obsidian,https://x.com/i/status/2099973196120207374,2026-09-15T21:26:40.000Z,en,0,0
obsidian,https://x.com/i/status/2099968446209352182,2026-09-15T21:07:47.000Z,in,7,1
obsidian,https://x.com/i/status/2099966553252864239,2026-09-15T21:00:16.000Z,es,0,0
obsidian,https://x.com/i/status/2099963917288255715,2026-09-15T20:49:47.000Z,en,101,8
obsidian,https://x.com/i/status/2099963067593310646,2026-09-15T20:46:25.000Z,en,1,0
obsidian,https://x.com/i/status/2099962338547740771,2026-09-15T20:43:31.000Z,en,0,0
obsidian,https://x.com/i/status/2099961512202829859,2026-09-15T20:40:14.000Z,en,0,0
obsidian,https://x.com/i/status/2099953951693037646,2026-09-15T20:10:11.000Z,en,0,0
obsidian,https://x.com/i/status/2099946432262459749,2026-09-15T19:40:19.000Z,en,1,0
obsidian,https://x.com/i/status/2099945803422773612,2026-09-15T19:37:49.000Z,en,0,0
obsidian,https://x.com/i/status/2099944124522909880,2026-09-15T19:31:09.000Z,en,2,0
obsidian,https://x.com/i/status/2099931856846344468,2026-09-15T18:42:24.000Z,en,12,1
obsidian,https://x.com/i/status/2099925107917443104,2026-09-15T18:15:35.000Z,zxx,2,2
obsidian,https://x.com/i/status/2099923680146985456,2026-09-15T18:09:54.000Z,en,0,0
obsidian,https://x.com/i/status/2099923660890902821,2026-09-15T18:09:50.000Z,en,1,0
obsidian,https://x.com/i/status/2099921468427505744,2026-09-15T18:01:07.000Z,en,0,0
obsidian,https://x.com/i/status/2099918982471991578,2026-09-15T17:51:14.000Z,en,3,0
obsidian,https://x.com/i/status/2099914859626578338,2026-09-15T17:34:51.000Z,ja,6,1
obsidian,https://x.com/i/status/2099913638278545919,2026-09-15T17:30:00.000Z,en,3,0
obsidian,https://x.com/i/status/2099912331245367709,2026-09-15T17:24:48.000Z,en,2,0
obsidian,https://x.com/i/status/2099904332996997568,2026-09-15T16:53:01.000Z,fr,16,0
obsidian,https://x.com/i/status/2099903296919973973,2026-09-15T16:48:54.000Z,en,1,0
obsidian,https://x.com/i/status/2099903131048161417,2026-09-15T16:48:15.000Z,ja,0,0
obsidian,https://x.com/i/status/2099901822144295318,2026-09-15T16:43:03.000Z,ja,0,0
obsidian,https://x.com/i/status/2099897513633607965,2026-09-15T16:25:56.000Z,zxx,23,6
obsidian,https://x.com/i/status/2099891248928845909,2026-09-15T16:01:02.000Z,en,7,0
obsidian,https://x.com/i/status/2099889864808288364,2026-09-15T15:55:32.000Z,en,6,0
obsidian,https://x.com/i/status/2099889596305662274,2026-09-15T15:54:28.000Z,en,2,1
obsidian,https://x.com/i/status/2099888766722679055,2026-09-15T15:51:10.000Z,fr,2,0
obsidian,https://x.com/i/status/2099882416416731398,2026-09-15T15:25:56.000Z,zh,0,0
obsidian,https://x.com/i/status/2099882186421727328,2026-09-15T15:25:01.000Z,en,1,0
obsidian,https://x.com/i/status/2099879652235870265,2026-09-15T15:14:57.000Z,en,4,1
obsidian,https://x.com/i/status/2099877624642187353,2026-09-15T15:06:54.000Z,en,3,0
obsidian,https://x.com/i/status/2099871959010218343,2026-09-15T14:44:23.000Z,ja,0,0
obsidian,https://x.com/i/status/2099869736360108393,2026-09-15T14:35:33.000Z,en,0,0
obsidian,https://x.com/i/status/2099865781115007411,2026-09-15T14:19:50.000Z,ja,0,0
obsidian,https://x.com/i/status/2099865140967424067,2026-09-15T14:17:17.000Z,pt,1,0
obsidian,https://x.com/i/status/2099863003923689692,2026-09-15T14:08:48.000Z,en,1,0
obsidian,https://x.com/i/status/2099860797677781101,2026-09-15T14:00:02.000Z,en,2,1
obsidian,https://x.com/i/status/2099859733347786902,2026-09-15T13:55:48.000Z,zh,1,0
obsidian,https://x.com/i/status/2099857783906595040,2026-09-15T13:48:03.000Z,en,0,0
obsidian,https://x.com/i/status/2099856276046180473,2026-09-15T13:42:04.000Z,zxx,357,73
obsidian,https://x.com/i/status/2099855031830798474,2026-09-15T13:37:07.000Z,en,2,0
obsidian,https://x.com/i/status/2099854588434395301,2026-09-15T13:35:21.000Z,zxx,0,0
obsidian,https://x.com/i/status/2099851471504175572,2026-09-15T13:22:58.000Z,en,2,0
obsidian,https://x.com/i/status/2099851469730017601,2026-09-15T13:22:58.000Z,en,5,0
obsidian,https://x.com/i/status/2099850931542102202,2026-09-15T13:20:50.000Z,en,17,0
obsidian,https://x.com/i/status/2099850056295751805,2026-09-15T13:17:21.000Z,en,0,0
obsidian,https://x.com/i/status/2099844609690272191,2026-09-15T12:55:42.000Z,en,0,0
obsidian,https://x.com/i/status/2099837681559601508,2026-09-15T12:28:11.000Z,en,250,25
obsidian,https://x.com/i/status/2099837169648931327,2026-09-15T12:26:08.000Z,en,0,0
obsidian,https://x.com/i/status/2099835355914522659,2026-09-15T12:18:56.000Z,zxx,3,1
obsidian,https://x.com/i/status/2099832651721081310,2026-09-15T12:08:11.000Z,zxx,0,0
obsidian,https://x.com/i/status/2099830602853990617,2026-09-15T12:00:03.000Z,zxx,51,6
obsidian,https://x.com/i/status/2099830593919881676,2026-09-15T12:00:01.000Z,en,0,0
obsidian,https://x.com/i/status/2099825558612062596,2026-09-15T11:40:00.000Z,ja,23,0
obsidian,https://x.com/i/status/2099823429591642365,2026-09-15T11:31:33.000Z,ja,1,0
obsidian,https://x.com/i/status/2099818259055067580,2026-09-15T11:11:00.000Z,ja,1,1
nano-banana-pro,https://x.com/i/status/2099949017270476992,2026-09-15T19:50:35.000Z,es,0,0
nano-banana-pro,https://x.com/i/status/2099927000488063217,2026-09-15T18:23:06.000Z,en,5,1
nano-banana-pro,https://x.com/i/status/2099901258274341027,2026-09-15T16:40:48.000Z,ar,0,0
nano-banana-pro,https://x.com/i/status/2099890654910509410,2026-09-15T15:58:40.000Z,en,3,0
nano-banana-pro,https://x.com/i/status/2099807944351384020,2026-09-15T10:30:01.000Z,ja,5,0
nano-banana-pro,https://x.com/i/status/2099657261488787639,2026-09-15T00:31:15.000Z,zh,837,131
nano-banana-pro,https://x.com/i/status/2099526384469127294,2026-09-14T15:51:12.000Z,en,13,1
nano-banana-pro,https://x.com/i/status/2099522423435526284,2026-09-14T15:35:27.000Z,ar,0,0
nano-banana-pro,https://x.com/i/status/2099511638864843019,2026-09-14T14:52:36.000Z,ar,2,1
nano-banana-pro,https://x.com/i/status/2099237176798236969,2026-09-13T20:41:59.000Z,en,0,0
nano-banana-pro,https://x.com/i/status/2099012026555314544,2026-09-13T05:47:19.000Z,en,41,1
nano-banana-pro,https://x.com/i/status/2098925748606369964,2026-09-13T00:04:29.000Z,zxx,4,0
nano-banana-pro,https://x.com/i/status/2098867976904532434,2026-09-12T20:14:55.000Z,en,0,0
nano-banana-pro,https://x.com/i/status/2098691577879380153,2026-09-12T08:33:58.000Z,en,40,3
nano-banana-pro,https://x.com/i/status/2098575097212579918,2026-09-12T00:51:07.000Z,pt,1,0
nano-banana-pro,https://x.com/i/status/2098411629167722707,2026-09-11T14:01:33.000Z,en,0,0
nano-banana-pro,https://x.com/i/status/2098398046031855926,2026-09-11T13:07:35.000Z,zxx,2,0
nano-banana-pro,https://x.com/i/status/2098390283973173588,2026-09-11T12:36:44.000Z,ja,1,0
nano-banana-pro,https://x.com/i/status/2098212678913470467,2026-09-11T00:51:00.000Z,en,1,0
nano-banana-pro,https://x.com/i/status/2098040545234895330,2026-09-10T13:27:00.000Z,en,35,10
nano-banana-pro,https://x.com/i/status/2097987530960285918,2026-09-10T09:56:20.000Z,zxx,3,0
nano-banana-pro,https://x.com/i/status/2097935325649584602,2026-09-10T06:28:54.000Z,en,2,0
nano-banana-pro,https://x.com/i/status/2097734304918823251,2026-09-09T17:10:06.000Z,en,12,12
nano-banana-pro,https://x.com/i/status/2097698684876071250,2026-09-09T14:48:34.000Z,en,0,1
nano-banana-pro,https://x.com/i/status/2097678781100036232,2026-09-09T13:29:29.000Z,ja,0,0
nano-banana-pro,https://x.com/i/status/2097652945395306531,2026-09-09T11:46:49.000Z,zxx,26,2
nano-banana-pro,https://x.com/i/status/2097626181369770206,2026-09-09T10:00:28.000Z,en,0,0
nano-banana-pro,https://x.com/i/status/2097606908568035696,2026-09-09T08:43:53.000Z,ja,4,1
notion,https://x.com/i/status/2100105189693042857,2026-09-16T06:11:09.000Z,en,0,0
notion,https://x.com/i/status/2100104464531394722,2026-09-16T06:08:17.000Z,zxx,0,0
notion,https://x.com/i/status/2100104045994135891,2026-09-16T06:06:37.000Z,en,0,0
notion,https://x.com/i/status/2100103561619354005,2026-09-16T06:04:41.000Z,ja,3,0
notion,https://x.com/i/status/2100102965709431270,2026-09-16T06:02:19.000Z,en,15,1
notion,https://x.com/i/status/2100099932468432986,2026-09-16T05:50:16.000Z,en,1,0
notion,https://x.com/i/status/2100099128097186272,2026-09-16T05:47:04.000Z,en,2,0
notion,https://x.com/i/status/2100087287182971269,2026-09-16T05:00:01.000Z,en,20,1
notion,https://x.com/i/status/2100084202653757461,2026-09-16T04:47:46.000Z,en,10,1
notion,https://x.com/i/status/2100083127008002537,2026-09-16T04:43:29.000Z,zh,0,0
notion,https://x.com/i/status/2100081821639971129,2026-09-16T04:38:18.000Z,zxx,0,0
notion,https://x.com/i/status/2100071188244369732,2026-09-16T03:56:03.000Z,en,1,0
notion,https://x.com/i/status/2100061354476654906,2026-09-16T03:16:58.000Z,ja,1,0
notion,https://x.com/i/status/2100060488336068897,2026-09-16T03:13:32.000Z,ja,3,0
notion,https://x.com/i/status/2100059599370154327,2026-09-16T03:10:00.000Z,ja,0,0
notion,https://x.com/i/status/2100057270843482428,2026-09-16T03:00:45.000Z,ja,1,0
notion,https://x.com/i/status/2100054177271689549,2026-09-16T02:48:27.000Z,ja,1,0
notion,https://x.com/i/status/2100047903297610092,2026-09-16T02:23:31.000Z,ja,2,0
notion,https://x.com/i/status/2100046682079830038,2026-09-16T02:18:40.000Z,en,0,0
notion,https://x.com/i/status/2100040214823543202,2026-09-16T01:52:58.000Z,en,0,0
notion,https://x.com/i/status/2100039483131637915,2026-09-16T01:50:04.000Z,zh,56,4
notion,https://x.com/i/status/2100037220132589632,2026-09-16T01:41:04.000Z,en,1,0
notion,https://x.com/i/status/2100036688072359957,2026-09-16T01:38:57.000Z,en,1,0
notion,https://x.com/i/status/2100035440149680600,2026-09-16T01:34:00.000Z,en,0,0
notion,https://x.com/i/status/2100035140931973133,2026-09-16T01:32:49.000Z,ja,1,0
notion,https://x.com/i/status/2100033274785698115,2026-09-16T01:25:24.000Z,ja,9,0
notion,https://x.com/i/status/2100032536172953819,2026-09-16T01:22:27.000Z,ja,6,0
notion,https://x.com/i/status/2100031231287009733,2026-09-16T01:17:16.000Z,zxx,2,0
notion,https://x.com/i/status/2100029623287316636,2026-09-16T01:10:53.000Z,en,0,0
notion,https://x.com/i/status/2100025373584965910,2026-09-16T00:54:00.000Z,en,5,0
notion,https://x.com/i/status/2100023730579927466,2026-09-16T00:47:28.000Z,ja,0,0
notion,https://x.com/i/status/2100017228402094550,2026-09-16T00:21:38.000Z,zh,3,0
notion,https://x.com/i/status/2100016142580601276,2026-09-16T00:17:19.000Z,en,0,0
notion,https://x.com/i/status/2100008943846326360,2026-09-15T23:48:43.000Z,ja,1,0
notion,https://x.com/i/status/2100007888077136118,2026-09-15T23:44:31.000Z,ja,3,0
notion,https://x.com/i/status/2100001850913177763,2026-09-15T23:20:32.000Z,es,1,0
notion,https://x.com/i/status/2100000265311244776,2026-09-15T23:14:14.000Z,en,1,0
notion,https://x.com/i/status/2099999819955925194,2026-09-15T23:12:27.000Z,ja,1,0
notion,https://x.com/i/status/2099999704193126688,2026-09-15T23:12:00.000Z,ja,3,0
notion,https://x.com/i/status/2099999135239897139,2026-09-15T23:09:44.000Z,zxx,1,0
notion,https://x.com/i/status/2099991256625488042,2026-09-15T22:38:26.000Z,en,1,0
notion,https://x.com/i/status/2099987685968593093,2026-09-15T22:24:14.000Z,en,2,0
notion,https://x.com/i/status/2099986116804030714,2026-09-15T22:18:00.000Z,en,22,2
notion,https://x.com/i/status/2099985678767374574,2026-09-15T22:16:16.000Z,en,0,0
notion,https://x.com/i/status/2099984805886915003,2026-09-15T22:12:48.000Z,zxx,0,0
notion,https://x.com/i/status/2099982238960030180,2026-09-15T22:02:36.000Z,ja,2,0
notion,https://x.com/i/status/2099970864326603116,2026-09-15T21:17:24.000Z,zxx,18,1
notion,https://x.com/i/status/2099970799608250521,2026-09-15T21:17:08.000Z,en,0,0
notion,https://x.com/i/status/2099970402306957372,2026-09-15T21:15:34.000Z,en,1,0
notion,https://x.com/i/status/2099968398537236672,2026-09-15T21:07:36.000Z,en,1,0
notion,https://x.com/i/status/2099966582197829928,2026-09-15T21:00:23.000Z,ja,1,0
notion,https://x.com/i/status/2099960292453277886,2026-09-15T20:35:23.000Z,en,0,0
notion,https://x.com/i/status/2099958962548265315,2026-09-15T20:30:06.000Z,en,0,0
notion,https://x.com/i/status/2099955861061779942,2026-09-15T20:17:47.000Z,en,15,1
notion,https://x.com/i/status/2099952460563644722,2026-09-15T20:04:16.000Z,en,3,0
notion,https://x.com/i/status/2099952457652797755,2026-09-15T20:04:15.000Z,en,10,3
notion,https://x.com/i/status/2099952235170222212,2026-09-15T20:03:22.000Z,en,0,0
notion,https://x.com/i/status/2099951987312017612,2026-09-15T20:02:23.000Z,en,1,0
notion,https://x.com/i/status/2099950807064219830,2026-09-15T19:57:42.000Z,es,0,0
notion,https://x.com/i/status/2099950435637284936,2026-09-15T19:56:13.000Z,en,3,0
notion,https://x.com/i/status/2099948176438636968,2026-09-15T19:47:15.000Z,en,1,0
notion,https://x.com/i/status/2099939364075643078,2026-09-15T19:12:14.000Z,en,0,0
notion,https://x.com/i/status/2099937739621761096,2026-09-15T19:05:46.000Z,en,0,0
notion,https://x.com/i/status/2099934640056553723,2026-09-15T18:53:27.000Z,en,170,3
notion,https://x.com/i/status/2099931759978729817,2026-09-15T18:42:01.000Z,en,1,0
notion,https://x.com/i/status/2099930773902213420,2026-09-15T18:38:05.000Z,zxx,5,2
notion,https://x.com/i/status/2099928888893755794,2026-09-15T18:30:36.000Z,en,1,0
notion,https://x.com/i/status/2099927006125125743,2026-09-15T18:23:07.000Z,en,1,0
notion,https://x.com/i/status/2099925959675683227,2026-09-15T18:18:58.000Z,en,0,0
notion,https://x.com/i/status/2099923106706112632,2026-09-15T18:07:37.000Z,en,19,15
notion,https://x.com/i/status/2099921734447333386,2026-09-15T18:02:10.000Z,zxx,2,0
notion,https://x.com/i/status/2099921478116323426,2026-09-15T18:01:09.000Z,en,3,1
notion,https://x.com/i/status/2099921445061083140,2026-09-15T18:01:01.000Z,en,0,0
notion,https://x.com/i/status/2099921026008129737,2026-09-15T17:59:21.000Z,en,1,0
notion,https://x.com/i/status/2099918825063883204,2026-09-15T17:50:37.000Z,en,4,1
notion,https://x.com/i/status/2099917668031528960,2026-09-15T17:46:01.000Z,en,2,0
notion,https://x.com/i/status/2099916688427024460,2026-09-15T17:42:07.000Z,zh,1,0
notion,https://x.com/i/status/2099915791248621904,2026-09-15T17:38:33.000Z,en,2,0
notion,https://x.com/i/status/2099909922125209993,2026-09-15T17:15:14.000Z,en,0,0
notion,https://x.com/i/status/2099908806071492953,2026-09-15T17:10:48.000Z,en,0,0
notion,https://x.com/i/status/2099908355615535337,2026-09-15T17:09:01.000Z,en,0,0
notion,https://x.com/i/status/2099907759139401772,2026-09-15T17:06:38.000Z,en,0,0
notion,https://x.com/i/status/2099905654395990394,2026-09-15T16:58:17.000Z,zxx,4,1
notion,https://x.com/i/status/2099904349241511999,2026-09-15T16:53:05.000Z,en,0,0
notion,https://x.com/i/status/2099901989429924155,2026-09-15T16:43:43.000Z,en,66,34
notion,https://x.com/i/status/2099900551085408409,2026-09-15T16:38:00.000Z,en,1,0
notion,https://x.com/i/status/2099900191004635271,2026-09-15T16:36:34.000Z,en,9,0
notion,https://x.com/i/status/2099899205955240214,2026-09-15T16:32:39.000Z,en,2,0
notion,https://x.com/i/status/2099898675623608547,2026-09-15T16:30:33.000Z,en,185,6
notion,https://x.com/i/status/2099898114622525872,2026-09-15T16:28:19.000Z,en,8,0
notion,https://x.com/i/status/2099897704331567227,2026-09-15T16:26:41.000Z,en,72,3
notion,https://x.com/i/status/2099896069463445711,2026-09-15T16:20:11.000Z,en,60,34
notion,https://x.com/i/status/2099894482456006712,2026-09-15T16:13:53.000Z,en,2,0
notion,https://x.com/i/status/2099893555745489259,2026-09-15T16:10:12.000Z,en,1,0
notion,https://x.com/i/status/2099893398731665883,2026-09-15T16:09:35.000Z,zxx,0,0
notion,https://x.com/i/status/2099890150465757574,2026-09-15T15:56:40.000Z,ja,0,0
notion,https://x.com/i/status/2099889481922818504,2026-09-15T15:54:01.000Z,en,0,0
notion,https://x.com/i/status/2099888702277271686,2026-09-15T15:50:55.000Z,en,1,0
notion,https://x.com/i/status/2099888332109201818,2026-09-15T15:49:27.000Z,en,23,0
notion,https://x.com/i/status/2099887442103001506,2026-09-15T15:45:54.000Z,ja,2,0
skill-creator,https://x.com/i/status/2100057838915813419,2026-09-16T03:03:00.000Z,zh,24,1
skill-creator,https://x.com/i/status/2100019565564453089,2026-09-16T00:30:55.000Z,en,0,0
skill-creator,https://x.com/i/status/2100017471021514801,2026-09-16T00:22:36.000Z,en,0,0
skill-creator,https://x.com/i/status/2099978030634647878,2026-09-15T21:45:52.000Z,zxx,9,1
skill-creator,https://x.com/i/status/2099965889265254712,2026-09-15T20:57:38.000Z,es,1,0
skill-creator,https://x.com/i/status/2099890654910509410,2026-09-15T15:58:40.000Z,en,3,0
skill-creator,https://x.com/i/status/2099887813466398928,2026-09-15T15:47:23.000Z,en,5,1
skill-creator,https://x.com/i/status/2099871330078191645,2026-09-15T14:41:53.000Z,en,1,0
skill-creator,https://x.com/i/status/2099824967336722567,2026-09-15T11:37:39.000Z,zxx,29,3
skill-creator,https://x.com/i/status/2099795358029115439,2026-09-15T09:40:00.000Z,en,0,0
skill-creator,https://x.com/i/status/2099779154283827264,2026-09-15T08:35:37.000Z,en,0,0
skill-creator,https://x.com/i/status/2099724895630295060,2026-09-15T05:00:00.000Z,en,200,34
skill-creator,https://x.com/i/status/2099691691318071366,2026-09-15T02:48:04.000Z,zh,0,0
skill-creator,https://x.com/i/status/2099689912920396099,2026-09-15T02:41:00.000Z,ja,15,0
skill-creator,https://x.com/i/status/2099685634910585122,2026-09-15T02:24:00.000Z,ja,192,19
skill-creator,https://x.com/i/status/2099652924901396582,2026-09-15T00:14:01.000Z,es,0,0
skill-creator,https://x.com/i/status/2099651943211634862,2026-09-15T00:10:07.000Z,es,1,0
skill-creator,https://x.com/i/status/2099643125493027198,2026-09-14T23:35:05.000Z,ko,11,8
skill-creator,https://x.com/i/status/2099629618550738968,2026-09-14T22:41:24.000Z,ja,1,0
skill-creator,https://x.com/i/status/2099570615476777471,2026-09-14T18:46:57.000Z,en,0,0
skill-creator,https://x.com/i/status/2099564854503743814,2026-09-14T18:24:03.000Z,en,0,0
skill-creator,https://x.com/i/status/2099564127400206801,2026-09-14T18:21:10.000Z,zxx,0,0
skill-creator,https://x.com/i/status/2099563944436551976,2026-09-14T18:20:27.000Z,en,1,0
skill-creator,https://x.com/i/status/2099557793271603492,2026-09-14T17:56:00.000Z,fr,0,0
skill-creator,https://x.com/i/status/2099554815278026951,2026-09-14T17:44:10.000Z,zxx,41,9
skill-creator,https://x.com/i/status/2099552774056755206,2026-09-14T17:36:03.000Z,en,12,0
skill-creator,https://x.com/i/status/2099513862882312227,2026-09-14T15:01:26.000Z,zh,7,1
skill-creator,https://x.com/i/status/2099503556113977645,2026-09-14T14:20:29.000Z,es,0,0
skill-creator,https://x.com/i/status/2099452041953423584,2026-09-14T10:55:47.000Z,en,1,0
skill-creator,https://x.com/i/status/2099448842525843612,2026-09-14T10:43:04.000Z,zh,2,0
skill-creator,https://x.com/i/status/2099424400382869851,2026-09-14T09:05:57.000Z,zh,2,0
skill-creator,https://x.com/i/status/2099393459941417276,2026-09-14T07:03:00.000Z,ja,159,16
skill-creator,https://x.com/i/status/2099377106866380930,2026-09-14T05:58:01.000Z,ja,2,0
skill-creator,https://x.com/i/status/2099368840690114685,2026-09-14T05:25:10.000Z,zxx,93,24
skill-creator,https://x.com/i/status/2099361832490410369,2026-09-14T04:57:19.000Z,zxx,8,2
skill-creator,https://x.com/i/status/2099354512549196168,2026-09-14T04:28:14.000Z,zh,5,0
skill-creator,https://x.com/i/status/2099351275238306016,2026-09-14T04:15:22.000Z,en,0,0
skill-creator,https://x.com/i/status/2099342204842197388,2026-09-14T03:39:20.000Z,zh,0,0
skill-creator,https://x.com/i/status/2099338368374984982,2026-09-14T03:24:05.000Z,en,0,0
skill-creator,https://x.com/i/status/2099224062253826385,2026-09-13T19:49:52.000Z,en,480,76
skill-creator,https://x.com/i/status/2099156706898915609,2026-09-13T15:22:14.000Z,zxx,26,2
skill-creator,https://x.com/i/status/2099150575334023193,2026-09-13T14:57:52.000Z,en,1,0
skill-creator,https://x.com/i/status/2099120923295039652,2026-09-13T13:00:02.000Z,en,17,0
skill-creator,https://x.com/i/status/2099085352266789275,2026-09-13T10:38:41.000Z,en,85,15
skill-creator,https://x.com/i/status/2099074885008175478,2026-09-13T09:57:06.000Z,es,1,0
skill-creator,https://x.com/i/status/2099066699819725196,2026-09-13T09:24:34.000Z,ja,37,2
skill-creator,https://x.com/i/status/2098980924410986730,2026-09-13T03:43:44.000Z,zxx,195,16
skill-creator,https://x.com/i/status/2098945443799675171,2026-09-13T01:22:44.000Z,zxx,3,0
skill-creator,https://x.com/i/status/2098871241473978573,2026-09-12T20:27:53.000Z,en,0,0
skill-creator,https://x.com/i/status/2098832513489629360,2026-09-12T17:54:00.000Z,fr,0,0
skill-creator,https://x.com/i/status/2098798711023239212,2026-09-12T15:39:41.000Z,pt,0,0
skill-creator,https://x.com/i/status/2098788760993640716,2026-09-12T15:00:08.000Z,en,51,3
skill-creator,https://x.com/i/status/2098728319504056366,2026-09-12T10:59:58.000Z,en,3,0
skill-creator,https://x.com/i/status/2098706507504435684,2026-09-12T09:33:18.000Z,en,73,11
skill-creator,https://x.com/i/status/2098673821444387278,2026-09-12T07:23:25.000Z,zxx,15,1
skill-creator,https://x.com/i/status/2098652326248493447,2026-09-12T05:58:00.000Z,en,676,93
skill-creator,https://x.com/i/status/2098603727913660562,2026-09-12T02:44:53.000Z,en,3,0
skill-creator,https://x.com/i/status/2098567584777949344,2026-09-12T00:21:16.000Z,en,0,0
skill-creator,https://x.com/i/status/2098495381801926740,2026-09-11T19:34:21.000Z,en,0,0
skill-creator,https://x.com/i/status/2098448816156336168,2026-09-11T16:29:19.000Z,en,0,0
skill-creator,https://x.com/i/status/2098419212058317111,2026-09-11T14:31:41.000Z,es,0,0
skill-creator,https://x.com/i/status/2098381697280545129,2026-09-11T12:02:37.000Z,es,0,0
skill-creator,https://x.com/i/status/2098365950940569639,2026-09-11T11:00:03.000Z,en,115,14
skill-creator,https://x.com/i/status/2098335757526286546,2026-09-11T09:00:04.000Z,en,10,6
skill-creator,https://x.com/i/status/2098281245645893886,2026-09-11T05:23:27.000Z,en,23,5
skill-creator,https://x.com/i/status/2098275345850118552,2026-09-11T05:00:01.000Z,en,324,35
skill-creator,https://x.com/i/status/2098212079043829776,2026-09-11T00:48:37.000Z,zh,183,11
skill-creator,https://x.com/i/status/2098164409659199884,2026-09-10T21:39:11.000Z,ja,5,0
skill-creator,https://x.com/i/status/2098094315801133190,2026-09-10T17:00:40.000Z,en,0,0
skill-creator,https://x.com/i/status/2097965802242638068,2026-09-10T08:30:00.000Z,en,0,0
skill-creator,https://x.com/i/status/2097962441615564996,2026-09-10T08:16:38.000Z,en,136,32
skill-creator,https://x.com/i/status/2097910254168367560,2026-09-10T04:49:16.000Z,ja,2,0
skill-creator,https://x.com/i/status/2097887331059724363,2026-09-10T03:18:11.000Z,en,3,0
skill-creator,https://x.com/i/status/2097733784368197662,2026-09-09T17:08:02.000Z,en,1,0
skill-creator,https://x.com/i/status/2097725977199865964,2026-09-09T16:37:01.000Z,zxx,437,40
skill-creator,https://x.com/i/status/2097681127901184113,2026-09-09T13:38:48.000Z,es,0,0
skill-creator,https://x.com/i/status/2097653062794154038,2026-09-09T11:47:17.000Z,zh,2,0
skill-creator,https://x.com/i/status/2097583244136907135,2026-09-09T07:09:51.000Z,en,0,0
auto-updater,https://x.com/i/status/2099309786730996092,2026-09-14T01:30:31.000Z,en,0,0
auto-updater,https://x.com/i/status/2098174544276230615,2026-09-10T22:19:28.000Z,en,0,0
baidu-search,https://x.com/i/status/2099607662212047266,2026-09-14T21:14:10.000Z,en,2,0
lark-minutes,https://x.com/i/status/2099331593391456400,2026-09-14T02:57:10.000Z,zh,0,0
evolver,https://x.com/i/status/2098666761696510129,2026-09-12T06:55:21.000Z,en,2,0
evolver,https://x.com/i/status/2098562934968406094,2026-09-12T00:02:47.000Z,en,1,0
evolver,https://x.com/i/status/2098021114685616637,2026-09-10T12:09:47.000Z,en,177,24
evolver,https://x.com/i/status/2097586916996653509,2026-09-09T07:24:26.000Z,zh,14,2
