skill_key,tweet_url,created_at,lang,favorites,retweets
find-skills,https://x.com/i/status/2098595244082069573,2026-09-12T02:11:10.000Z,es,0,0
find-skills,https://x.com/i/status/2098191539008590325,2026-09-10T23:27:00.000Z,es,184,17
find-skills,https://x.com/i/status/2097962441615564996,2026-09-10T08:16:38.000Z,en,136,31
find-skills,https://x.com/i/status/2097910254168367560,2026-09-10T04:49:16.000Z,ja,2,0
find-skills,https://x.com/i/status/2097575853408264518,2026-09-09T06:40:29.000Z,en,1,0
find-skills,https://x.com/i/status/2097514089174200397,2026-09-09T02:35:03.000Z,en,1,0
find-skills,https://x.com/i/status/2097384620673175840,2026-09-08T18:00:35.000Z,en,3,1
find-skills,https://x.com/i/status/2097383743187296489,2026-09-08T17:57:06.000Z,en,0,0
find-skills,https://x.com/i/status/2097377791469633902,2026-09-08T17:33:27.000Z,ar,120,22
find-skills,https://x.com/i/status/2097373223004307514,2026-09-08T17:15:18.000Z,ar,461,61
find-skills,https://x.com/i/status/2097293116948496879,2026-09-08T11:56:59.000Z,es,529,95
find-skills,https://x.com/i/status/2096874522829861064,2026-09-07T08:13:38.000Z,en,1,0
find-skills,https://x.com/i/status/2096795843919831220,2026-09-07T03:01:00.000Z,ja,1,0
find-skills,https://x.com/i/status/2096640169252159516,2026-09-06T16:42:24.000Z,en,0,0
find-skills,https://x.com/i/status/2096585835399549423,2026-09-06T13:06:30.000Z,en,155,40
self-improving-agent,https://x.com/i/status/2098933057424425302,2026-09-13T00:33:31.000Z,en,1,0
self-improving-agent,https://x.com/i/status/2098866781985096072,2026-09-12T20:10:10.000Z,en,0,0
self-improving-agent,https://x.com/i/status/2098791320533754143,2026-09-12T15:10:19.000Z,en,27,0
self-improving-agent,https://x.com/i/status/2098752115640500532,2026-09-12T12:34:31.000Z,en,0,0
self-improving-agent,https://x.com/i/status/2098733999824961546,2026-09-12T11:22:32.000Z,en,0,0
self-improving-agent,https://x.com/i/status/2098512324600463730,2026-09-11T20:41:41.000Z,en,0,0
self-improving-agent,https://x.com/i/status/2098444619285709124,2026-09-11T16:12:39.000Z,en,2,0
self-improving-agent,https://x.com/i/status/2098402843166220330,2026-09-11T13:26:38.000Z,en,273,38
self-improving-agent,https://x.com/i/status/2098304467938762986,2026-09-11T06:55:44.000Z,en,5,0
self-improving-agent,https://x.com/i/status/2098302807308677567,2026-09-11T06:49:08.000Z,en,0,0
self-improving-agent,https://x.com/i/status/2098284612942176376,2026-09-11T05:36:50.000Z,en,0,0
self-improving-agent,https://x.com/i/status/2098280806766547342,2026-09-11T05:21:43.000Z,en,9,9
self-improving-agent,https://x.com/i/status/2098248415956054174,2026-09-11T03:13:00.000Z,en,18,3
self-improving-agent,https://x.com/i/status/2098231705870192663,2026-09-11T02:06:36.000Z,en,3,2
self-improving-agent,https://x.com/i/status/2098200906638442713,2026-09-11T00:04:13.000Z,en,2,0
self-improving-agent,https://x.com/i/status/2098021114685616637,2026-09-10T12:09:47.000Z,en,189,35
self-improving-agent,https://x.com/i/status/2098006290530209990,2026-09-10T11:10:53.000Z,en,2,0
self-improving-agent,https://x.com/i/status/2097955779190067405,2026-09-10T07:50:10.000Z,zh,18,0
self-improving-agent,https://x.com/i/status/2097947939763003773,2026-09-10T07:19:01.000Z,en,0,0
self-improving-agent,https://x.com/i/status/2097947880220684400,2026-09-10T07:18:47.000Z,en,1,0
self-improving-agent,https://x.com/i/status/2097916936801935818,2026-09-10T05:15:49.000Z,en,9,0
self-improving-agent,https://x.com/i/status/2097752959526330501,2026-09-09T18:24:14.000Z,en,778,87
self-improving-agent,https://x.com/i/status/2097752198600085627,2026-09-09T18:21:13.000Z,en,1,0
self-improving-agent,https://x.com/i/status/2097660229660168202,2026-09-09T12:15:46.000Z,en,1,0
self-improving-agent,https://x.com/i/status/2097636781302890536,2026-09-09T10:42:35.000Z,en,3,0
self-improving-agent,https://x.com/i/status/2097547958460063881,2026-09-09T04:49:38.000Z,en,7,0
self-improving-agent,https://x.com/i/status/2097512852806414480,2026-09-09T02:30:08.000Z,en,0,0
self-improving-agent,https://x.com/i/status/2097506443574567013,2026-09-09T02:04:40.000Z,en,0,0
self-improving-agent,https://x.com/i/status/2097478065723162959,2026-09-09T00:11:54.000Z,en,580,54
self-improving-agent,https://x.com/i/status/2097396358185730061,2026-09-08T18:47:14.000Z,en,59,8
self-improving-agent,https://x.com/i/status/2097357828705206547,2026-09-08T16:14:08.000Z,zxx,5,1
self-improving-agent,https://x.com/i/status/2097336163300176070,2026-09-08T14:48:02.000Z,en,9,0
self-improving-agent,https://x.com/i/status/2097217637491073467,2026-09-08T06:57:03.000Z,fr,0,0
self-improving-agent,https://x.com/i/status/2097188268555055214,2026-09-08T05:00:21.000Z,en,20,1
self-improving-agent,https://x.com/i/status/2097134140688826593,2026-09-08T01:25:16.000Z,en,2,0
self-improving-agent,https://x.com/i/status/2097066634213278167,2026-09-07T20:57:01.000Z,en,0,0
self-improving-agent,https://x.com/i/status/2097029711805448383,2026-09-07T18:30:18.000Z,en,0,0
self-improving-agent,https://x.com/i/status/2097025447536074896,2026-09-07T18:13:22.000Z,en,2,0
self-improving-agent,https://x.com/i/status/2097014487543128447,2026-09-07T17:29:49.000Z,en,0,0
self-improving-agent,https://x.com/i/status/2097014354352677180,2026-09-07T17:29:17.000Z,en,2,0
self-improving-agent,https://x.com/i/status/2096983341698289958,2026-09-07T15:26:03.000Z,en,0,3
self-improving-agent,https://x.com/i/status/2096959843013628402,2026-09-07T13:52:40.000Z,en,44,5
self-improving-agent,https://x.com/i/status/2096955648047042917,2026-09-07T13:36:00.000Z,zxx,45,0
self-improving-agent,https://x.com/i/status/2096905900351181094,2026-09-07T10:18:19.000Z,zxx,211,31
self-improving-agent,https://x.com/i/status/2096891832982810698,2026-09-07T09:22:26.000Z,en,1,0
self-improving-agent,https://x.com/i/status/2096891515645886644,2026-09-07T09:21:10.000Z,zxx,0,0
self-improving-agent,https://x.com/i/status/2096825042080526599,2026-09-07T04:57:01.000Z,en,0,0
self-improving-agent,https://x.com/i/status/2096691733048209647,2026-09-06T20:07:18.000Z,en,3,0
self-improving-agent,https://x.com/i/status/2096544630678643082,2026-09-06T10:22:46.000Z,en,0,0
grill-me,https://x.com/i/status/2098985773458682273,2026-09-13T04:03:00.000Z,zh,2,0
grill-me,https://x.com/i/status/2098973174700658736,2026-09-13T03:12:56.000Z,zh,1,0
grill-me,https://x.com/i/status/2098896865597313163,2026-09-12T22:09:43.000Z,en,329,5
grill-me,https://x.com/i/status/2098872952011755944,2026-09-12T20:34:41.000Z,en,0,0
grill-me,https://x.com/i/status/2098802539772711049,2026-09-12T15:54:54.000Z,en,0,0
grill-me,https://x.com/i/status/2098788860394180903,2026-09-12T15:00:32.000Z,pl,0,0
grill-me,https://x.com/i/status/2098778513452970034,2026-09-12T14:19:25.000Z,en,0,0
grill-me,https://x.com/i/status/2098757998768484756,2026-09-12T12:57:54.000Z,en,0,0
grill-me,https://x.com/i/status/2098719683713056935,2026-09-12T10:25:39.000Z,en,0,0
grill-me,https://x.com/i/status/2098713920240271741,2026-09-12T10:02:45.000Z,en,13,0
grill-me,https://x.com/i/status/2098687991346774381,2026-09-12T08:19:43.000Z,en,2,0
grill-me,https://x.com/i/status/2098687985931731443,2026-09-12T08:19:42.000Z,en,20,1
grill-me,https://x.com/i/status/2098676943956681094,2026-09-12T07:35:49.000Z,en,0,0
grill-me,https://x.com/i/status/2098671297467232369,2026-09-12T07:13:23.000Z,zh,97,11
grill-me,https://x.com/i/status/2098665009295347986,2026-09-12T06:48:24.000Z,en,0,0
grill-me,https://x.com/i/status/2098654591164330352,2026-09-12T06:07:00.000Z,zh,16,4
grill-me,https://x.com/i/status/2098639617985851520,2026-09-12T05:07:30.000Z,zh,6,0
grill-me,https://x.com/i/status/2098635377934242154,2026-09-12T04:50:39.000Z,en,0,0
grill-me,https://x.com/i/status/2098633341004378457,2026-09-12T04:42:33.000Z,zxx,20,0
grill-me,https://x.com/i/status/2098603599333069169,2026-09-12T02:44:22.000Z,ja,0,0
grill-me,https://x.com/i/status/2098597212905525500,2026-09-12T02:19:00.000Z,ja,43,0
grill-me,https://x.com/i/status/2098498141570126303,2026-09-11T19:45:19.000Z,en,3,0
grill-me,https://x.com/i/status/2098495861093192078,2026-09-11T19:36:16.000Z,en,0,0
grill-me,https://x.com/i/status/2098473418622734405,2026-09-11T18:07:05.000Z,en,0,0
grill-me,https://x.com/i/status/2098472452812632350,2026-09-11T18:03:15.000Z,en,0,0
grill-me,https://x.com/i/status/2098365950261149814,2026-09-11T11:00:02.000Z,en,6,0
grill-me,https://x.com/i/status/2098365572564038011,2026-09-11T10:58:32.000Z,en,4,0
grill-me,https://x.com/i/status/2098348226613067955,2026-09-11T09:49:37.000Z,pl,2,0
grill-me,https://x.com/i/status/2098329176893743307,2026-09-11T08:33:55.000Z,en,0,0
grill-me,https://x.com/i/status/2098308820422340924,2026-09-11T07:13:02.000Z,en,0,0
grill-me,https://x.com/i/status/2098299098650882116,2026-09-11T06:34:24.000Z,ja,1,0
grill-me,https://x.com/i/status/2098276016892568042,2026-09-11T05:02:41.000Z,en,5,0
grill-me,https://x.com/i/status/2098204571571048833,2026-09-11T00:18:47.000Z,en,2,0
grill-me,https://x.com/i/status/2098163717191901588,2026-09-10T21:36:26.000Z,en,0,0
grill-me,https://x.com/i/status/2098160907633217737,2026-09-10T21:25:16.000Z,en,0,0
grill-me,https://x.com/i/status/2098113767473115347,2026-09-10T18:17:57.000Z,en,0,0
grill-me,https://x.com/i/status/2098107294445924618,2026-09-10T17:52:14.000Z,en,1,0
grill-me,https://x.com/i/status/2098106850751197565,2026-09-10T17:50:28.000Z,en,0,0
grill-me,https://x.com/i/status/2098081318181462365,2026-09-10T16:09:01.000Z,en,0,0
grill-me,https://x.com/i/status/2098074493155701210,2026-09-10T15:41:54.000Z,en,0,0
grill-me,https://x.com/i/status/2098066485943886100,2026-09-10T15:10:05.000Z,en,0,0
grill-me,https://x.com/i/status/2098033762462572749,2026-09-10T13:00:03.000Z,en,4,0
grill-me,https://x.com/i/status/2098031094792876492,2026-09-10T12:49:27.000Z,in,0,0
grill-me,https://x.com/i/status/2098009428913992084,2026-09-10T11:23:21.000Z,en,0,0
grill-me,https://x.com/i/status/2098003403540459807,2026-09-10T10:59:25.000Z,en,0,0
grill-me,https://x.com/i/status/2097999906698821961,2026-09-10T10:45:31.000Z,en,0,0
grill-me,https://x.com/i/status/2097982137404182944,2026-09-10T09:34:54.000Z,en,0,0
grill-me,https://x.com/i/status/2097972948577493456,2026-09-10T08:58:24.000Z,en,3,0
grill-me,https://x.com/i/status/2097914418344681926,2026-09-10T05:05:49.000Z,en,1,0
grill-me,https://x.com/i/status/2097891917916966941,2026-09-10T03:36:24.000Z,en,0,0
grill-me,https://x.com/i/status/2097887672849383595,2026-09-10T03:19:32.000Z,en,0,0
grill-me,https://x.com/i/status/2097854911883137064,2026-09-10T01:09:21.000Z,en,0,0
grill-me,https://x.com/i/status/2097848436280168922,2026-09-10T00:43:38.000Z,en,1,0
grill-me,https://x.com/i/status/2097841594636587055,2026-09-10T00:16:26.000Z,zh,0,0
grill-me,https://x.com/i/status/2097836029663117502,2026-09-09T23:54:20.000Z,en,1,0
grill-me,https://x.com/i/status/2097736079122067907,2026-09-09T17:17:09.000Z,zxx,74,14
grill-me,https://x.com/i/status/2097732080675225771,2026-09-09T17:01:16.000Z,en,7,0
grill-me,https://x.com/i/status/2097701337807159706,2026-09-09T14:59:06.000Z,zh,1,0
grill-me,https://x.com/i/status/2097700497893282152,2026-09-09T14:55:46.000Z,iw,0,0
grill-me,https://x.com/i/status/2097676463977742378,2026-09-09T13:20:16.000Z,zh,93,9
grill-me,https://x.com/i/status/2097661439901048852,2026-09-09T12:20:34.000Z,en,277,9
grill-me,https://x.com/i/status/2097658597949816906,2026-09-09T12:09:17.000Z,en,1,0
grill-me,https://x.com/i/status/2097656017727443231,2026-09-09T11:59:01.000Z,en,0,0
grill-me,https://x.com/i/status/2097638136763339204,2026-09-09T10:47:58.000Z,en,21,0
grill-me,https://x.com/i/status/2097633463033602429,2026-09-09T10:29:24.000Z,en,0,0
grill-me,https://x.com/i/status/2097621293566656738,2026-09-09T09:41:02.000Z,en,0,0
grill-me,https://x.com/i/status/2097619918812270778,2026-09-09T09:35:35.000Z,en,0,0
grill-me,https://x.com/i/status/2097601021392388600,2026-09-09T08:20:29.000Z,en,2,1
grill-me,https://x.com/i/status/2097592229418148239,2026-09-09T07:45:33.000Z,en,0,0
grill-me,https://x.com/i/status/2097553085841498508,2026-09-09T05:10:00.000Z,en,1,0
grill-me,https://x.com/i/status/2097534627049038267,2026-09-09T03:56:40.000Z,zh,658,82
grill-me,https://x.com/i/status/2097530046479265796,2026-09-09T03:38:27.000Z,en,18,8
grill-me,https://x.com/i/status/2097519823940968881,2026-09-09T02:57:50.000Z,pt,0,0
grill-me,https://x.com/i/status/2097499831782744110,2026-09-09T01:38:24.000Z,en,0,0
grill-me,https://x.com/i/status/2097475887033909285,2026-09-09T00:03:15.000Z,zh,1,0
grill-me,https://x.com/i/status/2097411279308628021,2026-09-08T19:46:31.000Z,en,0,0
grill-me,https://x.com/i/status/2097384433498157555,2026-09-08T17:59:51.000Z,en,0,0
grill-me,https://x.com/i/status/2097374076482342964,2026-09-08T17:18:41.000Z,en,1,0
grill-me,https://x.com/i/status/2097364631769817524,2026-09-08T16:41:10.000Z,en,0,0
grill-me,https://x.com/i/status/2097355552401809918,2026-09-08T16:05:05.000Z,en,4,0
grill-me,https://x.com/i/status/2097319204353614194,2026-09-08T13:40:39.000Z,en,1,0
grill-me,https://x.com/i/status/2097294635785916817,2026-09-08T12:03:01.000Z,zxx,619,111
grill-me,https://x.com/i/status/2097262644667330947,2026-09-08T09:55:54.000Z,en,2,1
grill-me,https://x.com/i/status/2097225553313161537,2026-09-08T07:28:31.000Z,en,1,0
grill-me,https://x.com/i/status/2097219894202761299,2026-09-08T07:06:01.000Z,en,0,0
grill-me,https://x.com/i/status/2097213974135906650,2026-09-08T06:42:30.000Z,zh,2,0
grill-me,https://x.com/i/status/2097122691203694918,2026-09-08T00:39:46.000Z,zh,0,0
grill-me,https://x.com/i/status/2097086898430730635,2026-09-07T22:17:33.000Z,en,0,0
grill-me,https://x.com/i/status/2097053237375603077,2026-09-07T20:03:47.000Z,en,0,0
grill-me,https://x.com/i/status/2097034515063398409,2026-09-07T18:49:24.000Z,en,1,0
grill-me,https://x.com/i/status/2097019116767043584,2026-09-07T17:48:12.000Z,en,1,0
grill-me,https://x.com/i/status/2097016646565236846,2026-09-07T17:38:23.000Z,en,1,0
grill-me,https://x.com/i/status/2097006897006362771,2026-09-07T16:59:39.000Z,en,7,0
grill-me,https://x.com/i/status/2096999190593438157,2026-09-07T16:29:02.000Z,en,0,0
grill-me,https://x.com/i/status/2096983222622032256,2026-09-07T15:25:34.000Z,en,0,0
grill-me,https://x.com/i/status/2096974149562581463,2026-09-07T14:49:31.000Z,en,1,0
grill-me,https://x.com/i/status/2096962934262149488,2026-09-07T14:04:57.000Z,en,0,0
grill-me,https://x.com/i/status/2096939282652975593,2026-09-07T12:30:58.000Z,en,0,0
grill-me,https://x.com/i/status/2096939042848018571,2026-09-07T12:30:01.000Z,zh,0,0
grill-me,https://x.com/i/status/2096934648240869455,2026-09-07T12:12:33.000Z,ja,1,0
grill-with-docs,https://x.com/i/status/2098861036279599589,2026-09-12T19:47:20.000Z,zh,1,0
grill-with-docs,https://x.com/i/status/2098767869719036274,2026-09-12T13:37:08.000Z,zxx,0,0
grill-with-docs,https://x.com/i/status/2098691928963666025,2026-09-12T08:35:22.000Z,zh,0,0
grill-with-docs,https://x.com/i/status/2098472593083011115,2026-09-11T18:03:48.000Z,pt,4,0
grill-with-docs,https://x.com/i/status/2098308820422340924,2026-09-11T07:13:02.000Z,en,0,0
grill-with-docs,https://x.com/i/status/2098091699465601474,2026-09-10T16:50:16.000Z,tr,22,1
grill-with-docs,https://x.com/i/status/2097840502217281985,2026-09-10T00:12:06.000Z,en,0,0
grill-with-docs,https://x.com/i/status/2097833651677671562,2026-09-09T23:44:53.000Z,ja,0,0
grill-with-docs,https://x.com/i/status/2097781257727877536,2026-09-09T20:16:41.000Z,en,2,0
grill-with-docs,https://x.com/i/status/2097719351751135514,2026-09-09T16:10:41.000Z,en,0,0
grill-with-docs,https://x.com/i/status/2097709130417144104,2026-09-09T15:30:04.000Z,ko,3,0
grill-with-docs,https://x.com/i/status/2097621293566656738,2026-09-09T09:41:02.000Z,en,0,0
grill-with-docs,https://x.com/i/status/2097530046479265796,2026-09-09T03:38:27.000Z,en,18,8
grill-with-docs,https://x.com/i/status/2097302114401984835,2026-09-08T12:32:44.000Z,zxx,0,0
grill-with-docs,https://x.com/i/status/2097042321275806199,2026-09-07T19:20:25.000Z,en,0,0
grill-with-docs,https://x.com/i/status/2097039429437468696,2026-09-07T19:08:55.000Z,en,29,0
grill-with-docs,https://x.com/i/status/2097033076169974180,2026-09-07T18:43:41.000Z,en,26,0
grill-with-docs,https://x.com/i/status/2096917265736441870,2026-09-07T11:03:29.000Z,en,1,0
grill-with-docs,https://x.com/i/status/2096911413692264851,2026-09-07T10:40:14.000Z,en,0,0
grill-with-docs,https://x.com/i/status/2096892690302373955,2026-09-07T09:25:50.000Z,en,2,0
grill-with-docs,https://x.com/i/status/2096860377367863448,2026-09-07T07:17:26.000Z,zxx,1,0
grill-with-docs,https://x.com/i/status/2096530049969058032,2026-09-06T09:24:50.000Z,en,2,0
self-improving,https://x.com/i/status/2099000487618240927,2026-09-13T05:01:28.000Z,zxx,1,0
self-improving,https://x.com/i/status/2098985835504992429,2026-09-13T04:03:15.000Z,ko,30,4
self-improving,https://x.com/i/status/2098985606076682657,2026-09-13T04:02:20.000Z,en,0,0
self-improving,https://x.com/i/status/2098984916239499377,2026-09-13T03:59:35.000Z,en,1,0
self-improving,https://x.com/i/status/2098981058079518949,2026-09-13T03:44:16.000Z,en,1,0
self-improving,https://x.com/i/status/2098978294448452085,2026-09-13T03:33:17.000Z,en,1,0
self-improving,https://x.com/i/status/2098977970786361513,2026-09-13T03:32:00.000Z,zxx,1,0
self-improving,https://x.com/i/status/2098972962040971607,2026-09-13T03:12:05.000Z,zxx,23,9
self-improving,https://x.com/i/status/2098972326343929934,2026-09-13T03:09:34.000Z,en,1,0
self-improving,https://x.com/i/status/2098969925767270750,2026-09-13T03:00:01.000Z,en,28,11
self-improving,https://x.com/i/status/2098951615432495147,2026-09-13T01:47:16.000Z,en,0,0
self-improving,https://x.com/i/status/2098949560760733960,2026-09-13T01:39:06.000Z,en,1,1
self-improving,https://x.com/i/status/2098938666408407118,2026-09-13T00:55:49.000Z,en,2,0
self-improving,https://x.com/i/status/2098938296466616552,2026-09-13T00:54:20.000Z,en,3,0
self-improving,https://x.com/i/status/2098937866793660659,2026-09-13T00:52:38.000Z,en,0,0
self-improving,https://x.com/i/status/2098936398304649288,2026-09-13T00:46:48.000Z,en,4,0
self-improving,https://x.com/i/status/2098936200996512147,2026-09-13T00:46:01.000Z,en,0,0
self-improving,https://x.com/i/status/2098933057424425302,2026-09-13T00:33:31.000Z,en,1,0
self-improving,https://x.com/i/status/2098916528200814606,2026-09-12T23:27:50.000Z,zxx,8,0
self-improving,https://x.com/i/status/2098904976013586663,2026-09-12T22:41:56.000Z,en,0,0
self-improving,https://x.com/i/status/2098903244932321781,2026-09-12T22:35:03.000Z,en,0,0
self-improving,https://x.com/i/status/2098902454901342386,2026-09-12T22:31:55.000Z,zxx,6,0
self-improving,https://x.com/i/status/2098890020778303893,2026-09-12T21:42:31.000Z,zh,0,0
self-improving,https://x.com/i/status/2098889553520263346,2026-09-12T21:40:39.000Z,zh,1,0
self-improving,https://x.com/i/status/2098887393759854599,2026-09-12T21:32:04.000Z,en,391,51
self-improving,https://x.com/i/status/2098880536752115954,2026-09-12T21:04:49.000Z,en,4,0
self-improving,https://x.com/i/status/2098879661660873166,2026-09-12T21:01:21.000Z,en,6,1
self-improving,https://x.com/i/status/2098875722941292555,2026-09-12T20:45:42.000Z,zxx,4,1
self-improving,https://x.com/i/status/2098868342841028957,2026-09-12T20:16:22.000Z,zxx,0,0
self-improving,https://x.com/i/status/2098866781985096072,2026-09-12T20:10:10.000Z,en,0,0
self-improving,https://x.com/i/status/2098864700494635368,2026-09-12T20:01:54.000Z,en,4,4
self-improving,https://x.com/i/status/2098861166726668718,2026-09-12T19:47:51.000Z,en,22,5
self-improving,https://x.com/i/status/2098846863726145659,2026-09-12T18:51:01.000Z,en,0,0
self-improving,https://x.com/i/status/2098841214921400716,2026-09-12T18:28:34.000Z,en,2,0
self-improving,https://x.com/i/status/2098840318045016358,2026-09-12T18:25:01.000Z,en,1,1
self-improving,https://x.com/i/status/2098838313197261006,2026-09-12T18:17:03.000Z,en,0,0
self-improving,https://x.com/i/status/2098835038439961060,2026-09-12T18:04:02.000Z,en,470,78
self-improving,https://x.com/i/status/2098831915276984732,2026-09-12T17:51:37.000Z,en,40,6
self-improving,https://x.com/i/status/2098822728111333785,2026-09-12T17:15:07.000Z,en,0,0
self-improving,https://x.com/i/status/2098809464044347493,2026-09-12T16:22:24.000Z,en,1,0
self-improving,https://x.com/i/status/2098806484310409395,2026-09-12T16:10:34.000Z,en,0,0
self-improving,https://x.com/i/status/2098805594480066610,2026-09-12T16:07:02.000Z,en,9,0
self-improving,https://x.com/i/status/2098799342974828645,2026-09-12T15:42:11.000Z,en,0,0
self-improving,https://x.com/i/status/2098798955874164860,2026-09-12T15:40:39.000Z,en,3,0
self-improving,https://x.com/i/status/2098791320533754143,2026-09-12T15:10:19.000Z,en,27,0
self-improving,https://x.com/i/status/2098791035409244527,2026-09-12T15:09:11.000Z,en,49,3
self-improving,https://x.com/i/status/2098782845183410287,2026-09-12T14:36:38.000Z,en,501,80
self-improving,https://x.com/i/status/2098777622717296842,2026-09-12T14:15:53.000Z,en,0,0
self-improving,https://x.com/i/status/2098768223131025738,2026-09-12T13:38:32.000Z,en,0,0
self-improving,https://x.com/i/status/2098767859715547294,2026-09-12T13:37:05.000Z,en,49,5
self-improving,https://x.com/i/status/2098761757414338984,2026-09-12T13:12:50.000Z,zxx,2,0
self-improving,https://x.com/i/status/2098759327402402131,2026-09-12T13:03:11.000Z,en,192,102
self-improving,https://x.com/i/status/2098757755024846959,2026-09-12T12:56:56.000Z,en,1,0
self-improving,https://x.com/i/status/2098752115640500532,2026-09-12T12:34:31.000Z,en,0,0
self-improving,https://x.com/i/status/2098749227983577156,2026-09-12T12:23:03.000Z,en,28,5
self-improving,https://x.com/i/status/2098741903176953947,2026-09-12T11:53:57.000Z,en,4,0
self-improving,https://x.com/i/status/2098740537230819535,2026-09-12T11:48:31.000Z,en,2,0
self-improving,https://x.com/i/status/2098737872022933877,2026-09-12T11:37:56.000Z,en,8,1
self-improving,https://x.com/i/status/2098735878923563097,2026-09-12T11:30:00.000Z,en,55,15
self-improving,https://x.com/i/status/2098733999824961546,2026-09-12T11:22:32.000Z,en,0,0
self-improving,https://x.com/i/status/2098726571242635404,2026-09-12T10:53:01.000Z,en,57,1
self-improving,https://x.com/i/status/2098713707627041024,2026-09-12T10:01:54.000Z,en,0,0
self-improving,https://x.com/i/status/2098711519227793685,2026-09-12T09:53:13.000Z,en,1,0
self-improving,https://x.com/i/status/2098683610975085004,2026-09-12T08:02:19.000Z,en,0,0
self-improving,https://x.com/i/status/2098666084388000179,2026-09-12T06:52:40.000Z,en,58,22
self-improving,https://x.com/i/status/2098659323207675947,2026-09-12T06:25:48.000Z,en,0,0
self-improving,https://x.com/i/status/2098632974107644192,2026-09-12T04:41:06.000Z,en,8,0
self-improving,https://x.com/i/status/2098622614671622376,2026-09-12T03:59:56.000Z,en,932,188
self-improving,https://x.com/i/status/2098621166265221236,2026-09-12T03:54:11.000Z,en,5,1
self-improving,https://x.com/i/status/2098614060191477774,2026-09-12T03:25:56.000Z,ar,1,0
self-improving,https://x.com/i/status/2098608699745202520,2026-09-12T03:04:38.000Z,zxx,4,0
self-improving,https://x.com/i/status/2098605496626266452,2026-09-12T02:51:55.000Z,en,0,0
self-improving,https://x.com/i/status/2098584881584578836,2026-09-12T01:30:00.000Z,en,16,3
self-improving,https://x.com/i/status/2098583869440094494,2026-09-12T01:25:58.000Z,en,274,102
self-improving,https://x.com/i/status/2098578609225314344,2026-09-12T01:05:04.000Z,en,292,128
self-improving,https://x.com/i/status/2098560865197040007,2026-09-11T23:54:34.000Z,en,86,11
self-improving,https://x.com/i/status/2098558334697935212,2026-09-11T23:44:30.000Z,en,1,0
self-improving,https://x.com/i/status/2098549165425139929,2026-09-11T23:08:04.000Z,en,0,0
self-improving,https://x.com/i/status/2098539798629622218,2026-09-11T22:30:51.000Z,en,0,0
self-improving,https://x.com/i/status/2098527507439849842,2026-09-11T21:42:01.000Z,en,0,0
self-improving,https://x.com/i/status/2098521890381869256,2026-09-11T21:19:41.000Z,en,2,0
self-improving,https://x.com/i/status/2098515386077503673,2026-09-11T20:53:51.000Z,en,7,0
self-improving,https://x.com/i/status/2098513694959530258,2026-09-11T20:47:08.000Z,en,14,3
self-improving,https://x.com/i/status/2098512996171489423,2026-09-11T20:44:21.000Z,en,50,4
self-improving,https://x.com/i/status/2098512541622390893,2026-09-11T20:42:33.000Z,en,51,1
self-improving,https://x.com/i/status/2098512324600463730,2026-09-11T20:41:41.000Z,en,0,0
self-improving,https://x.com/i/status/2098490434469101912,2026-09-11T19:14:42.000Z,zxx,0,0
self-improving,https://x.com/i/status/2098490398129664367,2026-09-11T19:14:33.000Z,en,0,0
self-improving,https://x.com/i/status/2098482960450441401,2026-09-11T18:45:00.000Z,en,4,1
self-improving,https://x.com/i/status/2098481875731828775,2026-09-11T18:40:41.000Z,en,0,0
self-improving,https://x.com/i/status/2098480553272238327,2026-09-11T18:35:26.000Z,zxx,234,48
self-improving,https://x.com/i/status/2098477320059170984,2026-09-11T18:22:35.000Z,zxx,2,1
self-improving,https://x.com/i/status/2098466642628063417,2026-09-11T17:40:09.000Z,en,0,0
self-improving,https://x.com/i/status/2098465525781217632,2026-09-11T17:35:43.000Z,en,269,44
self-improving,https://x.com/i/status/2098460096640520219,2026-09-11T17:14:09.000Z,zxx,0,0
self-improving,https://x.com/i/status/2098456262379745663,2026-09-11T16:58:55.000Z,en,342,30
self-improving,https://x.com/i/status/2098451923170890160,2026-09-11T16:41:40.000Z,en,0,0
self-improving,https://x.com/i/status/2098449172982812961,2026-09-11T16:30:44.000Z,en,18,7
self-improving,https://x.com/i/status/2098448987003003342,2026-09-11T16:30:00.000Z,en,0,0
self-improving,https://x.com/i/status/2098446868724543910,2026-09-11T16:21:35.000Z,en,4,1
improve-codebase-architecture,https://x.com/i/status/2098654591164330352,2026-09-12T06:07:00.000Z,zh,16,4
improve-codebase-architecture,https://x.com/i/status/2098598093281538309,2026-09-12T02:22:30.000Z,en,0,0
improve-codebase-architecture,https://x.com/i/status/2098365940295708956,2026-09-11T11:00:00.000Z,en,2,0
improve-codebase-architecture,https://x.com/i/status/2097530046479265796,2026-09-09T03:38:27.000Z,en,18,8
improve-codebase-architecture,https://x.com/i/status/2097302114401984835,2026-09-08T12:32:44.000Z,zxx,0,0
improve-codebase-architecture,https://x.com/i/status/2096996301598605537,2026-09-07T16:17:33.000Z,en,1,0
improve-codebase-architecture,https://x.com/i/status/2096860377367863448,2026-09-07T07:17:26.000Z,zxx,1,0
ontology,https://x.com/i/status/2099017622503461365,2026-09-13T06:09:33.000Z,en,1,0
ontology,https://x.com/i/status/2099000423554433067,2026-09-13T05:01:13.000Z,zxx,2,0
ontology,https://x.com/i/status/2098997697898483765,2026-09-13T04:50:23.000Z,en,3,0
ontology,https://x.com/i/status/2098990543011213748,2026-09-13T04:21:57.000Z,pt,1,1
ontology,https://x.com/i/status/2098982331541557285,2026-09-13T03:49:19.000Z,zh,0,0
ontology,https://x.com/i/status/2098981811863056509,2026-09-13T03:47:15.000Z,en,0,0
ontology,https://x.com/i/status/2098940910608200154,2026-09-13T01:04:44.000Z,en,1,0
ontology,https://x.com/i/status/2098927606582415378,2026-09-13T00:11:52.000Z,en,13,2
ontology,https://x.com/i/status/2098926652923466035,2026-09-13T00:08:04.000Z,en,2,0
ontology,https://x.com/i/status/2098918127598006616,2026-09-12T23:34:12.000Z,en,0,0
ontology,https://x.com/i/status/2098909971631231360,2026-09-12T23:01:47.000Z,en,0,0
ontology,https://x.com/i/status/2098894392744669693,2026-09-12T21:59:53.000Z,en,0,0
ontology,https://x.com/i/status/2098887106693071227,2026-09-12T21:30:56.000Z,zxx,1,0
ontology,https://x.com/i/status/2098864708409336232,2026-09-12T20:01:56.000Z,en,1,0
ontology,https://x.com/i/status/2098844203002552427,2026-09-12T18:40:27.000Z,en,0,0
ontology,https://x.com/i/status/2098829708582600933,2026-09-12T17:42:51.000Z,en,0,0
ontology,https://x.com/i/status/2098790247735914785,2026-09-12T15:06:03.000Z,en,5,0
ontology,https://x.com/i/status/2098782225525604466,2026-09-12T14:34:10.000Z,en,5,0
ontology,https://x.com/i/status/2098781663509594574,2026-09-12T14:31:56.000Z,en,10,6
ontology,https://x.com/i/status/2098779455754031500,2026-09-12T14:23:10.000Z,zh,0,0
ontology,https://x.com/i/status/2098773817187287461,2026-09-12T14:00:46.000Z,en,0,0
ontology,https://x.com/i/status/2098757599931891786,2026-09-12T12:56:19.000Z,en,0,0
ontology,https://x.com/i/status/2098683610975085004,2026-09-12T08:02:19.000Z,en,0,0
ontology,https://x.com/i/status/2098654451909472526,2026-09-12T06:06:27.000Z,en,423,210
ontology,https://x.com/i/status/2098651207812153771,2026-09-12T05:53:33.000Z,en,72,16
ontology,https://x.com/i/status/2098618857359556864,2026-09-12T03:45:00.000Z,en,119,21
ontology,https://x.com/i/status/2098605394222588015,2026-09-12T02:51:30.000Z,en,0,0
ontology,https://x.com/i/status/2098601302632632353,2026-09-12T02:35:15.000Z,en,0,0
ontology,https://x.com/i/status/2098598015128698884,2026-09-12T02:22:11.000Z,en,1,0
ontology,https://x.com/i/status/2098589876039856301,2026-09-12T01:49:51.000Z,en,0,1
ontology,https://x.com/i/status/2098560271564378342,2026-09-11T23:52:12.000Z,en,1,1
ontology,https://x.com/i/status/2098560143809982470,2026-09-11T23:51:42.000Z,en,0,0
ontology,https://x.com/i/status/2098550863312953493,2026-09-11T23:14:49.000Z,en,0,0
ontology,https://x.com/i/status/2098549523425452442,2026-09-11T23:09:30.000Z,zxx,2,0
ontology,https://x.com/i/status/2098536067007676625,2026-09-11T22:16:01.000Z,en,1,0
ontology,https://x.com/i/status/2098523417993470412,2026-09-11T21:25:46.000Z,en,4,3
ontology,https://x.com/i/status/2098522528473915666,2026-09-11T21:22:14.000Z,zxx,1,0
ontology,https://x.com/i/status/2098510274944704587,2026-09-11T20:33:32.000Z,en,1,1
ontology,https://x.com/i/status/2098497656293097913,2026-09-11T19:43:24.000Z,en,0,0
ontology,https://x.com/i/status/2098485396581519411,2026-09-11T18:54:41.000Z,en,0,0
ontology,https://x.com/i/status/2098459459496427705,2026-09-11T17:11:37.000Z,en,5,0
ontology,https://x.com/i/status/2098433889811542159,2026-09-11T15:30:01.000Z,en,5,2
ontology,https://x.com/i/status/2098425984328286457,2026-09-11T14:58:36.000Z,en,0,0
ontology,https://x.com/i/status/2098403263972249657,2026-09-11T13:28:19.000Z,en,0,0
ontology,https://x.com/i/status/2098381197122421115,2026-09-11T12:00:38.000Z,en,9,0
ontology,https://x.com/i/status/2098373621689229463,2026-09-11T11:30:31.000Z,en,0,0
ontology,https://x.com/i/status/2098368853369602179,2026-09-11T11:11:35.000Z,en,0,0
ontology,https://x.com/i/status/2098332278418006183,2026-09-11T08:46:14.000Z,en,0,0
ontology,https://x.com/i/status/2098325822033527268,2026-09-11T08:20:35.000Z,en,0,0
ontology,https://x.com/i/status/2098306063778848788,2026-09-11T07:02:04.000Z,zxx,1,0
ontology,https://x.com/i/status/2098295984384270441,2026-09-11T06:22:01.000Z,en,0,0
ontology,https://x.com/i/status/2098279901937963271,2026-09-11T05:18:07.000Z,zxx,1,0
ontology,https://x.com/i/status/2098274766859731340,2026-09-11T04:57:43.000Z,en,1,0
ontology,https://x.com/i/status/2098259624621203511,2026-09-11T03:57:32.000Z,en,0,0
ontology,https://x.com/i/status/2098256754140176580,2026-09-11T03:46:08.000Z,zxx,4,0
ontology,https://x.com/i/status/2098255851467473128,2026-09-11T03:42:33.000Z,en,1,0
ontology,https://x.com/i/status/2098219587825488186,2026-09-11T01:18:27.000Z,en,2,0
ontology,https://x.com/i/status/2098204676781228041,2026-09-11T00:19:12.000Z,th,6,2
ontology,https://x.com/i/status/2098199958650249223,2026-09-11T00:00:27.000Z,en,1,0
ontology,https://x.com/i/status/2098190503988932731,2026-09-10T23:22:53.000Z,ja,1,0
ontology,https://x.com/i/status/2098187502116900936,2026-09-10T23:10:57.000Z,en,0,0
ontology,https://x.com/i/status/2098161130397200611,2026-09-10T21:26:10.000Z,ja,1,0
ontology,https://x.com/i/status/2098157197188276686,2026-09-10T21:10:32.000Z,zxx,1,0
ontology,https://x.com/i/status/2098151568876949787,2026-09-10T20:48:10.000Z,en,0,0
ontology,https://x.com/i/status/2098151240060620916,2026-09-10T20:46:52.000Z,en,0,0
ontology,https://x.com/i/status/2098150165630902677,2026-09-10T20:42:35.000Z,en,0,0
ontology,https://x.com/i/status/2098122558759416102,2026-09-10T18:52:53.000Z,en,0,0
ontology,https://x.com/i/status/2098097969174286678,2026-09-10T17:15:11.000Z,zxx,0,0
ontology,https://x.com/i/status/2098072400147407332,2026-09-10T15:33:35.000Z,en,2,1
ontology,https://x.com/i/status/2098053604674314536,2026-09-10T14:18:53.000Z,zxx,0,0
ontology,https://x.com/i/status/2098047386564378970,2026-09-10T13:54:11.000Z,en,3,0
ontology,https://x.com/i/status/2098039119893176414,2026-09-10T13:21:20.000Z,en,2,0
ontology,https://x.com/i/status/2098025989511246253,2026-09-10T12:29:09.000Z,en,0,0
ontology,https://x.com/i/status/2098024585828475093,2026-09-10T12:23:35.000Z,en,7,2
ontology,https://x.com/i/status/2098013808727900573,2026-09-10T11:40:45.000Z,en,0,0
ontology,https://x.com/i/status/2097996010513662344,2026-09-10T10:30:02.000Z,en,0,1
ontology,https://x.com/i/status/2097995533755326917,2026-09-10T10:28:08.000Z,en,8,0
ontology,https://x.com/i/status/2097993054057595191,2026-09-10T10:18:17.000Z,en,69,7
ontology,https://x.com/i/status/2097989396155043948,2026-09-10T10:03:45.000Z,zh,71,15
ontology,https://x.com/i/status/2097953255519129605,2026-09-10T07:40:08.000Z,en,1,0
ontology,https://x.com/i/status/2097916415483515335,2026-09-10T05:13:45.000Z,en,15,0
ontology,https://x.com/i/status/2097898547861401616,2026-09-10T04:02:45.000Z,en,2,0
ontology,https://x.com/i/status/2097879238347260235,2026-09-10T02:46:01.000Z,en,0,0
ontology,https://x.com/i/status/2097857455896043845,2026-09-10T01:19:28.000Z,en,3,0
ontology,https://x.com/i/status/2097842032207134757,2026-09-10T00:18:11.000Z,en,2,0
ontology,https://x.com/i/status/2097826312299896987,2026-09-09T23:15:43.000Z,en,1,0
ontology,https://x.com/i/status/2097801524579864803,2026-09-09T21:37:13.000Z,en,382,36
ontology,https://x.com/i/status/2097799876826546364,2026-09-09T21:30:40.000Z,zxx,21,8
ontology,https://x.com/i/status/2097786982193603054,2026-09-09T20:39:26.000Z,en,0,0
ontology,https://x.com/i/status/2097784412712628454,2026-09-09T20:29:13.000Z,en,0,0
ontology,https://x.com/i/status/2097767062353715278,2026-09-09T19:20:16.000Z,en,2,0
ontology,https://x.com/i/status/2097762390746259498,2026-09-09T19:01:43.000Z,en,1,0
ontology,https://x.com/i/status/2097761965045158074,2026-09-09T19:00:01.000Z,en,0,0
ontology,https://x.com/i/status/2097752235367333926,2026-09-09T18:21:21.000Z,en,0,0
ontology,https://x.com/i/status/2097732567583637590,2026-09-09T17:03:12.000Z,en,30,2
ontology,https://x.com/i/status/2097725985525563866,2026-09-09T16:37:03.000Z,en,5,0
ontology,https://x.com/i/status/2097713558133825804,2026-09-09T15:47:40.000Z,en,1,0
ontology,https://x.com/i/status/2097713233607934224,2026-09-09T15:46:23.000Z,en,1,0
ontology,https://x.com/i/status/2097707908632916101,2026-09-09T15:25:13.000Z,en,0,0
ontology,https://x.com/i/status/2097701707765473389,2026-09-09T15:00:35.000Z,en,46,8
tdd,https://x.com/i/status/2099011141594947919,2026-09-13T05:43:48.000Z,ja,0,0
tdd,https://x.com/i/status/2098867971276112342,2026-09-12T20:14:54.000Z,en,0,0
tdd,https://x.com/i/status/2098780159625294059,2026-09-12T14:25:58.000Z,en,0,0
tdd,https://x.com/i/status/2098780152042000582,2026-09-12T14:25:56.000Z,en,0,0
tdd,https://x.com/i/status/2098767869719036274,2026-09-12T13:37:08.000Z,zxx,0,0
tdd,https://x.com/i/status/2098715487983030527,2026-09-12T10:08:59.000Z,en,4,0
tdd,https://x.com/i/status/2098690578775204342,2026-09-12T08:30:00.000Z,en,1,0
tdd,https://x.com/i/status/2098682837490901075,2026-09-12T07:59:14.000Z,ja,23,0
tdd,https://x.com/i/status/2098660330591420498,2026-09-12T06:29:48.000Z,en,0,0
tdd,https://x.com/i/status/2098654591164330352,2026-09-12T06:07:00.000Z,zh,16,4
tdd,https://x.com/i/status/2098637478500376801,2026-09-12T04:59:00.000Z,zh,9,0
tdd,https://x.com/i/status/2098623818776653936,2026-09-12T04:04:43.000Z,en,1,0
tdd,https://x.com/i/status/2098621355373834538,2026-09-12T03:54:56.000Z,en,0,0
tdd,https://x.com/i/status/2098600371866468376,2026-09-12T02:31:33.000Z,en,0,0
tdd,https://x.com/i/status/2098574213657293311,2026-09-12T00:47:36.000Z,en,0,0
tdd,https://x.com/i/status/2098569533250273420,2026-09-12T00:29:00.000Z,en,20,4
tdd,https://x.com/i/status/2098459215140626441,2026-09-11T17:10:39.000Z,en,0,0
tdd,https://x.com/i/status/2098456484602368042,2026-09-11T16:59:48.000Z,es,6,0
tdd,https://x.com/i/status/2098426275064848870,2026-09-11T14:59:45.000Z,en,0,0
tdd,https://x.com/i/status/2098387679524073536,2026-09-11T12:26:23.000Z,es,0,0
tdd,https://x.com/i/status/2098354043999387882,2026-09-11T10:12:44.000Z,en,1,0
tdd,https://x.com/i/status/2098353629631582419,2026-09-11T10:11:05.000Z,en,0,0
tdd,https://x.com/i/status/2098352248007147899,2026-09-11T10:05:36.000Z,zh,8,0
tdd,https://x.com/i/status/2098346797584322708,2026-09-11T09:43:56.000Z,en,0,0
tdd,https://x.com/i/status/2098335833984258470,2026-09-11T09:00:22.000Z,en,2,0
tdd,https://x.com/i/status/2098335080850571510,2026-09-11T08:57:23.000Z,en,0,0
tdd,https://x.com/i/status/2098328766615629873,2026-09-11T08:32:17.000Z,ja,0,0
tdd,https://x.com/i/status/2098315079595036773,2026-09-11T07:37:54.000Z,en,1,0
tdd,https://x.com/i/status/2098277412652097625,2026-09-11T05:08:13.000Z,zh,0,0
tdd,https://x.com/i/status/2098277103766851721,2026-09-11T05:07:00.000Z,zh,23,2
tdd,https://x.com/i/status/2098266145556144598,2026-09-11T04:23:27.000Z,ja,6,3
tdd,https://x.com/i/status/2098261376473116988,2026-09-11T04:04:30.000Z,en,1,0
tdd,https://x.com/i/status/2098253699537850471,2026-09-11T03:34:00.000Z,zh,3,0
tdd,https://x.com/i/status/2098225671285715123,2026-09-11T01:42:37.000Z,en,0,0
tdd,https://x.com/i/status/2098223012105621760,2026-09-11T01:32:03.000Z,en,0,0
tdd,https://x.com/i/status/2098204571239899415,2026-09-11T00:18:47.000Z,zh,0,0
tdd,https://x.com/i/status/2098184002515665147,2026-09-10T22:57:03.000Z,ja,0,0
tdd,https://x.com/i/status/2098158764763332910,2026-09-10T21:16:46.000Z,en,0,0
tdd,https://x.com/i/status/2098154603976003760,2026-09-10T21:00:14.000Z,en,0,0
tdd,https://x.com/i/status/2098117746932207950,2026-09-10T18:33:46.000Z,fr,0,0
tdd,https://x.com/i/status/2098111965700719039,2026-09-10T18:10:48.000Z,en,8,0
tdd,https://x.com/i/status/2098109586104603116,2026-09-10T18:01:20.000Z,en,1,0
tdd,https://x.com/i/status/2098094480402661606,2026-09-10T17:01:19.000Z,en,0,0
tdd,https://x.com/i/status/2098082922771152921,2026-09-10T16:15:23.000Z,en,0,0
tdd,https://x.com/i/status/2098080535192932573,2026-09-10T16:05:54.000Z,en,10,2
tdd,https://x.com/i/status/2098077723302428745,2026-09-10T15:54:44.000Z,en,125,23
tdd,https://x.com/i/status/2098044659344048423,2026-09-10T13:43:21.000Z,zh,4,0
tdd,https://x.com/i/status/2098022629643096106,2026-09-10T12:15:48.000Z,en,0,0
tdd,https://x.com/i/status/2097973404179583225,2026-09-10T09:00:12.000Z,en,636,44
tdd,https://x.com/i/status/2097928435788296670,2026-09-10T06:01:31.000Z,en,0,0
tdd,https://x.com/i/status/2097914418344681926,2026-09-10T05:05:49.000Z,en,1,0
tdd,https://x.com/i/status/2097910254168367560,2026-09-10T04:49:16.000Z,ja,2,0
tdd,https://x.com/i/status/2097905425807032767,2026-09-10T04:30:05.000Z,in,0,0
tdd,https://x.com/i/status/2097894060979876158,2026-09-10T03:44:55.000Z,zh,1,0
tdd,https://x.com/i/status/2097859396135190542,2026-09-10T01:27:11.000Z,en,28,2
tdd,https://x.com/i/status/2097800851238658134,2026-09-09T21:34:32.000Z,en,1,1
tdd,https://x.com/i/status/2097782404010185033,2026-09-09T20:21:14.000Z,es,2,0
tdd,https://x.com/i/status/2097744190381703667,2026-09-09T17:49:23.000Z,en,0,0
tdd,https://x.com/i/status/2097709130417144104,2026-09-09T15:30:04.000Z,ko,3,0
tdd,https://x.com/i/status/2097701630133096876,2026-09-09T15:00:16.000Z,en,0,0
tdd,https://x.com/i/status/2097693474308968562,2026-09-09T14:27:52.000Z,en,0,0
tdd,https://x.com/i/status/2097685404426305729,2026-09-09T13:55:48.000Z,en,0,0
tdd,https://x.com/i/status/2097675903166021889,2026-09-09T13:18:02.000Z,en,0,0
tdd,https://x.com/i/status/2097659694085026261,2026-09-09T12:13:38.000Z,ru,0,0
tdd,https://x.com/i/status/2097647339821207645,2026-09-09T11:24:32.000Z,en,90,8
tdd,https://x.com/i/status/2097624144833544448,2026-09-09T09:52:22.000Z,en,0,0
tdd,https://x.com/i/status/2097619052487225788,2026-09-09T09:32:08.000Z,es,196,38
tdd,https://x.com/i/status/2097607574246097323,2026-09-09T08:46:32.000Z,zh,0,0
tdd,https://x.com/i/status/2097598381388681712,2026-09-09T08:10:00.000Z,en,198,15
tdd,https://x.com/i/status/2097586369920917692,2026-09-09T07:22:16.000Z,en,1,0
tdd,https://x.com/i/status/2097539900635848894,2026-09-09T04:17:37.000Z,zxx,13,0
tdd,https://x.com/i/status/2097536473662955736,2026-09-09T04:04:00.000Z,ja,0,0
tdd,https://x.com/i/status/2097530046479265796,2026-09-09T03:38:27.000Z,en,18,8
tdd,https://x.com/i/status/2097521202256580914,2026-09-09T03:03:19.000Z,en,0,0
tdd,https://x.com/i/status/2097473677650731030,2026-09-08T23:54:28.000Z,ja,27,2
tdd,https://x.com/i/status/2097411829668487459,2026-09-08T19:48:42.000Z,en,0,0
tdd,https://x.com/i/status/2097407458641584273,2026-09-08T19:31:20.000Z,es,19,0
tdd,https://x.com/i/status/2097402111428624830,2026-09-08T19:10:05.000Z,en,1,0
tdd,https://x.com/i/status/2097361824605679975,2026-09-08T16:30:00.000Z,en,0,0
tdd,https://x.com/i/status/2097347264851349505,2026-09-08T15:32:09.000Z,ja,2,0
tdd,https://x.com/i/status/2097334481975669038,2026-09-08T14:41:21.000Z,en,1,0
tdd,https://x.com/i/status/2097324666582933550,2026-09-08T14:02:21.000Z,en,0,0
tdd,https://x.com/i/status/2097324319823347983,2026-09-08T14:00:58.000Z,en,15,0
tdd,https://x.com/i/status/2097323982039220452,2026-09-08T13:59:38.000Z,en,0,0
tdd,https://x.com/i/status/2097319187421036778,2026-09-08T13:40:35.000Z,pt,0,0
tdd,https://x.com/i/status/2097307456364003790,2026-09-08T12:53:58.000Z,ja,0,0
tdd,https://x.com/i/status/2097303888906912026,2026-09-08T12:39:47.000Z,en,3,0
tdd,https://x.com/i/status/2097302114401984835,2026-09-08T12:32:44.000Z,zxx,0,0
tdd,https://x.com/i/status/2097296811694207180,2026-09-08T12:11:40.000Z,en,1,0
tdd,https://x.com/i/status/2097286249837191673,2026-09-08T11:29:42.000Z,zh,0,0
tdd,https://x.com/i/status/2097282583591891302,2026-09-08T11:15:08.000Z,en,55,4
tdd,https://x.com/i/status/2097276007887917307,2026-09-08T10:49:00.000Z,ja,138,12
tdd,https://x.com/i/status/2097275252300542057,2026-09-08T10:46:00.000Z,zh,12,0
tdd,https://x.com/i/status/2097272426770104536,2026-09-08T10:34:46.000Z,zh,0,0
tdd,https://x.com/i/status/2097236793120919966,2026-09-08T08:13:10.000Z,ja,3,0
tdd,https://x.com/i/status/2097232429027103115,2026-09-08T07:55:50.000Z,es,0,0
tdd,https://x.com/i/status/2097195496775229849,2026-09-08T05:29:05.000Z,zh,0,0
tdd,https://x.com/i/status/2097194385603526760,2026-09-08T05:24:40.000Z,zh,1,0
tdd,https://x.com/i/status/2097184537470189585,2026-09-08T04:45:32.000Z,en,0,0
tdd,https://x.com/i/status/2097126760429052019,2026-09-08T00:55:57.000Z,en,0,0
github,https://x.com/i/status/2099021964140793904,2026-09-13T06:26:48.000Z,en,0,0
github,https://x.com/i/status/2099021244922515657,2026-09-13T06:23:57.000Z,en,0,0
github,https://x.com/i/status/2099019924022894949,2026-09-13T06:18:42.000Z,ja,0,0
github,https://x.com/i/status/2099018919227097420,2026-09-13T06:14:42.000Z,en,3,0
github,https://x.com/i/status/2099018872062173592,2026-09-13T06:14:31.000Z,en,0,0
github,https://x.com/i/status/2099017305241895233,2026-09-13T06:08:18.000Z,en,7,2
github,https://x.com/i/status/2099017117207068703,2026-09-13T06:07:33.000Z,en,1,0
github,https://x.com/i/status/2099016720283541683,2026-09-13T06:05:58.000Z,en,0,0
github,https://x.com/i/status/2099016030861287509,2026-09-13T06:03:14.000Z,en,0,0
github,https://x.com/i/status/2099015272157814791,2026-09-13T06:00:13.000Z,en,0,0
github,https://x.com/i/status/2099015268823658658,2026-09-13T06:00:12.000Z,en,1,0
github,https://x.com/i/status/2099013869293498815,2026-09-13T05:54:38.000Z,ja,0,0
github,https://x.com/i/status/2099013472671379508,2026-09-13T05:53:04.000Z,zxx,0,0
github,https://x.com/i/status/2099013471488946613,2026-09-13T05:53:04.000Z,en,3,1
github,https://x.com/i/status/2099011834510717231,2026-09-13T05:46:33.000Z,en,0,0
github,https://x.com/i/status/2099011352463643132,2026-09-13T05:44:38.000Z,ja,0,0
github,https://x.com/i/status/2099011042797879523,2026-09-13T05:43:24.000Z,en,3,3
github,https://x.com/i/status/2099010731110756791,2026-09-13T05:42:10.000Z,en,0,0
github,https://x.com/i/status/2099010310627840450,2026-09-13T05:40:30.000Z,en,0,0
github,https://x.com/i/status/2099010155262443877,2026-09-13T05:39:53.000Z,en,5,5
github,https://x.com/i/status/2099009024184275234,2026-09-13T05:35:23.000Z,en,0,0
github,https://x.com/i/status/2099008538609643779,2026-09-13T05:33:27.000Z,en,2,1
github,https://x.com/i/status/2099008422142505155,2026-09-13T05:33:00.000Z,en,1,0
github,https://x.com/i/status/2099006721289228606,2026-09-13T05:26:14.000Z,en,0,0
github,https://x.com/i/status/2099006371110801611,2026-09-13T05:24:51.000Z,th,1,0
github,https://x.com/i/status/2099005168599642335,2026-09-13T05:20:04.000Z,en,6,0
github,https://x.com/i/status/2099003822492602439,2026-09-13T05:14:43.000Z,en,1,0
github,https://x.com/i/status/2099002689300652037,2026-09-13T05:10:13.000Z,en,0,0
github,https://x.com/i/status/2099002049900040573,2026-09-13T05:07:40.000Z,en,0,0
github,https://x.com/i/status/2099002040315973747,2026-09-13T05:07:38.000Z,zh,5,0
github,https://x.com/i/status/2099001679622615110,2026-09-13T05:06:12.000Z,ja,0,0
github,https://x.com/i/status/2099001552799220172,2026-09-13T05:05:42.000Z,en,0,0
github,https://x.com/i/status/2099001381138878477,2026-09-13T05:05:01.000Z,zh,0,0
github,https://x.com/i/status/2099000886617923797,2026-09-13T05:03:03.000Z,en,0,0
github,https://x.com/i/status/2099000207530705080,2026-09-13T05:00:21.000Z,de,0,0
github,https://x.com/i/status/2099000171606454762,2026-09-13T05:00:13.000Z,en,0,0
github,https://x.com/i/status/2098999907470528545,2026-09-13T04:59:10.000Z,ja,2,0
github,https://x.com/i/status/2098998145929941330,2026-09-13T04:52:10.000Z,en,0,0
github,https://x.com/i/status/2098994220724072810,2026-09-13T04:36:34.000Z,ja,0,0
github,https://x.com/i/status/2098993984991273453,2026-09-13T04:35:38.000Z,ja,1,0
github,https://x.com/i/status/2098989464370675922,2026-09-13T04:17:40.000Z,zh,4,0
github,https://x.com/i/status/2098988949805093134,2026-09-13T04:15:37.000Z,en,38,5
github,https://x.com/i/status/2098987784946233568,2026-09-13T04:10:59.000Z,en,0,0
github,https://x.com/i/status/2098987069620326647,2026-09-13T04:08:09.000Z,zxx,4,0
github,https://x.com/i/status/2098985470151758162,2026-09-13T04:01:48.000Z,zh,1,0
github,https://x.com/i/status/2098985106136334565,2026-09-13T04:00:21.000Z,en,0,0
github,https://x.com/i/status/2098984785083306473,2026-09-13T03:59:04.000Z,ja,4,0
github,https://x.com/i/status/2098983924525621723,2026-09-13T03:55:39.000Z,zh,0,0
github,https://x.com/i/status/2098981459646349359,2026-09-13T03:45:51.000Z,ro,0,0
github,https://x.com/i/status/2098979631684878699,2026-09-13T03:38:36.000Z,en,1,0
github,https://x.com/i/status/2098979357457068182,2026-09-13T03:37:30.000Z,en,1,0
github,https://x.com/i/status/2098978071777026217,2026-09-13T03:32:24.000Z,zh,0,0
github,https://x.com/i/status/2098976510262870477,2026-09-13T03:26:11.000Z,en,0,0
github,https://x.com/i/status/2098975896095134070,2026-09-13T03:23:45.000Z,zh,62,9
github,https://x.com/i/status/2098975759461470254,2026-09-13T03:23:12.000Z,zxx,4,1
github,https://x.com/i/status/2098974931744612385,2026-09-13T03:19:55.000Z,en,12,3
github,https://x.com/i/status/2098973848624644379,2026-09-13T03:15:37.000Z,en,6,1
github,https://x.com/i/status/2098973735063859666,2026-09-13T03:15:10.000Z,ja,1,0
github,https://x.com/i/status/2098973700104302866,2026-09-13T03:15:01.000Z,ja,0,0
github,https://x.com/i/status/2098973684245344295,2026-09-13T03:14:58.000Z,zh,0,0
github,https://x.com/i/status/2098971749983400254,2026-09-13T03:07:16.000Z,en,0,0
github,https://x.com/i/status/2098971441366810760,2026-09-13T03:06:03.000Z,en,0,0
github,https://x.com/i/status/2098970015953289303,2026-09-13T03:00:23.000Z,en,5,0
github,https://x.com/i/status/2098969057298940344,2026-09-13T02:56:34.000Z,en,0,0
github,https://x.com/i/status/2098967252335046781,2026-09-13T02:49:24.000Z,en,0,0
github,https://x.com/i/status/2098966653497438403,2026-09-13T02:47:01.000Z,en,33,2
github,https://x.com/i/status/2098966259027394787,2026-09-13T02:45:27.000Z,en,1,0
github,https://x.com/i/status/2098965901567778877,2026-09-13T02:44:02.000Z,zh,0,0
github,https://x.com/i/status/2098964908444659908,2026-09-13T02:40:05.000Z,en,1,1
github,https://x.com/i/status/2098964514951889108,2026-09-13T02:38:31.000Z,zxx,8,1
github,https://x.com/i/status/2098963411040362938,2026-09-13T02:34:08.000Z,en,0,0
github,https://x.com/i/status/2098963007196037599,2026-09-13T02:32:32.000Z,zh,3,0
github,https://x.com/i/status/2098961248666669350,2026-09-13T02:25:33.000Z,tr,0,0
github,https://x.com/i/status/2098959297505849797,2026-09-13T02:17:47.000Z,en,1,0
github,https://x.com/i/status/2098959111039877257,2026-09-13T02:17:03.000Z,zh,2,0
github,https://x.com/i/status/2098958911470510314,2026-09-13T02:16:15.000Z,zh,0,0
github,https://x.com/i/status/2098958715474898970,2026-09-13T02:15:29.000Z,en,1,0
github,https://x.com/i/status/2098957425441169675,2026-09-13T02:10:21.000Z,en,0,0
github,https://x.com/i/status/2098957390125101469,2026-09-13T02:10:13.000Z,zxx,0,0
github,https://x.com/i/status/2098956808182476973,2026-09-13T02:07:54.000Z,ja,2,0
github,https://x.com/i/status/2098954905222283588,2026-09-13T02:00:20.000Z,ja,0,0
github,https://x.com/i/status/2098954822095675422,2026-09-13T02:00:00.000Z,zh,1,0
github,https://x.com/i/status/2098954266085863433,2026-09-13T01:57:48.000Z,en,2,0
github,https://x.com/i/status/2098953356026970564,2026-09-13T01:54:11.000Z,en,1,0
github,https://x.com/i/status/2098952797207347366,2026-09-13T01:51:58.000Z,en,1,0
github,https://x.com/i/status/2098952302648574187,2026-09-13T01:50:00.000Z,en,1,0
github,https://x.com/i/status/2098951575561732303,2026-09-13T01:47:06.000Z,zh,0,0
github,https://x.com/i/status/2098951558595498040,2026-09-13T01:47:02.000Z,en,0,0
github,https://x.com/i/status/2098950615984386413,2026-09-13T01:43:18.000Z,en,0,0
github,https://x.com/i/status/2098950562612125979,2026-09-13T01:43:05.000Z,zh,0,0
github,https://x.com/i/status/2098950506580439451,2026-09-13T01:42:52.000Z,zh,1,0
github,https://x.com/i/status/2098949874959909203,2026-09-13T01:40:21.000Z,ko,3,0
github,https://x.com/i/status/2098949389775712525,2026-09-13T01:38:25.000Z,ja,0,0
github,https://x.com/i/status/2098949031296655653,2026-09-13T01:37:00.000Z,zh,0,0
github,https://x.com/i/status/2098947800939876689,2026-09-13T01:32:06.000Z,en,6,0
github,https://x.com/i/status/2098946922442838424,2026-09-13T01:28:37.000Z,en,4,1
github,https://x.com/i/status/2098946136388350458,2026-09-13T01:25:30.000Z,en,32,5
github,https://x.com/i/status/2098942868970721631,2026-09-13T01:12:31.000Z,en,0,0
github,https://x.com/i/status/2098942739974910041,2026-09-13T01:12:00.000Z,en,5,0
github,https://x.com/i/status/2098942573650034700,2026-09-13T01:11:20.000Z,ja,0,0
frontend-design,https://x.com/i/status/2098835876105068758,2026-09-12T18:07:22.000Z,en,0,0
frontend-design,https://x.com/i/status/2098806850217017532,2026-09-12T16:12:01.000Z,zxx,90,3
frontend-design,https://x.com/i/status/2098798711023239212,2026-09-12T15:39:41.000Z,pt,0,0
frontend-design,https://x.com/i/status/2098791806615826804,2026-09-12T15:12:15.000Z,en,3,0
frontend-design,https://x.com/i/status/2098790989746041072,2026-09-12T15:09:00.000Z,zh,19,2
frontend-design,https://x.com/i/status/2098778148141981934,2026-09-12T14:17:58.000Z,zh,9,2
frontend-design,https://x.com/i/status/2098771709474083094,2026-09-12T13:52:23.000Z,en,12,2
frontend-design,https://x.com/i/status/2098706507504435684,2026-09-12T09:33:18.000Z,en,47,9
frontend-design,https://x.com/i/status/2098690578775204342,2026-09-12T08:30:00.000Z,en,1,0
frontend-design,https://x.com/i/status/2098683736443527327,2026-09-12T08:02:49.000Z,en,0,0
frontend-design,https://x.com/i/status/2098682531533242775,2026-09-12T07:58:01.000Z,en,0,0
frontend-design,https://x.com/i/status/2098670165710037368,2026-09-12T07:08:53.000Z,en,3,0
frontend-design,https://x.com/i/status/2098652326248493447,2026-09-12T05:58:00.000Z,en,640,85
frontend-design,https://x.com/i/status/2098533559153619341,2026-09-11T22:06:04.000Z,en,3,0
frontend-design,https://x.com/i/status/2098511814447538604,2026-09-11T20:39:39.000Z,en,3,0
frontend-design,https://x.com/i/status/2098490405289705796,2026-09-11T19:14:35.000Z,en,58,4
frontend-design,https://x.com/i/status/2098489852027375784,2026-09-11T19:12:23.000Z,en,719,46
frontend-design,https://x.com/i/status/2098439146625016161,2026-09-11T15:50:54.000Z,en,2,0
frontend-design,https://x.com/i/status/2098415805109244015,2026-09-11T14:18:09.000Z,en,0,0
frontend-design,https://x.com/i/status/2098131495965565245,2026-09-10T19:28:24.000Z,zxx,0,0
frontend-design,https://x.com/i/status/2098079062287643100,2026-09-10T16:00:03.000Z,en,1,0
frontend-design,https://x.com/i/status/2097910254168367560,2026-09-10T04:49:16.000Z,ja,2,0
frontend-design,https://x.com/i/status/2097854262814421060,2026-09-10T01:06:47.000Z,en,0,0
frontend-design,https://x.com/i/status/2097728192668991514,2026-09-09T16:45:49.000Z,en,3,0
frontend-design,https://x.com/i/status/2097673736547618953,2026-09-09T13:09:26.000Z,en,0,0
frontend-design,https://x.com/i/status/2097656824413519981,2026-09-09T12:02:14.000Z,en,38,2
frontend-design,https://x.com/i/status/2097606595454673067,2026-09-09T08:42:38.000Z,en,9,1
frontend-design,https://x.com/i/status/2097586782586233139,2026-09-09T07:23:54.000Z,en,19,2
frontend-design,https://x.com/i/status/2097557813618999318,2026-09-09T05:28:48.000Z,ja,0,0
frontend-design,https://x.com/i/status/2097555379857322067,2026-09-09T05:19:07.000Z,zh,1,0
frontend-design,https://x.com/i/status/2097533023726063702,2026-09-09T03:50:17.000Z,en,0,0
frontend-design,https://x.com/i/status/2097502785818534344,2026-09-09T01:50:08.000Z,en,6,0
frontend-design,https://x.com/i/status/2097407726154367247,2026-09-08T19:32:24.000Z,es,7,0
frontend-design,https://x.com/i/status/2097373659492938222,2026-09-08T17:17:02.000Z,en,0,0
frontend-design,https://x.com/i/status/2097363892347220432,2026-09-08T16:38:13.000Z,en,0,0
frontend-design,https://x.com/i/status/2097310577261674918,2026-09-08T13:06:22.000Z,ja,35,2
frontend-design,https://x.com/i/status/2097303824624976112,2026-09-08T12:39:32.000Z,en,2,1
frontend-design,https://x.com/i/status/2097211582732480758,2026-09-08T06:33:00.000Z,zh,0,0
frontend-design,https://x.com/i/status/2097140549891551457,2026-09-08T01:50:44.000Z,zh,1,0
frontend-design,https://x.com/i/status/2097122751110689236,2026-09-08T00:40:01.000Z,en,7,0
frontend-design,https://x.com/i/status/2097073357866872844,2026-09-07T21:23:44.000Z,en,3,0
frontend-design,https://x.com/i/status/2097067264470286553,2026-09-07T20:59:32.000Z,en,4,0
frontend-design,https://x.com/i/status/2097058223601705340,2026-09-07T20:23:36.000Z,zxx,28,4
frontend-design,https://x.com/i/status/2097028525329170532,2026-09-07T18:25:36.000Z,en,1,0
frontend-design,https://x.com/i/status/2096919498838483265,2026-09-07T11:12:22.000Z,zh,25,4
frontend-design,https://x.com/i/status/2096846388781092927,2026-09-07T06:21:51.000Z,zxx,1,0
frontend-design,https://x.com/i/status/2096842785835962871,2026-09-07T06:07:32.000Z,en,0,0
frontend-design,https://x.com/i/status/2096795843919831220,2026-09-07T03:01:00.000Z,ja,1,0
frontend-design,https://x.com/i/status/2096749991330980109,2026-09-06T23:58:48.000Z,zxx,2,0
frontend-design,https://x.com/i/status/2096744105531543677,2026-09-06T23:35:25.000Z,en,4,0
frontend-design,https://x.com/i/status/2096717667889484149,2026-09-06T21:50:21.000Z,en,1,0
frontend-design,https://x.com/i/status/2096663934426394959,2026-09-06T18:16:50.000Z,en,12,2
frontend-design,https://x.com/i/status/2096495137627185204,2026-09-06T07:06:06.000Z,en,0,0
agent-browser,https://x.com/i/status/2099018151816007716,2026-09-13T06:11:39.000Z,en,0,0
agent-browser,https://x.com/i/status/2098932541021425893,2026-09-13T00:31:28.000Z,en,0,0
agent-browser,https://x.com/i/status/2098932128381591618,2026-09-13T00:29:50.000Z,en,0,0
agent-browser,https://x.com/i/status/2098923306049065082,2026-09-12T23:54:46.000Z,ja,1,0
agent-browser,https://x.com/i/status/2098890363188687221,2026-09-12T21:43:52.000Z,en,3,0
agent-browser,https://x.com/i/status/2098889891417571406,2026-09-12T21:42:00.000Z,en,0,0
agent-browser,https://x.com/i/status/2098886629138305268,2026-09-12T21:29:02.000Z,en,0,0
agent-browser,https://x.com/i/status/2098872275353338034,2026-09-12T20:32:00.000Z,en,0,0
agent-browser,https://x.com/i/status/2098856928793293249,2026-09-12T19:31:01.000Z,en,0,0
agent-browser,https://x.com/i/status/2098855335972741291,2026-09-12T19:24:41.000Z,en,1,0
agent-browser,https://x.com/i/status/2098848414490583308,2026-09-12T18:57:11.000Z,ja,0,0
agent-browser,https://x.com/i/status/2098801609773846835,2026-09-12T15:51:12.000Z,en,1,0
agent-browser,https://x.com/i/status/2098720623178731794,2026-09-12T10:29:23.000Z,en,0,0
agent-browser,https://x.com/i/status/2098681486861795725,2026-09-12T07:53:52.000Z,en,3,1
agent-browser,https://x.com/i/status/2098673305142411736,2026-09-12T07:21:22.000Z,en,9,3
agent-browser,https://x.com/i/status/2098655267441521051,2026-09-12T06:09:41.000Z,en,1,0
agent-browser,https://x.com/i/status/2098650959950045526,2026-09-12T05:52:34.000Z,en,2,0
agent-browser,https://x.com/i/status/2098595244082069573,2026-09-12T02:11:10.000Z,es,0,0
agent-browser,https://x.com/i/status/2098564043757777368,2026-09-12T00:07:12.000Z,en,465,25
agent-browser,https://x.com/i/status/2098424628133740605,2026-09-11T14:53:12.000Z,en,0,0
agent-browser,https://x.com/i/status/2098423927911378960,2026-09-11T14:50:25.000Z,en,1,0
agent-browser,https://x.com/i/status/2098423901718016171,2026-09-11T14:50:19.000Z,zxx,61,4
agent-browser,https://x.com/i/status/2098423802422071340,2026-09-11T14:49:55.000Z,en,0,0
agent-browser,https://x.com/i/status/2098423316344197283,2026-09-11T14:48:00.000Z,en,1,0
agent-browser,https://x.com/i/status/2098423024525467666,2026-09-11T14:46:50.000Z,en,0,0
agent-browser,https://x.com/i/status/2098422261506101602,2026-09-11T14:43:48.000Z,en,1,0
agent-browser,https://x.com/i/status/2098416109737390289,2026-09-11T14:19:21.000Z,en,0,0
agent-browser,https://x.com/i/status/2098410216534560983,2026-09-11T13:55:56.000Z,ru,0,0
agent-browser,https://x.com/i/status/2098391810498318525,2026-09-11T12:42:48.000Z,en,0,0
agent-browser,https://x.com/i/status/2098357350587371701,2026-09-11T10:25:52.000Z,en,0,0
agent-browser,https://x.com/i/status/2098350535309181233,2026-09-11T09:58:47.000Z,zh,0,0
agent-browser,https://x.com/i/status/2098339943248748751,2026-09-11T09:16:42.000Z,en,1,0
agent-browser,https://x.com/i/status/2098339577278685495,2026-09-11T09:15:15.000Z,en,3,1
agent-browser,https://x.com/i/status/2098334518763729022,2026-09-11T08:55:09.000Z,en,0,0
agent-browser,https://x.com/i/status/2098334202605543720,2026-09-11T08:53:53.000Z,en,1,0
agent-browser,https://x.com/i/status/2098289211774504981,2026-09-11T05:55:07.000Z,en,1,0
agent-browser,https://x.com/i/status/2098258898579079675,2026-09-11T03:54:39.000Z,en,0,0
agent-browser,https://x.com/i/status/2098222216701788669,2026-09-11T01:28:54.000Z,en,0,0
agent-browser,https://x.com/i/status/2098171935347667391,2026-09-10T22:09:06.000Z,en,0,0
agent-browser,https://x.com/i/status/2098154650109452315,2026-09-10T21:00:25.000Z,en,0,0
agent-browser,https://x.com/i/status/2098154594262204514,2026-09-10T21:00:11.000Z,en,1,0
agent-browser,https://x.com/i/status/2098154378683203661,2026-09-10T20:59:20.000Z,en,4,0
agent-browser,https://x.com/i/status/2098149768291549261,2026-09-10T20:41:01.000Z,en,0,0
agent-browser,https://x.com/i/status/2098143220307841206,2026-09-10T20:14:59.000Z,en,375,4
agent-browser,https://x.com/i/status/2098105027022016771,2026-09-10T17:43:14.000Z,en,1,0
agent-browser,https://x.com/i/status/2098075717619548306,2026-09-10T15:46:46.000Z,en,89,1
agent-browser,https://x.com/i/status/2098068782728315178,2026-09-10T15:19:12.000Z,en,1,0
agent-browser,https://x.com/i/status/2098066184151158853,2026-09-10T15:08:53.000Z,en,1,0
agent-browser,https://x.com/i/status/2098035248332440057,2026-09-10T13:05:57.000Z,zh,10,1
agent-browser,https://x.com/i/status/2098008635125211420,2026-09-10T11:20:12.000Z,zh,3,0
agent-browser,https://x.com/i/status/2097998213009773000,2026-09-10T10:38:47.000Z,en,1,0
agent-browser,https://x.com/i/status/2097988678882599085,2026-09-10T10:00:54.000Z,en,0,0
agent-browser,https://x.com/i/status/2097975615135875251,2026-09-10T09:08:59.000Z,en,0,0
agent-browser,https://x.com/i/status/2097974900224835692,2026-09-10T09:06:09.000Z,en,0,0
agent-browser,https://x.com/i/status/2097962441615564996,2026-09-10T08:16:38.000Z,en,136,31
agent-browser,https://x.com/i/status/2097959757818765695,2026-09-10T08:05:59.000Z,en,1,0
agent-browser,https://x.com/i/status/2097896214671073665,2026-09-10T03:53:29.000Z,en,14,0
agent-browser,https://x.com/i/status/2097836375089270797,2026-09-09T23:55:42.000Z,en,1,0
agent-browser,https://x.com/i/status/2097807515060682907,2026-09-09T22:01:01.000Z,en,0,0
agent-browser,https://x.com/i/status/2097775133897208238,2026-09-09T19:52:21.000Z,en,0,0
agent-browser,https://x.com/i/status/2097765733891555394,2026-09-09T19:15:00.000Z,en,10,0
agent-browser,https://x.com/i/status/2097746521517154633,2026-09-09T17:58:39.000Z,en,116,13
agent-browser,https://x.com/i/status/2097738098868170859,2026-09-09T17:25:11.000Z,en,0,0
agent-browser,https://x.com/i/status/2097736436196012171,2026-09-09T17:18:35.000Z,zxx,90,7
agent-browser,https://x.com/i/status/2097707180958826931,2026-09-09T15:22:20.000Z,en,4,0
agent-browser,https://x.com/i/status/2097671699940413851,2026-09-09T13:01:20.000Z,en,2,0
agent-browser,https://x.com/i/status/2097635660525937109,2026-09-09T10:38:08.000Z,en,1,0
agent-browser,https://x.com/i/status/2097634031315615809,2026-09-09T10:31:39.000Z,en,0,0
agent-browser,https://x.com/i/status/2097632446804328662,2026-09-09T10:25:22.000Z,en,0,0
agent-browser,https://x.com/i/status/2097589129106354507,2026-09-09T07:33:14.000Z,en,0,0
agent-browser,https://x.com/i/status/2097574477366198473,2026-09-09T06:35:01.000Z,iw,3,0
agent-browser,https://x.com/i/status/2097572636440322287,2026-09-09T06:27:42.000Z,en,2,0
agent-browser,https://x.com/i/status/2097565545575141438,2026-09-09T05:59:31.000Z,en,6,2
agent-browser,https://x.com/i/status/2097555394034057661,2026-09-09T05:19:11.000Z,en,1,0
agent-browser,https://x.com/i/status/2097538187891442123,2026-09-09T04:10:49.000Z,en,0,0
agent-browser,https://x.com/i/status/2097537940297601077,2026-09-09T04:09:49.000Z,en,0,0
agent-browser,https://x.com/i/status/2097528403976941774,2026-09-09T03:31:56.000Z,en,0,0
agent-browser,https://x.com/i/status/2097527818921947216,2026-09-09T03:29:36.000Z,en,1,0
agent-browser,https://x.com/i/status/2097453933761315097,2026-09-08T22:36:01.000Z,en,0,0
agent-browser,https://x.com/i/status/2097422442629349634,2026-09-08T20:30:53.000Z,en,2,0
agent-browser,https://x.com/i/status/2097395726259044795,2026-09-08T18:44:43.000Z,en,1,0
agent-browser,https://x.com/i/status/2097392994836222075,2026-09-08T18:33:52.000Z,en,3,0
agent-browser,https://x.com/i/status/2097389485130420411,2026-09-08T18:19:55.000Z,en,1,0
agent-browser,https://x.com/i/status/2097383887949418990,2026-09-08T17:57:41.000Z,en,4,1
agent-browser,https://x.com/i/status/2097376232883290612,2026-09-08T17:27:15.000Z,en,0,0
agent-browser,https://x.com/i/status/2097373080322785692,2026-09-08T17:14:44.000Z,en,0,0
agent-browser,https://x.com/i/status/2097356166862926302,2026-09-08T16:07:31.000Z,en,3,0
agent-browser,https://x.com/i/status/2097353627132195180,2026-09-08T15:57:26.000Z,en,0,0
agent-browser,https://x.com/i/status/2097339933425824247,2026-09-08T15:03:01.000Z,en,20,2
agent-browser,https://x.com/i/status/2097330912186786034,2026-09-08T14:27:10.000Z,en,0,0
agent-browser,https://x.com/i/status/2097328402726527472,2026-09-08T14:17:12.000Z,en,1,0
agent-browser,https://x.com/i/status/2097326800447869030,2026-09-08T14:10:50.000Z,en,0,0
agent-browser,https://x.com/i/status/2097320425508286928,2026-09-08T13:45:30.000Z,en,0,0
agent-browser,https://x.com/i/status/2097319112141918422,2026-09-08T13:40:17.000Z,zh,3,1
agent-browser,https://x.com/i/status/2097311975403565152,2026-09-08T13:11:55.000Z,zh,140,15
agent-browser,https://x.com/i/status/2097309830671204793,2026-09-08T13:03:24.000Z,en,0,0
agent-browser,https://x.com/i/status/2097299362288214459,2026-09-08T12:21:48.000Z,en,2,0
agent-browser,https://x.com/i/status/2097266230944276492,2026-09-08T10:10:09.000Z,en,0,0
agent-browser,https://x.com/i/status/2097265651882553692,2026-09-08T10:07:51.000Z,en,0,0
agent-browser,https://x.com/i/status/2097259984929038493,2026-09-08T09:45:20.000Z,en,1,0
proactive-agent,https://x.com/i/status/2098685434759123437,2026-09-12T08:09:33.000Z,en,0,0
proactive-agent,https://x.com/i/status/2098680917720023146,2026-09-12T07:51:37.000Z,en,0,0
proactive-agent,https://x.com/i/status/2098619780890505439,2026-09-12T03:48:40.000Z,en,3,0
proactive-agent,https://x.com/i/status/2098288044399009856,2026-09-11T05:50:28.000Z,en,2,0
proactive-agent,https://x.com/i/status/2098168336450294082,2026-09-10T21:54:48.000Z,en,0,0
proactive-agent,https://x.com/i/status/2098084870622986275,2026-09-10T16:23:08.000Z,zxx,2,0
proactive-agent,https://x.com/i/status/2097975852633821503,2026-09-10T09:09:56.000Z,zxx,125,5
proactive-agent,https://x.com/i/status/2097786076274331874,2026-09-09T20:35:50.000Z,en,9,0
proactive-agent,https://x.com/i/status/2097775555198537949,2026-09-09T19:54:01.000Z,en,2,0
proactive-agent,https://x.com/i/status/2097761108480143709,2026-09-09T18:56:37.000Z,zxx,5,1
proactive-agent,https://x.com/i/status/2097678447527231550,2026-09-09T13:28:09.000Z,zh,0,0
proactive-agent,https://x.com/i/status/2097623690364305759,2026-09-09T09:50:34.000Z,en,0,0
proactive-agent,https://x.com/i/status/2097556438172549222,2026-09-09T05:23:20.000Z,en,0,0
proactive-agent,https://x.com/i/status/2097458232537366882,2026-09-08T22:53:06.000Z,th,1,0
proactive-agent,https://x.com/i/status/2097429305517080919,2026-09-08T20:58:09.000Z,zxx,38,1
proactive-agent,https://x.com/i/status/2097413665976983979,2026-09-08T19:56:00.000Z,en,26,1
proactive-agent,https://x.com/i/status/2097282913809186830,2026-09-08T11:16:26.000Z,en,2,0
proactive-agent,https://x.com/i/status/2097273832889286986,2026-09-08T10:40:21.000Z,en,11,0
proactive-agent,https://x.com/i/status/2097234764130288083,2026-09-08T08:05:07.000Z,en,0,0
proactive-agent,https://x.com/i/status/2097224188100493588,2026-09-08T07:23:05.000Z,en,111,5
handoff,https://x.com/i/status/2099022677230919783,2026-09-13T06:29:38.000Z,ca,0,0
handoff,https://x.com/i/status/2099016544466382938,2026-09-13T06:05:16.000Z,en,1,0
handoff,https://x.com/i/status/2099016146859225456,2026-09-13T06:03:41.000Z,en,0,0
handoff,https://x.com/i/status/2099012641486209197,2026-09-13T05:49:46.000Z,en,3,1
handoff,https://x.com/i/status/2099012000198066686,2026-09-13T05:47:13.000Z,en,1,0
handoff,https://x.com/i/status/2099010058508017923,2026-09-13T05:39:30.000Z,en,0,0
handoff,https://x.com/i/status/2099009457917223320,2026-09-13T05:37:07.000Z,en,0,0
handoff,https://x.com/i/status/2099009122523824493,2026-09-13T05:35:47.000Z,en,0,0
handoff,https://x.com/i/status/2099006458599751786,2026-09-13T05:25:12.000Z,en,0,0
handoff,https://x.com/i/status/2099003330915614761,2026-09-13T05:12:46.000Z,en,0,0
handoff,https://x.com/i/status/2098994181968691648,2026-09-13T04:36:25.000Z,en,0,0
handoff,https://x.com/i/status/2098991137776111813,2026-09-13T04:24:19.000Z,en,0,0
handoff,https://x.com/i/status/2098990847173779721,2026-09-13T04:23:09.000Z,en,0,0
handoff,https://x.com/i/status/2098982407168791037,2026-09-13T03:49:37.000Z,en,0,0
handoff,https://x.com/i/status/2098981480630555082,2026-09-13T03:45:56.000Z,en,0,0
handoff,https://x.com/i/status/2098980879326384469,2026-09-13T03:43:33.000Z,en,1,0
handoff,https://x.com/i/status/2098977942584045941,2026-09-13T03:31:53.000Z,en,3,0
handoff,https://x.com/i/status/2098976012000215080,2026-09-13T03:24:13.000Z,en,0,0
handoff,https://x.com/i/status/2098972734319435991,2026-09-13T03:11:11.000Z,en,24,1
handoff,https://x.com/i/status/2098972670146560287,2026-09-13T03:10:56.000Z,en,1,0
weather,https://x.com/i/status/2099017735875280927,2026-09-13T06:10:00.000Z,en,0,0
weather,https://x.com/i/status/2099014097585222066,2026-09-13T05:55:33.000Z,ro,0,0
weather,https://x.com/i/status/2099013380417925126,2026-09-13T05:52:42.000Z,en,0,0
weather,https://x.com/i/status/2099007347758903338,2026-09-13T05:28:44.000Z,en,8,1
weather,https://x.com/i/status/2099005934479823220,2026-09-13T05:23:07.000Z,zh,3,0
weather,https://x.com/i/status/2098996323353534947,2026-09-13T04:44:55.000Z,en,0,0
weather,https://x.com/i/status/2098987821826761084,2026-09-13T04:11:08.000Z,en,7,0
weather,https://x.com/i/status/2098984697619509689,2026-09-13T03:58:43.000Z,en,0,0
weather,https://x.com/i/status/2098984552362332634,2026-09-13T03:58:09.000Z,en,0,0
weather,https://x.com/i/status/2098981834394677707,2026-09-13T03:47:21.000Z,en,1,1
weather,https://x.com/i/status/2098981579582316550,2026-09-13T03:46:20.000Z,en,0,0
weather,https://x.com/i/status/2098973227036872871,2026-09-13T03:13:09.000Z,en,0,0
weather,https://x.com/i/status/2098970975358406861,2026-09-13T03:04:12.000Z,en,0,0
weather,https://x.com/i/status/2098969405107454445,2026-09-13T02:57:57.000Z,en,1,0
weather,https://x.com/i/status/2098963576283189401,2026-09-13T02:34:48.000Z,en,0,0
weather,https://x.com/i/status/2098960474029318403,2026-09-13T02:22:28.000Z,en,0,0
weather,https://x.com/i/status/2098958143946396102,2026-09-13T02:13:12.000Z,en,2,0
weather,https://x.com/i/status/2098956627281920394,2026-09-13T02:07:11.000Z,en,0,0
weather,https://x.com/i/status/2098955100253536571,2026-09-13T02:01:07.000Z,en,3,0
weather,https://x.com/i/status/2098949387460198538,2026-09-13T01:38:25.000Z,en,18,0
weather,https://x.com/i/status/2098946708906352855,2026-09-13T01:27:46.000Z,en,0,0
weather,https://x.com/i/status/2098938415932662131,2026-09-13T00:54:49.000Z,en,0,0
weather,https://x.com/i/status/2098929162735997071,2026-09-13T00:18:03.000Z,en,6,1
weather,https://x.com/i/status/2098927852527767788,2026-09-13T00:12:50.000Z,pt,0,0
weather,https://x.com/i/status/2098920796697608622,2026-09-12T23:44:48.000Z,en,0,0
weather,https://x.com/i/status/2098913094269292940,2026-09-12T23:14:12.000Z,en,3,0
weather,https://x.com/i/status/2098904041933734107,2026-09-12T22:38:14.000Z,en,0,0
weather,https://x.com/i/status/2098902454901342386,2026-09-12T22:31:55.000Z,zxx,6,0
weather,https://x.com/i/status/2098901819527442750,2026-09-12T22:29:24.000Z,zxx,5,2
weather,https://x.com/i/status/2098898375684792515,2026-09-12T22:15:43.000Z,zxx,0,0
weather,https://x.com/i/status/2098893192288493981,2026-09-12T21:55:07.000Z,en,0,0
weather,https://x.com/i/status/2098892646332924122,2026-09-12T21:52:57.000Z,en,0,0
weather,https://x.com/i/status/2098887293951983871,2026-09-12T21:31:40.000Z,en,1,0
weather,https://x.com/i/status/2098883054005870888,2026-09-12T21:14:50.000Z,en,0,0
weather,https://x.com/i/status/2098881351843791355,2026-09-12T21:08:04.000Z,en,0,0
weather,https://x.com/i/status/2098877135545049332,2026-09-12T20:51:19.000Z,en,0,0
weather,https://x.com/i/status/2098871772795871300,2026-09-12T20:30:00.000Z,en,0,0
weather,https://x.com/i/status/2098866192496697785,2026-09-12T20:07:49.000Z,en,7,1
weather,https://x.com/i/status/2098865940515446968,2026-09-12T20:06:49.000Z,en,1,0
weather,https://x.com/i/status/2098856008189702420,2026-09-12T19:27:21.000Z,en,0,0
weather,https://x.com/i/status/2098855365139972286,2026-09-12T19:24:48.000Z,zxx,0,0
weather,https://x.com/i/status/2098854375804260786,2026-09-12T19:20:52.000Z,en,1,0
weather,https://x.com/i/status/2098853714392182965,2026-09-12T19:18:14.000Z,en,0,0
weather,https://x.com/i/status/2098852171550704104,2026-09-12T19:12:07.000Z,en,1,0
weather,https://x.com/i/status/2098851704183935366,2026-09-12T19:10:15.000Z,en,1,0
weather,https://x.com/i/status/2098850130313302164,2026-09-12T19:04:00.000Z,en,0,0
weather,https://x.com/i/status/2098844576391778304,2026-09-12T18:41:56.000Z,en,0,0
weather,https://x.com/i/status/2098844467906166937,2026-09-12T18:41:30.000Z,en,1,1
weather,https://x.com/i/status/2098838574888010238,2026-09-12T18:18:05.000Z,en,0,0
weather,https://x.com/i/status/2098834529004016023,2026-09-12T18:02:00.000Z,en,0,0
weather,https://x.com/i/status/2098834384363077811,2026-09-12T18:01:26.000Z,en,2,1
weather,https://x.com/i/status/2098831549978624436,2026-09-12T17:50:10.000Z,zxx,0,0
weather,https://x.com/i/status/2098825635753848848,2026-09-12T17:26:40.000Z,en,0,0
weather,https://x.com/i/status/2098823169293390015,2026-09-12T17:16:52.000Z,en,24,2
weather,https://x.com/i/status/2098822354860188132,2026-09-12T17:13:38.000Z,en,1,0
weather,https://x.com/i/status/2098819176802681123,2026-09-12T17:01:00.000Z,en,3,2
weather,https://x.com/i/status/2098816122174701928,2026-09-12T16:48:52.000Z,en,2,0
weather,https://x.com/i/status/2098814884804804777,2026-09-12T16:43:57.000Z,zxx,7,0
weather,https://x.com/i/status/2098811613184942107,2026-09-12T16:30:57.000Z,en,0,0
weather,https://x.com/i/status/2098809331546210621,2026-09-12T16:21:53.000Z,en,7,1
weather,https://x.com/i/status/2098805747911942413,2026-09-12T16:07:38.000Z,en,8,0
weather,https://x.com/i/status/2098803455641186472,2026-09-12T15:58:32.000Z,en,6,6
weather,https://x.com/i/status/2098803322698543364,2026-09-12T15:58:00.000Z,en,2,2
weather,https://x.com/i/status/2098801697522950523,2026-09-12T15:51:33.000Z,en,2,1
weather,https://x.com/i/status/2098799633895956600,2026-09-12T15:43:21.000Z,en,0,0
weather,https://x.com/i/status/2098798553472651342,2026-09-12T15:39:03.000Z,en,0,0
weather,https://x.com/i/status/2098795572002234369,2026-09-12T15:27:12.000Z,en,1,0
weather,https://x.com/i/status/2098794988515508472,2026-09-12T15:24:53.000Z,en,2,2
weather,https://x.com/i/status/2098789230218797279,2026-09-12T15:02:00.000Z,en,1,1
weather,https://x.com/i/status/2098787479729877331,2026-09-12T14:55:03.000Z,en,0,0
weather,https://x.com/i/status/2098786536829436088,2026-09-12T14:51:18.000Z,en,0,0
weather,https://x.com/i/status/2098783641434263625,2026-09-12T14:39:48.000Z,en,7,0
weather,https://x.com/i/status/2098780674656530778,2026-09-12T14:28:00.000Z,en,0,0
weather,https://x.com/i/status/2098779837225996783,2026-09-12T14:24:41.000Z,en,1,0
weather,https://x.com/i/status/2098776354623746523,2026-09-12T14:10:50.000Z,en,0,0
weather,https://x.com/i/status/2098775450801799578,2026-09-12T14:07:15.000Z,en,9,6
weather,https://x.com/i/status/2098773631249854478,2026-09-12T14:00:01.000Z,en,590,87
weather,https://x.com/i/status/2098771105284563269,2026-09-12T13:49:59.000Z,en,1,0
weather,https://x.com/i/status/2098766078465941700,2026-09-12T13:30:00.000Z,en,540,51
weather,https://x.com/i/status/2098765302385221828,2026-09-12T13:26:55.000Z,zxx,0,0
weather,https://x.com/i/status/2098765094167421111,2026-09-12T13:26:06.000Z,en,3,0
weather,https://x.com/i/status/2098760777364553885,2026-09-12T13:08:57.000Z,en,18,2
weather,https://x.com/i/status/2098760367178690830,2026-09-12T13:07:19.000Z,en,4,0
weather,https://x.com/i/status/2098757130211721606,2026-09-12T12:54:27.000Z,en,0,0
weather,https://x.com/i/status/2098757076029976893,2026-09-12T12:54:14.000Z,en,0,0
weather,https://x.com/i/status/2098757055859368207,2026-09-12T12:54:09.000Z,en,0,0
weather,https://x.com/i/status/2098755048603890050,2026-09-12T12:46:11.000Z,en,0,0
weather,https://x.com/i/status/2098754909445525604,2026-09-12T12:45:38.000Z,en,26,6
weather,https://x.com/i/status/2098753248689561607,2026-09-12T12:39:02.000Z,en,2,0
weather,https://x.com/i/status/2098752358734000625,2026-09-12T12:35:29.000Z,en,0,0
weather,https://x.com/i/status/2098751375303717195,2026-09-12T12:31:35.000Z,en,0,0
weather,https://x.com/i/status/2098750382520295611,2026-09-12T12:27:38.000Z,en,0,0
weather,https://x.com/i/status/2098749856458182845,2026-09-12T12:25:33.000Z,en,1,0
weather,https://x.com/i/status/2098748437504098555,2026-09-12T12:19:55.000Z,en,5,0
weather,https://x.com/i/status/2098746361160036695,2026-09-12T12:11:39.000Z,en,0,0
weather,https://x.com/i/status/2098746189231390840,2026-09-12T12:10:58.000Z,en,1,0
weather,https://x.com/i/status/2098732663267901463,2026-09-12T11:17:14.000Z,en,0,0
weather,https://x.com/i/status/2098727767361888726,2026-09-12T10:57:46.000Z,zxx,226,21
weather,https://x.com/i/status/2098722966032863457,2026-09-12T10:38:42.000Z,en,3,0
weather,https://x.com/i/status/2098716302844043291,2026-09-12T10:12:13.000Z,en,0,0
triage,https://x.com/i/status/2099015225680740551,2026-09-13T06:00:02.000Z,en,0,0
triage,https://x.com/i/status/2099011042797879523,2026-09-13T05:43:24.000Z,en,3,3
triage,https://x.com/i/status/2099005546242474217,2026-09-13T05:21:34.000Z,en,0,0
triage,https://x.com/i/status/2099002049900040573,2026-09-13T05:07:40.000Z,en,0,0
triage,https://x.com/i/status/2098997098251174382,2026-09-13T04:48:00.000Z,en,0,0
triage,https://x.com/i/status/2098989109234606261,2026-09-13T04:16:15.000Z,en,1,0
triage,https://x.com/i/status/2098985358155223098,2026-09-13T04:01:21.000Z,en,1,0
triage,https://x.com/i/status/2098962900106850662,2026-09-13T02:32:06.000Z,en,4,0
triage,https://x.com/i/status/2098955100253536571,2026-09-13T02:01:07.000Z,en,3,0
triage,https://x.com/i/status/2098947835399942502,2026-09-13T01:32:15.000Z,en,1,1
triage,https://x.com/i/status/2098944932933230749,2026-09-13T01:20:43.000Z,en,0,0
triage,https://x.com/i/status/2098938907312439442,2026-09-13T00:56:46.000Z,en,3,0
triage,https://x.com/i/status/2098924962429927636,2026-09-13T00:01:21.000Z,en,1,1
triage,https://x.com/i/status/2098924622695800879,2026-09-13T00:00:00.000Z,en,1,0
triage,https://x.com/i/status/2098916049551069622,2026-09-12T23:25:56.000Z,zxx,8,0
triage,https://x.com/i/status/2098908644859654573,2026-09-12T22:56:31.000Z,en,0,0
triage,https://x.com/i/status/2098898755558818012,2026-09-12T22:17:13.000Z,en,0,0
triage,https://x.com/i/status/2098897104332607662,2026-09-12T22:10:39.000Z,en,0,0
triage,https://x.com/i/status/2098884120923288037,2026-09-12T21:19:04.000Z,en,0,0
triage,https://x.com/i/status/2098876880476586495,2026-09-12T20:50:18.000Z,zxx,0,0
triage,https://x.com/i/status/2098860373130826064,2026-09-12T19:44:42.000Z,en,2,0
triage,https://x.com/i/status/2098858973923328332,2026-09-12T19:39:08.000Z,en,0,0
triage,https://x.com/i/status/2098857644668989797,2026-09-12T19:33:52.000Z,en,2,0
triage,https://x.com/i/status/2098838662561812740,2026-09-12T18:18:26.000Z,en,0,0
triage,https://x.com/i/status/2098836557570691449,2026-09-12T18:10:04.000Z,en,0,0
triage,https://x.com/i/status/2098834079722484029,2026-09-12T18:00:13.000Z,en,0,0
triage,https://x.com/i/status/2098815691176509724,2026-09-12T16:47:09.000Z,en,0,0
triage,https://x.com/i/status/2098812609390579939,2026-09-12T16:34:54.000Z,en,0,0
triage,https://x.com/i/status/2098809362860954041,2026-09-12T16:22:00.000Z,zxx,5,1
triage,https://x.com/i/status/2098803726911955369,2026-09-12T15:59:37.000Z,en,1,0
triage,https://x.com/i/status/2098799549808587106,2026-09-12T15:43:01.000Z,en,0,0
triage,https://x.com/i/status/2098794020122112292,2026-09-12T15:21:02.000Z,zxx,1,0
triage,https://x.com/i/status/2098788734359740922,2026-09-12T15:00:02.000Z,en,0,0
triage,https://x.com/i/status/2098783299812659630,2026-09-12T14:38:26.000Z,en,0,0
triage,https://x.com/i/status/2098782631337042292,2026-09-12T14:35:47.000Z,en,0,0
triage,https://x.com/i/status/2098778065690398759,2026-09-12T14:17:38.000Z,en,0,0
triage,https://x.com/i/status/2098777860186010075,2026-09-12T14:16:49.000Z,fr,2,0
triage,https://x.com/i/status/2098776697973748010,2026-09-12T14:12:12.000Z,en,0,0
triage,https://x.com/i/status/2098764176843825442,2026-09-12T13:22:27.000Z,en,1,0
triage,https://x.com/i/status/2098763268193980807,2026-09-12T13:18:50.000Z,fr,0,0
triage,https://x.com/i/status/2098757902014325170,2026-09-12T12:57:31.000Z,en,0,0
triage,https://x.com/i/status/2098757342112219563,2026-09-12T12:55:18.000Z,en,0,0
triage,https://x.com/i/status/2098756679940653151,2026-09-12T12:52:40.000Z,en,1,0
triage,https://x.com/i/status/2098755120540393908,2026-09-12T12:46:28.000Z,en,1453,59
triage,https://x.com/i/status/2098752890164646080,2026-09-12T12:37:36.000Z,en,0,0
triage,https://x.com/i/status/2098745962453696853,2026-09-12T12:10:04.000Z,en,3,0
triage,https://x.com/i/status/2098743546614354178,2026-09-12T12:00:28.000Z,en,34,3
triage,https://x.com/i/status/2098723646009131089,2026-09-12T10:41:24.000Z,en,1,0
triage,https://x.com/i/status/2098713215375171837,2026-09-12T09:59:57.000Z,en,3,0
triage,https://x.com/i/status/2098708964817223822,2026-09-12T09:43:03.000Z,en,1,1
triage,https://x.com/i/status/2098708778099052623,2026-09-12T09:42:19.000Z,en,0,0
triage,https://x.com/i/status/2098706568586154472,2026-09-12T09:33:32.000Z,en,0,0
triage,https://x.com/i/status/2098706303728427079,2026-09-12T09:32:29.000Z,en,1,0
triage,https://x.com/i/status/2098704700526981147,2026-09-12T09:26:07.000Z,en,1,1
triage,https://x.com/i/status/2098700024066826383,2026-09-12T09:07:32.000Z,en,0,0
triage,https://x.com/i/status/2098699820018061422,2026-09-12T09:06:43.000Z,en,0,0
triage,https://x.com/i/status/2098678694361567460,2026-09-12T07:42:46.000Z,en,1,0
triage,https://x.com/i/status/2098676596190134427,2026-09-12T07:34:26.000Z,fr,1,0
triage,https://x.com/i/status/2098673821444387278,2026-09-12T07:23:25.000Z,zxx,8,1
triage,https://x.com/i/status/2098673434230391053,2026-09-12T07:21:52.000Z,en,2,0
triage,https://x.com/i/status/2098671637831004198,2026-09-12T07:14:44.000Z,ja,0,0
triage,https://x.com/i/status/2098658078447075342,2026-09-12T06:20:51.000Z,en,0,0
triage,https://x.com/i/status/2098656116070588908,2026-09-12T06:13:03.000Z,en,0,0
triage,https://x.com/i/status/2098634624440451225,2026-09-12T04:47:39.000Z,en,0,0
triage,https://x.com/i/status/2098633178374193555,2026-09-12T04:41:55.000Z,en,0,0
triage,https://x.com/i/status/2098628215040278539,2026-09-12T04:22:11.000Z,en,9,3
triage,https://x.com/i/status/2098615365211132124,2026-09-12T03:31:08.000Z,en,3,0
triage,https://x.com/i/status/2098605839359860847,2026-09-12T02:53:16.000Z,en,60,9
triage,https://x.com/i/status/2098601767827042740,2026-09-12T02:37:06.000Z,en,0,0
triage,https://x.com/i/status/2098600736749715570,2026-09-12T02:33:00.000Z,en,1,0
triage,https://x.com/i/status/2098598484794622353,2026-09-12T02:24:03.000Z,zxx,1,0
triage,https://x.com/i/status/2098590076360180104,2026-09-12T01:50:38.000Z,en,0,0
triage,https://x.com/i/status/2098589456244592978,2026-09-12T01:48:10.000Z,zxx,1,0
triage,https://x.com/i/status/2098587189453918521,2026-09-12T01:39:10.000Z,en,4,4
triage,https://x.com/i/status/2098584675673399725,2026-09-12T01:29:11.000Z,en,3,2
triage,https://x.com/i/status/2098577992741958012,2026-09-12T01:02:37.000Z,in,0,0
triage,https://x.com/i/status/2098573678737068315,2026-09-12T00:45:29.000Z,en,34,1
triage,https://x.com/i/status/2098561503091724719,2026-09-11T23:57:06.000Z,en,0,0
triage,https://x.com/i/status/2098561305133433191,2026-09-11T23:56:19.000Z,en,1,0
triage,https://x.com/i/status/2098558203613368366,2026-09-11T23:43:59.000Z,en,23,3
triage,https://x.com/i/status/2098556090711744555,2026-09-11T23:35:35.000Z,en,1,0
triage,https://x.com/i/status/2098554636747845649,2026-09-11T23:29:49.000Z,en,116,0
triage,https://x.com/i/status/2098509440546963720,2026-09-11T20:30:13.000Z,en,0,0
triage,https://x.com/i/status/2098504630451700085,2026-09-11T20:11:06.000Z,en,1,0
triage,https://x.com/i/status/2098503152597172670,2026-09-11T20:05:14.000Z,en,3,0
triage,https://x.com/i/status/2098503056572797017,2026-09-11T20:04:51.000Z,en,0,0
triage,https://x.com/i/status/2098494040618770874,2026-09-11T19:29:02.000Z,en,51,8
triage,https://x.com/i/status/2098493746107314291,2026-09-11T19:27:51.000Z,zxx,207,29
triage,https://x.com/i/status/2098483490476155069,2026-09-11T18:47:06.000Z,en,35,5
triage,https://x.com/i/status/2098482372492611790,2026-09-11T18:42:40.000Z,en,0,0
triage,https://x.com/i/status/2098479244460576881,2026-09-11T18:30:14.000Z,en,1,0
triage,https://x.com/i/status/2098476258849935618,2026-09-11T18:18:22.000Z,zxx,0,0
triage,https://x.com/i/status/2098475934743515360,2026-09-11T18:17:05.000Z,pl,1,0
triage,https://x.com/i/status/2098472593083011115,2026-09-11T18:03:48.000Z,pt,4,0
triage,https://x.com/i/status/2098471880109768986,2026-09-11T18:00:58.000Z,en,0,0
triage,https://x.com/i/status/2098468662948794705,2026-09-11T17:48:11.000Z,en,1,0
triage,https://x.com/i/status/2098454111305990574,2026-09-11T16:50:22.000Z,en,0,0
triage,https://x.com/i/status/2098439890992050213,2026-09-11T15:53:51.000Z,en,1,0
triage,https://x.com/i/status/2098437751276445744,2026-09-11T15:45:21.000Z,en,652,58
triage,https://x.com/i/status/2098426469751853131,2026-09-11T15:00:31.000Z,en,0,0
prototype,https://x.com/i/status/2099020936636989514,2026-09-13T06:22:43.000Z,en,0,0
prototype,https://x.com/i/status/2099019413265551840,2026-09-13T06:16:40.000Z,en,0,0
prototype,https://x.com/i/status/2099017128334483554,2026-09-13T06:07:35.000Z,en,1,0
prototype,https://x.com/i/status/2099015812195475512,2026-09-13T06:02:22.000Z,en,0,0
prototype,https://x.com/i/status/2099015648605077669,2026-09-13T06:01:43.000Z,fr,0,0
prototype,https://x.com/i/status/2098996112765944263,2026-09-13T04:44:05.000Z,zxx,0,1
prototype,https://x.com/i/status/2098987784946233568,2026-09-13T04:10:59.000Z,en,0,0
prototype,https://x.com/i/status/2098986516966219801,2026-09-13T04:05:57.000Z,en,1,0
prototype,https://x.com/i/status/2098979722722267634,2026-09-13T03:38:57.000Z,zxx,2,0
prototype,https://x.com/i/status/2098978120229618144,2026-09-13T03:32:35.000Z,zxx,0,0
prototype,https://x.com/i/status/2098969909057241246,2026-09-13T02:59:57.000Z,en,3,1
prototype,https://x.com/i/status/2098963676568953022,2026-09-13T02:35:12.000Z,en,0,0
prototype,https://x.com/i/status/2098957407527268748,2026-09-13T02:10:17.000Z,en,0,0
prototype,https://x.com/i/status/2098940910608200154,2026-09-13T01:04:44.000Z,en,1,0
prototype,https://x.com/i/status/2098940476154105880,2026-09-13T01:03:00.000Z,en,0,0
prototype,https://x.com/i/status/2098933489194156508,2026-09-13T00:35:14.000Z,en,1,0
prototype,https://x.com/i/status/2098918141716021370,2026-09-12T23:34:15.000Z,en,0,0
prototype,https://x.com/i/status/2098918127598006616,2026-09-12T23:34:12.000Z,en,0,0
prototype,https://x.com/i/status/2098917415904297024,2026-09-12T23:31:22.000Z,zxx,7,0
prototype,https://x.com/i/status/2098914066211508468,2026-09-12T23:18:03.000Z,en,0,0
vercel-react-best-practices,https://x.com/i/status/2097897369589232063,2026-09-10T03:58:04.000Z,en,0,0
vercel-react-best-practices,https://x.com/i/status/2097407726154367247,2026-09-08T19:32:24.000Z,es,7,0
grilling,https://x.com/i/status/2098827151390749087,2026-09-12T17:32:41.000Z,en,0,0
grilling,https://x.com/i/status/2098764176843825442,2026-09-12T13:22:27.000Z,en,1,0
grilling,https://x.com/i/status/2098525416399253911,2026-09-11T21:33:42.000Z,en,1,0
grilling,https://x.com/i/status/2098425906834329807,2026-09-11T14:58:17.000Z,en,0,0
grilling,https://x.com/i/status/2098344269790445862,2026-09-11T09:33:53.000Z,en,1,0
grilling,https://x.com/i/status/2098314985902641561,2026-09-11T07:37:32.000Z,ja,1,0
grilling,https://x.com/i/status/2098268063548514433,2026-09-11T04:31:04.000Z,en,0,0
grilling,https://x.com/i/status/2098163857231364399,2026-09-10T21:37:00.000Z,en,2,0
grilling,https://x.com/i/status/2098158169902235882,2026-09-10T21:14:24.000Z,en,2,0
grilling,https://x.com/i/status/2098087042127143123,2026-09-10T16:31:46.000Z,en,6,2
grilling,https://x.com/i/status/2098014209552310302,2026-09-10T11:42:21.000Z,en,0,0
grilling,https://x.com/i/status/2098001983185588344,2026-09-10T10:53:46.000Z,en,1,0
grilling,https://x.com/i/status/2097990144800309572,2026-09-10T10:06:43.000Z,en,0,0
grilling,https://x.com/i/status/2097948812191084616,2026-09-10T07:22:29.000Z,ja,0,0
grilling,https://x.com/i/status/2097924173918359996,2026-09-10T05:44:35.000Z,en,0,0
grilling,https://x.com/i/status/2097914418344681926,2026-09-10T05:05:49.000Z,en,1,0
grilling,https://x.com/i/status/2097891917916966941,2026-09-10T03:36:24.000Z,en,0,0
grilling,https://x.com/i/status/2097841594636587055,2026-09-10T00:16:26.000Z,zh,0,0
grilling,https://x.com/i/status/2097833651677671562,2026-09-09T23:44:53.000Z,ja,0,0
grilling,https://x.com/i/status/2097755002785661178,2026-09-09T18:32:21.000Z,en,0,0
humanizer,https://x.com/i/status/2098986277051740528,2026-09-13T04:05:00.000Z,zh,1,0
humanizer,https://x.com/i/status/2098820074962313509,2026-09-12T17:04:34.000Z,en,0,0
humanizer,https://x.com/i/status/2098774469577965921,2026-09-12T14:03:21.000Z,zh,3,0
humanizer,https://x.com/i/status/2098714018642858305,2026-09-12T10:03:08.000Z,en,0,0
humanizer,https://x.com/i/status/2098684564965323168,2026-09-12T08:06:06.000Z,zh,4,0
humanizer,https://x.com/i/status/2098632715415277807,2026-09-12T04:40:04.000Z,en,0,0
humanizer,https://x.com/i/status/2098599477754147204,2026-09-12T02:28:00.000Z,en,6,0
humanizer,https://x.com/i/status/2098548114303172674,2026-09-11T23:03:54.000Z,ja,1,0
humanizer,https://x.com/i/status/2098474153250869251,2026-09-11T18:10:00.000Z,en,0,0
humanizer,https://x.com/i/status/2098465595696058766,2026-09-11T17:36:00.000Z,es,2,0
humanizer,https://x.com/i/status/2098451162420937023,2026-09-11T16:38:39.000Z,en,1,0
humanizer,https://x.com/i/status/2098389500326293626,2026-09-11T12:33:37.000Z,en,1,0
humanizer,https://x.com/i/status/2098366198924578834,2026-09-11T11:01:02.000Z,en,0,0
humanizer,https://x.com/i/status/2098298966962307421,2026-09-11T06:33:52.000Z,ja,1,0
humanizer,https://x.com/i/status/2098289711248732519,2026-09-11T05:57:06.000Z,en,0,0
humanizer,https://x.com/i/status/2098283767752524043,2026-09-11T05:33:29.000Z,zxx,0,0
humanizer,https://x.com/i/status/2098232377856426277,2026-09-11T02:09:16.000Z,ja,2,0
humanizer,https://x.com/i/status/2098178604735578482,2026-09-10T22:35:36.000Z,pt,6,0
humanizer,https://x.com/i/status/2098122552027893813,2026-09-10T18:52:52.000Z,en,0,0
humanizer,https://x.com/i/status/2098107243879071809,2026-09-10T17:52:02.000Z,en,0,0
humanizer,https://x.com/i/status/2098056632915673265,2026-09-10T14:30:55.000Z,en,35,0
humanizer,https://x.com/i/status/2097981974837371052,2026-09-10T09:34:16.000Z,zh,0,0
humanizer,https://x.com/i/status/2097962441615564996,2026-09-10T08:16:38.000Z,en,136,31
humanizer,https://x.com/i/status/2097958678636745078,2026-09-10T08:01:41.000Z,sv,0,0
humanizer,https://x.com/i/status/2097944804084556003,2026-09-10T07:06:33.000Z,en,38,1
humanizer,https://x.com/i/status/2097885286265180398,2026-09-10T03:10:03.000Z,ja,959,110
humanizer,https://x.com/i/status/2097754380661412081,2026-09-09T18:29:53.000Z,en,0,0
humanizer,https://x.com/i/status/2097747942287290716,2026-09-09T18:04:18.000Z,pt,1,0
humanizer,https://x.com/i/status/2097712815398105273,2026-09-09T15:44:43.000Z,und,2,0
humanizer,https://x.com/i/status/2097711124871287064,2026-09-09T15:38:00.000Z,en,2,1
humanizer,https://x.com/i/status/2097709292275032477,2026-09-09T15:30:43.000Z,en,1,0
humanizer,https://x.com/i/status/2097707067796779203,2026-09-09T15:21:53.000Z,en,5,0
humanizer,https://x.com/i/status/2097681264086020551,2026-09-09T13:39:21.000Z,en,4,0
humanizer,https://x.com/i/status/2097672609777500441,2026-09-09T13:04:57.000Z,en,0,0
humanizer,https://x.com/i/status/2097590180311892209,2026-09-09T07:37:24.000Z,en,0,0
humanizer,https://x.com/i/status/2097493921576186061,2026-09-09T01:14:55.000Z,en,18,0
humanizer,https://x.com/i/status/2097467542243569686,2026-09-08T23:30:05.000Z,en,1,0
humanizer,https://x.com/i/status/2097397039176864131,2026-09-08T18:49:56.000Z,en,1,0
humanizer,https://x.com/i/status/2097327044602540489,2026-09-08T14:11:48.000Z,ko,408,180
humanizer,https://x.com/i/status/2097222008782155909,2026-09-08T07:14:26.000Z,en,2,0
humanizer,https://x.com/i/status/2097177704282136838,2026-09-08T04:18:23.000Z,zxx,1807,297
humanizer,https://x.com/i/status/2097055128016830651,2026-09-07T20:11:18.000Z,ja,4,0
humanizer,https://x.com/i/status/2096995281015603526,2026-09-07T16:13:29.000Z,en,0,0
humanizer,https://x.com/i/status/2096994370079559770,2026-09-07T16:09:52.000Z,zxx,320,26
humanizer,https://x.com/i/status/2096982768853164449,2026-09-07T15:23:46.000Z,zh,1,0
humanizer,https://x.com/i/status/2096979899093307647,2026-09-07T15:12:22.000Z,en,1,0
humanizer,https://x.com/i/status/2096974149562581463,2026-09-07T14:49:31.000Z,en,1,0
humanizer,https://x.com/i/status/2096962934262149488,2026-09-07T14:04:57.000Z,en,0,0
humanizer,https://x.com/i/status/2096959628924092416,2026-09-07T13:51:49.000Z,en,9,0
humanizer,https://x.com/i/status/2096954154275205269,2026-09-07T13:30:04.000Z,en,2,0
humanizer,https://x.com/i/status/2096945447000568220,2026-09-07T12:55:28.000Z,en,4,0
humanizer,https://x.com/i/status/2096886646100709478,2026-09-07T09:01:49.000Z,fr,0,0
humanizer,https://x.com/i/status/2096860377367863448,2026-09-07T07:17:26.000Z,zxx,1,0
humanizer,https://x.com/i/status/2096855203811393638,2026-09-07T06:56:52.000Z,en,4,0
humanizer,https://x.com/i/status/2096825976004972692,2026-09-07T05:00:44.000Z,zh,4,0
humanizer,https://x.com/i/status/2096825969495445938,2026-09-07T05:00:42.000Z,zh,41,3
humanizer,https://x.com/i/status/2096818997593293080,2026-09-07T04:33:00.000Z,zh,9,0
humanizer,https://x.com/i/status/2096729254834905272,2026-09-06T22:36:24.000Z,zh,0,0
humanizer,https://x.com/i/status/2096726162580058309,2026-09-06T22:24:07.000Z,ja,1,0
humanizer,https://x.com/i/status/2096674267853164810,2026-09-06T18:57:54.000Z,en,4,1
humanizer,https://x.com/i/status/2096670100958929393,2026-09-06T18:41:20.000Z,ar,4,0
humanizer,https://x.com/i/status/2096655135531295110,2026-09-06T17:41:52.000Z,en,0,0
humanizer,https://x.com/i/status/2096654644596416955,2026-09-06T17:39:55.000Z,en,1,0
humanizer,https://x.com/i/status/2096621433460011312,2026-09-06T15:27:57.000Z,en,1,0
humanizer,https://x.com/i/status/2096600063602774197,2026-09-06T14:03:02.000Z,zxx,9,4
humanizer,https://x.com/i/status/2096585835399549423,2026-09-06T13:06:30.000Z,en,155,40
humanizer,https://x.com/i/status/2096556441197007150,2026-09-06T11:09:42.000Z,en,108,30
lark-base,https://x.com/i/status/2096821376120484194,2026-09-07T04:42:27.000Z,zxx,5,0
obsidian,https://x.com/i/status/2099022767341420836,2026-09-13T06:30:00.000Z,en,0,0
obsidian,https://x.com/i/status/2099021243844596150,2026-09-13T06:23:57.000Z,zxx,0,0
obsidian,https://x.com/i/status/2099012817143935033,2026-09-13T05:50:28.000Z,ja,0,0
obsidian,https://x.com/i/status/2099012617901871151,2026-09-13T05:49:40.000Z,es,1,0
obsidian,https://x.com/i/status/2099010182189637988,2026-09-13T05:39:59.000Z,en,0,0
obsidian,https://x.com/i/status/2099002828878749771,2026-09-13T05:10:46.000Z,ja,0,0
obsidian,https://x.com/i/status/2099002456613024068,2026-09-13T05:09:17.000Z,en,0,0
obsidian,https://x.com/i/status/2099002175913410938,2026-09-13T05:08:10.000Z,ja,1,0
obsidian,https://x.com/i/status/2099000511835893951,2026-09-13T05:01:34.000Z,en,1,0
obsidian,https://x.com/i/status/2098997531573444970,2026-09-13T04:49:43.000Z,ja,0,0
obsidian,https://x.com/i/status/2098988546287870295,2026-09-13T04:14:01.000Z,zh,1,0
obsidian,https://x.com/i/status/2098985339335405834,2026-09-13T04:01:16.000Z,en,0,0
obsidian,https://x.com/i/status/2098980666394477053,2026-09-13T03:42:42.000Z,zxx,3,0
obsidian,https://x.com/i/status/2098979308509503772,2026-09-13T03:37:18.000Z,ja,0,0
obsidian,https://x.com/i/status/2098978583725089197,2026-09-13T03:34:26.000Z,en,0,0
obsidian,https://x.com/i/status/2098977406702760054,2026-09-13T03:29:45.000Z,ja,0,0
obsidian,https://x.com/i/status/2098977405759033449,2026-09-13T03:29:45.000Z,ja,0,0
obsidian,https://x.com/i/status/2098974970500243646,2026-09-13T03:20:04.000Z,ja,0,0
obsidian,https://x.com/i/status/2098974958315778263,2026-09-13T03:20:01.000Z,ja,0,0
obsidian,https://x.com/i/status/2098970240474357915,2026-09-13T03:01:16.000Z,ja,0,0
obsidian,https://x.com/i/status/2098969930179973588,2026-09-13T03:00:02.000Z,ja,0,0
obsidian,https://x.com/i/status/2098966145177157828,2026-09-13T02:45:00.000Z,ja,2,0
obsidian,https://x.com/i/status/2098949371090141555,2026-09-13T01:38:21.000Z,ja,4,0
obsidian,https://x.com/i/status/2098940062138564714,2026-09-13T01:01:21.000Z,ja,4,0
obsidian,https://x.com/i/status/2098932584881287317,2026-09-13T00:31:39.000Z,en,7,0
obsidian,https://x.com/i/status/2098932104662765741,2026-09-13T00:29:44.000Z,en,0,0
obsidian,https://x.com/i/status/2098931567410520536,2026-09-13T00:27:36.000Z,es,0,0
obsidian,https://x.com/i/status/2098931562419278295,2026-09-13T00:27:35.000Z,es,0,0
obsidian,https://x.com/i/status/2098931329886802339,2026-09-13T00:26:39.000Z,en,0,0
obsidian,https://x.com/i/status/2098928090089238669,2026-09-13T00:13:47.000Z,ja,0,0
obsidian,https://x.com/i/status/2098923839472144557,2026-09-12T23:56:54.000Z,en,0,0
obsidian,https://x.com/i/status/2098915239228297400,2026-09-12T23:22:43.000Z,ja,0,0
obsidian,https://x.com/i/status/2098913548131045564,2026-09-12T23:16:00.000Z,ja,1,0
obsidian,https://x.com/i/status/2098905788140097807,2026-09-12T22:45:10.000Z,ja,2,0
obsidian,https://x.com/i/status/2098899203166814613,2026-09-12T22:19:00.000Z,ja,0,0
obsidian,https://x.com/i/status/2098896505469813095,2026-09-12T22:08:17.000Z,en,1,0
obsidian,https://x.com/i/status/2098893851176140806,2026-09-12T21:57:44.000Z,en,0,0
obsidian,https://x.com/i/status/2098890401411481752,2026-09-12T21:44:01.000Z,zxx,2,0
obsidian,https://x.com/i/status/2098890082895987024,2026-09-12T21:42:45.000Z,en,5,0
obsidian,https://x.com/i/status/2098889108219150717,2026-09-12T21:38:53.000Z,en,3,0
obsidian,https://x.com/i/status/2098887771968667661,2026-09-12T21:33:34.000Z,en,2,0
obsidian,https://x.com/i/status/2098880372541206713,2026-09-12T21:04:10.000Z,en,9,0
obsidian,https://x.com/i/status/2098878577018298516,2026-09-12T20:57:02.000Z,en,0,0
obsidian,https://x.com/i/status/2098860928280170575,2026-09-12T19:46:54.000Z,pt,2,0
obsidian,https://x.com/i/status/2098853976942755902,2026-09-12T19:19:17.000Z,en,0,0
obsidian,https://x.com/i/status/2098849779006550438,2026-09-12T19:02:36.000Z,en,2,0
obsidian,https://x.com/i/status/2098843150127071519,2026-09-12T18:36:16.000Z,en,1,0
obsidian,https://x.com/i/status/2098837079954440614,2026-09-12T18:12:09.000Z,en,2,0
obsidian,https://x.com/i/status/2098829974346088822,2026-09-12T17:43:54.000Z,en,5,1
obsidian,https://x.com/i/status/2098826976953782325,2026-09-12T17:32:00.000Z,en,0,0
obsidian,https://x.com/i/status/2098826937942548922,2026-09-12T17:31:50.000Z,en,93,3
obsidian,https://x.com/i/status/2098824488217694474,2026-09-12T17:22:06.000Z,zxx,0,0
obsidian,https://x.com/i/status/2098822526688194894,2026-09-12T17:14:19.000Z,en,1,0
obsidian,https://x.com/i/status/2098821223186862121,2026-09-12T17:09:08.000Z,ja,0,0
obsidian,https://x.com/i/status/2098818983025860853,2026-09-12T17:00:14.000Z,zxx,0,0
obsidian,https://x.com/i/status/2098818518171169163,2026-09-12T16:58:23.000Z,en,2,0
obsidian,https://x.com/i/status/2098816151996514426,2026-09-12T16:48:59.000Z,en,2,2
obsidian,https://x.com/i/status/2098815496338432347,2026-09-12T16:46:23.000Z,en,0,0
obsidian,https://x.com/i/status/2098815352671002745,2026-09-12T16:45:48.000Z,en,0,0
obsidian,https://x.com/i/status/2098814986269216890,2026-09-12T16:44:21.000Z,en,1,0
obsidian,https://x.com/i/status/2098814884804804777,2026-09-12T16:43:57.000Z,zxx,7,0
obsidian,https://x.com/i/status/2098814787920482401,2026-09-12T16:43:34.000Z,en,1,0
obsidian,https://x.com/i/status/2098814624749547996,2026-09-12T16:42:55.000Z,en,0,0
obsidian,https://x.com/i/status/2098812486229098767,2026-09-12T16:34:25.000Z,en,3,0
obsidian,https://x.com/i/status/2098812308969476245,2026-09-12T16:33:43.000Z,en,1,0
obsidian,https://x.com/i/status/2098811324159697349,2026-09-12T16:29:48.000Z,zxx,0,0
obsidian,https://x.com/i/status/2098809912277274674,2026-09-12T16:24:11.000Z,zxx,0,0
obsidian,https://x.com/i/status/2098807999905267848,2026-09-12T16:16:35.000Z,en,3,0
obsidian,https://x.com/i/status/2098806896442618212,2026-09-12T16:12:12.000Z,en,3,0
obsidian,https://x.com/i/status/2098797705535619319,2026-09-12T15:35:41.000Z,en,21,16
obsidian,https://x.com/i/status/2098795972881158555,2026-09-12T15:28:48.000Z,en,1,0
obsidian,https://x.com/i/status/2098788181491450226,2026-09-12T14:57:50.000Z,zxx,0,0
obsidian,https://x.com/i/status/2098787918852853843,2026-09-12T14:56:48.000Z,ja,2,0
obsidian,https://x.com/i/status/2098783147789816103,2026-09-12T14:37:50.000Z,en,1,0
obsidian,https://x.com/i/status/2098782979703337444,2026-09-12T14:37:10.000Z,ja,5,0
obsidian,https://x.com/i/status/2098776214324515035,2026-09-12T14:10:17.000Z,zxx,0,0
obsidian,https://x.com/i/status/2098774211464483158,2026-09-12T14:02:20.000Z,en,1,0
obsidian,https://x.com/i/status/2098772829961617531,2026-09-12T13:56:50.000Z,en,5,0
obsidian,https://x.com/i/status/2098771105284563269,2026-09-12T13:49:59.000Z,en,1,0
obsidian,https://x.com/i/status/2098767290158236068,2026-09-12T13:34:49.000Z,en,2,0
obsidian,https://x.com/i/status/2098766600828854358,2026-09-12T13:32:05.000Z,en,395,73
obsidian,https://x.com/i/status/2098759470893629492,2026-09-12T13:03:45.000Z,zh,66,6
obsidian,https://x.com/i/status/2098758380575920449,2026-09-12T12:59:25.000Z,ja,0,0
obsidian,https://x.com/i/status/2098758136291086718,2026-09-12T12:58:27.000Z,ja,2,0
obsidian,https://x.com/i/status/2098747008521470173,2026-09-12T12:14:14.000Z,en,5,1
obsidian,https://x.com/i/status/2098742484561969634,2026-09-12T11:56:15.000Z,en,9,0
obsidian,https://x.com/i/status/2098742132337217937,2026-09-12T11:54:51.000Z,en,4,2
obsidian,https://x.com/i/status/2098741958638502074,2026-09-12T11:54:10.000Z,en,0,0
obsidian,https://x.com/i/status/2098739436704125112,2026-09-12T11:44:09.000Z,en,4,1
obsidian,https://x.com/i/status/2098739404466458802,2026-09-12T11:44:01.000Z,en,36,16
obsidian,https://x.com/i/status/2098738867201527941,2026-09-12T11:41:53.000Z,en,3,0
obsidian,https://x.com/i/status/2098732348162396491,2026-09-12T11:15:59.000Z,zh,2,0
obsidian,https://x.com/i/status/2098725163437314283,2026-09-12T10:47:26.000Z,ja,1,0
obsidian,https://x.com/i/status/2098724769646456882,2026-09-12T10:45:52.000Z,en,1,0
obsidian,https://x.com/i/status/2098720915638919431,2026-09-12T10:30:33.000Z,en,0,0
obsidian,https://x.com/i/status/2098719019633410157,2026-09-12T10:23:01.000Z,zh,11,1
obsidian,https://x.com/i/status/2098718212867153998,2026-09-12T10:19:48.000Z,en,167,18
obsidian,https://x.com/i/status/2098708209095819605,2026-09-12T09:40:03.000Z,zxx,327,47
obsidian,https://x.com/i/status/2098692270468001836,2026-09-12T08:36:43.000Z,en,2,1
obsidian,https://x.com/i/status/2098691543221641648,2026-09-12T08:33:50.000Z,fr,0,0
nano-banana-pro,https://x.com/i/status/2099012026555314544,2026-09-13T05:47:19.000Z,en,16,1
nano-banana-pro,https://x.com/i/status/2098925748606369964,2026-09-13T00:04:29.000Z,zxx,4,0
nano-banana-pro,https://x.com/i/status/2098867976904532434,2026-09-12T20:14:55.000Z,en,0,0
nano-banana-pro,https://x.com/i/status/2098691577879380153,2026-09-12T08:33:58.000Z,en,32,3
nano-banana-pro,https://x.com/i/status/2098575097212579918,2026-09-12T00:51:07.000Z,pt,0,0
nano-banana-pro,https://x.com/i/status/2098411629167722707,2026-09-11T14:01:33.000Z,en,0,0
nano-banana-pro,https://x.com/i/status/2098398046031855926,2026-09-11T13:07:35.000Z,zxx,2,0
nano-banana-pro,https://x.com/i/status/2098390283973173588,2026-09-11T12:36:44.000Z,ja,0,0
nano-banana-pro,https://x.com/i/status/2098212678913470467,2026-09-11T00:51:00.000Z,en,1,0
nano-banana-pro,https://x.com/i/status/2098040545234895330,2026-09-10T13:27:00.000Z,en,35,10
nano-banana-pro,https://x.com/i/status/2097987530960285918,2026-09-10T09:56:20.000Z,zxx,3,0
nano-banana-pro,https://x.com/i/status/2097935325649584602,2026-09-10T06:28:54.000Z,en,2,0
nano-banana-pro,https://x.com/i/status/2097734304918823251,2026-09-09T17:10:06.000Z,en,12,12
nano-banana-pro,https://x.com/i/status/2097698684876071250,2026-09-09T14:48:34.000Z,en,0,1
nano-banana-pro,https://x.com/i/status/2097678781100036232,2026-09-09T13:29:29.000Z,ja,0,0
nano-banana-pro,https://x.com/i/status/2097652945395306531,2026-09-09T11:46:49.000Z,zxx,26,2
nano-banana-pro,https://x.com/i/status/2097626181369770206,2026-09-09T10:00:28.000Z,en,0,0
nano-banana-pro,https://x.com/i/status/2097606908568035696,2026-09-09T08:43:53.000Z,ja,4,1
nano-banana-pro,https://x.com/i/status/2097513015008731267,2026-09-09T02:30:47.000Z,en,0,0
nano-banana-pro,https://x.com/i/status/2097454993938768265,2026-09-08T22:40:14.000Z,en,0,0
notion,https://x.com/i/status/2099023502611517817,2026-09-13T06:32:55.000Z,fr,0,0
notion,https://x.com/i/status/2099021494294651308,2026-09-13T06:24:56.000Z,en,2,0
notion,https://x.com/i/status/2099020796807295271,2026-09-13T06:22:10.000Z,en,2,0
notion,https://x.com/i/status/2099016787014951214,2026-09-13T06:06:14.000Z,en,0,0
notion,https://x.com/i/status/2099013959068291084,2026-09-13T05:55:00.000Z,en,0,0
notion,https://x.com/i/status/2099013911408152983,2026-09-13T05:54:48.000Z,en,0,0
notion,https://x.com/i/status/2099013576304517395,2026-09-13T05:53:29.000Z,en,0,0
notion,https://x.com/i/status/2099010523786571996,2026-09-13T05:41:21.000Z,en,5,3
notion,https://x.com/i/status/2099010461463162957,2026-09-13T05:41:06.000Z,en,7,0
notion,https://x.com/i/status/2099009205248356755,2026-09-13T05:36:06.000Z,ja,0,0
notion,https://x.com/i/status/2099004718089674855,2026-09-13T05:18:17.000Z,en,13,12
notion,https://x.com/i/status/2099003663029088673,2026-09-13T05:14:05.000Z,en,0,0
notion,https://x.com/i/status/2099000882449022987,2026-09-13T05:03:02.000Z,ja,2,0
notion,https://x.com/i/status/2098984159310221503,2026-09-13T03:56:35.000Z,en,28,19
notion,https://x.com/i/status/2098983622782923069,2026-09-13T03:54:27.000Z,en,0,0
notion,https://x.com/i/status/2098981034524352934,2026-09-13T03:44:10.000Z,zh,1,0
notion,https://x.com/i/status/2098977792277037425,2026-09-13T03:31:17.000Z,en,0,0
notion,https://x.com/i/status/2098976965160317347,2026-09-13T03:28:00.000Z,en,1,0
notion,https://x.com/i/status/2098975759461470254,2026-09-13T03:23:12.000Z,zxx,4,1
notion,https://x.com/i/status/2098973848624644379,2026-09-13T03:15:37.000Z,en,7,1
notion,https://x.com/i/status/2098966769960395061,2026-09-13T02:47:29.000Z,de,1,0
notion,https://x.com/i/status/2098965151605260388,2026-09-13T02:41:03.000Z,ja,0,0
notion,https://x.com/i/status/2098959813921358077,2026-09-13T02:19:51.000Z,ja,35,1
notion,https://x.com/i/status/2098951170140037394,2026-09-13T01:45:30.000Z,es,1,0
notion,https://x.com/i/status/2098946922442838424,2026-09-13T01:28:37.000Z,en,4,1
notion,https://x.com/i/status/2098946915220303953,2026-09-13T01:28:35.000Z,ja,0,0
notion,https://x.com/i/status/2098938301462016076,2026-09-13T00:54:22.000Z,ja,0,0
notion,https://x.com/i/status/2098933181470933141,2026-09-13T00:34:01.000Z,ja,0,0
notion,https://x.com/i/status/2098928229218439566,2026-09-13T00:14:20.000Z,zxx,0,0
notion,https://x.com/i/status/2098924962429927636,2026-09-13T00:01:21.000Z,en,1,1
notion,https://x.com/i/status/2098923651223470212,2026-09-12T23:56:09.000Z,en,1,1
notion,https://x.com/i/status/2098922257720717592,2026-09-12T23:50:36.000Z,ja,2,0
notion,https://x.com/i/status/2098921798457049519,2026-09-12T23:48:47.000Z,en,0,0
notion,https://x.com/i/status/2098913046873985151,2026-09-12T23:14:00.000Z,en,98,82
notion,https://x.com/i/status/2098912906461220946,2026-09-12T23:13:27.000Z,ja,3,0
notion,https://x.com/i/status/2098907868657238274,2026-09-12T22:53:26.000Z,en,5,0
notion,https://x.com/i/status/2098901218139804022,2026-09-12T22:27:00.000Z,zxx,4,0
notion,https://x.com/i/status/2098900962983231788,2026-09-12T22:25:59.000Z,ca,1,0
notion,https://x.com/i/status/2098897759717958132,2026-09-12T22:13:16.000Z,zxx,5,2
notion,https://x.com/i/status/2098896184009982337,2026-09-12T22:07:00.000Z,zh,14,2
notion,https://x.com/i/status/2098895782699307067,2026-09-12T22:05:24.000Z,en,4,0
notion,https://x.com/i/status/2098894421777633528,2026-09-12T22:00:00.000Z,ja,1,1
notion,https://x.com/i/status/2098888815100182788,2026-09-12T21:37:43.000Z,pt,24,1
notion,https://x.com/i/status/2098887976700842301,2026-09-12T21:34:23.000Z,en,2,0
notion,https://x.com/i/status/2098882842633621953,2026-09-12T21:13:59.000Z,en,0,0
notion,https://x.com/i/status/2098879082456875474,2026-09-12T20:59:03.000Z,en,28,2
notion,https://x.com/i/status/2098877643911557609,2026-09-12T20:53:20.000Z,ja,0,0
notion,https://x.com/i/status/2098875303397413102,2026-09-12T20:44:02.000Z,en,7,3
notion,https://x.com/i/status/2098872554584695242,2026-09-12T20:33:06.000Z,en,168,5
notion,https://x.com/i/status/2098857940367048712,2026-09-12T19:35:02.000Z,en,4,0
notion,https://x.com/i/status/2098856673398153535,2026-09-12T19:30:00.000Z,en,4,0
notion,https://x.com/i/status/2098855365139972286,2026-09-12T19:24:48.000Z,zxx,0,0
notion,https://x.com/i/status/2098854697188708364,2026-09-12T19:22:09.000Z,en,0,0
notion,https://x.com/i/status/2098843150127071519,2026-09-12T18:36:16.000Z,en,1,0
notion,https://x.com/i/status/2098842782446039535,2026-09-12T18:34:48.000Z,en,0,0
notion,https://x.com/i/status/2098839008419983633,2026-09-12T18:19:48.000Z,en,13,9
notion,https://x.com/i/status/2098836111892345248,2026-09-12T18:08:18.000Z,ja,2,0
notion,https://x.com/i/status/2098834882017296672,2026-09-12T18:03:24.000Z,en,1,0
notion,https://x.com/i/status/2098827295200866554,2026-09-12T17:33:16.000Z,en,0,0
notion,https://x.com/i/status/2098826608383766569,2026-09-12T17:30:32.000Z,en,1,0
notion,https://x.com/i/status/2098826298814804271,2026-09-12T17:29:18.000Z,en,0,0
notion,https://x.com/i/status/2098826203797090354,2026-09-12T17:28:55.000Z,en,4,0
notion,https://x.com/i/status/2098825054972948526,2026-09-12T17:24:22.000Z,en,0,0
notion,https://x.com/i/status/2098819098842919180,2026-09-12T17:00:41.000Z,en,0,0
notion,https://x.com/i/status/2098817701905088631,2026-09-12T16:55:08.000Z,en,1,0
notion,https://x.com/i/status/2098816352618160337,2026-09-12T16:49:47.000Z,zxx,25,1
notion,https://x.com/i/status/2098813524851970513,2026-09-12T16:38:33.000Z,en,0,0
notion,https://x.com/i/status/2098812199578005644,2026-09-12T16:33:17.000Z,zxx,51,8
notion,https://x.com/i/status/2098805587136135610,2026-09-12T16:07:00.000Z,zh,1,0
notion,https://x.com/i/status/2098805108469297582,2026-09-12T16:05:06.000Z,es,2,1
notion,https://x.com/i/status/2098802988722815384,2026-09-12T15:56:41.000Z,en,243,52
notion,https://x.com/i/status/2098802459066216919,2026-09-12T15:54:34.000Z,zh,20,3
notion,https://x.com/i/status/2098800547616981015,2026-09-12T15:46:59.000Z,en,62,25
notion,https://x.com/i/status/2098800479354736864,2026-09-12T15:46:42.000Z,zxx,0,0
notion,https://x.com/i/status/2098797705535619319,2026-09-12T15:35:41.000Z,en,21,16
notion,https://x.com/i/status/2098794979732980044,2026-09-12T15:24:51.000Z,en,0,0
notion,https://x.com/i/status/2098788591975444974,2026-09-12T14:59:28.000Z,fr,2,0
notion,https://x.com/i/status/2098781242510512231,2026-09-12T14:30:16.000Z,en,6,0
notion,https://x.com/i/status/2098781176768958532,2026-09-12T14:30:00.000Z,en,0,0
notion,https://x.com/i/status/2098780159541395656,2026-09-12T14:25:58.000Z,en,2,0
notion,https://x.com/i/status/2098774902635696274,2026-09-12T14:05:04.000Z,und,10,5
notion,https://x.com/i/status/2098772120213889519,2026-09-12T13:54:01.000Z,en,1,0
notion,https://x.com/i/status/2098771105284563269,2026-09-12T13:49:59.000Z,en,1,0
notion,https://x.com/i/status/2098770387039617267,2026-09-12T13:47:08.000Z,en,9,2
notion,https://x.com/i/status/2098767893928493560,2026-09-12T13:37:13.000Z,en,8,0
notion,https://x.com/i/status/2098766955326943335,2026-09-12T13:33:30.000Z,en,0,0
notion,https://x.com/i/status/2098764784779006060,2026-09-12T13:24:52.000Z,en,87,0
notion,https://x.com/i/status/2098761450965573907,2026-09-12T13:11:37.000Z,en,0,0
notion,https://x.com/i/status/2098758523068789150,2026-09-12T12:59:59.000Z,en,1,1
notion,https://x.com/i/status/2098757902014325170,2026-09-12T12:57:31.000Z,en,0,0
notion,https://x.com/i/status/2098756679940653151,2026-09-12T12:52:40.000Z,en,1,0
notion,https://x.com/i/status/2098755997871591722,2026-09-12T12:49:57.000Z,zh,7,0
notion,https://x.com/i/status/2098751640509809071,2026-09-12T12:32:38.000Z,en,0,0
notion,https://x.com/i/status/2098750990551859352,2026-09-12T12:30:03.000Z,en,0,0
notion,https://x.com/i/status/2098747410361258486,2026-09-12T12:15:50.000Z,ja,6,0
notion,https://x.com/i/status/2098745962453696853,2026-09-12T12:10:04.000Z,en,3,0
notion,https://x.com/i/status/2098745097042919753,2026-09-12T12:06:38.000Z,ru,0,0
notion,https://x.com/i/status/2098738021700886590,2026-09-12T11:38:31.000Z,en,0,0
notion,https://x.com/i/status/2098737872941785575,2026-09-12T11:37:56.000Z,zh,17,0
notion,https://x.com/i/status/2098734888409002054,2026-09-12T11:26:04.000Z,en,0,0
skill-creator,https://x.com/i/status/2098980924410986730,2026-09-13T03:43:44.000Z,zxx,166,12
skill-creator,https://x.com/i/status/2098945443799675171,2026-09-13T01:22:44.000Z,zxx,3,0
skill-creator,https://x.com/i/status/2098871241473978573,2026-09-12T20:27:53.000Z,en,0,0
skill-creator,https://x.com/i/status/2098832513489629360,2026-09-12T17:54:00.000Z,fr,0,0
skill-creator,https://x.com/i/status/2098798711023239212,2026-09-12T15:39:41.000Z,pt,0,0
skill-creator,https://x.com/i/status/2098788760993640716,2026-09-12T15:00:08.000Z,en,43,1
skill-creator,https://x.com/i/status/2098728319504056366,2026-09-12T10:59:58.000Z,en,2,0
skill-creator,https://x.com/i/status/2098706507504435684,2026-09-12T09:33:18.000Z,en,47,9
skill-creator,https://x.com/i/status/2098673821444387278,2026-09-12T07:23:25.000Z,zxx,8,1
skill-creator,https://x.com/i/status/2098652326248493447,2026-09-12T05:58:00.000Z,en,640,85
skill-creator,https://x.com/i/status/2098603727913660562,2026-09-12T02:44:53.000Z,en,3,0
skill-creator,https://x.com/i/status/2098567584777949344,2026-09-12T00:21:16.000Z,en,0,0
skill-creator,https://x.com/i/status/2098495381801926740,2026-09-11T19:34:21.000Z,en,0,0
skill-creator,https://x.com/i/status/2098448816156336168,2026-09-11T16:29:19.000Z,en,0,0
skill-creator,https://x.com/i/status/2098419212058317111,2026-09-11T14:31:41.000Z,es,0,0
skill-creator,https://x.com/i/status/2098381697280545129,2026-09-11T12:02:37.000Z,es,0,0
skill-creator,https://x.com/i/status/2098365950940569639,2026-09-11T11:00:03.000Z,en,114,14
skill-creator,https://x.com/i/status/2098335757526286546,2026-09-11T09:00:04.000Z,en,10,6
skill-creator,https://x.com/i/status/2098281245645893886,2026-09-11T05:23:27.000Z,en,22,6
skill-creator,https://x.com/i/status/2098275345850118552,2026-09-11T05:00:01.000Z,en,321,34
skill-creator,https://x.com/i/status/2098212079043829776,2026-09-11T00:48:37.000Z,zh,183,11
skill-creator,https://x.com/i/status/2098164409659199884,2026-09-10T21:39:11.000Z,ja,5,0
skill-creator,https://x.com/i/status/2098094315801133190,2026-09-10T17:00:40.000Z,en,0,0
skill-creator,https://x.com/i/status/2097965802242638068,2026-09-10T08:30:00.000Z,en,0,0
skill-creator,https://x.com/i/status/2097962441615564996,2026-09-10T08:16:38.000Z,en,136,31
skill-creator,https://x.com/i/status/2097910254168367560,2026-09-10T04:49:16.000Z,ja,2,0
skill-creator,https://x.com/i/status/2097887331059724363,2026-09-10T03:18:11.000Z,en,3,0
skill-creator,https://x.com/i/status/2097733784368197662,2026-09-09T17:08:02.000Z,en,1,0
skill-creator,https://x.com/i/status/2097725977199865964,2026-09-09T16:37:01.000Z,zxx,433,39
skill-creator,https://x.com/i/status/2097681127901184113,2026-09-09T13:38:48.000Z,es,0,0
skill-creator,https://x.com/i/status/2097653062794154038,2026-09-09T11:47:17.000Z,zh,1,0
skill-creator,https://x.com/i/status/2097583244136907135,2026-09-09T07:09:51.000Z,en,0,0
skill-creator,https://x.com/i/status/2097555379857322067,2026-09-09T05:19:07.000Z,zh,1,0
skill-creator,https://x.com/i/status/2097415470437581248,2026-09-08T20:03:10.000Z,ca,1,0
skill-creator,https://x.com/i/status/2097291987531538914,2026-09-08T11:52:30.000Z,en,19,0
skill-creator,https://x.com/i/status/2097289356042203305,2026-09-08T11:42:02.000Z,th,60,36
skill-creator,https://x.com/i/status/2097096626053538066,2026-09-07T22:56:12.000Z,en,0,0
skill-creator,https://x.com/i/status/2097014889990545608,2026-09-07T17:31:25.000Z,zxx,160,16
skill-creator,https://x.com/i/status/2096986921402593282,2026-09-07T15:40:16.000Z,en,1,0
skill-creator,https://x.com/i/status/2096952374581657717,2026-09-07T13:23:00.000Z,zh,14,0
skill-creator,https://x.com/i/status/2096946884128706583,2026-09-07T13:01:11.000Z,zxx,17,1
skill-creator,https://x.com/i/status/2096895887549276168,2026-09-07T09:38:32.000Z,en,65,17
skill-creator,https://x.com/i/status/2096826392457670734,2026-09-07T05:02:23.000Z,zxx,0,0
skill-creator,https://x.com/i/status/2096716317093199933,2026-09-06T21:44:59.000Z,zxx,11,0
skill-creator,https://x.com/i/status/2096585835399549423,2026-09-06T13:06:30.000Z,en,155,40
skill-creator,https://x.com/i/status/2096554006139060519,2026-09-06T11:00:01.000Z,en,221,44
skill-creator,https://x.com/i/status/2096518832944984084,2026-09-06T08:40:15.000Z,ja,1,0
skill-creator,https://x.com/i/status/2096499809246933396,2026-09-06T07:24:40.000Z,fa,28,1
auto-updater,https://x.com/i/status/2098174544276230615,2026-09-10T22:19:28.000Z,en,0,0
auto-updater,https://x.com/i/status/2096566141653053544,2026-09-06T11:48:15.000Z,zxx,160,133
word-docx,https://x.com/i/status/2097114341514559526,2026-09-08T00:06:36.000Z,zxx,1,0
evolver,https://x.com/i/status/2098666761696510129,2026-09-12T06:55:21.000Z,en,2,0
evolver,https://x.com/i/status/2098562934968406094,2026-09-12T00:02:47.000Z,en,1,0
evolver,https://x.com/i/status/2098021114685616637,2026-09-10T12:09:47.000Z,en,189,35
evolver,https://x.com/i/status/2097586916996653509,2026-09-09T07:24:26.000Z,zh,14,2
