skill_key,tweet_url,created_at,lang,favorites,retweets
find-skills,https://x.com/i/status/2092074463416455666,2026-08-25T02:19:55.000Z,en,0,0
find-skills,https://x.com/i/status/2092024237792153631,2026-08-24T23:00:20.000Z,en,0,0
find-skills,https://x.com/i/status/2091917271052767262,2026-08-24T15:55:18.000Z,en,24,0
find-skills,https://x.com/i/status/2091868583878172710,2026-08-24T12:41:50.000Z,en,44,28
find-skills,https://x.com/i/status/2091813101465379105,2026-08-24T09:01:22.000Z,en,0,0
find-skills,https://x.com/i/status/2091805251712258418,2026-08-24T08:30:10.000Z,en,0,0
find-skills,https://x.com/i/status/2091779929687875991,2026-08-24T06:49:33.000Z,en,521,39
find-skills,https://x.com/i/status/2091207358412128523,2026-08-22T16:54:21.000Z,ar,214,6
find-skills,https://x.com/i/status/2091194923529744557,2026-08-22T16:04:56.000Z,en,25,4
find-skills,https://x.com/i/status/2091179630958907580,2026-08-22T15:04:10.000Z,es,316,78
find-skills,https://x.com/i/status/2091094262037500401,2026-08-22T09:24:57.000Z,en,85,16
find-skills,https://x.com/i/status/2090988029737361563,2026-08-22T02:22:49.000Z,zxx,2,0
find-skills,https://x.com/i/status/2090851702433861989,2026-08-21T17:21:06.000Z,es,409,34
find-skills,https://x.com/i/status/2090838255637766603,2026-08-21T16:27:40.000Z,es,258,41
find-skills,https://x.com/i/status/2090643771025510841,2026-08-21T03:34:51.000Z,ja,2,1
find-skills,https://x.com/i/status/2090583786241323298,2026-08-20T23:36:30.000Z,en,12,0
find-skills,https://x.com/i/status/2090416109229109532,2026-08-20T12:30:13.000Z,ja,1,0
find-skills,https://x.com/i/status/2090348130223165542,2026-08-20T08:00:05.000Z,ja,13,0
find-skills,https://x.com/i/status/2090106859440980135,2026-08-19T16:01:22.000Z,en,0,0
find-skills,https://x.com/i/status/2090030599146971278,2026-08-19T10:58:20.000Z,en,0,0
find-skills,https://x.com/i/status/2089777985905733826,2026-08-18T18:14:32.000Z,en,5,3
find-skills,https://x.com/i/status/2089739711338209443,2026-08-18T15:42:27.000Z,en,0,0
find-skills,https://x.com/i/status/2089717706908131345,2026-08-18T14:15:01.000Z,ja,8,1
self-improving-agent,https://x.com/i/status/2092076999745614077,2026-08-25T02:30:00.000Z,en,2,0
self-improving-agent,https://x.com/i/status/2092032702937477379,2026-08-24T23:33:59.000Z,en,4,0
self-improving-agent,https://x.com/i/status/2092028697574293774,2026-08-24T23:18:04.000Z,en,1,0
self-improving-agent,https://x.com/i/status/2091992218232140280,2026-08-24T20:53:06.000Z,zxx,6,3
self-improving-agent,https://x.com/i/status/2091915697282568346,2026-08-24T15:49:02.000Z,en,34,4
self-improving-agent,https://x.com/i/status/2091907294179054066,2026-08-24T15:15:39.000Z,en,72,7
self-improving-agent,https://x.com/i/status/2091821187701883195,2026-08-24T09:33:29.000Z,en,0,0
self-improving-agent,https://x.com/i/status/2091815496479920387,2026-08-24T09:10:53.000Z,en,0,0
self-improving-agent,https://x.com/i/status/2091728192856015130,2026-08-24T03:23:58.000Z,en,1,0
self-improving-agent,https://x.com/i/status/2091683634403328046,2026-08-24T00:26:54.000Z,en,0,0
self-improving-agent,https://x.com/i/status/2091671663431565490,2026-08-23T23:39:20.000Z,en,0,0
self-improving-agent,https://x.com/i/status/2091598410004807810,2026-08-23T18:48:15.000Z,en,4,0
self-improving-agent,https://x.com/i/status/2091573735375454343,2026-08-23T17:10:12.000Z,en,0,0
self-improving-agent,https://x.com/i/status/2091541283286233261,2026-08-23T15:01:15.000Z,en,2,0
self-improving-agent,https://x.com/i/status/2091536268236615815,2026-08-23T14:41:19.000Z,zxx,12,1
self-improving-agent,https://x.com/i/status/2091520454993354984,2026-08-23T13:38:29.000Z,en,16,0
self-improving-agent,https://x.com/i/status/2091505476454281264,2026-08-23T12:38:58.000Z,en,56,8
self-improving-agent,https://x.com/i/status/2091377641274429782,2026-08-23T04:11:00.000Z,zh,106,20
self-improving-agent,https://x.com/i/status/2091208971193286942,2026-08-22T17:00:46.000Z,en,21,0
self-improving-agent,https://x.com/i/status/2091193681764045000,2026-08-22T16:00:00.000Z,en,219,40
self-improving-agent,https://x.com/i/status/2091141238724465024,2026-08-22T12:31:37.000Z,en,1,0
self-improving-agent,https://x.com/i/status/2090996958114582728,2026-08-22T02:58:18.000Z,zxx,3,1
self-improving-agent,https://x.com/i/status/2090876686296584280,2026-08-21T19:00:23.000Z,en,1,0
self-improving-agent,https://x.com/i/status/2090829631616397505,2026-08-21T15:53:24.000Z,en,7,0
self-improving-agent,https://x.com/i/status/2090807586555822176,2026-08-21T14:25:48.000Z,zxx,0,0
self-improving-agent,https://x.com/i/status/2090786842668925372,2026-08-21T13:03:22.000Z,en,0,0
self-improving-agent,https://x.com/i/status/2090771648710656044,2026-08-21T12:03:00.000Z,en,2,0
self-improving-agent,https://x.com/i/status/2090683515377709187,2026-08-21T06:12:47.000Z,en,0,0
self-improving-agent,https://x.com/i/status/2090646227272745079,2026-08-21T03:44:37.000Z,en,1,0
self-improving-agent,https://x.com/i/status/2090610058086289812,2026-08-21T01:20:54.000Z,en,0,0
self-improving-agent,https://x.com/i/status/2090591780874195095,2026-08-21T00:08:16.000Z,en,0,0
self-improving-agent,https://x.com/i/status/2090506793151848551,2026-08-20T18:30:33.000Z,zh,1,0
self-improving-agent,https://x.com/i/status/2090486563998228495,2026-08-20T17:10:10.000Z,en,1,0
self-improving-agent,https://x.com/i/status/2090457639180451982,2026-08-20T15:15:14.000Z,en,1,0
self-improving-agent,https://x.com/i/status/2090440313257009281,2026-08-20T14:06:23.000Z,en,0,0
self-improving-agent,https://x.com/i/status/2090426213030416844,2026-08-20T13:10:22.000Z,en,0,0
self-improving-agent,https://x.com/i/status/2090425201473520042,2026-08-20T13:06:20.000Z,en,4,3
self-improving-agent,https://x.com/i/status/2090403556511658058,2026-08-20T11:40:20.000Z,en,3,1
self-improving-agent,https://x.com/i/status/2090330140291334400,2026-08-20T06:48:36.000Z,en,0,0
self-improving-agent,https://x.com/i/status/2090326455716581433,2026-08-20T06:33:58.000Z,zh,2,0
self-improving-agent,https://x.com/i/status/2090315506301689920,2026-08-20T05:50:27.000Z,en,7,0
self-improving-agent,https://x.com/i/status/2090248297214525569,2026-08-20T01:23:23.000Z,zxx,647,116
self-improving-agent,https://x.com/i/status/2090219772860612821,2026-08-19T23:30:02.000Z,en,0,0
self-improving-agent,https://x.com/i/status/2090164135174574532,2026-08-19T19:48:57.000Z,en,0,0
self-improving-agent,https://x.com/i/status/2090160569466921370,2026-08-19T19:34:47.000Z,en,0,0
self-improving-agent,https://x.com/i/status/2090118820870443289,2026-08-19T16:48:54.000Z,en,9,2
self-improving-agent,https://x.com/i/status/2090106331604853152,2026-08-19T15:59:16.000Z,en,4,0
self-improving-agent,https://x.com/i/status/2090068295097647308,2026-08-19T13:28:07.000Z,en,0,0
self-improving-agent,https://x.com/i/status/2090066780840731007,2026-08-19T13:22:06.000Z,en,0,0
self-improving-agent,https://x.com/i/status/2090010627431628988,2026-08-19T09:38:58.000Z,en,0,0
self-improving-agent,https://x.com/i/status/2089620856393642340,2026-08-18T07:50:10.000Z,en,1,0
grill-me,https://x.com/i/status/2092057296532599063,2026-08-25T01:11:42.000Z,en,1,0
grill-me,https://x.com/i/status/2092056267649163699,2026-08-25T01:07:37.000Z,ja,1,0
grill-me,https://x.com/i/status/2092026333865893946,2026-08-24T23:08:40.000Z,en,1,0
grill-me,https://x.com/i/status/2091994041303040298,2026-08-24T21:00:21.000Z,ja,3,0
grill-me,https://x.com/i/status/2091939061673947305,2026-08-24T17:21:53.000Z,en,0,0
grill-me,https://x.com/i/status/2091933620827037982,2026-08-24T17:00:16.000Z,en,0,0
grill-me,https://x.com/i/status/2091929663589191966,2026-08-24T16:44:32.000Z,en,0,0
grill-me,https://x.com/i/status/2091924194070053136,2026-08-24T16:22:48.000Z,en,0,0
grill-me,https://x.com/i/status/2091909174112252219,2026-08-24T15:23:07.000Z,en,0,0
grill-me,https://x.com/i/status/2091872820586545210,2026-08-24T12:58:40.000Z,en,0,0
grill-me,https://x.com/i/status/2091856501929611273,2026-08-24T11:53:49.000Z,zh,1,0
grill-me,https://x.com/i/status/2091840666850439293,2026-08-24T10:50:54.000Z,en,0,0
grill-me,https://x.com/i/status/2091833499850613076,2026-08-24T10:22:25.000Z,zh,0,0
grill-me,https://x.com/i/status/2091813256113324043,2026-08-24T09:01:58.000Z,en,0,0
grill-me,https://x.com/i/status/2091808248445681837,2026-08-24T08:42:05.000Z,en,1,0
grill-me,https://x.com/i/status/2091785236371603955,2026-08-24T07:10:38.000Z,zh,62,4
grill-me,https://x.com/i/status/2091779739342041224,2026-08-24T06:48:47.000Z,en,1,0
grill-me,https://x.com/i/status/2091777019164111057,2026-08-24T06:37:59.000Z,zh,1,0
grill-me,https://x.com/i/status/2091766395185017117,2026-08-24T05:55:46.000Z,in,0,0
grill-me,https://x.com/i/status/2091764751965823402,2026-08-24T05:49:14.000Z,en,37,11
grill-me,https://x.com/i/status/2091759990717476875,2026-08-24T05:30:19.000Z,en,3,0
grill-me,https://x.com/i/status/2091676175206695399,2026-08-23T23:57:16.000Z,en,2,0
grill-me,https://x.com/i/status/2091674670999523369,2026-08-23T23:51:17.000Z,in,0,0
grill-me,https://x.com/i/status/2091645845854638580,2026-08-23T21:56:45.000Z,en,0,0
grill-me,https://x.com/i/status/2091642323973165447,2026-08-23T21:42:45.000Z,zh,28,2
grill-me,https://x.com/i/status/2091638542170567117,2026-08-23T21:27:43.000Z,en,0,0
grill-me,https://x.com/i/status/2091610397203648545,2026-08-23T19:35:53.000Z,en,7,0
grill-me,https://x.com/i/status/2091608827045224789,2026-08-23T19:29:39.000Z,en,0,0
grill-me,https://x.com/i/status/2091605283986645241,2026-08-23T19:15:34.000Z,en,16,2
grill-me,https://x.com/i/status/2091593337736212681,2026-08-23T18:28:06.000Z,en,3,0
grill-me,https://x.com/i/status/2091541969143046309,2026-08-23T15:03:59.000Z,en,4,0
grill-me,https://x.com/i/status/2091540813096350032,2026-08-23T14:59:23.000Z,en,197,18
grill-me,https://x.com/i/status/2091538363576668325,2026-08-23T14:49:39.000Z,en,0,0
grill-me,https://x.com/i/status/2091535038613741970,2026-08-23T14:36:26.000Z,zh,1,0
grill-me,https://x.com/i/status/2091526173150806295,2026-08-23T14:01:13.000Z,en,1,0
grill-me,https://x.com/i/status/2091521819962679599,2026-08-23T13:43:55.000Z,ja,1,0
grill-me,https://x.com/i/status/2091508205926973887,2026-08-23T12:49:49.000Z,de,0,0
grill-me,https://x.com/i/status/2091502520967520518,2026-08-23T12:27:13.000Z,zh,53,6
grill-me,https://x.com/i/status/2091476483751686467,2026-08-23T10:43:46.000Z,en,0,0
grill-me,https://x.com/i/status/2091456417567793333,2026-08-23T09:24:01.000Z,en,0,0
grill-me,https://x.com/i/status/2091455816264245705,2026-08-23T09:21:38.000Z,en,1,0
grill-me,https://x.com/i/status/2091449684606783489,2026-08-23T08:57:16.000Z,en,0,0
grill-me,https://x.com/i/status/2091411687756943783,2026-08-23T06:26:17.000Z,en,4,0
grill-me,https://x.com/i/status/2091400933980913881,2026-08-23T05:43:33.000Z,en,2,0
grill-me,https://x.com/i/status/2091383244155424912,2026-08-23T04:33:16.000Z,zh,4,1
grill-me,https://x.com/i/status/2091353561695404171,2026-08-23T02:35:19.000Z,en,0,0
grill-me,https://x.com/i/status/2091260204830605617,2026-08-22T20:24:21.000Z,en,1,0
grill-me,https://x.com/i/status/2091244087772946878,2026-08-22T19:20:18.000Z,en,2,0
grill-me,https://x.com/i/status/2091239524873490750,2026-08-22T19:02:10.000Z,zxx,2,0
grill-me,https://x.com/i/status/2091212530341621924,2026-08-22T17:14:54.000Z,en,18,0
grill-me,https://x.com/i/status/2091195996495880388,2026-08-22T16:09:12.000Z,en,0,0
grill-me,https://x.com/i/status/2091182006893690983,2026-08-22T15:13:37.000Z,en,0,0
grill-me,https://x.com/i/status/2091181593486336080,2026-08-22T15:11:58.000Z,en,0,0
grill-me,https://x.com/i/status/2091179507331801214,2026-08-22T15:03:41.000Z,en,0,0
grill-me,https://x.com/i/status/2091178939968327905,2026-08-22T15:01:26.000Z,en,62,6
grill-me,https://x.com/i/status/2091161310255857710,2026-08-22T13:51:22.000Z,en,0,0
grill-me,https://x.com/i/status/2091120163235975265,2026-08-22T11:07:52.000Z,en,1,0
grill-me,https://x.com/i/status/2091071953251799385,2026-08-22T07:56:18.000Z,ja,0,0
grill-me,https://x.com/i/status/2091054706202484849,2026-08-22T06:47:46.000Z,en,1,0
grill-me,https://x.com/i/status/2091039129056457105,2026-08-22T05:45:52.000Z,ja,2,0
grill-me,https://x.com/i/status/2091033430737985848,2026-08-22T05:23:14.000Z,zxx,1,0
grill-me,https://x.com/i/status/2091024207081783790,2026-08-22T04:46:34.000Z,ja,2,0
grill-me,https://x.com/i/status/2091012125242384724,2026-08-22T03:58:34.000Z,zh,25,1
grill-me,https://x.com/i/status/2090959128063811931,2026-08-22T00:27:58.000Z,en,0,0
grill-me,https://x.com/i/status/2090955562192158868,2026-08-22T00:13:48.000Z,en,1,0
grill-me,https://x.com/i/status/2090903222604951638,2026-08-21T20:45:50.000Z,en,3,0
grill-me,https://x.com/i/status/2090902702406397997,2026-08-21T20:43:46.000Z,en,162,10
grill-me,https://x.com/i/status/2090890009326895188,2026-08-21T19:53:19.000Z,en,1,0
grill-me,https://x.com/i/status/2090868359860785394,2026-08-21T18:27:18.000Z,en,1,0
grill-me,https://x.com/i/status/2090866283554263123,2026-08-21T18:19:03.000Z,en,0,0
grill-me,https://x.com/i/status/2090862671885185504,2026-08-21T18:04:41.000Z,zxx,75,4
grill-me,https://x.com/i/status/2090842074375717030,2026-08-21T16:42:51.000Z,ja,44,2
grill-me,https://x.com/i/status/2090828510743171118,2026-08-21T15:48:57.000Z,en,0,0
grill-me,https://x.com/i/status/2090816738971549711,2026-08-21T15:02:10.000Z,zxx,31,2
grill-me,https://x.com/i/status/2090811172865921238,2026-08-21T14:40:03.000Z,en,0,0
grill-me,https://x.com/i/status/2090799097133633595,2026-08-21T13:52:04.000Z,en,16,2
grill-me,https://x.com/i/status/2090772005058470037,2026-08-21T12:04:25.000Z,en,1,0
grill-me,https://x.com/i/status/2090764225002037347,2026-08-21T11:33:30.000Z,en,1,0
grill-me,https://x.com/i/status/2090746940187406417,2026-08-21T10:24:49.000Z,ja,1,0
grill-me,https://x.com/i/status/2090726395035156964,2026-08-21T09:03:11.000Z,zxx,979,182
grill-me,https://x.com/i/status/2090708957962891726,2026-08-21T07:53:53.000Z,en,0,0
grill-me,https://x.com/i/status/2090699262971756873,2026-08-21T07:15:22.000Z,en,0,0
grill-me,https://x.com/i/status/2090689104413401146,2026-08-21T06:35:00.000Z,zh,0,0
grill-me,https://x.com/i/status/2090685395277144281,2026-08-21T06:20:15.000Z,en,1,0
grill-me,https://x.com/i/status/2090650152457355454,2026-08-21T04:00:13.000Z,en,0,0
grill-me,https://x.com/i/status/2090644516214657307,2026-08-21T03:37:49.000Z,en,1,0
grill-me,https://x.com/i/status/2090630807618826685,2026-08-21T02:43:21.000Z,ja,0,0
grill-me,https://x.com/i/status/2090622189460430963,2026-08-21T02:09:06.000Z,en,2,0
grill-me,https://x.com/i/status/2090601527232647370,2026-08-21T00:47:00.000Z,zh,1,0
grill-me,https://x.com/i/status/2090598305894109627,2026-08-21T00:34:12.000Z,en,26,4
grill-me,https://x.com/i/status/2090594439219785937,2026-08-21T00:18:50.000Z,zxx,39,4
grill-me,https://x.com/i/status/2090563874491940986,2026-08-20T22:17:23.000Z,en,0,0
grill-me,https://x.com/i/status/2090563255957918028,2026-08-20T22:14:55.000Z,en,27,1
grill-me,https://x.com/i/status/2090545830147072404,2026-08-20T21:05:41.000Z,en,0,0
grill-me,https://x.com/i/status/2090542154016043127,2026-08-20T20:51:04.000Z,en,0,0
grill-me,https://x.com/i/status/2090514435219591561,2026-08-20T19:00:55.000Z,en,4,0
grill-me,https://x.com/i/status/2090490043798626668,2026-08-20T17:24:00.000Z,ja,0,0
grill-me,https://x.com/i/status/2090465319630307695,2026-08-20T15:45:45.000Z,en,0,0
grill-me,https://x.com/i/status/2090449907710582940,2026-08-20T14:44:31.000Z,en,5,1
grill-me,https://x.com/i/status/2090446876432904646,2026-08-20T14:32:28.000Z,zh,0,1
skill-vetter,https://x.com/i/status/2090018587331477937,2026-08-19T10:10:36.000Z,ja,14,2
skill-vetter,https://x.com/i/status/2090017804343001120,2026-08-19T10:07:29.000Z,zxx,8,1
grill-with-docs,https://x.com/i/status/2091833499850613076,2026-08-24T10:22:25.000Z,zh,0,0
grill-with-docs,https://x.com/i/status/2091434459220398476,2026-08-23T07:56:46.000Z,zxx,0,0
grill-with-docs,https://x.com/i/status/2091161310255857710,2026-08-22T13:51:22.000Z,en,0,0
grill-with-docs,https://x.com/i/status/2091044566992597114,2026-08-22T06:07:29.000Z,zh,0,0
grill-with-docs,https://x.com/i/status/2091033430737985848,2026-08-22T05:23:14.000Z,zxx,1,0
grill-with-docs,https://x.com/i/status/2091024207081783790,2026-08-22T04:46:34.000Z,ja,2,0
grill-with-docs,https://x.com/i/status/2090766275857248341,2026-08-21T11:41:39.000Z,en,0,0
grill-with-docs,https://x.com/i/status/2090651036080123987,2026-08-21T04:03:44.000Z,en,1,0
grill-with-docs,https://x.com/i/status/2090601527232647370,2026-08-21T00:47:00.000Z,zh,1,0
grill-with-docs,https://x.com/i/status/2090469996720009444,2026-08-20T16:04:20.000Z,en,1,0
grill-with-docs,https://x.com/i/status/2090446876432904646,2026-08-20T14:32:28.000Z,zh,0,1
grill-with-docs,https://x.com/i/status/2090427798674346197,2026-08-20T13:16:40.000Z,en,0,0
grill-with-docs,https://x.com/i/status/2090406896993767646,2026-08-20T11:53:36.000Z,en,0,0
grill-with-docs,https://x.com/i/status/2090382958113009796,2026-08-20T10:18:29.000Z,en,5,1
grill-with-docs,https://x.com/i/status/2090287247740338581,2026-08-20T03:58:10.000Z,en,0,0
grill-with-docs,https://x.com/i/status/2090258298574676136,2026-08-20T02:03:08.000Z,zh,7,2
grill-with-docs,https://x.com/i/status/2090204664109142343,2026-08-19T22:30:00.000Z,zh,1,0
grill-with-docs,https://x.com/i/status/2090129770420052343,2026-08-19T17:32:24.000Z,en,2,0
grill-with-docs,https://x.com/i/status/2090090489064075563,2026-08-19T14:56:19.000Z,en,1,0
grill-with-docs,https://x.com/i/status/2089959014008266778,2026-08-19T06:13:53.000Z,en,0,0
grill-with-docs,https://x.com/i/status/2089701724281778525,2026-08-18T13:11:30.000Z,en,0,0
self-improving,https://x.com/i/status/2092076999745614077,2026-08-25T02:30:00.000Z,en,2,0
self-improving,https://x.com/i/status/2092063913949253748,2026-08-25T01:38:00.000Z,en,1,0
self-improving,https://x.com/i/status/2092035355289784516,2026-08-24T23:44:31.000Z,zh,0,0
self-improving,https://x.com/i/status/2092032702937477379,2026-08-24T23:33:59.000Z,en,4,0
self-improving,https://x.com/i/status/2092028697574293774,2026-08-24T23:18:04.000Z,en,1,0
self-improving,https://x.com/i/status/2091992218232140280,2026-08-24T20:53:06.000Z,zxx,6,3
self-improving,https://x.com/i/status/2091956160425496664,2026-08-24T18:29:49.000Z,en,1,0
self-improving,https://x.com/i/status/2091951856930947569,2026-08-24T18:12:43.000Z,en,77,3
self-improving,https://x.com/i/status/2091950944363872677,2026-08-24T18:09:06.000Z,en,26,8
self-improving,https://x.com/i/status/2091938461125120197,2026-08-24T17:19:30.000Z,en,0,0
self-improving,https://x.com/i/status/2091933439989629230,2026-08-24T16:59:32.000Z,en,0,0
self-improving,https://x.com/i/status/2091929113686946172,2026-08-24T16:42:21.000Z,en,3,0
self-improving,https://x.com/i/status/2091920173640847600,2026-08-24T16:06:50.000Z,en,2,0
self-improving,https://x.com/i/status/2091918456559964344,2026-08-24T16:00:00.000Z,en,5,0
self-improving,https://x.com/i/status/2091915697282568346,2026-08-24T15:49:02.000Z,en,34,4
self-improving,https://x.com/i/status/2091912404930052294,2026-08-24T15:35:57.000Z,en,0,0
self-improving,https://x.com/i/status/2091907294179054066,2026-08-24T15:15:39.000Z,en,72,7
self-improving,https://x.com/i/status/2091900929905750056,2026-08-24T14:50:21.000Z,en,5,0
self-improving,https://x.com/i/status/2091900220531507615,2026-08-24T14:47:32.000Z,en,31,2
self-improving,https://x.com/i/status/2091894662701383935,2026-08-24T14:25:27.000Z,en,68,17
self-improving,https://x.com/i/status/2091887228574433428,2026-08-24T13:55:55.000Z,en,0,0
self-improving,https://x.com/i/status/2091844731495927818,2026-08-24T11:07:03.000Z,en,0,0
self-improving,https://x.com/i/status/2091841872821932376,2026-08-24T10:55:41.000Z,ja,1,0
self-improving,https://x.com/i/status/2091832371779637255,2026-08-24T10:17:56.000Z,en,0,0
self-improving,https://x.com/i/status/2091821187701883195,2026-08-24T09:33:29.000Z,en,0,0
self-improving,https://x.com/i/status/2091819921546019065,2026-08-24T09:28:28.000Z,en,0,0
self-improving,https://x.com/i/status/2091819440446800157,2026-08-24T09:26:33.000Z,en,1,0
self-improving,https://x.com/i/status/2091815496479920387,2026-08-24T09:10:53.000Z,en,0,0
self-improving,https://x.com/i/status/2091804369629139430,2026-08-24T08:26:40.000Z,en,0,0
self-improving,https://x.com/i/status/2091803188337000827,2026-08-24T08:21:58.000Z,zh,0,0
self-improving,https://x.com/i/status/2091788405210259554,2026-08-24T07:23:14.000Z,en,0,1
self-improving,https://x.com/i/status/2091784911988609082,2026-08-24T07:09:21.000Z,en,1,0
self-improving,https://x.com/i/status/2091780424376684691,2026-08-24T06:51:31.000Z,zh,800,149
self-improving,https://x.com/i/status/2091754595961757898,2026-08-24T05:08:53.000Z,en,2,0
self-improving,https://x.com/i/status/2091728192856015130,2026-08-24T03:23:58.000Z,en,1,0
self-improving,https://x.com/i/status/2091722021319090210,2026-08-24T02:59:26.000Z,en,1,0
self-improving,https://x.com/i/status/2091718452327379285,2026-08-24T02:45:15.000Z,en,226,62
self-improving,https://x.com/i/status/2091715046271525229,2026-08-24T02:31:43.000Z,en,8,1
self-improving,https://x.com/i/status/2091695831334228192,2026-08-24T01:15:22.000Z,en,0,0
self-improving,https://x.com/i/status/2091683634403328046,2026-08-24T00:26:54.000Z,en,0,0
self-improving,https://x.com/i/status/2091675054857990633,2026-08-23T23:52:49.000Z,en,1,0
self-improving,https://x.com/i/status/2091671663431565490,2026-08-23T23:39:20.000Z,en,0,0
self-improving,https://x.com/i/status/2091630732359954463,2026-08-23T20:56:41.000Z,en,1,0
self-improving,https://x.com/i/status/2091619965736452411,2026-08-23T20:13:54.000Z,en,213,24
self-improving,https://x.com/i/status/2091616466928066812,2026-08-23T20:00:00.000Z,en,0,0
self-improving,https://x.com/i/status/2091598410004807810,2026-08-23T18:48:15.000Z,en,4,0
self-improving,https://x.com/i/status/2091584172221702180,2026-08-23T17:51:41.000Z,en,3,0
self-improving,https://x.com/i/status/2091573735375454343,2026-08-23T17:10:12.000Z,en,0,0
self-improving,https://x.com/i/status/2091558371346305075,2026-08-23T16:09:09.000Z,en,0,0
self-improving,https://x.com/i/status/2091553924725502324,2026-08-23T15:51:29.000Z,zxx,135,16
self-improving,https://x.com/i/status/2091550121947529686,2026-08-23T15:36:22.000Z,en,2,0
self-improving,https://x.com/i/status/2091548015001469167,2026-08-23T15:28:00.000Z,zxx,55,2
self-improving,https://x.com/i/status/2091544381048119515,2026-08-23T15:13:34.000Z,en,3,1
self-improving,https://x.com/i/status/2091541283286233261,2026-08-23T15:01:15.000Z,en,2,0
self-improving,https://x.com/i/status/2091536268236615815,2026-08-23T14:41:19.000Z,zxx,12,1
self-improving,https://x.com/i/status/2091536056176783784,2026-08-23T14:40:29.000Z,en,17,1
self-improving,https://x.com/i/status/2091527845138817367,2026-08-23T14:07:51.000Z,en,3,1
self-improving,https://x.com/i/status/2091520454993354984,2026-08-23T13:38:29.000Z,en,16,0
self-improving,https://x.com/i/status/2091518613861826677,2026-08-23T13:31:10.000Z,en,310,40
self-improving,https://x.com/i/status/2091505476454281264,2026-08-23T12:38:58.000Z,en,56,8
self-improving,https://x.com/i/status/2091503219952529595,2026-08-23T12:30:00.000Z,en,4,0
self-improving,https://x.com/i/status/2091492667264045083,2026-08-23T11:48:04.000Z,en,0,0
self-improving,https://x.com/i/status/2091490230754738284,2026-08-23T11:38:23.000Z,zxx,0,0
self-improving,https://x.com/i/status/2091486333550334076,2026-08-23T11:22:54.000Z,in,0,0
self-improving,https://x.com/i/status/2091485503644131720,2026-08-23T11:19:36.000Z,en,18,5
self-improving,https://x.com/i/status/2091473446819807677,2026-08-23T10:31:42.000Z,en,6,0
self-improving,https://x.com/i/status/2091463251565449434,2026-08-23T09:51:11.000Z,en,2,0
self-improving,https://x.com/i/status/2091389294007202220,2026-08-23T04:57:18.000Z,en,203,16
self-improving,https://x.com/i/status/2091383294067654874,2026-08-23T04:33:27.000Z,en,365,92
self-improving,https://x.com/i/status/2091377947139809373,2026-08-23T04:12:13.000Z,en,0,0
self-improving,https://x.com/i/status/2091377641274429782,2026-08-23T04:11:00.000Z,zh,106,20
self-improving,https://x.com/i/status/2091365785088471126,2026-08-23T03:23:53.000Z,zxx,2,0
self-improving,https://x.com/i/status/2091331143761326503,2026-08-23T01:06:14.000Z,en,46,5
self-improving,https://x.com/i/status/2091329986431185061,2026-08-23T01:01:38.000Z,en,0,0
self-improving,https://x.com/i/status/2091321923875823954,2026-08-23T00:29:36.000Z,en,19,7
self-improving,https://x.com/i/status/2091318768140234899,2026-08-23T00:17:03.000Z,en,0,0
self-improving,https://x.com/i/status/2091283942003343645,2026-08-22T21:58:40.000Z,en,60,1
self-improving,https://x.com/i/status/2091268623591411946,2026-08-22T20:57:48.000Z,en,69,7
self-improving,https://x.com/i/status/2091261756773675471,2026-08-22T20:30:31.000Z,en,0,0
self-improving,https://x.com/i/status/2091241379720511570,2026-08-22T19:09:32.000Z,zxx,15,1
self-improving,https://x.com/i/status/2091208971193286942,2026-08-22T17:00:46.000Z,en,21,0
self-improving,https://x.com/i/status/2091199814948278381,2026-08-22T16:24:23.000Z,en,4,0
self-improving,https://x.com/i/status/2091193694468649274,2026-08-22T16:00:03.000Z,en,5,0
self-improving,https://x.com/i/status/2091193681764045000,2026-08-22T16:00:00.000Z,en,219,40
self-improving,https://x.com/i/status/2091186294143811961,2026-08-22T15:30:39.000Z,en,1,0
self-improving,https://x.com/i/status/2091183854723981449,2026-08-22T15:20:57.000Z,en,4,0
self-improving,https://x.com/i/status/2091183797274554765,2026-08-22T15:20:44.000Z,en,10,1
self-improving,https://x.com/i/status/2091182235822981149,2026-08-22T15:14:31.000Z,en,2,0
self-improving,https://x.com/i/status/2091170236158599629,2026-08-22T14:26:51.000Z,en,0,0
self-improving,https://x.com/i/status/2091165517398647134,2026-08-22T14:08:05.000Z,en,11,1
self-improving,https://x.com/i/status/2091156096006156441,2026-08-22T13:30:39.000Z,en,21,1
self-improving,https://x.com/i/status/2091141238724465024,2026-08-22T12:31:37.000Z,en,1,0
self-improving,https://x.com/i/status/2091140902920057152,2026-08-22T12:30:17.000Z,en,1,0
self-improving,https://x.com/i/status/2091140401017348182,2026-08-22T12:28:17.000Z,en,0,0
self-improving,https://x.com/i/status/2091124409486688344,2026-08-22T11:24:45.000Z,en,2,0
self-improving,https://x.com/i/status/2091094525922160977,2026-08-22T09:26:00.000Z,en,0,0
self-improving,https://x.com/i/status/2091082765961990188,2026-08-22T08:39:16.000Z,zxx,0,0
self-improving,https://x.com/i/status/2091081255760601209,2026-08-22T08:33:16.000Z,en,1,0
self-improving,https://x.com/i/status/2091078818157228106,2026-08-22T08:23:35.000Z,en,23,0
self-improving,https://x.com/i/status/2091077554769711389,2026-08-22T08:18:34.000Z,en,1,0
frontend-design,https://x.com/i/status/2092044292105601231,2026-08-25T00:20:02.000Z,en,2,0
frontend-design,https://x.com/i/status/2092027653482299455,2026-08-24T23:13:55.000Z,en,24,1
frontend-design,https://x.com/i/status/2092007739937435926,2026-08-24T21:54:47.000Z,en,0,0
frontend-design,https://x.com/i/status/2091925493016592457,2026-08-24T16:27:58.000Z,en,35,0
frontend-design,https://x.com/i/status/2091900124599345559,2026-08-24T14:47:09.000Z,en,67,4
frontend-design,https://x.com/i/status/2091889196453519873,2026-08-24T14:03:44.000Z,en,0,0
frontend-design,https://x.com/i/status/2091875414398717990,2026-08-24T13:08:58.000Z,en,1,0
frontend-design,https://x.com/i/status/2091865968582476213,2026-08-24T12:31:26.000Z,en,22,0
frontend-design,https://x.com/i/status/2091862336130662733,2026-08-24T12:17:00.000Z,en,120,0
frontend-design,https://x.com/i/status/2091860321963012190,2026-08-24T12:09:00.000Z,zh,0,0
frontend-design,https://x.com/i/status/2091853451181592918,2026-08-24T11:41:42.000Z,zxx,0,0
frontend-design,https://x.com/i/status/2091840989677961292,2026-08-24T10:52:11.000Z,zxx,0,0
frontend-design,https://x.com/i/status/2091833499850613076,2026-08-24T10:22:25.000Z,zh,0,0
frontend-design,https://x.com/i/status/2091702081971486837,2026-08-24T01:40:12.000Z,ja,0,0
frontend-design,https://x.com/i/status/2091671145691132174,2026-08-23T23:37:17.000Z,zxx,1,0
frontend-design,https://x.com/i/status/2091670832259223859,2026-08-23T23:36:02.000Z,ja,0,0
frontend-design,https://x.com/i/status/2091659598973546872,2026-08-23T22:51:24.000Z,ja,0,0
frontend-design,https://x.com/i/status/2091597585387491402,2026-08-23T18:44:59.000Z,en,0,0
frontend-design,https://x.com/i/status/2091591299178562023,2026-08-23T18:20:00.000Z,en,40,4
frontend-design,https://x.com/i/status/2091578073431081019,2026-08-23T17:27:27.000Z,en,2,0
frontend-design,https://x.com/i/status/2091575707642069374,2026-08-23T17:18:02.000Z,zxx,5,0
frontend-design,https://x.com/i/status/2091535101171491113,2026-08-23T14:36:41.000Z,pt,2,1
frontend-design,https://x.com/i/status/2091523345762193613,2026-08-23T13:49:58.000Z,en,39,3
frontend-design,https://x.com/i/status/2091520803179561364,2026-08-23T13:39:52.000Z,en,9,1
frontend-design,https://x.com/i/status/2091463239678706147,2026-08-23T09:51:08.000Z,en,0,0
frontend-design,https://x.com/i/status/2091346065815736497,2026-08-23T02:05:32.000Z,zxx,40,1
frontend-design,https://x.com/i/status/2091239797805228212,2026-08-22T19:03:15.000Z,zxx,0,0
frontend-design,https://x.com/i/status/2091187192106471874,2026-08-22T15:34:13.000Z,ja,101,8
frontend-design,https://x.com/i/status/2091185213959196686,2026-08-22T15:26:22.000Z,en,26,5
frontend-design,https://x.com/i/status/2091142373573018054,2026-08-22T12:36:08.000Z,en,1,0
frontend-design,https://x.com/i/status/2090988029737361563,2026-08-22T02:22:49.000Z,zxx,2,0
frontend-design,https://x.com/i/status/2090790300323402225,2026-08-21T13:17:07.000Z,en,0,0
frontend-design,https://x.com/i/status/2090765270390292928,2026-08-21T11:37:39.000Z,en,3,0
frontend-design,https://x.com/i/status/2090644876010635319,2026-08-21T03:39:15.000Z,en,80,3
frontend-design,https://x.com/i/status/2090642518409199967,2026-08-21T03:29:53.000Z,zh,0,0
frontend-design,https://x.com/i/status/2090629713500745899,2026-08-21T02:39:00.000Z,zh,33,11
frontend-design,https://x.com/i/status/2090594439219785937,2026-08-21T00:18:50.000Z,zxx,39,4
frontend-design,https://x.com/i/status/2090547264385163441,2026-08-20T21:11:22.000Z,en,2,0
frontend-design,https://x.com/i/status/2090497592622731566,2026-08-20T17:54:00.000Z,en,14,2
frontend-design,https://x.com/i/status/2090399638222500024,2026-08-20T11:24:46.000Z,en,0,0
frontend-design,https://x.com/i/status/2090388691764269503,2026-08-20T10:41:16.000Z,en,0,0
frontend-design,https://x.com/i/status/2090308844799107474,2026-08-20T05:23:59.000Z,zh,0,0
frontend-design,https://x.com/i/status/2090269372703224193,2026-08-20T02:47:08.000Z,zh,0,0
frontend-design,https://x.com/i/status/2090269363387715798,2026-08-20T02:47:06.000Z,zh,0,0
frontend-design,https://x.com/i/status/2090267160019091653,2026-08-20T02:38:20.000Z,en,1,0
frontend-design,https://x.com/i/status/2090212215773118539,2026-08-19T23:00:01.000Z,ja,4,0
frontend-design,https://x.com/i/status/2090159365039042618,2026-08-19T19:30:00.000Z,en,10,2
frontend-design,https://x.com/i/status/2090038711153008907,2026-08-19T11:30:34.000Z,en,6,0
frontend-design,https://x.com/i/status/2090038699895501268,2026-08-19T11:30:31.000Z,es,11,0
frontend-design,https://x.com/i/status/2090017575115674083,2026-08-19T10:06:35.000Z,en,1,0
frontend-design,https://x.com/i/status/2090007129436639625,2026-08-19T09:25:04.000Z,ja,1,0
frontend-design,https://x.com/i/status/2089864936763908136,2026-08-19T00:00:03.000Z,ja,131,18
frontend-design,https://x.com/i/status/2089788867062767954,2026-08-18T18:57:46.000Z,en,0,0
frontend-design,https://x.com/i/status/2089771146912674200,2026-08-18T17:47:22.000Z,en,17,7
frontend-design,https://x.com/i/status/2089721360394170589,2026-08-18T14:29:32.000Z,en,1,0
frontend-design,https://x.com/i/status/2089705303357198353,2026-08-18T13:25:43.000Z,zxx,4,0
frontend-design,https://x.com/i/status/2089692941040377882,2026-08-18T12:36:36.000Z,zh,381,38
frontend-design,https://x.com/i/status/2089679089560883216,2026-08-18T11:41:33.000Z,en,2,0
frontend-design,https://x.com/i/status/2089676367139090596,2026-08-18T11:30:44.000Z,en,1,0
frontend-design,https://x.com/i/status/2089655572064858267,2026-08-18T10:08:06.000Z,en,0,0
frontend-design,https://x.com/i/status/2089652633606750381,2026-08-18T09:56:26.000Z,en,1,0
frontend-design,https://x.com/i/status/2089649020524220580,2026-08-18T09:42:04.000Z,zxx,4,0
frontend-design,https://x.com/i/status/2089634670732550617,2026-08-18T08:45:03.000Z,en,14,0
frontend-design,https://x.com/i/status/2089608308793434236,2026-08-18T07:00:18.000Z,en,2,0
frontend-design,https://x.com/i/status/2089592378042855466,2026-08-18T05:57:00.000Z,en,2,1
frontend-design,https://x.com/i/status/2089566908203049194,2026-08-18T04:15:47.000Z,en,10,2
ontology,https://x.com/i/status/2092030269733876016,2026-08-24T23:24:19.000Z,zxx,19,2
ontology,https://x.com/i/status/2092023380157313307,2026-08-24T22:56:56.000Z,en,0,1
ontology,https://x.com/i/status/2091958893815681438,2026-08-24T18:40:41.000Z,zxx,0,0
ontology,https://x.com/i/status/2091951943929536667,2026-08-24T18:13:04.000Z,en,0,0
ontology,https://x.com/i/status/2091925224329470156,2026-08-24T16:26:54.000Z,zxx,1,1
ontology,https://x.com/i/status/2091918139701473308,2026-08-24T15:58:45.000Z,en,1,1
ontology,https://x.com/i/status/2091882898152394862,2026-08-24T13:38:42.000Z,en,0,0
ontology,https://x.com/i/status/2091851013841981807,2026-08-24T11:32:01.000Z,en,0,0
ontology,https://x.com/i/status/2091844758457254047,2026-08-24T11:07:09.000Z,zxx,9,5
ontology,https://x.com/i/status/2091841889372635517,2026-08-24T10:55:45.000Z,zxx,1,1
ontology,https://x.com/i/status/2091828827336929504,2026-08-24T10:03:51.000Z,en,1,0
ontology,https://x.com/i/status/2091828534918434860,2026-08-24T10:02:41.000Z,zxx,0,0
ontology,https://x.com/i/status/2091775958227587486,2026-08-24T06:33:46.000Z,zh,2,0
ontology,https://x.com/i/status/2091767931550261728,2026-08-24T06:01:52.000Z,en,2,1
ontology,https://x.com/i/status/2091755165468840349,2026-08-24T05:11:09.000Z,ja,9,4
ontology,https://x.com/i/status/2091740169888321637,2026-08-24T04:11:33.000Z,en,0,0
ontology,https://x.com/i/status/2091737498422501677,2026-08-24T04:00:56.000Z,en,2,0
ontology,https://x.com/i/status/2091734552574300342,2026-08-24T03:49:14.000Z,zh,0,0
ontology,https://x.com/i/status/2091716781270249701,2026-08-24T02:38:37.000Z,en,1,0
ontology,https://x.com/i/status/2091689206410277333,2026-08-24T00:49:03.000Z,en,0,0
ontology,https://x.com/i/status/2091683344241344591,2026-08-24T00:25:45.000Z,en,0,0
ontology,https://x.com/i/status/2091675568345604294,2026-08-23T23:54:51.000Z,en,1,0
ontology,https://x.com/i/status/2091670163179606071,2026-08-23T23:33:22.000Z,en,54,2
ontology,https://x.com/i/status/2091624630356254842,2026-08-23T20:32:27.000Z,ar,13,1
ontology,https://x.com/i/status/2091606079461261653,2026-08-23T19:18:44.000Z,zxx,0,0
ontology,https://x.com/i/status/2091589362693636324,2026-08-23T18:12:18.000Z,en,3,0
ontology,https://x.com/i/status/2091566890510602276,2026-08-23T16:43:00.000Z,en,0,0
ontology,https://x.com/i/status/2091517123168538981,2026-08-23T13:25:15.000Z,zxx,1,0
ontology,https://x.com/i/status/2091421179089178952,2026-08-23T07:04:00.000Z,en,327,208
ontology,https://x.com/i/status/2091391691043537313,2026-08-23T05:06:49.000Z,zh,36,4
ontology,https://x.com/i/status/2091353230705906054,2026-08-23T02:34:00.000Z,en,4,0
ontology,https://x.com/i/status/2091326204179784141,2026-08-23T00:46:36.000Z,en,0,0
ontology,https://x.com/i/status/2091315994903887963,2026-08-23T00:06:02.000Z,en,1,0
ontology,https://x.com/i/status/2091288632275689794,2026-08-22T22:17:18.000Z,en,1,0
ontology,https://x.com/i/status/2091273637609521580,2026-08-22T21:17:43.000Z,en,0,0
ontology,https://x.com/i/status/2091262563644567947,2026-08-22T20:33:43.000Z,zxx,0,0
ontology,https://x.com/i/status/2091236572117262746,2026-08-22T18:50:26.000Z,en,8,0
ontology,https://x.com/i/status/2091182375568904394,2026-08-22T15:15:05.000Z,en,3,1
ontology,https://x.com/i/status/2091159998139412818,2026-08-22T13:46:10.000Z,ja,0,0
ontology,https://x.com/i/status/2091139896509423782,2026-08-22T12:26:17.000Z,en,0,0
ontology,https://x.com/i/status/2091039365212328212,2026-08-22T05:46:48.000Z,en,1,1
ontology,https://x.com/i/status/2091034908411990394,2026-08-22T05:29:06.000Z,en,0,0
ontology,https://x.com/i/status/2091003201483129166,2026-08-22T03:23:06.000Z,zxx,1,0
ontology,https://x.com/i/status/2090996958114582728,2026-08-22T02:58:18.000Z,zxx,3,1
ontology,https://x.com/i/status/2090972222525497803,2026-08-22T01:20:00.000Z,en,0,0
ontology,https://x.com/i/status/2090957189984989681,2026-08-22T00:20:16.000Z,en,7,2
ontology,https://x.com/i/status/2090910475081171311,2026-08-21T21:14:39.000Z,en,3,0
ontology,https://x.com/i/status/2090907862969000113,2026-08-21T21:04:16.000Z,en,0,0
ontology,https://x.com/i/status/2090902627064377492,2026-08-21T20:43:28.000Z,en,0,0
ontology,https://x.com/i/status/2090893317395652771,2026-08-21T20:06:28.000Z,en,329,16
ontology,https://x.com/i/status/2090863957917696333,2026-08-21T18:09:48.000Z,en,0,0
ontology,https://x.com/i/status/2090858045643358233,2026-08-21T17:46:19.000Z,zxx,2,2
ontology,https://x.com/i/status/2090847029618434551,2026-08-21T17:02:32.000Z,en,0,0
ontology,https://x.com/i/status/2090845766000533535,2026-08-21T16:57:31.000Z,en,0,0
ontology,https://x.com/i/status/2090845635142656009,2026-08-21T16:57:00.000Z,en,49,4
ontology,https://x.com/i/status/2090844640006029541,2026-08-21T16:53:02.000Z,zxx,12,3
ontology,https://x.com/i/status/2090824532181631024,2026-08-21T15:33:08.000Z,zh,0,0
ontology,https://x.com/i/status/2090801279345807380,2026-08-21T14:00:44.000Z,en,1,0
ontology,https://x.com/i/status/2090793141729169506,2026-08-21T13:28:24.000Z,en,6,0
ontology,https://x.com/i/status/2090792951509360795,2026-08-21T13:27:39.000Z,zh,1,0
ontology,https://x.com/i/status/2090790970782527492,2026-08-21T13:19:47.000Z,en,0,0
ontology,https://x.com/i/status/2090781132736676015,2026-08-21T12:40:41.000Z,en,34,8
ontology,https://x.com/i/status/2090746015624155174,2026-08-21T10:21:08.000Z,en,8,4
ontology,https://x.com/i/status/2090744284324544666,2026-08-21T10:14:16.000Z,en,10,1
ontology,https://x.com/i/status/2090715097681256643,2026-08-21T08:18:17.000Z,en,22,4
ontology,https://x.com/i/status/2090708008925893015,2026-08-21T07:50:07.000Z,zh,3,0
ontology,https://x.com/i/status/2090701838748102880,2026-08-21T07:25:36.000Z,en,3,0
ontology,https://x.com/i/status/2090661064379597056,2026-08-21T04:43:35.000Z,en,2,0
ontology,https://x.com/i/status/2090627972407685592,2026-08-21T02:32:05.000Z,en,3,4
ontology,https://x.com/i/status/2090594554299007342,2026-08-21T00:19:17.000Z,zxx,1,0
ontology,https://x.com/i/status/2090574860174979324,2026-08-20T23:01:02.000Z,en,1,0
ontology,https://x.com/i/status/2090555385014841718,2026-08-20T21:43:39.000Z,en,0,0
ontology,https://x.com/i/status/2090541600870994392,2026-08-20T20:48:52.000Z,en,1,0
ontology,https://x.com/i/status/2090538153396281709,2026-08-20T20:35:10.000Z,en,1,0
ontology,https://x.com/i/status/2090487869450129798,2026-08-20T17:15:22.000Z,en,0,0
ontology,https://x.com/i/status/2090454718212341969,2026-08-20T15:03:38.000Z,en,0,0
ontology,https://x.com/i/status/2090444904149536772,2026-08-20T14:24:38.000Z,en,0,0
ontology,https://x.com/i/status/2090384378232742205,2026-08-20T10:24:07.000Z,en,26,3
ontology,https://x.com/i/status/2090347734335152410,2026-08-20T07:58:31.000Z,en,36,6
ontology,https://x.com/i/status/2090340547021898102,2026-08-20T07:29:57.000Z,zxx,1,1
ontology,https://x.com/i/status/2090331025700167787,2026-08-20T06:52:07.000Z,zxx,0,0
ontology,https://x.com/i/status/2090328315320221700,2026-08-20T06:41:21.000Z,en,0,0
ontology,https://x.com/i/status/2090321564441186747,2026-08-20T06:14:31.000Z,en,3,3
ontology,https://x.com/i/status/2090309951097057386,2026-08-20T05:28:23.000Z,en,0,0
ontology,https://x.com/i/status/2090291245117489570,2026-08-20T04:14:03.000Z,en,3,2
ontology,https://x.com/i/status/2090268914014175699,2026-08-20T02:45:19.000Z,en,0,0
ontology,https://x.com/i/status/2090268894854631828,2026-08-20T02:45:14.000Z,ja,5,0
ontology,https://x.com/i/status/2090257524822044797,2026-08-20T02:00:03.000Z,en,0,0
ontology,https://x.com/i/status/2090236743114969217,2026-08-20T00:37:28.000Z,en,38,2
ontology,https://x.com/i/status/2090201944124191009,2026-08-19T22:19:12.000Z,en,8,0
ontology,https://x.com/i/status/2090150122571382894,2026-08-19T18:53:16.000Z,en,0,0
ontology,https://x.com/i/status/2090116624330510778,2026-08-19T16:40:10.000Z,en,0,0
ontology,https://x.com/i/status/2090093809631957246,2026-08-19T15:09:30.000Z,en,0,0
ontology,https://x.com/i/status/2090070073935274193,2026-08-19T13:35:11.000Z,en,13,4
ontology,https://x.com/i/status/2090069620363239507,2026-08-19T13:33:23.000Z,en,5,0
ontology,https://x.com/i/status/2090063008932278275,2026-08-19T13:07:07.000Z,en,0,0
ontology,https://x.com/i/status/2090044156966027607,2026-08-19T11:52:12.000Z,en,1,0
ontology,https://x.com/i/status/2090026524258992369,2026-08-19T10:42:08.000Z,zxx,10,0
ontology,https://x.com/i/status/2090017804343001120,2026-08-19T10:07:29.000Z,zxx,8,1
ontology,https://x.com/i/status/2089934094461534370,2026-08-19T04:34:51.000Z,zh,0,0
improve-codebase-architecture,https://x.com/i/status/2091950919114178879,2026-08-24T18:09:00.000Z,en,2,0
improve-codebase-architecture,https://x.com/i/status/2091861696658776220,2026-08-24T12:14:28.000Z,fr,1,0
improve-codebase-architecture,https://x.com/i/status/2091442379064586721,2026-08-23T08:28:14.000Z,en,2,0
improve-codebase-architecture,https://x.com/i/status/2091421376976724477,2026-08-23T07:04:47.000Z,en,2,0
improve-codebase-architecture,https://x.com/i/status/2091410919905755473,2026-08-23T06:23:14.000Z,en,1,0
improve-codebase-architecture,https://x.com/i/status/2091024207081783790,2026-08-22T04:46:34.000Z,ja,2,0
improve-codebase-architecture,https://x.com/i/status/2090828510743171118,2026-08-21T15:48:57.000Z,en,0,0
improve-codebase-architecture,https://x.com/i/status/2090689104413401146,2026-08-21T06:35:00.000Z,zh,0,0
improve-codebase-architecture,https://x.com/i/status/2090601527232647370,2026-08-21T00:47:00.000Z,zh,1,0
improve-codebase-architecture,https://x.com/i/status/2090546504465281444,2026-08-20T21:08:21.000Z,en,3,0
improve-codebase-architecture,https://x.com/i/status/2090469996720009444,2026-08-20T16:04:20.000Z,en,1,0
improve-codebase-architecture,https://x.com/i/status/2090204664109142343,2026-08-19T22:30:00.000Z,zh,1,0
improve-codebase-architecture,https://x.com/i/status/2089776819557875776,2026-08-18T18:09:54.000Z,en,0,0
github,https://x.com/i/status/2092080453398474952,2026-08-25T02:43:43.000Z,zxx,0,0
github,https://x.com/i/status/2092080371441537132,2026-08-25T02:43:24.000Z,en,0,0
github,https://x.com/i/status/2092080250121273687,2026-08-25T02:42:55.000Z,en,0,0
github,https://x.com/i/status/2092080119548612818,2026-08-25T02:42:24.000Z,zxx,1,0
github,https://x.com/i/status/2092079378142552456,2026-08-25T02:39:27.000Z,en,0,0
github,https://x.com/i/status/2092077406022701196,2026-08-25T02:31:37.000Z,en,3,0
github,https://x.com/i/status/2092076971799003250,2026-08-25T02:29:53.000Z,zh,0,0
github,https://x.com/i/status/2092076749135978842,2026-08-25T02:29:00.000Z,ja,1,0
github,https://x.com/i/status/2092075298493960313,2026-08-25T02:23:14.000Z,en,0,0
github,https://x.com/i/status/2092074411461689477,2026-08-25T02:19:43.000Z,ja,0,0
github,https://x.com/i/status/2092072539237556369,2026-08-25T02:12:16.000Z,en,0,0
github,https://x.com/i/status/2092072469431734525,2026-08-25T02:12:00.000Z,en,18,8
github,https://x.com/i/status/2092072192477634753,2026-08-25T02:10:54.000Z,ja,2,0
github,https://x.com/i/status/2092071928790225282,2026-08-25T02:09:51.000Z,ja,0,0
github,https://x.com/i/status/2092071545057464322,2026-08-25T02:08:19.000Z,ja,0,0
github,https://x.com/i/status/2092070814921404542,2026-08-25T02:05:25.000Z,en,0,0
github,https://x.com/i/status/2092070709015294249,2026-08-25T02:05:00.000Z,ja,1,1
github,https://x.com/i/status/2092070625472909418,2026-08-25T02:04:40.000Z,es,5,0
github,https://x.com/i/status/2092070423903256591,2026-08-25T02:03:52.000Z,ja,4,1
github,https://x.com/i/status/2092069859400290523,2026-08-25T02:01:37.000Z,zxx,1,0
github,https://x.com/i/status/2092069764751622462,2026-08-25T02:01:15.000Z,en,0,0
github,https://x.com/i/status/2092069701719560362,2026-08-25T02:01:00.000Z,en,0,0
github,https://x.com/i/status/2092069502976418301,2026-08-25T02:00:12.000Z,en,0,0
github,https://x.com/i/status/2092069266485022988,2026-08-25T01:59:16.000Z,en,0,0
github,https://x.com/i/status/2092069265545568657,2026-08-25T01:59:16.000Z,zh,0,0
github,https://x.com/i/status/2092069162139214091,2026-08-25T01:58:51.000Z,zh,1,0
github,https://x.com/i/status/2092069156627665269,2026-08-25T01:58:50.000Z,zh,2,0
github,https://x.com/i/status/2092068285760389616,2026-08-25T01:55:22.000Z,zh,1,0
github,https://x.com/i/status/2092067843000934513,2026-08-25T01:53:37.000Z,en,0,0
github,https://x.com/i/status/2092067449562898725,2026-08-25T01:52:03.000Z,ja,0,0
github,https://x.com/i/status/2092067218632900629,2026-08-25T01:51:08.000Z,zxx,1,0
github,https://x.com/i/status/2092066389913633083,2026-08-25T01:47:50.000Z,en,0,0
github,https://x.com/i/status/2092066278035058862,2026-08-25T01:47:24.000Z,zh,2,0
github,https://x.com/i/status/2092064416896573868,2026-08-25T01:40:00.000Z,zh,2,0
github,https://x.com/i/status/2092063458661744743,2026-08-25T01:36:11.000Z,ja,2,0
github,https://x.com/i/status/2092063074522161253,2026-08-25T01:34:40.000Z,en,0,0
github,https://x.com/i/status/2092062723739918614,2026-08-25T01:33:16.000Z,ja,1,0
github,https://x.com/i/status/2092062622418194450,2026-08-25T01:32:52.000Z,zxx,0,0
github,https://x.com/i/status/2092060779663294965,2026-08-25T01:25:33.000Z,ja,2,0
github,https://x.com/i/status/2092060489798783244,2026-08-25T01:24:24.000Z,es,4,0
github,https://x.com/i/status/2092059961656537546,2026-08-25T01:22:18.000Z,zxx,2,0
github,https://x.com/i/status/2092059704864498131,2026-08-25T01:21:16.000Z,zxx,0,0
github,https://x.com/i/status/2092058991165645018,2026-08-25T01:18:26.000Z,en,0,0
github,https://x.com/i/status/2092058985931137351,2026-08-25T01:18:25.000Z,en,0,0
github,https://x.com/i/status/2092058796407357462,2026-08-25T01:17:40.000Z,en,0,0
github,https://x.com/i/status/2092058512499393005,2026-08-25T01:16:32.000Z,ja,2,0
github,https://x.com/i/status/2092058497223475474,2026-08-25T01:16:28.000Z,en,0,0
github,https://x.com/i/status/2092057636216647728,2026-08-25T01:13:03.000Z,en,0,0
github,https://x.com/i/status/2092057173878779933,2026-08-25T01:11:13.000Z,en,0,0
github,https://x.com/i/status/2092057105729790016,2026-08-25T01:10:57.000Z,zh,28,1
github,https://x.com/i/status/2092055739493937369,2026-08-25T01:05:31.000Z,en,1,1
github,https://x.com/i/status/2092055274748051912,2026-08-25T01:03:40.000Z,en,1,1
github,https://x.com/i/status/2092055027883889145,2026-08-25T01:02:41.000Z,zh,0,0
github,https://x.com/i/status/2092054527935406264,2026-08-25T01:00:42.000Z,en,1,0
github,https://x.com/i/status/2092054352470884543,2026-08-25T01:00:00.000Z,en,3,0
github,https://x.com/i/status/2092052738473673163,2026-08-25T00:53:35.000Z,zh,0,0
github,https://x.com/i/status/2092052041233531251,2026-08-25T00:50:49.000Z,en,0,0
github,https://x.com/i/status/2092051999839621187,2026-08-25T00:50:39.000Z,en,1,0
github,https://x.com/i/status/2092051733652660397,2026-08-25T00:49:36.000Z,en,1,0
github,https://x.com/i/status/2092050503886856589,2026-08-25T00:44:43.000Z,zxx,3,1
github,https://x.com/i/status/2092049569118929298,2026-08-25T00:41:00.000Z,en,1,0
github,https://x.com/i/status/2092049520271954319,2026-08-25T00:40:48.000Z,en,0,0
github,https://x.com/i/status/2092049257503343057,2026-08-25T00:39:46.000Z,zh,10,0
github,https://x.com/i/status/2092048664755589132,2026-08-25T00:37:24.000Z,zxx,3,1
github,https://x.com/i/status/2092048058901230062,2026-08-25T00:35:00.000Z,zh,40,9
github,https://x.com/i/status/2092047725223367056,2026-08-25T00:33:40.000Z,en,0,0
github,https://x.com/i/status/2092046052807389431,2026-08-25T00:27:01.000Z,en,0,0
github,https://x.com/i/status/2092045290551308759,2026-08-25T00:24:00.000Z,zh,2,1
github,https://x.com/i/status/2092044484762812475,2026-08-25T00:20:48.000Z,zh,9,0
github,https://x.com/i/status/2092044479696171353,2026-08-25T00:20:46.000Z,zxx,0,0
github,https://x.com/i/status/2092044359944589506,2026-08-25T00:20:18.000Z,zh,0,0
github,https://x.com/i/status/2092043729603530780,2026-08-25T00:17:48.000Z,ja,1,1
github,https://x.com/i/status/2092043390712156169,2026-08-25T00:16:27.000Z,zh,1,0
github,https://x.com/i/status/2092042614136598635,2026-08-25T00:13:22.000Z,en,1,0
github,https://x.com/i/status/2092041315790000547,2026-08-25T00:08:12.000Z,ja,1,0
github,https://x.com/i/status/2092040944514478479,2026-08-25T00:06:44.000Z,zxx,1,1
github,https://x.com/i/status/2092040089677512808,2026-08-25T00:03:20.000Z,en,4,1
github,https://x.com/i/status/2092039886589063214,2026-08-25T00:02:31.000Z,en,0,0
github,https://x.com/i/status/2092039427795329448,2026-08-25T00:00:42.000Z,in,0,1
github,https://x.com/i/status/2092039377811833074,2026-08-25T00:00:30.000Z,en,1,0
github,https://x.com/i/status/2092039095338090527,2026-08-24T23:59:23.000Z,en,9,3
github,https://x.com/i/status/2092038990690238882,2026-08-24T23:58:58.000Z,en,0,0
github,https://x.com/i/status/2092038702809682358,2026-08-24T23:57:49.000Z,en,0,0
github,https://x.com/i/status/2092038304778899544,2026-08-24T23:56:14.000Z,zh,1,1
github,https://x.com/i/status/2092037618024304711,2026-08-24T23:53:30.000Z,en,0,0
github,https://x.com/i/status/2092037189626397051,2026-08-24T23:51:48.000Z,en,2,0
github,https://x.com/i/status/2092037179220382065,2026-08-24T23:51:46.000Z,en,6,1
github,https://x.com/i/status/2092036240778445008,2026-08-24T23:48:02.000Z,en,0,0
github,https://x.com/i/status/2092035957558300984,2026-08-24T23:46:55.000Z,en,1,0
github,https://x.com/i/status/2092034260517482707,2026-08-24T23:40:10.000Z,en,0,0
github,https://x.com/i/status/2092034236303982731,2026-08-24T23:40:04.000Z,ko,2,0
github,https://x.com/i/status/2092033363213263344,2026-08-24T23:36:36.000Z,en,28,1
github,https://x.com/i/status/2092033210914123874,2026-08-24T23:36:00.000Z,zh,5,1
github,https://x.com/i/status/2092032702937477379,2026-08-24T23:33:59.000Z,en,4,0
github,https://x.com/i/status/2092031571821814103,2026-08-24T23:29:29.000Z,en,0,0
github,https://x.com/i/status/2092030922770010530,2026-08-24T23:26:54.000Z,en,10,0
github,https://x.com/i/status/2092030206211166227,2026-08-24T23:24:03.000Z,ja,4,0
github,https://x.com/i/status/2092029446488297850,2026-08-24T23:21:02.000Z,fr,1,0
github,https://x.com/i/status/2092028836129145226,2026-08-24T23:18:37.000Z,en,4,0
github,https://x.com/i/status/2092028014204756444,2026-08-24T23:15:21.000Z,en,1,0
tdd,https://x.com/i/status/2092077512767725684,2026-08-25T02:32:02.000Z,en,0,0
tdd,https://x.com/i/status/2092060489798783244,2026-08-25T01:24:24.000Z,es,4,0
tdd,https://x.com/i/status/2092043134892945830,2026-08-25T00:15:26.000Z,zh,1,0
tdd,https://x.com/i/status/2092033378258219096,2026-08-24T23:36:40.000Z,es,93,5
tdd,https://x.com/i/status/2091983682273718302,2026-08-24T20:19:11.000Z,en,1,0
tdd,https://x.com/i/status/2091971568700137672,2026-08-24T19:31:03.000Z,en,0,0
tdd,https://x.com/i/status/2091950919114178879,2026-08-24T18:09:00.000Z,en,2,0
tdd,https://x.com/i/status/2091948025853943917,2026-08-24T17:57:30.000Z,zxx,17,0
tdd,https://x.com/i/status/2091940368808104405,2026-08-24T17:27:04.000Z,en,1,0
tdd,https://x.com/i/status/2091929191881355463,2026-08-24T16:42:40.000Z,en,1,0
tdd,https://x.com/i/status/2091911809645039969,2026-08-24T15:33:35.000Z,en,18,0
tdd,https://x.com/i/status/2091894779273445411,2026-08-24T14:25:55.000Z,en,0,0
tdd,https://x.com/i/status/2091892708801675562,2026-08-24T14:17:41.000Z,ko,2,0
tdd,https://x.com/i/status/2091886684086444302,2026-08-24T13:53:45.000Z,en,1,1
tdd,https://x.com/i/status/2091858273607786908,2026-08-24T12:00:51.000Z,en,1,0
tdd,https://x.com/i/status/2091833499850613076,2026-08-24T10:22:25.000Z,zh,0,0
tdd,https://x.com/i/status/2091830985864483040,2026-08-24T10:12:26.000Z,ja,0,0
tdd,https://x.com/i/status/2091812035277578556,2026-08-24T08:57:07.000Z,en,1,0
tdd,https://x.com/i/status/2091779739342041224,2026-08-24T06:48:47.000Z,en,1,0
tdd,https://x.com/i/status/2091740520200487300,2026-08-24T04:12:57.000Z,zh,22,1
tdd,https://x.com/i/status/2091731753786581490,2026-08-24T03:38:07.000Z,en,3,1
tdd,https://x.com/i/status/2091646710166814894,2026-08-23T22:00:11.000Z,en,8,1
tdd,https://x.com/i/status/2091577034359099486,2026-08-23T17:23:19.000Z,es,562,85
tdd,https://x.com/i/status/2091564037750378515,2026-08-23T16:31:40.000Z,en,2,0
tdd,https://x.com/i/status/2091551745688338516,2026-08-23T15:42:49.000Z,en,0,0
tdd,https://x.com/i/status/2091526304432799855,2026-08-23T14:01:44.000Z,en,1,0
tdd,https://x.com/i/status/2091502520967520518,2026-08-23T12:27:13.000Z,zh,53,6
tdd,https://x.com/i/status/2091479549993537624,2026-08-23T10:55:57.000Z,zh,2,0
tdd,https://x.com/i/status/2091418118375473516,2026-08-23T06:51:50.000Z,en,102,6
tdd,https://x.com/i/status/2091243911448600926,2026-08-22T19:19:36.000Z,en,2,2
tdd,https://x.com/i/status/2091216329525043679,2026-08-22T17:30:00.000Z,es,0,0
tdd,https://x.com/i/status/2091215953010774247,2026-08-22T17:28:30.000Z,en,22,2
tdd,https://x.com/i/status/2091210357297606659,2026-08-22T17:06:16.000Z,en,10,2
tdd,https://x.com/i/status/2091187225883255108,2026-08-22T15:34:21.000Z,en,0,0
tdd,https://x.com/i/status/2091177719149232170,2026-08-22T14:56:35.000Z,ja,0,0
tdd,https://x.com/i/status/2091168625856327789,2026-08-22T14:20:27.000Z,ja,1,0
tdd,https://x.com/i/status/2091162287239311841,2026-08-22T13:55:15.000Z,en,26,7
tdd,https://x.com/i/status/2091153622633464212,2026-08-22T13:20:50.000Z,en,1,0
tdd,https://x.com/i/status/2091141060613525974,2026-08-22T12:30:55.000Z,ja,2,0
tdd,https://x.com/i/status/2091134835624751401,2026-08-22T12:06:10.000Z,zh,245,40
tdd,https://x.com/i/status/2091107003720757317,2026-08-22T10:15:35.000Z,zh,287,48
tdd,https://x.com/i/status/2091100086667190721,2026-08-22T09:48:06.000Z,tr,0,0
tdd,https://x.com/i/status/2091099308687040577,2026-08-22T09:45:00.000Z,zh,0,0
tdd,https://x.com/i/status/2091088541854171196,2026-08-22T09:02:13.000Z,zh,2,0
tdd,https://x.com/i/status/2091060972907860388,2026-08-22T07:12:40.000Z,en,2,1
tdd,https://x.com/i/status/2091060027440386326,2026-08-22T07:08:55.000Z,en,4,1
tdd,https://x.com/i/status/2091042736287666535,2026-08-22T06:00:12.000Z,en,0,0
tdd,https://x.com/i/status/2091042402350051413,2026-08-22T05:58:53.000Z,zh,26,7
tdd,https://x.com/i/status/2091033430737985848,2026-08-22T05:23:14.000Z,zxx,1,0
tdd,https://x.com/i/status/2091024207081783790,2026-08-22T04:46:34.000Z,ja,2,0
tdd,https://x.com/i/status/2091012125242384724,2026-08-22T03:58:34.000Z,zh,25,1
tdd,https://x.com/i/status/2090988029737361563,2026-08-22T02:22:49.000Z,zxx,2,0
tdd,https://x.com/i/status/2090957698749595881,2026-08-22T00:22:18.000Z,en,2,0
tdd,https://x.com/i/status/2090953445868257514,2026-08-22T00:05:24.000Z,ja,1,0
tdd,https://x.com/i/status/2090911198342733891,2026-08-21T21:17:31.000Z,en,4,0
tdd,https://x.com/i/status/2090906501103943682,2026-08-21T20:58:51.000Z,en,27,2
tdd,https://x.com/i/status/2090867295727833418,2026-08-21T18:23:04.000Z,ar,5,0
tdd,https://x.com/i/status/2090865948584763572,2026-08-21T18:17:43.000Z,en,1,0
tdd,https://x.com/i/status/2090845377108836486,2026-08-21T16:55:58.000Z,en,0,0
tdd,https://x.com/i/status/2090830845368295540,2026-08-21T15:58:13.000Z,en,1,0
tdd,https://x.com/i/status/2090830258576445473,2026-08-21T15:55:54.000Z,en,0,0
tdd,https://x.com/i/status/2090828510743171118,2026-08-21T15:48:57.000Z,en,0,0
tdd,https://x.com/i/status/2090825239718490455,2026-08-21T15:35:57.000Z,es,0,0
tdd,https://x.com/i/status/2090816738971549711,2026-08-21T15:02:10.000Z,zxx,31,2
tdd,https://x.com/i/status/2090812314689671334,2026-08-21T14:44:35.000Z,en,1,0
tdd,https://x.com/i/status/2090798412979372499,2026-08-21T13:49:21.000Z,fr,1,0
tdd,https://x.com/i/status/2090779437587378230,2026-08-21T12:33:57.000Z,en,0,0
tdd,https://x.com/i/status/2090775107203391710,2026-08-21T12:16:44.000Z,en,1,0
tdd,https://x.com/i/status/2090762007569936869,2026-08-21T11:24:41.000Z,en,155,3
tdd,https://x.com/i/status/2090755669905564141,2026-08-21T10:59:30.000Z,zh,26,1
tdd,https://x.com/i/status/2090755045868609687,2026-08-21T10:57:01.000Z,en,30,12
tdd,https://x.com/i/status/2090752302684524945,2026-08-21T10:46:07.000Z,en,1,1
tdd,https://x.com/i/status/2090735258866213021,2026-08-21T09:38:24.000Z,ja,56,4
tdd,https://x.com/i/status/2090689104413401146,2026-08-21T06:35:00.000Z,zh,0,0
tdd,https://x.com/i/status/2090686597230452827,2026-08-21T06:25:02.000Z,en,15,0
tdd,https://x.com/i/status/2090665255659585576,2026-08-21T05:00:14.000Z,en,0,0
tdd,https://x.com/i/status/2090616935604179235,2026-08-21T01:48:13.000Z,ja,11,0
tdd,https://x.com/i/status/2090616148505264578,2026-08-21T01:45:06.000Z,ja,10,0
tdd,https://x.com/i/status/2090601527232647370,2026-08-21T00:47:00.000Z,zh,1,0
tdd,https://x.com/i/status/2090594439219785937,2026-08-21T00:18:50.000Z,zxx,39,4
tdd,https://x.com/i/status/2090574715744051408,2026-08-20T23:00:27.000Z,en,0,0
tdd,https://x.com/i/status/2090538639256433080,2026-08-20T20:37:06.000Z,en,22,1
tdd,https://x.com/i/status/2090523440742912503,2026-08-20T19:36:42.000Z,en,0,0
tdd,https://x.com/i/status/2090511521776300346,2026-08-20T18:49:21.000Z,en,1,0
tdd,https://x.com/i/status/2090455863739982234,2026-08-20T15:08:11.000Z,ja,0,0
tdd,https://x.com/i/status/2090446876432904646,2026-08-20T14:32:28.000Z,zh,0,1
tdd,https://x.com/i/status/2090442890212495702,2026-08-20T14:16:38.000Z,ja,0,0
tdd,https://x.com/i/status/2090438201383244000,2026-08-20T13:58:00.000Z,en,6,0
tdd,https://x.com/i/status/2090427798674346197,2026-08-20T13:16:40.000Z,en,0,0
tdd,https://x.com/i/status/2090425131684266336,2026-08-20T13:06:04.000Z,ar,543,65
tdd,https://x.com/i/status/2090413637395771853,2026-08-20T12:20:23.000Z,ja,50,2
tdd,https://x.com/i/status/2090400194877895115,2026-08-20T11:26:58.000Z,en,0,0
tdd,https://x.com/i/status/2090393287303610700,2026-08-20T10:59:31.000Z,es,0,0
tdd,https://x.com/i/status/2090391227199840375,2026-08-20T10:51:20.000Z,en,0,0
tdd,https://x.com/i/status/2090344332737798532,2026-08-20T07:45:00.000Z,zh,0,0
tdd,https://x.com/i/status/2090323170272133588,2026-08-20T06:20:54.000Z,en,7,0
tdd,https://x.com/i/status/2090287343253201130,2026-08-20T03:58:32.000Z,ja,0,0
tdd,https://x.com/i/status/2090269372703224193,2026-08-20T02:47:08.000Z,zh,0,0
tdd,https://x.com/i/status/2090269370786472154,2026-08-20T02:47:07.000Z,zh,0,0
tdd,https://x.com/i/status/2090269351593353615,2026-08-20T02:47:03.000Z,zh,0,0
gog,https://x.com/i/status/2092006174149562437,2026-08-24T21:48:34.000Z,en,1,0
gog,https://x.com/i/status/2091882890938196262,2026-08-24T13:38:41.000Z,en,0,0
gog,https://x.com/i/status/2091879503421198656,2026-08-24T13:25:13.000Z,en,1,0
gog,https://x.com/i/status/2090626953397076331,2026-08-21T02:28:02.000Z,en,1,0
gog,https://x.com/i/status/2090570418314706969,2026-08-20T22:43:23.000Z,en,0,0
gog,https://x.com/i/status/2090545022789648796,2026-08-20T21:02:28.000Z,en,0,0
gog,https://x.com/i/status/2090486864499048729,2026-08-20T17:11:22.000Z,en,1,0
gog,https://x.com/i/status/2090472086741381516,2026-08-20T16:12:39.000Z,en,0,0
gog,https://x.com/i/status/2090456880909009261,2026-08-20T15:12:13.000Z,zh,0,0
gog,https://x.com/i/status/2090017804343001120,2026-08-19T10:07:29.000Z,zxx,8,1
gog,https://x.com/i/status/2089968996393082940,2026-08-19T06:53:33.000Z,zxx,0,0
gog,https://x.com/i/status/2089932592191565862,2026-08-19T04:28:53.000Z,en,4,0
gog,https://x.com/i/status/2089925950561542226,2026-08-19T04:02:30.000Z,en,0,0
gog,https://x.com/i/status/2089787606909247861,2026-08-18T18:52:46.000Z,en,0,0
agent-browser,https://x.com/i/status/2092052919080341974,2026-08-25T00:54:19.000Z,en,2,0
agent-browser,https://x.com/i/status/2092024237792153631,2026-08-24T23:00:20.000Z,en,0,0
agent-browser,https://x.com/i/status/2092009581228831187,2026-08-24T22:02:06.000Z,en,1,0
agent-browser,https://x.com/i/status/2092005574216942005,2026-08-24T21:46:11.000Z,en,181,4
agent-browser,https://x.com/i/status/2091935919184199799,2026-08-24T17:09:24.000Z,ja,1,0
agent-browser,https://x.com/i/status/2091926024590348564,2026-08-24T16:30:05.000Z,en,13,1
agent-browser,https://x.com/i/status/2091868583878172710,2026-08-24T12:41:50.000Z,en,44,28
agent-browser,https://x.com/i/status/2091862937497407557,2026-08-24T12:19:23.000Z,en,1,0
agent-browser,https://x.com/i/status/2091827070888218974,2026-08-24T09:56:52.000Z,en,0,0
agent-browser,https://x.com/i/status/2091758062709453044,2026-08-24T05:22:39.000Z,en,0,0
agent-browser,https://x.com/i/status/2091754595861373248,2026-08-24T05:08:53.000Z,en,0,0
agent-browser,https://x.com/i/status/2091737569557926305,2026-08-24T04:01:13.000Z,en,0,0
agent-browser,https://x.com/i/status/2091721019824443570,2026-08-24T02:55:28.000Z,en,0,0
agent-browser,https://x.com/i/status/2091719965871423694,2026-08-24T02:51:16.000Z,zh,73,4
agent-browser,https://x.com/i/status/2091674327553048682,2026-08-23T23:49:55.000Z,en,2,0
agent-browser,https://x.com/i/status/2091653221487902725,2026-08-23T22:26:03.000Z,en,0,0
agent-browser,https://x.com/i/status/2091641105481597292,2026-08-23T21:37:55.000Z,en,4,0
agent-browser,https://x.com/i/status/2091535101171491113,2026-08-23T14:36:41.000Z,pt,2,1
agent-browser,https://x.com/i/status/2091486653953028241,2026-08-23T11:24:10.000Z,en,2,0
agent-browser,https://x.com/i/status/2091427304312565775,2026-08-23T07:28:20.000Z,en,43,16
agent-browser,https://x.com/i/status/2091418118375473516,2026-08-23T06:51:50.000Z,en,102,6
agent-browser,https://x.com/i/status/2091415310330900817,2026-08-23T06:40:41.000Z,en,1,0
agent-browser,https://x.com/i/status/2091407515389235461,2026-08-23T06:09:42.000Z,en,0,0
agent-browser,https://x.com/i/status/2091381632338960563,2026-08-23T04:26:51.000Z,en,1,0
agent-browser,https://x.com/i/status/2091374125487120465,2026-08-23T03:57:02.000Z,en,2,0
agent-browser,https://x.com/i/status/2091232852314583453,2026-08-22T18:35:39.000Z,en,1,0
agent-browser,https://x.com/i/status/2091224512775827725,2026-08-22T18:02:31.000Z,en,0,0
agent-browser,https://x.com/i/status/2091222552907862087,2026-08-22T17:54:44.000Z,en,2,0
agent-browser,https://x.com/i/status/2091215758026330474,2026-08-22T17:27:44.000Z,en,1,0
agent-browser,https://x.com/i/status/2091195009068400965,2026-08-22T16:05:17.000Z,en,0,0
agent-browser,https://x.com/i/status/2091179915542724695,2026-08-22T15:05:18.000Z,en,20,12
agent-browser,https://x.com/i/status/2091179630958907580,2026-08-22T15:04:10.000Z,es,316,78
agent-browser,https://x.com/i/status/2091166938349117934,2026-08-22T14:13:44.000Z,en,0,0
agent-browser,https://x.com/i/status/2091164795869249695,2026-08-22T14:05:13.000Z,en,0,0
agent-browser,https://x.com/i/status/2091159424752578959,2026-08-22T13:43:53.000Z,en,1,0
agent-browser,https://x.com/i/status/2091146172069208363,2026-08-22T12:51:13.000Z,zh,0,0
agent-browser,https://x.com/i/status/2091141666136826204,2026-08-22T12:33:19.000Z,en,0,0
agent-browser,https://x.com/i/status/2091140202769400102,2026-08-22T12:27:30.000Z,ja,1,0
agent-browser,https://x.com/i/status/2091053183363936627,2026-08-22T06:41:43.000Z,en,0,0
agent-browser,https://x.com/i/status/2090989340436660456,2026-08-22T02:28:02.000Z,en,2,0
agent-browser,https://x.com/i/status/2090988029737361563,2026-08-22T02:22:49.000Z,zxx,2,0
agent-browser,https://x.com/i/status/2090983091838021696,2026-08-22T02:03:12.000Z,ja,2,1
agent-browser,https://x.com/i/status/2090929628793962777,2026-08-21T22:30:45.000Z,en,0,0
agent-browser,https://x.com/i/status/2090926506658644119,2026-08-21T22:18:21.000Z,en,2,1
agent-browser,https://x.com/i/status/2090922602961465829,2026-08-21T22:02:50.000Z,ja,1,0
agent-browser,https://x.com/i/status/2090922389937041786,2026-08-21T22:01:59.000Z,en,0,0
agent-browser,https://x.com/i/status/2090921889879511074,2026-08-21T22:00:00.000Z,en,9,4
agent-browser,https://x.com/i/status/2090854614639968599,2026-08-21T17:32:40.000Z,en,3,0
agent-browser,https://x.com/i/status/2090829494747582754,2026-08-21T15:52:51.000Z,en,56,3
agent-browser,https://x.com/i/status/2090827623656198148,2026-08-21T15:45:25.000Z,en,0,0
agent-browser,https://x.com/i/status/2090820011430465600,2026-08-21T15:15:10.000Z,en,1,0
agent-browser,https://x.com/i/status/2090818899453370588,2026-08-21T15:10:45.000Z,en,0,0
agent-browser,https://x.com/i/status/2090751767109898264,2026-08-21T10:44:00.000Z,en,1,0
agent-browser,https://x.com/i/status/2090730666212069882,2026-08-21T09:20:09.000Z,en,1,0
agent-browser,https://x.com/i/status/2090725271041151468,2026-08-21T08:58:43.000Z,en,1,0
agent-browser,https://x.com/i/status/2090696128694309233,2026-08-21T07:02:54.000Z,zh,70,7
agent-browser,https://x.com/i/status/2090669603483460072,2026-08-21T05:17:30.000Z,en,0,0
agent-browser,https://x.com/i/status/2090637655251820557,2026-08-21T03:10:33.000Z,en,0,0
agent-browser,https://x.com/i/status/2090615337901273331,2026-08-21T01:41:52.000Z,en,1,0
agent-browser,https://x.com/i/status/2090588004704469303,2026-08-20T23:53:16.000Z,en,1,0
agent-browser,https://x.com/i/status/2090529492636709089,2026-08-20T20:00:45.000Z,en,5,0
agent-browser,https://x.com/i/status/2090493945075937287,2026-08-20T17:39:30.000Z,en,1,0
agent-browser,https://x.com/i/status/2090485821027860978,2026-08-20T17:07:13.000Z,en,0,0
agent-browser,https://x.com/i/status/2090485355296461249,2026-08-20T17:05:22.000Z,en,1,0
agent-browser,https://x.com/i/status/2090457217606566242,2026-08-20T15:13:34.000Z,en,0,0
agent-browser,https://x.com/i/status/2090457048634757198,2026-08-20T15:12:53.000Z,en,7,0
agent-browser,https://x.com/i/status/2090445259356655700,2026-08-20T14:26:03.000Z,en,3,0
agent-browser,https://x.com/i/status/2090443470942937363,2026-08-20T14:18:56.000Z,zxx,0,0
agent-browser,https://x.com/i/status/2090369201378570550,2026-08-20T09:23:49.000Z,zh,0,0
agent-browser,https://x.com/i/status/2090346035558133945,2026-08-20T07:51:46.000Z,en,2,0
agent-browser,https://x.com/i/status/2090329250071011826,2026-08-20T06:45:04.000Z,en,0,0
agent-browser,https://x.com/i/status/2090310469466628303,2026-08-20T05:30:26.000Z,en,3,1
agent-browser,https://x.com/i/status/2090272597422588193,2026-08-20T02:59:57.000Z,en,8,0
agent-browser,https://x.com/i/status/2090256755397906793,2026-08-20T01:57:00.000Z,zh,0,0
agent-browser,https://x.com/i/status/2090252470610243767,2026-08-20T01:39:58.000Z,en,10,1
agent-browser,https://x.com/i/status/2090195227965571176,2026-08-19T21:52:30.000Z,en,0,0
agent-browser,https://x.com/i/status/2090182448445358364,2026-08-19T21:01:44.000Z,en,0,0
agent-browser,https://x.com/i/status/2090172303250497554,2026-08-19T20:21:25.000Z,en,0,0
agent-browser,https://x.com/i/status/2090144634744000645,2026-08-19T18:31:28.000Z,ar,11,1
agent-browser,https://x.com/i/status/2090127998808899740,2026-08-19T17:25:22.000Z,en,0,0
agent-browser,https://x.com/i/status/2090127544209068348,2026-08-19T17:23:33.000Z,en,0,0
agent-browser,https://x.com/i/status/2090117667034394700,2026-08-19T16:44:18.000Z,en,0,0
agent-browser,https://x.com/i/status/2090117624755851469,2026-08-19T16:44:08.000Z,en,25,1
agent-browser,https://x.com/i/status/2090116102152196482,2026-08-19T16:38:05.000Z,en,1,0
agent-browser,https://x.com/i/status/2090112746427924940,2026-08-19T16:24:45.000Z,en,4,0
agent-browser,https://x.com/i/status/2090073862788510167,2026-08-19T13:50:15.000Z,en,3,0
agent-browser,https://x.com/i/status/2090061094685429914,2026-08-19T12:59:31.000Z,en,0,0
agent-browser,https://x.com/i/status/2090031668380020942,2026-08-19T11:02:35.000Z,ja,0,0
agent-browser,https://x.com/i/status/2090025783817285844,2026-08-19T10:39:12.000Z,en,0,0
agent-browser,https://x.com/i/status/2090014745155809446,2026-08-19T09:55:20.000Z,en,3,1
agent-browser,https://x.com/i/status/2090012656799207932,2026-08-19T09:47:02.000Z,en,2,0
agent-browser,https://x.com/i/status/2089922918474215842,2026-08-19T03:50:27.000Z,zh,0,0
agent-browser,https://x.com/i/status/2089922330290188304,2026-08-19T03:48:07.000Z,zh,39,7
agent-browser,https://x.com/i/status/2089918765228327086,2026-08-19T03:33:57.000Z,en,0,0
agent-browser,https://x.com/i/status/2089887751852445890,2026-08-19T01:30:42.000Z,en,0,0
agent-browser,https://x.com/i/status/2089880540866556410,2026-08-19T01:02:03.000Z,zh,1,0
agent-browser,https://x.com/i/status/2089869223501971464,2026-08-19T00:17:05.000Z,en,3,0
agent-browser,https://x.com/i/status/2089829546967113790,2026-08-18T21:39:25.000Z,en,0,0
agent-browser,https://x.com/i/status/2089813149868298649,2026-08-18T20:34:16.000Z,en,1,0
agent-browser,https://x.com/i/status/2089778211861491751,2026-08-18T18:15:26.000Z,en,72,1
setup-matt-pocock-skills,https://x.com/i/status/2090244691732427027,2026-08-20T01:09:04.000Z,en,0,0
proactive-agent,https://x.com/i/status/2091903471968497888,2026-08-24T15:00:28.000Z,en,0,0
proactive-agent,https://x.com/i/status/2091890893355925922,2026-08-24T14:10:29.000Z,en,0,0
proactive-agent,https://x.com/i/status/2091880136819745051,2026-08-24T13:27:44.000Z,en,0,0
proactive-agent,https://x.com/i/status/2091216259165610364,2026-08-22T17:29:43.000Z,en,1,0
proactive-agent,https://x.com/i/status/2091185117242830925,2026-08-22T15:25:58.000Z,en,2,0
proactive-agent,https://x.com/i/status/2091031974769021351,2026-08-22T05:17:26.000Z,en,0,0
proactive-agent,https://x.com/i/status/2090902896640663688,2026-08-21T20:44:32.000Z,en,1,0
proactive-agent,https://x.com/i/status/2090642544401187236,2026-08-21T03:29:59.000Z,en,0,0
proactive-agent,https://x.com/i/status/2090627889146560882,2026-08-21T02:31:45.000Z,en,1,0
proactive-agent,https://x.com/i/status/2090609902427275364,2026-08-21T01:20:17.000Z,en,0,0
proactive-agent,https://x.com/i/status/2090569508654321993,2026-08-20T22:39:46.000Z,en,3,0
proactive-agent,https://x.com/i/status/2090558873262231679,2026-08-20T21:57:30.000Z,en,0,0
proactive-agent,https://x.com/i/status/2090530167412359519,2026-08-20T20:03:26.000Z,en,1,0
proactive-agent,https://x.com/i/status/2090530163754979357,2026-08-20T20:03:25.000Z,en,0,0
proactive-agent,https://x.com/i/status/2090530160613429493,2026-08-20T20:03:25.000Z,en,0,0
proactive-agent,https://x.com/i/status/2090502543482778010,2026-08-20T18:13:40.000Z,en,0,0
proactive-agent,https://x.com/i/status/2090491399817105645,2026-08-20T17:29:23.000Z,en,48,9
proactive-agent,https://x.com/i/status/2090348116092612735,2026-08-20T08:00:02.000Z,en,64,15
proactive-agent,https://x.com/i/status/2090131598200938611,2026-08-19T17:39:40.000Z,en,5,0
proactive-agent,https://x.com/i/status/2090037334490194358,2026-08-19T11:25:06.000Z,en,45,0
proactive-agent,https://x.com/i/status/2090034363744620898,2026-08-19T11:13:17.000Z,en,70,2
proactive-agent,https://x.com/i/status/2089858440487117222,2026-08-18T23:34:14.000Z,en,3,0
proactive-agent,https://x.com/i/status/2089804339728531535,2026-08-18T19:59:15.000Z,en,1,0
proactive-agent,https://x.com/i/status/2089791404398546976,2026-08-18T19:07:51.000Z,en,107,10
proactive-agent,https://x.com/i/status/2089766151714689291,2026-08-18T17:27:31.000Z,en,56,12
proactive-agent,https://x.com/i/status/2089730144873140614,2026-08-18T15:04:26.000Z,ar,0,0
handoff,https://x.com/i/status/2092080218580123907,2026-08-25T02:42:47.000Z,en,1,0
handoff,https://x.com/i/status/2092077669840220508,2026-08-25T02:32:40.000Z,zxx,4,0
handoff,https://x.com/i/status/2092076289830113772,2026-08-25T02:27:11.000Z,en,0,0
handoff,https://x.com/i/status/2092069171328962582,2026-08-25T01:58:53.000Z,en,0,0
handoff,https://x.com/i/status/2092064279004340414,2026-08-25T01:39:27.000Z,es,1,0
handoff,https://x.com/i/status/2092063591289549209,2026-08-25T01:36:43.000Z,en,0,0
handoff,https://x.com/i/status/2092059254073208967,2026-08-25T01:19:29.000Z,ja,2,0
handoff,https://x.com/i/status/2092056018750423518,2026-08-25T01:06:38.000Z,en,0,0
handoff,https://x.com/i/status/2092055599832047683,2026-08-25T01:04:58.000Z,en,1,0
handoff,https://x.com/i/status/2092050369090355340,2026-08-25T00:44:11.000Z,zh,0,0
handoff,https://x.com/i/status/2092049089638838619,2026-08-25T00:39:06.000Z,en,0,0
handoff,https://x.com/i/status/2092047319382302875,2026-08-25T00:32:03.000Z,zxx,6,0
handoff,https://x.com/i/status/2092041612599677215,2026-08-25T00:09:23.000Z,en,4,0
handoff,https://x.com/i/status/2092032057849561575,2026-08-24T23:31:25.000Z,zxx,0,0
handoff,https://x.com/i/status/2092031009483301318,2026-08-24T23:27:15.000Z,en,0,0
handoff,https://x.com/i/status/2092027452336046491,2026-08-24T23:13:07.000Z,en,0,0
handoff,https://x.com/i/status/2092026321362714712,2026-08-24T23:08:37.000Z,en,4,0
handoff,https://x.com/i/status/2092024403903045900,2026-08-24T23:01:00.000Z,en,3,1
handoff,https://x.com/i/status/2092024176081256464,2026-08-24T23:00:06.000Z,en,0,0
handoff,https://x.com/i/status/2092024063292015051,2026-08-24T22:59:39.000Z,en,1,0
handoff,https://x.com/i/status/2092023829857984547,2026-08-24T22:58:43.000Z,zxx,4,0
handoff,https://x.com/i/status/2092022023518368032,2026-08-24T22:51:32.000Z,en,1,0
handoff,https://x.com/i/status/2092019370151321634,2026-08-24T22:41:00.000Z,en,1,0
handoff,https://x.com/i/status/2092019217214099708,2026-08-24T22:40:23.000Z,en,9,1
handoff,https://x.com/i/status/2092014336835223950,2026-08-24T22:21:00.000Z,en,0,0
handoff,https://x.com/i/status/2092012037736190112,2026-08-24T22:11:52.000Z,en,0,0
handoff,https://x.com/i/status/2092009474600956327,2026-08-24T22:01:41.000Z,en,1,1
handoff,https://x.com/i/status/2092003049807962134,2026-08-24T21:36:09.000Z,en,4,0
handoff,https://x.com/i/status/2091998710334968002,2026-08-24T21:18:54.000Z,en,0,0
handoff,https://x.com/i/status/2091998449768284173,2026-08-24T21:17:52.000Z,en,4,0
handoff,https://x.com/i/status/2091998146658251249,2026-08-24T21:16:40.000Z,zxx,28,0
handoff,https://x.com/i/status/2091993416150417582,2026-08-24T20:57:52.000Z,zxx,5,3
handoff,https://x.com/i/status/2091992437770113349,2026-08-24T20:53:59.000Z,en,0,0
handoff,https://x.com/i/status/2091987753189666955,2026-08-24T20:35:22.000Z,en,4,0
handoff,https://x.com/i/status/2091983624317157471,2026-08-24T20:18:57.000Z,en,0,0
handoff,https://x.com/i/status/2091982683190562856,2026-08-24T20:15:13.000Z,en,0,0
handoff,https://x.com/i/status/2091977332508782955,2026-08-24T19:53:57.000Z,en,0,0
handoff,https://x.com/i/status/2091974603191021588,2026-08-24T19:43:07.000Z,zxx,2,0
handoff,https://x.com/i/status/2091973755002290375,2026-08-24T19:39:44.000Z,en,2429,668
handoff,https://x.com/i/status/2091969476614828492,2026-08-24T19:22:44.000Z,en,8,0
handoff,https://x.com/i/status/2091968482866815422,2026-08-24T19:18:47.000Z,en,0,0
handoff,https://x.com/i/status/2091967628701262084,2026-08-24T19:15:24.000Z,en,1,0
handoff,https://x.com/i/status/2091967139330626044,2026-08-24T19:13:27.000Z,en,0,0
handoff,https://x.com/i/status/2091963893350269437,2026-08-24T19:00:33.000Z,en,7,0
handoff,https://x.com/i/status/2091963517423231390,2026-08-24T18:59:04.000Z,en,2,0
handoff,https://x.com/i/status/2091962118241394997,2026-08-24T18:53:30.000Z,en,1,0
handoff,https://x.com/i/status/2091955611890045257,2026-08-24T18:27:39.000Z,en,0,0
handoff,https://x.com/i/status/2091954895247294910,2026-08-24T18:24:48.000Z,en,0,0
handoff,https://x.com/i/status/2091953337839067641,2026-08-24T18:18:37.000Z,en,22,1
handoff,https://x.com/i/status/2091953183589327276,2026-08-24T18:18:00.000Z,en,0,0
handoff,https://x.com/i/status/2091952853904425423,2026-08-24T18:16:41.000Z,en,0,0
handoff,https://x.com/i/status/2091949387673157676,2026-08-24T18:02:55.000Z,en,5,0
handoff,https://x.com/i/status/2091947618238857460,2026-08-24T17:55:53.000Z,en,1,0
handoff,https://x.com/i/status/2091946914732515466,2026-08-24T17:53:05.000Z,en,0,0
handoff,https://x.com/i/status/2091946532404707591,2026-08-24T17:51:34.000Z,en,6,0
handoff,https://x.com/i/status/2091944394178150492,2026-08-24T17:43:04.000Z,en,1,0
handoff,https://x.com/i/status/2091943680760590555,2026-08-24T17:40:14.000Z,en,0,0
handoff,https://x.com/i/status/2091943583427580030,2026-08-24T17:39:51.000Z,en,36,10
handoff,https://x.com/i/status/2091942648168808739,2026-08-24T17:36:08.000Z,en,0,0
handoff,https://x.com/i/status/2091941555821256712,2026-08-24T17:31:47.000Z,en,76,15
handoff,https://x.com/i/status/2091939841449619472,2026-08-24T17:24:59.000Z,en,0,0
handoff,https://x.com/i/status/2091937253342003412,2026-08-24T17:14:42.000Z,zxx,12,0
handoff,https://x.com/i/status/2091936421753790605,2026-08-24T17:11:23.000Z,en,0,0
handoff,https://x.com/i/status/2091934428213780695,2026-08-24T17:03:28.000Z,en,57,1
handoff,https://x.com/i/status/2091930986896666752,2026-08-24T16:49:48.000Z,en,0,0
handoff,https://x.com/i/status/2091928641659662772,2026-08-24T16:40:28.000Z,zxx,5,0
handoff,https://x.com/i/status/2091926776960495941,2026-08-24T16:33:04.000Z,en,0,0
handoff,https://x.com/i/status/2091924787341766859,2026-08-24T16:25:10.000Z,zxx,128,15
handoff,https://x.com/i/status/2091922463105908889,2026-08-24T16:15:55.000Z,en,2,0
handoff,https://x.com/i/status/2091922452800483524,2026-08-24T16:15:53.000Z,en,2,0
handoff,https://x.com/i/status/2091921505613439102,2026-08-24T16:12:07.000Z,en,0,0
handoff,https://x.com/i/status/2091920662390510042,2026-08-24T16:08:46.000Z,en,0,0
handoff,https://x.com/i/status/2091920422107586787,2026-08-24T16:07:49.000Z,zxx,0,0
handoff,https://x.com/i/status/2091918463673458973,2026-08-24T16:00:02.000Z,in,4,1
handoff,https://x.com/i/status/2091915432286429506,2026-08-24T15:47:59.000Z,en,0,0
handoff,https://x.com/i/status/2091914772828586311,2026-08-24T15:45:22.000Z,en,7,1
handoff,https://x.com/i/status/2091912420818112915,2026-08-24T15:36:01.000Z,pt,2,1
handoff,https://x.com/i/status/2091910831990767964,2026-08-24T15:29:42.000Z,en,1,0
handoff,https://x.com/i/status/2091909089068491192,2026-08-24T15:22:47.000Z,en,18,0
handoff,https://x.com/i/status/2091908644530946540,2026-08-24T15:21:01.000Z,en,1,0
handoff,https://x.com/i/status/2091908085971382502,2026-08-24T15:18:48.000Z,en,0,0
handoff,https://x.com/i/status/2091908042367369674,2026-08-24T15:18:37.000Z,zxx,1,0
handoff,https://x.com/i/status/2091906958760571114,2026-08-24T15:14:19.000Z,en,0,0
handoff,https://x.com/i/status/2091900861639278696,2026-08-24T14:50:05.000Z,en,1,0
handoff,https://x.com/i/status/2091900377818116257,2026-08-24T14:48:10.000Z,en,0,0
handoff,https://x.com/i/status/2091900140776735216,2026-08-24T14:47:13.000Z,en,2,0
handoff,https://x.com/i/status/2091899368936997203,2026-08-24T14:44:09.000Z,en,0,0
handoff,https://x.com/i/status/2091899236803817611,2026-08-24T14:43:38.000Z,en,0,0
handoff,https://x.com/i/status/2091898304900571501,2026-08-24T14:39:56.000Z,zxx,169,8
handoff,https://x.com/i/status/2091897881305170391,2026-08-24T14:38:15.000Z,en,53,0
handoff,https://x.com/i/status/2091895835143385319,2026-08-24T14:30:07.000Z,en,0,0
handoff,https://x.com/i/status/2091894298627215641,2026-08-24T14:24:00.000Z,en,0,0
handoff,https://x.com/i/status/2091893001068941792,2026-08-24T14:18:51.000Z,en,2,2
handoff,https://x.com/i/status/2091891312404381984,2026-08-24T14:12:08.000Z,en,0,0
handoff,https://x.com/i/status/2091890926746472515,2026-08-24T14:10:37.000Z,en,3,0
handoff,https://x.com/i/status/2091889532434330014,2026-08-24T14:05:04.000Z,en,1,0
handoff,https://x.com/i/status/2091888608185921706,2026-08-24T14:01:24.000Z,en,0,0
handoff,https://x.com/i/status/2091888282020004041,2026-08-24T14:00:06.000Z,en,4,0
handoff,https://x.com/i/status/2091888263036330288,2026-08-24T14:00:01.000Z,en,0,0
handoff,https://x.com/i/status/2091888189686387045,2026-08-24T13:59:44.000Z,en,0,0
weather,https://x.com/i/status/2092081292938498082,2026-08-25T02:47:03.000Z,en,0,0
weather,https://x.com/i/status/2092067463311638619,2026-08-25T01:52:06.000Z,en,1,0
weather,https://x.com/i/status/2092051650055634944,2026-08-25T00:49:16.000Z,en,73,6
weather,https://x.com/i/status/2092051155173994536,2026-08-25T00:47:18.000Z,en,1,0
weather,https://x.com/i/status/2092039782079791407,2026-08-25T00:02:06.000Z,zxx,4,1
weather,https://x.com/i/status/2092033542545084540,2026-08-24T23:37:19.000Z,en,1,0
weather,https://x.com/i/status/2092026004688478630,2026-08-24T23:07:22.000Z,zxx,2,2
weather,https://x.com/i/status/2092025345067352137,2026-08-24T23:04:44.000Z,en,3,1
weather,https://x.com/i/status/2092025154817908826,2026-08-24T23:03:59.000Z,ja,3,0
weather,https://x.com/i/status/2092023609279823903,2026-08-24T22:57:51.000Z,en,0,0
weather,https://x.com/i/status/2092021773709857219,2026-08-24T22:50:33.000Z,en,1,0
weather,https://x.com/i/status/2092020299424489800,2026-08-24T22:44:41.000Z,en,0,0
weather,https://x.com/i/status/2092019114122576209,2026-08-24T22:39:59.000Z,en,2,2
weather,https://x.com/i/status/2092017955533922806,2026-08-24T22:35:23.000Z,en,0,0
weather,https://x.com/i/status/2092017661249020061,2026-08-24T22:34:12.000Z,en,0,0
weather,https://x.com/i/status/2092012763451121943,2026-08-24T22:14:45.000Z,en,0,0
weather,https://x.com/i/status/2092012458995015865,2026-08-24T22:13:32.000Z,en,0,0
weather,https://x.com/i/status/2092008568312693117,2026-08-24T21:58:04.000Z,en,1,0
weather,https://x.com/i/status/2092008541355696410,2026-08-24T21:57:58.000Z,zxx,6,4
weather,https://x.com/i/status/2091998177310232934,2026-08-24T21:16:47.000Z,en,1,0
weather,https://x.com/i/status/2091987486918811981,2026-08-24T20:34:18.000Z,zxx,3,2
weather,https://x.com/i/status/2091982975210496122,2026-08-24T20:16:23.000Z,en,0,0
weather,https://x.com/i/status/2091968371835142338,2026-08-24T19:18:21.000Z,zxx,96,14
weather,https://x.com/i/status/2091967456663208429,2026-08-24T19:14:43.000Z,en,1,0
weather,https://x.com/i/status/2091963534842139025,2026-08-24T18:59:08.000Z,en,5,0
weather,https://x.com/i/status/2091963518316921230,2026-08-24T18:59:04.000Z,en,0,0
weather,https://x.com/i/status/2091962659667132450,2026-08-24T18:55:39.000Z,en,0,0
weather,https://x.com/i/status/2091960958063190247,2026-08-24T18:48:53.000Z,en,9,1
weather,https://x.com/i/status/2091959570604118418,2026-08-24T18:43:23.000Z,zxx,0,0
weather,https://x.com/i/status/2091959291989426189,2026-08-24T18:42:16.000Z,en,1,0
weather,https://x.com/i/status/2091955869709631852,2026-08-24T18:28:40.000Z,en,1,0
weather,https://x.com/i/status/2091954859935228124,2026-08-24T18:24:39.000Z,en,0,0
weather,https://x.com/i/status/2091946932037906774,2026-08-24T17:53:09.000Z,en,3693,248
weather,https://x.com/i/status/2091943883580072120,2026-08-24T17:41:02.000Z,zxx,2,2
weather,https://x.com/i/status/2091942510490685702,2026-08-24T17:35:35.000Z,en,1,0
weather,https://x.com/i/status/2091939367224750407,2026-08-24T17:23:06.000Z,en,0,0
weather,https://x.com/i/status/2091931569753825653,2026-08-24T16:52:07.000Z,en,0,0
weather,https://x.com/i/status/2091930792020836425,2026-08-24T16:49:01.000Z,zxx,6,2
weather,https://x.com/i/status/2091929543539937301,2026-08-24T16:44:04.000Z,en,1,0
weather,https://x.com/i/status/2091928718868631606,2026-08-24T16:40:47.000Z,en,0,0
weather,https://x.com/i/status/2091912927901094382,2026-08-24T15:38:02.000Z,en,0,0
weather,https://x.com/i/status/2091905117259813284,2026-08-24T15:07:00.000Z,en,0,0
weather,https://x.com/i/status/2091888263271510232,2026-08-24T14:00:02.000Z,en,7,2
weather,https://x.com/i/status/2091885779073077341,2026-08-24T13:50:09.000Z,en,0,0
weather,https://x.com/i/status/2091884505007038550,2026-08-24T13:45:05.000Z,en,13,0
weather,https://x.com/i/status/2091883930215399850,2026-08-24T13:42:48.000Z,zxx,3,0
weather,https://x.com/i/status/2091881678700417220,2026-08-24T13:33:52.000Z,es,234,36
weather,https://x.com/i/status/2091871621740999142,2026-08-24T12:53:54.000Z,en,0,0
weather,https://x.com/i/status/2091864162876150088,2026-08-24T12:24:16.000Z,en,22,0
weather,https://x.com/i/status/2091863070473589037,2026-08-24T12:19:55.000Z,en,5,2
weather,https://x.com/i/status/2091858000818651621,2026-08-24T11:59:46.000Z,en,1,0
weather,https://x.com/i/status/2091845719262925187,2026-08-24T11:10:58.000Z,en,2,0
weather,https://x.com/i/status/2091845196845637891,2026-08-24T11:08:54.000Z,en,0,0
weather,https://x.com/i/status/2091842958278472146,2026-08-24T11:00:00.000Z,en,3,1
weather,https://x.com/i/status/2091840090318192736,2026-08-24T10:48:36.000Z,en,0,0
weather,https://x.com/i/status/2091809917925503361,2026-08-24T08:48:43.000Z,en,0,0
weather,https://x.com/i/status/2091802828238889271,2026-08-24T08:20:32.000Z,en,0,0
weather,https://x.com/i/status/2091797520817205479,2026-08-24T07:59:27.000Z,en,1,0
weather,https://x.com/i/status/2091769607388340666,2026-08-24T06:08:32.000Z,en,1,0
weather,https://x.com/i/status/2091763354499240298,2026-08-24T05:43:41.000Z,en,57,10
weather,https://x.com/i/status/2091750780428832777,2026-08-24T04:53:43.000Z,en,0,0
weather,https://x.com/i/status/2091748494771933681,2026-08-24T04:44:38.000Z,en,11,8
weather,https://x.com/i/status/2091745945767809244,2026-08-24T04:34:30.000Z,zxx,1,0
weather,https://x.com/i/status/2091714788636147762,2026-08-24T02:30:42.000Z,en,7,0
weather,https://x.com/i/status/2091712901585482169,2026-08-24T02:23:12.000Z,zxx,1,0
weather,https://x.com/i/status/2091711373541589333,2026-08-24T02:17:08.000Z,en,1,0
weather,https://x.com/i/status/2091711090589933632,2026-08-24T02:16:00.000Z,en,85,12
weather,https://x.com/i/status/2091710808510390715,2026-08-24T02:14:53.000Z,zxx,0,0
weather,https://x.com/i/status/2091708160545349660,2026-08-24T02:04:22.000Z,en,0,0
weather,https://x.com/i/status/2091699368856367494,2026-08-24T01:29:26.000Z,zxx,5,0
weather,https://x.com/i/status/2091687976619418057,2026-08-24T00:44:09.000Z,zxx,3,0
weather,https://x.com/i/status/2091665050683470063,2026-08-23T23:13:03.000Z,zxx,1,0
weather,https://x.com/i/status/2091660988361679236,2026-08-23T22:56:55.000Z,en,5,4
weather,https://x.com/i/status/2091653035038552356,2026-08-23T22:25:19.000Z,en,1,1
weather,https://x.com/i/status/2091645229321572754,2026-08-23T21:54:18.000Z,en,4,0
weather,https://x.com/i/status/2091612149923905933,2026-08-23T19:42:51.000Z,en,0,0
weather,https://x.com/i/status/2091609418630881533,2026-08-23T19:32:00.000Z,en,8,2
weather,https://x.com/i/status/2091608108678225991,2026-08-23T19:26:47.000Z,en,0,0
weather,https://x.com/i/status/2091607996069798341,2026-08-23T19:26:21.000Z,en,641,23
weather,https://x.com/i/status/2091607728234082533,2026-08-23T19:25:17.000Z,en,0,0
weather,https://x.com/i/status/2091604394265465056,2026-08-23T19:12:02.000Z,zxx,2,1
weather,https://x.com/i/status/2091601517040349576,2026-08-23T19:00:36.000Z,en,1,0
weather,https://x.com/i/status/2091600032189370756,2026-08-23T18:54:42.000Z,en,1,0
weather,https://x.com/i/status/2091592502658683269,2026-08-23T18:24:47.000Z,en,15,0
weather,https://x.com/i/status/2091586753023123612,2026-08-23T18:01:56.000Z,en,0,0
weather,https://x.com/i/status/2091575179596222491,2026-08-23T17:15:57.000Z,en,0,0
weather,https://x.com/i/status/2091575009680789699,2026-08-23T17:15:16.000Z,en,0,0
weather,https://x.com/i/status/2091570838294192274,2026-08-23T16:58:42.000Z,en,0,0
weather,https://x.com/i/status/2091569207263494219,2026-08-23T16:52:13.000Z,en,3,0
weather,https://x.com/i/status/2091564054338744798,2026-08-23T16:31:44.000Z,en,8,0
weather,https://x.com/i/status/2091555655861645679,2026-08-23T15:58:22.000Z,en,4,0
weather,https://x.com/i/status/2091550388545859786,2026-08-23T15:37:26.000Z,en,31,3
weather,https://x.com/i/status/2091540390516015169,2026-08-23T14:57:42.000Z,en,2,0
weather,https://x.com/i/status/2091529698253967390,2026-08-23T14:15:13.000Z,en,1,1
weather,https://x.com/i/status/2091527008001913229,2026-08-23T14:04:32.000Z,en,0,0
weather,https://x.com/i/status/2091523592534327470,2026-08-23T13:50:57.000Z,zxx,1,0
weather,https://x.com/i/status/2091521370299478081,2026-08-23T13:42:07.000Z,en,14,1
weather,https://x.com/i/status/2091517981604164074,2026-08-23T13:28:39.000Z,en,30,10
weather,https://x.com/i/status/2091512516748993013,2026-08-23T13:06:57.000Z,zxx,8,0
weather,https://x.com/i/status/2091511577119740272,2026-08-23T13:03:13.000Z,en,0,0
vercel-react-best-practices,https://x.com/i/status/2090988029737361563,2026-08-22T02:22:49.000Z,zxx,2,0
vercel-react-best-practices,https://x.com/i/status/2089706412222173442,2026-08-18T13:30:08.000Z,ja,34,2
triage,https://x.com/i/status/2092074092518424793,2026-08-25T02:18:27.000Z,en,0,0
triage,https://x.com/i/status/2092068542296522824,2026-08-25T01:56:23.000Z,en,0,0
triage,https://x.com/i/status/2092066093359862144,2026-08-25T01:46:40.000Z,en,1,0
triage,https://x.com/i/status/2092059244279574588,2026-08-25T01:19:27.000Z,en,1,0
triage,https://x.com/i/status/2092057638846472516,2026-08-25T01:13:04.000Z,en,0,0
triage,https://x.com/i/status/2092056523014844884,2026-08-25T01:08:38.000Z,en,2,1
triage,https://x.com/i/status/2092050566616862950,2026-08-25T00:44:58.000Z,ja,1,0
triage,https://x.com/i/status/2092049903153209677,2026-08-25T00:42:19.000Z,zxx,1,1
triage,https://x.com/i/status/2092049016049779106,2026-08-25T00:38:48.000Z,en,0,0
triage,https://x.com/i/status/2092035234590273819,2026-08-24T23:44:02.000Z,zxx,1,0
triage,https://x.com/i/status/2092032702937477379,2026-08-24T23:33:59.000Z,en,5,0
triage,https://x.com/i/status/2092032057849561575,2026-08-24T23:31:25.000Z,zxx,0,0
triage,https://x.com/i/status/2092026509536162213,2026-08-24T23:09:22.000Z,en,0,0
triage,https://x.com/i/status/2092015343560544285,2026-08-24T22:25:00.000Z,en,0,0
triage,https://x.com/i/status/2092008803923329052,2026-08-24T21:59:01.000Z,en,0,0
triage,https://x.com/i/status/2092000751438434695,2026-08-24T21:27:01.000Z,en,1,0
triage,https://x.com/i/status/2092000426312745227,2026-08-24T21:25:43.000Z,en,2,0
triage,https://x.com/i/status/2091998985502531899,2026-08-24T21:20:00.000Z,en,0,0
triage,https://x.com/i/status/2091998146658251249,2026-08-24T21:16:40.000Z,zxx,28,0
triage,https://x.com/i/status/2091993416150417582,2026-08-24T20:57:52.000Z,zxx,5,3
triage,https://x.com/i/status/2091980989283102775,2026-08-24T20:08:29.000Z,en,1,0
triage,https://x.com/i/status/2091980674940940719,2026-08-24T20:07:14.000Z,en,1,0
triage,https://x.com/i/status/2091979991898620407,2026-08-24T20:04:31.000Z,zxx,0,0
triage,https://x.com/i/status/2091978958200053982,2026-08-24T20:00:25.000Z,zxx,22,1
triage,https://x.com/i/status/2091978760493138295,2026-08-24T19:59:38.000Z,en,0,0
triage,https://x.com/i/status/2091973897126326514,2026-08-24T19:40:18.000Z,en,61,2
triage,https://x.com/i/status/2091972573907001698,2026-08-24T19:35:03.000Z,tr,2,0
triage,https://x.com/i/status/2091970409612898369,2026-08-24T19:26:27.000Z,en,43,2
triage,https://x.com/i/status/2091967270541242696,2026-08-24T19:13:58.000Z,en,0,0
triage,https://x.com/i/status/2091949387673157676,2026-08-24T18:02:55.000Z,en,5,0
triage,https://x.com/i/status/2091948871152800057,2026-08-24T18:00:52.000Z,en,0,0
triage,https://x.com/i/status/2091948409238196716,2026-08-24T17:59:01.000Z,zxx,0,0
triage,https://x.com/i/status/2091947381767971199,2026-08-24T17:54:56.000Z,en,0,0
triage,https://x.com/i/status/2091934496333426694,2026-08-24T17:03:44.000Z,en,0,0
triage,https://x.com/i/status/2091933835013283983,2026-08-24T17:01:07.000Z,en,0,0
triage,https://x.com/i/status/2091933559967588575,2026-08-24T17:00:01.000Z,en,2,1
triage,https://x.com/i/status/2091929508920131627,2026-08-24T16:43:55.000Z,zxx,16,1
triage,https://x.com/i/status/2091928948057776188,2026-08-24T16:41:42.000Z,en,1,0
triage,https://x.com/i/status/2091927749111820768,2026-08-24T16:36:56.000Z,en,0,0
triage,https://x.com/i/status/2091925625732825238,2026-08-24T16:28:29.000Z,en,0,0
triage,https://x.com/i/status/2091925224329470156,2026-08-24T16:26:54.000Z,zxx,1,1
triage,https://x.com/i/status/2091924024234275277,2026-08-24T16:22:08.000Z,en,14,5
triage,https://x.com/i/status/2091921870723408371,2026-08-24T16:13:34.000Z,en,0,0
triage,https://x.com/i/status/2091910916015096097,2026-08-24T15:30:02.000Z,en,2,0
triage,https://x.com/i/status/2091907358318322011,2026-08-24T15:15:54.000Z,ja,2,0
triage,https://x.com/i/status/2091901718061531571,2026-08-24T14:53:29.000Z,zxx,67,3
triage,https://x.com/i/status/2091898304900571501,2026-08-24T14:39:56.000Z,zxx,169,8
triage,https://x.com/i/status/2091891071559086591,2026-08-24T14:11:11.000Z,en,4,0
triage,https://x.com/i/status/2091890136929714671,2026-08-24T14:07:28.000Z,en,7,0
triage,https://x.com/i/status/2091889957006627036,2026-08-24T14:06:45.000Z,en,1,0
triage,https://x.com/i/status/2091889036894126508,2026-08-24T14:03:06.000Z,en,0,0
triage,https://x.com/i/status/2091888282020004041,2026-08-24T14:00:06.000Z,en,4,0
triage,https://x.com/i/status/2091887533827268609,2026-08-24T13:57:08.000Z,en,17,0
triage,https://x.com/i/status/2091874127019983219,2026-08-24T13:03:51.000Z,en,14,0
triage,https://x.com/i/status/2091869706479083563,2026-08-24T12:46:17.000Z,en,2,0
triage,https://x.com/i/status/2091863419192266881,2026-08-24T12:21:18.000Z,en,0,0
triage,https://x.com/i/status/2091862588070023268,2026-08-24T12:18:00.000Z,en,3,0
triage,https://x.com/i/status/2091855395023126726,2026-08-24T11:49:25.000Z,en,1,0
triage,https://x.com/i/status/2091852712996450531,2026-08-24T11:38:46.000Z,en,73,3
triage,https://x.com/i/status/2091843488493306343,2026-08-24T11:02:06.000Z,en,1,0
triage,https://x.com/i/status/2091840055883251835,2026-08-24T10:48:28.000Z,en,4,0
triage,https://x.com/i/status/2091836792462823493,2026-08-24T10:35:30.000Z,zxx,10,1
triage,https://x.com/i/status/2091834103532294533,2026-08-24T10:24:49.000Z,zxx,182,14
triage,https://x.com/i/status/2091829749035196620,2026-08-24T10:07:31.000Z,en,0,0
triage,https://x.com/i/status/2091823001482236343,2026-08-24T09:40:42.000Z,en,3,0
triage,https://x.com/i/status/2091813820356288547,2026-08-24T09:04:13.000Z,en,0,0
triage,https://x.com/i/status/2091812223123706121,2026-08-24T08:57:52.000Z,en,1,0
triage,https://x.com/i/status/2091809272590172180,2026-08-24T08:46:09.000Z,zxx,27,4
triage,https://x.com/i/status/2091804690568847710,2026-08-24T08:27:56.000Z,zxx,57,17
triage,https://x.com/i/status/2091802683631968466,2026-08-24T08:19:58.000Z,en,1,0
triage,https://x.com/i/status/2091795194710720748,2026-08-24T07:50:12.000Z,en,0,0
triage,https://x.com/i/status/2091791881847840873,2026-08-24T07:37:02.000Z,zxx,0,0
triage,https://x.com/i/status/2091778669970956319,2026-08-24T06:44:32.000Z,zh,0,0
triage,https://x.com/i/status/2091754282986995839,2026-08-24T05:07:38.000Z,en,1,2
triage,https://x.com/i/status/2091752388902400224,2026-08-24T05:00:07.000Z,en,0,0
triage,https://x.com/i/status/2091752135905911003,2026-08-24T04:59:06.000Z,en,0,0
triage,https://x.com/i/status/2091749693525254351,2026-08-24T04:49:24.000Z,en,0,0
triage,https://x.com/i/status/2091747322086543702,2026-08-24T04:39:59.000Z,en,0,0
triage,https://x.com/i/status/2091742162220462291,2026-08-24T04:19:28.000Z,en,0,0
triage,https://x.com/i/status/2091739640399294651,2026-08-24T04:09:27.000Z,zxx,0,0
triage,https://x.com/i/status/2091739230942753204,2026-08-24T04:07:49.000Z,en,1,0
triage,https://x.com/i/status/2091722920464961667,2026-08-24T03:03:01.000Z,en,0,0
triage,https://x.com/i/status/2091715258008367287,2026-08-24T02:32:34.000Z,zxx,1,0
triage,https://x.com/i/status/2091712551046291865,2026-08-24T02:21:48.000Z,en,14,0
triage,https://x.com/i/status/2091678112845320507,2026-08-24T00:04:58.000Z,en,35,2
triage,https://x.com/i/status/2091674187920449761,2026-08-23T23:49:22.000Z,en,0,0
triage,https://x.com/i/status/2091665050683470063,2026-08-23T23:13:03.000Z,zxx,1,0
triage,https://x.com/i/status/2091654969229512771,2026-08-23T22:33:00.000Z,ja,3,0
triage,https://x.com/i/status/2091653344817250769,2026-08-23T22:26:33.000Z,en,2,0
triage,https://x.com/i/status/2091645460997951527,2026-08-23T21:55:13.000Z,en,0,0
triage,https://x.com/i/status/2091641693493923907,2026-08-23T21:40:15.000Z,en,13,3
triage,https://x.com/i/status/2091637218356183532,2026-08-23T21:22:28.000Z,en,0,0
triage,https://x.com/i/status/2091635816372039764,2026-08-23T21:16:53.000Z,en,0,0
triage,https://x.com/i/status/2091635444958241239,2026-08-23T21:15:25.000Z,zxx,5,0
triage,https://x.com/i/status/2091633352042283498,2026-08-23T21:07:06.000Z,en,0,0
triage,https://x.com/i/status/2091621756091924783,2026-08-23T20:21:01.000Z,zxx,3,2
triage,https://x.com/i/status/2091617485577433157,2026-08-23T20:04:03.000Z,en,173,14
triage,https://x.com/i/status/2091615051493105670,2026-08-23T19:54:23.000Z,en,0,0
triage,https://x.com/i/status/2091610447078113722,2026-08-23T19:36:05.000Z,zxx,13,3
triage,https://x.com/i/status/2091608411741806916,2026-08-23T19:28:00.000Z,en,0,0
prototype,https://x.com/i/status/2092079701497901461,2026-08-25T02:40:44.000Z,en,0,0
prototype,https://x.com/i/status/2092077488197222635,2026-08-25T02:31:56.000Z,en,1,0
prototype,https://x.com/i/status/2092059217658273814,2026-08-25T01:19:20.000Z,zh,5,0
prototype,https://x.com/i/status/2092056669329195106,2026-08-25T01:09:13.000Z,th,0,0
prototype,https://x.com/i/status/2092054623771361650,2026-08-25T01:01:05.000Z,en,0,0
prototype,https://x.com/i/status/2092045828185878579,2026-08-25T00:26:08.000Z,en,0,0
prototype,https://x.com/i/status/2092042960107876400,2026-08-25T00:14:44.000Z,en,0,0
prototype,https://x.com/i/status/2092042167799734612,2026-08-25T00:11:35.000Z,en,1,0
prototype,https://x.com/i/status/2092037987983106403,2026-08-24T23:54:59.000Z,en,3,0
prototype,https://x.com/i/status/2092037981049925686,2026-08-24T23:54:57.000Z,zh,0,0
prototype,https://x.com/i/status/2092023976939995428,2026-08-24T22:59:18.000Z,en,1,0
prototype,https://x.com/i/status/2092018884765229414,2026-08-24T22:39:04.000Z,en,1,0
prototype,https://x.com/i/status/2092013813654753705,2026-08-24T22:18:55.000Z,en,6,0
prototype,https://x.com/i/status/2092008541355696410,2026-08-24T21:57:58.000Z,zxx,6,4
prototype,https://x.com/i/status/2092000307840475576,2026-08-24T21:25:15.000Z,en,0,0
prototype,https://x.com/i/status/2091990178638496195,2026-08-24T20:45:00.000Z,en,633,66
prototype,https://x.com/i/status/2091984551451271265,2026-08-24T20:22:38.000Z,en,1,0
prototype,https://x.com/i/status/2091984474674184562,2026-08-24T20:22:20.000Z,en,2,0
prototype,https://x.com/i/status/2091979746741490020,2026-08-24T20:03:33.000Z,en,0,0
prototype,https://x.com/i/status/2091979444919607554,2026-08-24T20:02:21.000Z,en,90,8
prototype,https://x.com/i/status/2091979331979583678,2026-08-24T20:01:54.000Z,zh,92,15
prototype,https://x.com/i/status/2091977642098790733,2026-08-24T19:55:11.000Z,zxx,2,0
prototype,https://x.com/i/status/2091973755002290375,2026-08-24T19:39:44.000Z,en,2432,668
prototype,https://x.com/i/status/2091968614492770609,2026-08-24T19:19:19.000Z,en,0,1
prototype,https://x.com/i/status/2091968521882202529,2026-08-24T19:18:57.000Z,en,0,0
prototype,https://x.com/i/status/2091968482866815422,2026-08-24T19:18:47.000Z,en,0,0
prototype,https://x.com/i/status/2091967973506576864,2026-08-24T19:16:46.000Z,en,5,0
prototype,https://x.com/i/status/2091967528302207445,2026-08-24T19:15:00.000Z,en,0,0
prototype,https://x.com/i/status/2091962979566899251,2026-08-24T18:56:55.000Z,en,0,1
prototype,https://x.com/i/status/2091959332292182408,2026-08-24T18:42:26.000Z,en,0,0
prototype,https://x.com/i/status/2091959203359596953,2026-08-24T18:41:55.000Z,zxx,0,0
prototype,https://x.com/i/status/2091955611890045257,2026-08-24T18:27:39.000Z,en,0,0
prototype,https://x.com/i/status/2091951805618176190,2026-08-24T18:12:31.000Z,en,31,2
prototype,https://x.com/i/status/2091949387673157676,2026-08-24T18:02:55.000Z,en,5,0
prototype,https://x.com/i/status/2091939858755535281,2026-08-24T17:25:03.000Z,en,2,0
prototype,https://x.com/i/status/2091936649571709420,2026-08-24T17:12:18.000Z,zxx,27,0
prototype,https://x.com/i/status/2091933566917619762,2026-08-24T17:00:03.000Z,en,3,0
prototype,https://x.com/i/status/2091931247308148894,2026-08-24T16:50:50.000Z,en,1,0
prototype,https://x.com/i/status/2091929710452203779,2026-08-24T16:44:43.000Z,en,72,2
prototype,https://x.com/i/status/2091929508920131627,2026-08-24T16:43:55.000Z,zxx,16,1
prototype,https://x.com/i/status/2091928834597634131,2026-08-24T16:41:14.000Z,en,4,0
prototype,https://x.com/i/status/2091928129615147305,2026-08-24T16:38:26.000Z,zxx,0,0
prototype,https://x.com/i/status/2091926155330801944,2026-08-24T16:30:36.000Z,ar,2,0
prototype,https://x.com/i/status/2091925798827782569,2026-08-24T16:29:11.000Z,en,0,0
prototype,https://x.com/i/status/2091925425627021344,2026-08-24T16:27:42.000Z,en,0,0
prototype,https://x.com/i/status/2091925224329470156,2026-08-24T16:26:54.000Z,zxx,1,1
prototype,https://x.com/i/status/2091920247616119239,2026-08-24T16:07:07.000Z,en,0,0
prototype,https://x.com/i/status/2091919211215949954,2026-08-24T16:03:00.000Z,en,2,0
prototype,https://x.com/i/status/2091919001006031254,2026-08-24T16:02:10.000Z,en,66,0
prototype,https://x.com/i/status/2091918202435424326,2026-08-24T15:59:00.000Z,en,2,0
prototype,https://x.com/i/status/2091915916955005324,2026-08-24T15:49:55.000Z,en,2,0
prototype,https://x.com/i/status/2091914092197957731,2026-08-24T15:42:40.000Z,en,7,1
prototype,https://x.com/i/status/2091913636801310907,2026-08-24T15:40:51.000Z,zxx,18,0
prototype,https://x.com/i/status/2091911105224613888,2026-08-24T15:30:47.000Z,en,3,0
prototype,https://x.com/i/status/2091908674298007680,2026-08-24T15:21:08.000Z,en,1,0
prototype,https://x.com/i/status/2091906574012879228,2026-08-24T15:12:47.000Z,en,2,0
prototype,https://x.com/i/status/2091905479580545184,2026-08-24T15:08:26.000Z,en,2,0
prototype,https://x.com/i/status/2091904486063186426,2026-08-24T15:04:29.000Z,en,1,0
prototype,https://x.com/i/status/2091903047928607053,2026-08-24T14:58:46.000Z,en,0,0
prototype,https://x.com/i/status/2091901626818646481,2026-08-24T14:53:08.000Z,en,6,1
prototype,https://x.com/i/status/2091899679508201565,2026-08-24T14:45:23.000Z,en,1,0
prototype,https://x.com/i/status/2091895025739219166,2026-08-24T14:26:54.000Z,en,4,0
prototype,https://x.com/i/status/2091892908903272481,2026-08-24T14:18:29.000Z,en,1,0
prototype,https://x.com/i/status/2091892525779066924,2026-08-24T14:16:58.000Z,en,3,0
prototype,https://x.com/i/status/2091891139213238303,2026-08-24T14:11:27.000Z,en,1,0
prototype,https://x.com/i/status/2091889161506828793,2026-08-24T14:03:36.000Z,en,5,1
prototype,https://x.com/i/status/2091887901575352697,2026-08-24T13:58:35.000Z,en,0,0
prototype,https://x.com/i/status/2091887317199839671,2026-08-24T13:56:16.000Z,en,0,0
prototype,https://x.com/i/status/2091884222432641131,2026-08-24T13:43:58.000Z,en,12,3
prototype,https://x.com/i/status/2091881722212229325,2026-08-24T13:34:02.000Z,en,0,0
prototype,https://x.com/i/status/2091875937931706580,2026-08-24T13:11:03.000Z,en,0,0
prototype,https://x.com/i/status/2091875099829780680,2026-08-24T13:07:43.000Z,en,3,0
prototype,https://x.com/i/status/2091874298784796713,2026-08-24T13:04:32.000Z,en,2,0
prototype,https://x.com/i/status/2091856450691776678,2026-08-24T11:53:37.000Z,en,1,1
prototype,https://x.com/i/status/2091853309237772448,2026-08-24T11:41:08.000Z,en,1,0
prototype,https://x.com/i/status/2091851659953463441,2026-08-24T11:34:35.000Z,en,0,0
prototype,https://x.com/i/status/2091848018903617544,2026-08-24T11:20:07.000Z,en,1,0
prototype,https://x.com/i/status/2091846107886227955,2026-08-24T11:12:31.000Z,en,3,0
prototype,https://x.com/i/status/2091843506742735259,2026-08-24T11:02:11.000Z,vi,0,0
prototype,https://x.com/i/status/2091840518032650731,2026-08-24T10:50:18.000Z,th,38,27
prototype,https://x.com/i/status/2091826413464904110,2026-08-24T09:54:15.000Z,en,0,0
prototype,https://x.com/i/status/2091820593578475633,2026-08-24T09:31:08.000Z,en,0,0
prototype,https://x.com/i/status/2091819468640883187,2026-08-24T09:26:40.000Z,zxx,115,6
prototype,https://x.com/i/status/2091812314378830211,2026-08-24T08:58:14.000Z,zxx,91,29
prototype,https://x.com/i/status/2091798086431510633,2026-08-24T08:01:42.000Z,en,0,0
prototype,https://x.com/i/status/2091797864133353578,2026-08-24T08:00:49.000Z,en,13,2
prototype,https://x.com/i/status/2091793878731145285,2026-08-24T07:44:58.000Z,en,0,0
prototype,https://x.com/i/status/2091792445810102646,2026-08-24T07:39:17.000Z,en,2,1
prototype,https://x.com/i/status/2091791881847840873,2026-08-24T07:37:02.000Z,zxx,0,0
prototype,https://x.com/i/status/2091784934817931467,2026-08-24T07:09:26.000Z,en,0,0
prototype,https://x.com/i/status/2091776541092954261,2026-08-24T06:36:05.000Z,vi,11,1
prototype,https://x.com/i/status/2091773853055820117,2026-08-24T06:25:24.000Z,en,0,0
prototype,https://x.com/i/status/2091768267937652993,2026-08-24T06:03:12.000Z,en,7,0
prototype,https://x.com/i/status/2091767645075128422,2026-08-24T06:00:44.000Z,en,5,1
prototype,https://x.com/i/status/2091764495991595501,2026-08-24T05:48:13.000Z,en,1,0
prototype,https://x.com/i/status/2091759386980970803,2026-08-24T05:27:55.000Z,en,0,0
prototype,https://x.com/i/status/2091746050058973630,2026-08-24T04:34:55.000Z,en,3,1
prototype,https://x.com/i/status/2091743507534717109,2026-08-24T04:24:49.000Z,en,0,0
prototype,https://x.com/i/status/2091743334066733243,2026-08-24T04:24:08.000Z,en,1,0
prototype,https://x.com/i/status/2091742414234935717,2026-08-24T04:20:28.000Z,en,0,0
lark-doc,https://x.com/i/status/2091459288644636715,2026-08-23T09:35:26.000Z,zxx,0,0
humanizer,https://x.com/i/status/2092024237792153631,2026-08-24T23:00:20.000Z,en,0,0
humanizer,https://x.com/i/status/2091971347496722615,2026-08-24T19:30:10.000Z,pt,2,0
humanizer,https://x.com/i/status/2091967085882572882,2026-08-24T19:13:14.000Z,es,1,0
humanizer,https://x.com/i/status/2091908176467648656,2026-08-24T15:19:09.000Z,en,1,0
humanizer,https://x.com/i/status/2091886240916451709,2026-08-24T13:51:59.000Z,en,151,21
humanizer,https://x.com/i/status/2091868583878172710,2026-08-24T12:41:50.000Z,en,44,28
humanizer,https://x.com/i/status/2091862606156104149,2026-08-24T12:18:04.000Z,en,0,0
humanizer,https://x.com/i/status/2091803477752045779,2026-08-24T08:23:07.000Z,en,0,0
humanizer,https://x.com/i/status/2091801698708693015,2026-08-24T08:16:03.000Z,en,0,0
humanizer,https://x.com/i/status/2091797649825628299,2026-08-24T07:59:58.000Z,zh,132,20
humanizer,https://x.com/i/status/2091764751965823402,2026-08-24T05:49:14.000Z,en,37,11
humanizer,https://x.com/i/status/2091763073417621686,2026-08-24T05:42:34.000Z,en,0,0
humanizer,https://x.com/i/status/2091538403611533820,2026-08-23T14:49:48.000Z,zxx,1427,132
humanizer,https://x.com/i/status/2091537226320486894,2026-08-23T14:45:08.000Z,de,0,0
humanizer,https://x.com/i/status/2091526119787020694,2026-08-23T14:01:00.000Z,zh,4,0
humanizer,https://x.com/i/status/2091373999922336216,2026-08-23T03:56:32.000Z,en,0,0
humanizer,https://x.com/i/status/2091365612102864998,2026-08-23T03:23:12.000Z,zh,0,0
humanizer,https://x.com/i/status/2091365237450825805,2026-08-23T03:21:42.000Z,en,0,0
humanizer,https://x.com/i/status/2091351418145853944,2026-08-23T02:26:48.000Z,en,50,0
humanizer,https://x.com/i/status/2091299396818542701,2026-08-22T23:00:05.000Z,ja,922,64
humanizer,https://x.com/i/status/2091253305053761905,2026-08-22T19:56:56.000Z,en,1,0
humanizer,https://x.com/i/status/2091223473670721777,2026-08-22T17:58:23.000Z,en,3,0
humanizer,https://x.com/i/status/2091212733333073965,2026-08-22T17:15:43.000Z,pt,1,0
humanizer,https://x.com/i/status/2091210060932268086,2026-08-22T17:05:05.000Z,tr,188,16
humanizer,https://x.com/i/status/2091179630958907580,2026-08-22T15:04:10.000Z,es,316,78
humanizer,https://x.com/i/status/2091169473096982833,2026-08-22T14:23:49.000Z,en,1,0
humanizer,https://x.com/i/status/2091131223343079835,2026-08-22T11:51:49.000Z,en,0,0
humanizer,https://x.com/i/status/2091003945737236959,2026-08-22T03:26:04.000Z,zh,199,29
humanizer,https://x.com/i/status/2090921392929718593,2026-08-21T21:58:02.000Z,en,15,0
humanizer,https://x.com/i/status/2090868379053646060,2026-08-21T18:27:22.000Z,en,0,0
humanizer,https://x.com/i/status/2090851128208462198,2026-08-21T17:18:49.000Z,en,2,0
humanizer,https://x.com/i/status/2090831325838311473,2026-08-21T16:00:08.000Z,en,0,0
humanizer,https://x.com/i/status/2090810179994443827,2026-08-21T14:36:06.000Z,pt,3,0
humanizer,https://x.com/i/status/2090762588669837448,2026-08-21T11:27:00.000Z,zh,1,0
humanizer,https://x.com/i/status/2090728504925036620,2026-08-21T09:11:34.000Z,en,1,0
humanizer,https://x.com/i/status/2090667784728723891,2026-08-21T05:10:17.000Z,ja,3,0
humanizer,https://x.com/i/status/2090576210774688142,2026-08-20T23:06:24.000Z,zh,0,0
humanizer,https://x.com/i/status/2090561644749558192,2026-08-20T22:08:31.000Z,en,2,0
humanizer,https://x.com/i/status/2090506658283671823,2026-08-20T18:30:01.000Z,en,4,0
humanizer,https://x.com/i/status/2090503392141721657,2026-08-20T18:17:03.000Z,en,9,0
humanizer,https://x.com/i/status/2090496942207914030,2026-08-20T17:51:25.000Z,en,2,0
humanizer,https://x.com/i/status/2090440021832847516,2026-08-20T14:05:14.000Z,en,35,10
humanizer,https://x.com/i/status/2090422598140342358,2026-08-20T12:56:00.000Z,en,9,1
humanizer,https://x.com/i/status/2090413637395771853,2026-08-20T12:20:23.000Z,ja,50,2
humanizer,https://x.com/i/status/2090410259374375043,2026-08-20T12:06:58.000Z,zxx,7,0
humanizer,https://x.com/i/status/2090394319605616685,2026-08-20T11:03:38.000Z,en,2,0
humanizer,https://x.com/i/status/2090372380233175373,2026-08-20T09:36:27.000Z,en,3,0
humanizer,https://x.com/i/status/2090368064105615709,2026-08-20T09:19:18.000Z,en,0,0
humanizer,https://x.com/i/status/2090294242069647488,2026-08-20T04:25:57.000Z,zh,2,0
humanizer,https://x.com/i/status/2090206411254878709,2026-08-19T22:36:57.000Z,en,1,0
humanizer,https://x.com/i/status/2090181685044281497,2026-08-19T20:58:42.000Z,en,0,0
humanizer,https://x.com/i/status/2090155890380824759,2026-08-19T19:16:12.000Z,es,5,0
humanizer,https://x.com/i/status/2090152908427784589,2026-08-19T19:04:21.000Z,fr,0,0
humanizer,https://x.com/i/status/2090136228859719972,2026-08-19T17:58:04.000Z,en,1,0
humanizer,https://x.com/i/status/2090073374516969609,2026-08-19T13:48:18.000Z,en,39,0
humanizer,https://x.com/i/status/2090065002493280356,2026-08-19T13:15:02.000Z,en,0,0
humanizer,https://x.com/i/status/2089929158692388891,2026-08-19T04:15:15.000Z,en,328,3
humanizer,https://x.com/i/status/2089910840556163412,2026-08-19T03:02:27.000Z,en,3,0
humanizer,https://x.com/i/status/2089819725815779769,2026-08-18T21:00:24.000Z,ja,3,0
humanizer,https://x.com/i/status/2089779360047808634,2026-08-18T18:20:00.000Z,zh,1,0
humanizer,https://x.com/i/status/2089739889906688235,2026-08-18T15:43:09.000Z,zxx,291,44
humanizer,https://x.com/i/status/2089731367722475916,2026-08-18T15:09:18.000Z,en,2,0
humanizer,https://x.com/i/status/2089694356554793008,2026-08-18T12:42:13.000Z,en,1,0
humanizer,https://x.com/i/status/2089665117948399869,2026-08-18T10:46:02.000Z,en,0,0
humanizer,https://x.com/i/status/2089613282139402602,2026-08-18T07:20:04.000Z,fr,13,1
humanizer,https://x.com/i/status/2089558017595556290,2026-08-18T03:40:28.000Z,zh,5,0
humanizer,https://x.com/i/status/2089544359913922917,2026-08-18T02:46:11.000Z,en,0,0
lark-base,https://x.com/i/status/2091459288644636715,2026-08-23T09:35:26.000Z,zxx,0,0
nano-pdf,https://x.com/i/status/2090017804343001120,2026-08-19T10:07:29.000Z,zxx,8,1
nano-pdf,https://x.com/i/status/2089660943877996895,2026-08-18T10:29:27.000Z,zxx,14,1
obsidian,https://x.com/i/status/2092081173346635814,2026-08-25T02:46:35.000Z,en,0,1
obsidian,https://x.com/i/status/2092076661881843835,2026-08-25T02:28:39.000Z,zxx,3,1
obsidian,https://x.com/i/status/2092076034690519488,2026-08-25T02:26:10.000Z,en,0,0
obsidian,https://x.com/i/status/2092076032098476272,2026-08-25T02:26:09.000Z,en,0,0
obsidian,https://x.com/i/status/2092074746619805792,2026-08-25T02:21:03.000Z,es,1,0
obsidian,https://x.com/i/status/2092069451562651652,2026-08-25T02:00:00.000Z,in,1,0
obsidian,https://x.com/i/status/2092067124114010127,2026-08-25T01:50:45.000Z,es,9,0
obsidian,https://x.com/i/status/2092063365442977853,2026-08-25T01:35:49.000Z,ar,1,0
obsidian,https://x.com/i/status/2092062908507361660,2026-08-25T01:34:00.000Z,en,3,0
obsidian,https://x.com/i/status/2092057636216647728,2026-08-25T01:13:03.000Z,en,0,0
obsidian,https://x.com/i/status/2092056267649163699,2026-08-25T01:07:37.000Z,ja,1,0
obsidian,https://x.com/i/status/2092055166002630997,2026-08-25T01:03:14.000Z,en,1,0
obsidian,https://x.com/i/status/2092054375569260953,2026-08-25T01:00:06.000Z,ja,1,0
obsidian,https://x.com/i/status/2092041601040240923,2026-08-25T00:09:20.000Z,en,1,0
obsidian,https://x.com/i/status/2092039256072171635,2026-08-25T00:00:01.000Z,en,2,0
obsidian,https://x.com/i/status/2092032378319343905,2026-08-24T23:32:41.000Z,en,10,2
obsidian,https://x.com/i/status/2092029432953278796,2026-08-24T23:20:59.000Z,en,1,0
obsidian,https://x.com/i/status/2092028934863167571,2026-08-24T23:19:00.000Z,ja,64,4
obsidian,https://x.com/i/status/2092026938143727930,2026-08-24T23:11:04.000Z,ja,12,2
obsidian,https://x.com/i/status/2092024152198906084,2026-08-24T23:00:00.000Z,en,7,2
obsidian,https://x.com/i/status/2092018571023139017,2026-08-24T22:37:49.000Z,ja,0,0
obsidian,https://x.com/i/status/2092017301885165805,2026-08-24T22:32:47.000Z,es,6,0
obsidian,https://x.com/i/status/2092016618972815555,2026-08-24T22:30:04.000Z,ja,1,0
obsidian,https://x.com/i/status/2092013270936715637,2026-08-24T22:16:46.000Z,en,25,0
obsidian,https://x.com/i/status/2092011478606057531,2026-08-24T22:09:38.000Z,ja,1,0
obsidian,https://x.com/i/status/2092011344073761076,2026-08-24T22:09:06.000Z,ja,0,0
obsidian,https://x.com/i/status/2092008771682005498,2026-08-24T21:58:53.000Z,ja,0,0
obsidian,https://x.com/i/status/2092008480463003775,2026-08-24T21:57:44.000Z,zxx,0,0
obsidian,https://x.com/i/status/2092007747705303365,2026-08-24T21:54:49.000Z,en,9,0
obsidian,https://x.com/i/status/2092000404930166930,2026-08-24T21:25:38.000Z,en,12,0
obsidian,https://x.com/i/status/2091997560713941163,2026-08-24T21:14:20.000Z,fr,2,0
obsidian,https://x.com/i/status/2091993953327587346,2026-08-24T21:00:00.000Z,en,1,0
obsidian,https://x.com/i/status/2091984482232385654,2026-08-24T20:22:22.000Z,ar,2,0
obsidian,https://x.com/i/status/2091981473234735340,2026-08-24T20:10:25.000Z,en,2,0
obsidian,https://x.com/i/status/2091978829044826271,2026-08-24T19:59:54.000Z,ja,1,0
obsidian,https://x.com/i/status/2091974420927844833,2026-08-24T19:42:23.000Z,fr,1,0
obsidian,https://x.com/i/status/2091974069381968134,2026-08-24T19:40:59.000Z,en,0,0
obsidian,https://x.com/i/status/2091969054093566424,2026-08-24T19:21:04.000Z,en,7,1
obsidian,https://x.com/i/status/2091967679670427831,2026-08-24T19:15:36.000Z,en,1,0
obsidian,https://x.com/i/status/2091966147180876195,2026-08-24T19:09:30.000Z,ja,2,0
obsidian,https://x.com/i/status/2091965929165148224,2026-08-24T19:08:39.000Z,en,1,0
obsidian,https://x.com/i/status/2091965028199244111,2026-08-24T19:05:04.000Z,en,14,0
obsidian,https://x.com/i/status/2091964690792644727,2026-08-24T19:03:43.000Z,en,1,0
obsidian,https://x.com/i/status/2091961162909048947,2026-08-24T18:49:42.000Z,en,2,0
obsidian,https://x.com/i/status/2091958614676394403,2026-08-24T18:39:35.000Z,ja,1,0
obsidian,https://x.com/i/status/2091958398896255316,2026-08-24T18:38:43.000Z,en,1,0
obsidian,https://x.com/i/status/2091955161103003723,2026-08-24T18:25:51.000Z,en,0,0
obsidian,https://x.com/i/status/2091949478479581314,2026-08-24T18:03:16.000Z,en,1,0
obsidian,https://x.com/i/status/2091947647334498699,2026-08-24T17:56:00.000Z,en,5,1
obsidian,https://x.com/i/status/2091942084978582006,2026-08-24T17:33:54.000Z,en,10,1
obsidian,https://x.com/i/status/2091941353454526916,2026-08-24T17:30:59.000Z,en,2,0
obsidian,https://x.com/i/status/2091940316123214048,2026-08-24T17:26:52.000Z,en,0,0
obsidian,https://x.com/i/status/2091939200233050581,2026-08-24T17:22:26.000Z,en,8,3
obsidian,https://x.com/i/status/2091936420885672403,2026-08-24T17:11:23.000Z,en,0,0
obsidian,https://x.com/i/status/2091935820504789287,2026-08-24T17:09:00.000Z,es,1379,234
obsidian,https://x.com/i/status/2091934669352956233,2026-08-24T17:04:26.000Z,zxx,0,0
obsidian,https://x.com/i/status/2091934610473316409,2026-08-24T17:04:12.000Z,en,4,0
obsidian,https://x.com/i/status/2091934396907389344,2026-08-24T17:03:21.000Z,en,82,2
obsidian,https://x.com/i/status/2091933559967588575,2026-08-24T17:00:01.000Z,en,2,1
obsidian,https://x.com/i/status/2091924737039462465,2026-08-24T16:24:58.000Z,en,35,2
obsidian,https://x.com/i/status/2091923918718386494,2026-08-24T16:21:42.000Z,en,2,0
obsidian,https://x.com/i/status/2091923878981644387,2026-08-24T16:21:33.000Z,en,0,0
obsidian,https://x.com/i/status/2091922136558674236,2026-08-24T16:14:38.000Z,zh,0,0
obsidian,https://x.com/i/status/2091920516290347471,2026-08-24T16:08:11.000Z,en,125,33
obsidian,https://x.com/i/status/2091920472396959872,2026-08-24T16:08:01.000Z,en,36,5
obsidian,https://x.com/i/status/2091918622960628183,2026-08-24T16:00:40.000Z,en,34,5
obsidian,https://x.com/i/status/2091914250273136970,2026-08-24T15:43:17.000Z,en,0,0
obsidian,https://x.com/i/status/2091911670243504135,2026-08-24T15:33:02.000Z,en,63,27
obsidian,https://x.com/i/status/2091910723853312406,2026-08-24T15:29:17.000Z,ko,0,0
obsidian,https://x.com/i/status/2091906529293455842,2026-08-24T15:12:36.000Z,en,0,0
obsidian,https://x.com/i/status/2091905620446445801,2026-08-24T15:09:00.000Z,zh,20,4
obsidian,https://x.com/i/status/2091905425440674023,2026-08-24T15:08:13.000Z,en,19,9
obsidian,https://x.com/i/status/2091900864176980220,2026-08-24T14:50:06.000Z,zh,1,0
obsidian,https://x.com/i/status/2091900762913923405,2026-08-24T14:49:42.000Z,ja,1,0
obsidian,https://x.com/i/status/2091899334061387964,2026-08-24T14:44:01.000Z,ja,2,0
obsidian,https://x.com/i/status/2091898921631322499,2026-08-24T14:42:23.000Z,ja,2,0
obsidian,https://x.com/i/status/2091895981977506171,2026-08-24T14:30:42.000Z,es,0,0
obsidian,https://x.com/i/status/2091894822567293197,2026-08-24T14:26:05.000Z,en,8,0
obsidian,https://x.com/i/status/2091892487342223709,2026-08-24T14:16:49.000Z,es,31,1
obsidian,https://x.com/i/status/2091892064397213944,2026-08-24T14:15:08.000Z,ja,1,0
obsidian,https://x.com/i/status/2091886932334665984,2026-08-24T13:54:44.000Z,en,0,0
obsidian,https://x.com/i/status/2091884541267116431,2026-08-24T13:45:14.000Z,en,1,0
obsidian,https://x.com/i/status/2091881715946188817,2026-08-24T13:34:01.000Z,en,0,0
obsidian,https://x.com/i/status/2091880621391941711,2026-08-24T13:29:40.000Z,es,334,25
obsidian,https://x.com/i/status/2091879443388350535,2026-08-24T13:24:59.000Z,en,2,0
obsidian,https://x.com/i/status/2091875783887450388,2026-08-24T13:10:26.000Z,ja,1,0
obsidian,https://x.com/i/status/2091873766095683763,2026-08-24T13:02:25.000Z,zxx,433,88
obsidian,https://x.com/i/status/2091865008451813602,2026-08-24T12:27:37.000Z,en,14,0
obsidian,https://x.com/i/status/2091864628691366145,2026-08-24T12:26:07.000Z,en,0,0
obsidian,https://x.com/i/status/2091863997582827608,2026-08-24T12:23:36.000Z,en,1,0
obsidian,https://x.com/i/status/2091863878078538069,2026-08-24T12:23:08.000Z,en,0,0
obsidian,https://x.com/i/status/2091862468587139279,2026-08-24T12:17:32.000Z,en,0,0
obsidian,https://x.com/i/status/2091862177691140328,2026-08-24T12:16:22.000Z,en,1,0
obsidian,https://x.com/i/status/2091858063343140916,2026-08-24T12:00:01.000Z,ja,1,0
obsidian,https://x.com/i/status/2091855045985960189,2026-08-24T11:48:02.000Z,en,1,0
obsidian,https://x.com/i/status/2091853663127941412,2026-08-24T11:42:32.000Z,fr,0,0
obsidian,https://x.com/i/status/2091853591703117998,2026-08-24T11:42:15.000Z,fr,0,0
obsidian,https://x.com/i/status/2091853024113119565,2026-08-24T11:40:00.000Z,en,1,0
obsidian,https://x.com/i/status/2091851577133052141,2026-08-24T11:34:15.000Z,zh,86,23
obsidian,https://x.com/i/status/2091845001609122086,2026-08-24T11:08:07.000Z,en,0,0
lark-drive,https://x.com/i/status/2091459288644636715,2026-08-23T09:35:26.000Z,zxx,0,0
nano-banana-pro,https://x.com/i/status/2091993265486590265,2026-08-24T20:57:16.000Z,en,4,0
nano-banana-pro,https://x.com/i/status/2091876234590326981,2026-08-24T13:12:14.000Z,en,0,0
nano-banana-pro,https://x.com/i/status/2091839643302109258,2026-08-24T10:46:50.000Z,en,57,7
nano-banana-pro,https://x.com/i/status/2091838015681257651,2026-08-24T10:40:22.000Z,fa,110,3
nano-banana-pro,https://x.com/i/status/2091718880834261076,2026-08-24T02:46:58.000Z,zxx,28,1
nano-banana-pro,https://x.com/i/status/2091705449716621578,2026-08-24T01:53:35.000Z,en,1,0
nano-banana-pro,https://x.com/i/status/2091679713999925432,2026-08-24T00:11:20.000Z,ja,0,0
nano-banana-pro,https://x.com/i/status/2091518037224804828,2026-08-23T13:28:53.000Z,zxx,3,0
nano-banana-pro,https://x.com/i/status/2091435340334858738,2026-08-23T08:00:16.000Z,ja,6,0
nano-banana-pro,https://x.com/i/status/2091380628147347854,2026-08-23T04:22:52.000Z,ja,7,0
nano-banana-pro,https://x.com/i/status/2091300342948303134,2026-08-22T23:03:50.000Z,en,0,0
nano-banana-pro,https://x.com/i/status/2091156004775797115,2026-08-22T13:30:17.000Z,en,17,2
nano-banana-pro,https://x.com/i/status/2091094692427345937,2026-08-22T09:26:39.000Z,ja,1,0
nano-banana-pro,https://x.com/i/status/2091085404208296392,2026-08-22T08:49:45.000Z,en,12,1
nano-banana-pro,https://x.com/i/status/2091004368250352113,2026-08-22T03:27:45.000Z,ja,1,0
nano-banana-pro,https://x.com/i/status/2090965143706608106,2026-08-22T00:51:53.000Z,zxx,22,2
nano-banana-pro,https://x.com/i/status/2090859170463621559,2026-08-21T17:50:47.000Z,pt,2,0
nano-banana-pro,https://x.com/i/status/2090855719545237606,2026-08-21T17:37:04.000Z,en,0,0
nano-banana-pro,https://x.com/i/status/2090847613725847555,2026-08-21T17:04:51.000Z,pt,0,0
nano-banana-pro,https://x.com/i/status/2090841329370632640,2026-08-21T16:39:53.000Z,en,0,0
nano-banana-pro,https://x.com/i/status/2090814215703376256,2026-08-21T14:52:09.000Z,en,6,0
nano-banana-pro,https://x.com/i/status/2090783016818032941,2026-08-21T12:48:10.000Z,ja,10,1
nano-banana-pro,https://x.com/i/status/2090739111883878714,2026-08-21T09:53:42.000Z,zh,5,2
nano-banana-pro,https://x.com/i/status/2090717106262151398,2026-08-21T08:26:16.000Z,ar,0,0
nano-banana-pro,https://x.com/i/status/2090643204161122784,2026-08-21T03:32:36.000Z,en,11,1
nano-banana-pro,https://x.com/i/status/2090501092144824343,2026-08-20T18:07:54.000Z,en,14,0
nano-banana-pro,https://x.com/i/status/2090495936980001049,2026-08-20T17:47:25.000Z,en,1,1
nano-banana-pro,https://x.com/i/status/2090459747052879874,2026-08-20T15:23:37.000Z,en,0,0
nano-banana-pro,https://x.com/i/status/2090403122694791473,2026-08-20T11:38:36.000Z,en,3,1
nano-banana-pro,https://x.com/i/status/2090379907868352602,2026-08-20T10:06:22.000Z,th,2,5
nano-banana-pro,https://x.com/i/status/2090348784299716849,2026-08-20T08:02:41.000Z,zxx,2,0
nano-banana-pro,https://x.com/i/status/2090328272873681142,2026-08-20T06:41:11.000Z,ar,9,1
nano-banana-pro,https://x.com/i/status/2090119972915740756,2026-08-19T16:53:28.000Z,fr,6,0
nano-banana-pro,https://x.com/i/status/2089956575972872664,2026-08-19T06:04:11.000Z,zxx,16,3
nano-banana-pro,https://x.com/i/status/2089929371931045981,2026-08-19T04:16:05.000Z,und,6,4
nano-banana-pro,https://x.com/i/status/2089915606166385100,2026-08-19T03:21:23.000Z,th,3,0
nano-banana-pro,https://x.com/i/status/2089899479654945025,2026-08-19T02:17:19.000Z,th,22420,22394
nano-banana-pro,https://x.com/i/status/2089889248266911878,2026-08-19T01:36:39.000Z,th,24,30
nano-banana-pro,https://x.com/i/status/2089876289436188894,2026-08-19T00:45:10.000Z,zxx,220,14
nano-banana-pro,https://x.com/i/status/2089827071388496027,2026-08-18T21:29:35.000Z,th,306,345
nano-banana-pro,https://x.com/i/status/2089823114339529215,2026-08-18T21:13:52.000Z,en,0,0
nano-banana-pro,https://x.com/i/status/2089667393140441361,2026-08-18T10:55:05.000Z,zh,121,19
lark-shared,https://x.com/i/status/2091459288644636715,2026-08-23T09:35:26.000Z,zxx,0,0
lark-im,https://x.com/i/status/2091459288644636715,2026-08-23T09:35:26.000Z,zxx,0,0
notion,https://x.com/i/status/2092080119548612818,2026-08-25T02:42:24.000Z,zxx,1,0
notion,https://x.com/i/status/2092078821524562031,2026-08-25T02:37:14.000Z,en,1,0
notion,https://x.com/i/status/2092078310562075038,2026-08-25T02:35:12.000Z,zxx,1,0
notion,https://x.com/i/status/2092078308641177931,2026-08-25T02:35:12.000Z,ja,3,1
notion,https://x.com/i/status/2092077258546741472,2026-08-25T02:31:02.000Z,zh,2,0
notion,https://x.com/i/status/2092073880689209696,2026-08-25T02:17:36.000Z,en,12,1
notion,https://x.com/i/status/2092072968977608756,2026-08-25T02:13:59.000Z,en,0,0
notion,https://x.com/i/status/2092072718627909656,2026-08-25T02:12:59.000Z,ja,2,0
notion,https://x.com/i/status/2092067877725913329,2026-08-25T01:53:45.000Z,zxx,0,0
notion,https://x.com/i/status/2092065958684983364,2026-08-25T01:46:07.000Z,zh,6,0
notion,https://x.com/i/status/2092063971339608537,2026-08-25T01:38:14.000Z,en,0,0
notion,https://x.com/i/status/2092062251951792244,2026-08-25T01:31:24.000Z,en,20,0
notion,https://x.com/i/status/2092051387760713968,2026-08-25T00:48:13.000Z,en,0,0
notion,https://x.com/i/status/2092050954795245946,2026-08-25T00:46:30.000Z,en,0,0
notion,https://x.com/i/status/2092045828185878579,2026-08-25T00:26:08.000Z,en,0,0
notion,https://x.com/i/status/2092043224592662742,2026-08-25T00:15:47.000Z,en,0,0
notion,https://x.com/i/status/2092042568800653437,2026-08-25T00:13:11.000Z,ja,1,0
notion,https://x.com/i/status/2092041561890750673,2026-08-25T00:09:11.000Z,en,11,1
notion,https://x.com/i/status/2092036807865065707,2026-08-24T23:50:17.000Z,en,1,0
notion,https://x.com/i/status/2092036190602146094,2026-08-24T23:47:50.000Z,ja,3,0
notion,https://x.com/i/status/2092034551614976439,2026-08-24T23:41:19.000Z,zxx,1,0
notion,https://x.com/i/status/2092028782638997783,2026-08-24T23:18:24.000Z,en,5,0
notion,https://x.com/i/status/2092028404539535867,2026-08-24T23:16:54.000Z,ja,1,0
notion,https://x.com/i/status/2092026938143727930,2026-08-24T23:11:04.000Z,ja,12,2
notion,https://x.com/i/status/2092025360401760694,2026-08-24T23:04:48.000Z,zxx,50,2
notion,https://x.com/i/status/2092024906682863929,2026-08-24T23:03:00.000Z,ja,2,0
notion,https://x.com/i/status/2092024153776042195,2026-08-24T23:00:00.000Z,ja,50,5
notion,https://x.com/i/status/2092015950161936585,2026-08-24T22:27:24.000Z,ja,2,0
notion,https://x.com/i/status/2092015209804341317,2026-08-24T22:24:28.000Z,ja,0,0
notion,https://x.com/i/status/2092011478606057531,2026-08-24T22:09:38.000Z,ja,1,0
notion,https://x.com/i/status/2092010338334265660,2026-08-24T22:05:06.000Z,ja,1,0
notion,https://x.com/i/status/2092009271055860212,2026-08-24T22:00:52.000Z,zxx,1,0
notion,https://x.com/i/status/2092008317271089168,2026-08-24T21:57:05.000Z,en,0,1
notion,https://x.com/i/status/2092006060072501489,2026-08-24T21:48:06.000Z,es,1,0
notion,https://x.com/i/status/2092004238578913673,2026-08-24T21:40:52.000Z,ja,6,0
notion,https://x.com/i/status/2092002844018909184,2026-08-24T21:35:20.000Z,ja,3,0
notion,https://x.com/i/status/2092002298780336490,2026-08-24T21:33:10.000Z,ja,0,0
notion,https://x.com/i/status/2092000526233977067,2026-08-24T21:26:07.000Z,ar,0,0
notion,https://x.com/i/status/2091998701657227643,2026-08-24T21:18:52.000Z,ja,3,0
notion,https://x.com/i/status/2091998489588691436,2026-08-24T21:18:02.000Z,en,0,0
notion,https://x.com/i/status/2091995841921974709,2026-08-24T21:07:30.000Z,zxx,0,0
notion,https://x.com/i/status/2091984465337651506,2026-08-24T20:22:18.000Z,es,3,0
notion,https://x.com/i/status/2091983617991782555,2026-08-24T20:18:56.000Z,zxx,32,2
notion,https://x.com/i/status/2091982620061991254,2026-08-24T20:14:58.000Z,en,1,0
notion,https://x.com/i/status/2091977935171317863,2026-08-24T19:56:21.000Z,en,13,1
notion,https://x.com/i/status/2091972675555958977,2026-08-24T19:35:27.000Z,en,0,0
notion,https://x.com/i/status/2091971098233491470,2026-08-24T19:29:11.000Z,en,1,0
notion,https://x.com/i/status/2091970409612898369,2026-08-24T19:26:27.000Z,en,43,2
notion,https://x.com/i/status/2091968504324931603,2026-08-24T19:18:52.000Z,zxx,10,1
notion,https://x.com/i/status/2091966140679385261,2026-08-24T19:09:29.000Z,ar,4,0
notion,https://x.com/i/status/2091964258049232954,2026-08-24T19:02:00.000Z,ar,61,3
notion,https://x.com/i/status/2091962576179741148,2026-08-24T18:55:19.000Z,en,0,0
notion,https://x.com/i/status/2091961330634784774,2026-08-24T18:50:22.000Z,zxx,0,0
notion,https://x.com/i/status/2091956886597730326,2026-08-24T18:32:43.000Z,zxx,30,5
notion,https://x.com/i/status/2091953610443891176,2026-08-24T18:19:42.000Z,en,97,4
notion,https://x.com/i/status/2091951458241384541,2026-08-24T18:11:08.000Z,en,4,0
notion,https://x.com/i/status/2091950307085259098,2026-08-24T18:06:34.000Z,en,0,0
notion,https://x.com/i/status/2091949669492625590,2026-08-24T18:04:02.000Z,en,0,0
notion,https://x.com/i/status/2091947537506693442,2026-08-24T17:55:34.000Z,en,64,62
notion,https://x.com/i/status/2091945836347630011,2026-08-24T17:48:48.000Z,en,0,0
notion,https://x.com/i/status/2091945471598030928,2026-08-24T17:47:21.000Z,pt,1,0
notion,https://x.com/i/status/2091945372268519644,2026-08-24T17:46:57.000Z,zxx,14,2
notion,https://x.com/i/status/2091945291754979450,2026-08-24T17:46:38.000Z,en,2,0
notion,https://x.com/i/status/2091944722554335318,2026-08-24T17:44:22.000Z,en,54,4
notion,https://x.com/i/status/2091943648502145034,2026-08-24T17:40:06.000Z,en,1,0
notion,https://x.com/i/status/2091942678086971553,2026-08-24T17:36:15.000Z,am,0,0
notion,https://x.com/i/status/2091941353454526916,2026-08-24T17:30:59.000Z,en,2,0
notion,https://x.com/i/status/2091940133163385170,2026-08-24T17:26:08.000Z,pt,1,0
notion,https://x.com/i/status/2091940036342415666,2026-08-24T17:25:45.000Z,en,0,0
notion,https://x.com/i/status/2091939200233050581,2026-08-24T17:22:26.000Z,en,8,3
notion,https://x.com/i/status/2091935755564101714,2026-08-24T17:08:45.000Z,en,0,0
notion,https://x.com/i/status/2091933572747677892,2026-08-24T17:00:04.000Z,en,0,0
notion,https://x.com/i/status/2091931086112608612,2026-08-24T16:50:11.000Z,en,0,0
notion,https://x.com/i/status/2091929480000323813,2026-08-24T16:43:48.000Z,ur,0,0
notion,https://x.com/i/status/2091924073106591778,2026-08-24T16:22:19.000Z,en,1,0
notion,https://x.com/i/status/2091920516290347471,2026-08-24T16:08:11.000Z,en,125,33
notion,https://x.com/i/status/2091918575061623154,2026-08-24T16:00:28.000Z,en,26,0
notion,https://x.com/i/status/2091918457742954910,2026-08-24T16:00:00.000Z,en,102,4
notion,https://x.com/i/status/2091914164696445252,2026-08-24T15:42:57.000Z,en,0,0
notion,https://x.com/i/status/2091911937193808257,2026-08-24T15:34:06.000Z,en,4,0
notion,https://x.com/i/status/2091911670243504135,2026-08-24T15:33:02.000Z,en,63,27
notion,https://x.com/i/status/2091905645650063722,2026-08-24T15:09:06.000Z,ja,1,0
notion,https://x.com/i/status/2091905425440674023,2026-08-24T15:08:13.000Z,en,19,9
notion,https://x.com/i/status/2091903914933424588,2026-08-24T15:02:13.000Z,en,0,0
notion,https://x.com/i/status/2091903174927946126,2026-08-24T14:59:17.000Z,zxx,1,0
notion,https://x.com/i/status/2091902386839199904,2026-08-24T14:56:09.000Z,es,33,11
notion,https://x.com/i/status/2091901458199269781,2026-08-24T14:52:27.000Z,en,1,0
notion,https://x.com/i/status/2091895514371428667,2026-08-24T14:28:50.000Z,pt,1,0
notion,https://x.com/i/status/2091893369958253053,2026-08-24T14:20:19.000Z,zxx,1,0
notion,https://x.com/i/status/2091889430910861691,2026-08-24T14:04:40.000Z,en,2,0
notion,https://x.com/i/status/2091888379248226377,2026-08-24T14:00:29.000Z,ja,6,0
notion,https://x.com/i/status/2091888358704230612,2026-08-24T14:00:24.000Z,en,17,2
notion,https://x.com/i/status/2091888312373883083,2026-08-24T14:00:13.000Z,en,0,0
notion,https://x.com/i/status/2091887036823433233,2026-08-24T13:55:09.000Z,en,43,15
notion,https://x.com/i/status/2091886932334665984,2026-08-24T13:54:44.000Z,en,0,0
notion,https://x.com/i/status/2091886068224426107,2026-08-24T13:51:18.000Z,en,0,0
notion,https://x.com/i/status/2091882856482234659,2026-08-24T13:38:32.000Z,zxx,0,0
notion,https://x.com/i/status/2091882439555846309,2026-08-24T13:36:53.000Z,en,0,0
notion,https://x.com/i/status/2091880249063874810,2026-08-24T13:28:11.000Z,en,0,0
notion,https://x.com/i/status/2091879951926522112,2026-08-24T13:27:00.000Z,zxx,30,5
lark-calendar,https://x.com/i/status/2091459288644636715,2026-08-23T09:35:26.000Z,zxx,0,0
lark-contact,https://x.com/i/status/2089717141721501848,2026-08-18T14:12:46.000Z,zh,9,1
skill-creator,https://x.com/i/status/2092027653482299455,2026-08-24T23:13:55.000Z,en,24,1
skill-creator,https://x.com/i/status/2092024237792153631,2026-08-24T23:00:20.000Z,en,1,1
skill-creator,https://x.com/i/status/2091930880902156659,2026-08-24T16:49:22.000Z,en,0,0
skill-creator,https://x.com/i/status/2091868583878172710,2026-08-24T12:41:50.000Z,en,44,28
skill-creator,https://x.com/i/status/2091843274172666130,2026-08-24T11:01:15.000Z,ja,0,0
skill-creator,https://x.com/i/status/2091843272406868306,2026-08-24T11:01:15.000Z,ja,0,0
skill-creator,https://x.com/i/status/2091843264584564809,2026-08-24T11:01:13.000Z,ja,0,0
skill-creator,https://x.com/i/status/2091839111934136693,2026-08-24T10:44:43.000Z,ja,2,0
skill-creator,https://x.com/i/status/2091801699585286526,2026-08-24T08:16:03.000Z,en,1,0
skill-creator,https://x.com/i/status/2091789833794376005,2026-08-24T07:28:54.000Z,en,59,2
skill-creator,https://x.com/i/status/2091771851726836099,2026-08-24T06:17:27.000Z,en,0,0
skill-creator,https://x.com/i/status/2091721596453126597,2026-08-24T02:57:45.000Z,ja,8,0
skill-creator,https://x.com/i/status/2091715809282543842,2026-08-24T02:34:45.000Z,zh,82,9
skill-creator,https://x.com/i/status/2091694358324236447,2026-08-24T01:09:31.000Z,en,0,0
skill-creator,https://x.com/i/status/2091677869705679296,2026-08-24T00:04:00.000Z,zh,20,7
skill-creator,https://x.com/i/status/2091654226665726104,2026-08-23T22:30:03.000Z,en,44,2
skill-creator,https://x.com/i/status/2091564487723872476,2026-08-23T16:33:27.000Z,en,3,0
skill-creator,https://x.com/i/status/2091422687457431735,2026-08-23T07:10:00.000Z,zh,0,0
skill-creator,https://x.com/i/status/2091372913949814881,2026-08-23T03:52:13.000Z,en,1,0
skill-creator,https://x.com/i/status/2091372892475080838,2026-08-23T03:52:08.000Z,en,0,0
skill-creator,https://x.com/i/status/2091368091493994517,2026-08-23T03:33:03.000Z,zh,129,36
skill-creator,https://x.com/i/status/2091361728353402989,2026-08-23T03:07:46.000Z,en,1,0
skill-creator,https://x.com/i/status/2091339513134010554,2026-08-23T01:39:29.000Z,zxx,4578,971
skill-creator,https://x.com/i/status/2091324677155074415,2026-08-23T00:40:32.000Z,en,0,0
skill-creator,https://x.com/i/status/2091300143710773716,2026-08-22T23:03:03.000Z,zxx,0,1
skill-creator,https://x.com/i/status/2091245562301399252,2026-08-22T19:26:10.000Z,zxx,105,8
skill-creator,https://x.com/i/status/2091239797805228212,2026-08-22T19:03:15.000Z,zxx,0,0
skill-creator,https://x.com/i/status/2091185213959196686,2026-08-22T15:26:22.000Z,en,26,5
skill-creator,https://x.com/i/status/2091179630958907580,2026-08-22T15:04:10.000Z,es,316,78
skill-creator,https://x.com/i/status/2091121839179243569,2026-08-22T11:14:32.000Z,zh,204,37
skill-creator,https://x.com/i/status/2091121351838900702,2026-08-22T11:12:36.000Z,en,0,0
skill-creator,https://x.com/i/status/2091019947120132269,2026-08-22T04:29:39.000Z,en,0,0
skill-creator,https://x.com/i/status/2091012493959368997,2026-08-22T04:00:02.000Z,ja,0,0
skill-creator,https://x.com/i/status/2091010723518530028,2026-08-22T03:53:00.000Z,zh,5,0
skill-creator,https://x.com/i/status/2090909196292080031,2026-08-21T21:09:34.000Z,en,0,0
skill-creator,https://x.com/i/status/2090846604047577294,2026-08-21T17:00:51.000Z,es,0,0
skill-creator,https://x.com/i/status/2090594439219785937,2026-08-21T00:18:50.000Z,zxx,39,4
skill-creator,https://x.com/i/status/2090507300356198531,2026-08-20T18:32:34.000Z,en,0,0
skill-creator,https://x.com/i/status/2090358160544440342,2026-08-20T08:39:57.000Z,en,0,0
skill-creator,https://x.com/i/status/2090313275187638446,2026-08-20T05:41:35.000Z,en,1,0
skill-creator,https://x.com/i/status/2090300517238947911,2026-08-20T04:50:53.000Z,en,11,0
skill-creator,https://x.com/i/status/2090299781675684236,2026-08-20T04:47:58.000Z,en,3,0
skill-creator,https://x.com/i/status/2090293321142874168,2026-08-20T04:22:18.000Z,en,605,20
skill-creator,https://x.com/i/status/2090273024780169647,2026-08-20T03:01:39.000Z,ja,0,0
skill-creator,https://x.com/i/status/2090273020338418064,2026-08-20T03:01:38.000Z,ja,0,0
skill-creator,https://x.com/i/status/2090269372703224193,2026-08-20T02:47:08.000Z,zh,0,0
skill-creator,https://x.com/i/status/2090269367095488596,2026-08-20T02:47:07.000Z,zh,0,0
skill-creator,https://x.com/i/status/2090254038977966157,2026-08-20T01:46:12.000Z,zxx,38,1
skill-creator,https://x.com/i/status/2090169956822577519,2026-08-19T20:12:05.000Z,en,0,0
skill-creator,https://x.com/i/status/2090119127835017280,2026-08-19T16:50:07.000Z,zxx,1,0
skill-creator,https://x.com/i/status/2090038711153008907,2026-08-19T11:30:34.000Z,en,6,0
skill-creator,https://x.com/i/status/2090038704228200830,2026-08-19T11:30:32.000Z,es,6,0
skill-creator,https://x.com/i/status/2090029759849967754,2026-08-19T10:55:00.000Z,ja,0,0
skill-creator,https://x.com/i/status/2089945017544532156,2026-08-19T05:18:16.000Z,zxx,0,0
skill-creator,https://x.com/i/status/2089864936763908136,2026-08-19T00:00:03.000Z,ja,131,18
skill-creator,https://x.com/i/status/2089858334895878586,2026-08-18T23:33:49.000Z,ja,2,0
skill-creator,https://x.com/i/status/2089842909160055134,2026-08-18T22:32:31.000Z,en,0,0
skill-creator,https://x.com/i/status/2089767547319324789,2026-08-18T17:33:03.000Z,en,1,0
skill-creator,https://x.com/i/status/2089756450516336974,2026-08-18T16:48:58.000Z,zh,1,0
skill-creator,https://x.com/i/status/2089744131648344449,2026-08-18T16:00:01.000Z,ar,327,53
skill-creator,https://x.com/i/status/2089707052746576174,2026-08-18T13:32:40.000Z,en,0,0
skill-creator,https://x.com/i/status/2089692737797029981,2026-08-18T12:35:47.000Z,ja,0,0
skill-creator,https://x.com/i/status/2089623409655435548,2026-08-18T08:00:18.000Z,en,0,0
skill-creator,https://x.com/i/status/2089610876273971406,2026-08-18T07:10:30.000Z,ja,0,0
skill-creator,https://x.com/i/status/2089601025275809992,2026-08-18T06:31:21.000Z,zh,0,0
skill-creator,https://x.com/i/status/2089578037750956350,2026-08-18T05:00:01.000Z,en,305,43
auto-updater,https://x.com/i/status/2091597899381526564,2026-08-23T18:46:13.000Z,en,6,0
auto-updater,https://x.com/i/status/2090256301016142137,2026-08-20T01:55:11.000Z,en,0,0
auto-updater,https://x.com/i/status/2090256184099971426,2026-08-20T01:54:44.000Z,en,0,0
baidu-search,https://x.com/i/status/2090634570597024153,2026-08-21T02:58:18.000Z,zxx,0,0
baidu-search,https://x.com/i/status/2089658423952527716,2026-08-18T10:19:26.000Z,en,10,5
word-docx,https://x.com/i/status/2091207003146211441,2026-08-22T16:52:56.000Z,ja,1,0
word-docx,https://x.com/i/status/2091178605996863890,2026-08-22T15:00:06.000Z,en,0,0
openai-whisper,https://x.com/i/status/2091838389695762920,2026-08-24T10:41:51.000Z,de,1,0
openai-whisper,https://x.com/i/status/2091636624291709282,2026-08-23T21:20:06.000Z,en,74,16
openai-whisper,https://x.com/i/status/2091199247349604794,2026-08-22T16:22:07.000Z,en,4,0
openai-whisper,https://x.com/i/status/2090690218202697968,2026-08-21T06:39:25.000Z,en,36,12
openai-whisper,https://x.com/i/status/2090017804343001120,2026-08-19T10:07:29.000Z,zxx,8,1
