skill_key,tweet_url,created_at,lang,favorites,retweets
find-skills,https://x.com/i/status/2092912127501914379,2026-08-27T09:48:30.000Z,zh,0,0
find-skills,https://x.com/i/status/2092911861369053588,2026-08-27T09:47:26.000Z,zh,0,0
find-skills,https://x.com/i/status/2092911783090728991,2026-08-27T09:47:08.000Z,zh,0,0
find-skills,https://x.com/i/status/2092877776063803544,2026-08-27T07:32:00.000Z,zh,277,54
find-skills,https://x.com/i/status/2092811075100254568,2026-08-27T03:06:57.000Z,zh,13,3
find-skills,https://x.com/i/status/2092668577987854662,2026-08-26T17:40:43.000Z,en,0,0
find-skills,https://x.com/i/status/2092668468277506078,2026-08-26T17:40:17.000Z,en,6,0
find-skills,https://x.com/i/status/2092415401749512245,2026-08-26T00:54:41.000Z,en,0,0
find-skills,https://x.com/i/status/2092236466026062089,2026-08-25T13:03:40.000Z,zxx,22,1
find-skills,https://x.com/i/status/2092228979172188321,2026-08-25T12:33:55.000Z,en,0,0
find-skills,https://x.com/i/status/2092213428689522840,2026-08-25T11:32:07.000Z,en,4,2
find-skills,https://x.com/i/status/2092194373329174914,2026-08-25T10:16:24.000Z,zxx,132,24
find-skills,https://x.com/i/status/2092155291681136954,2026-08-25T07:41:06.000Z,en,45,24
find-skills,https://x.com/i/status/2092074463416455666,2026-08-25T02:19:55.000Z,en,32,11
find-skills,https://x.com/i/status/2092024237792153631,2026-08-24T23:00:20.000Z,en,8,7
find-skills,https://x.com/i/status/2091917271052767262,2026-08-24T15:55:18.000Z,en,28,1
find-skills,https://x.com/i/status/2091868583878172710,2026-08-24T12:41:50.000Z,en,54,26
find-skills,https://x.com/i/status/2091813101465379105,2026-08-24T09:01:22.000Z,en,0,0
find-skills,https://x.com/i/status/2091805251712258418,2026-08-24T08:30:10.000Z,en,0,0
find-skills,https://x.com/i/status/2091779929687875991,2026-08-24T06:49:33.000Z,en,647,44
find-skills,https://x.com/i/status/2091207358412128523,2026-08-22T16:54:21.000Z,ar,215,6
find-skills,https://x.com/i/status/2091194923529744557,2026-08-22T16:04:56.000Z,en,31,4
find-skills,https://x.com/i/status/2091179630958907580,2026-08-22T15:04:10.000Z,es,316,78
find-skills,https://x.com/i/status/2091094262037500401,2026-08-22T09:24:57.000Z,en,83,16
find-skills,https://x.com/i/status/2090988029737361563,2026-08-22T02:22:49.000Z,zxx,2,0
find-skills,https://x.com/i/status/2090851702433861989,2026-08-21T17:21:06.000Z,es,326,34
find-skills,https://x.com/i/status/2090838255637766603,2026-08-21T16:27:40.000Z,es,257,41
self-improving-agent,https://x.com/i/status/2093258255376261253,2026-08-28T08:43:53.000Z,en,0,0
self-improving-agent,https://x.com/i/status/2093179378591220001,2026-08-28T03:30:27.000Z,en,1,0
self-improving-agent,https://x.com/i/status/2093155710435799364,2026-08-28T01:56:24.000Z,en,37,8
self-improving-agent,https://x.com/i/status/2093117298307731793,2026-08-27T23:23:46.000Z,en,12,1
self-improving-agent,https://x.com/i/status/2093100626964332840,2026-08-27T22:17:32.000Z,zxx,2,0
self-improving-agent,https://x.com/i/status/2092983677919830336,2026-08-27T14:32:49.000Z,en,607,134
self-improving-agent,https://x.com/i/status/2092975567838818432,2026-08-27T14:00:35.000Z,en,1,0
self-improving-agent,https://x.com/i/status/2092783109339242753,2026-08-27T01:15:49.000Z,en,0,0
self-improving-agent,https://x.com/i/status/2092765892170150225,2026-08-27T00:07:25.000Z,en,6,0
self-improving-agent,https://x.com/i/status/2092655210338361521,2026-08-26T16:47:36.000Z,en,38,5
self-improving-agent,https://x.com/i/status/2092634186280841706,2026-08-26T15:24:03.000Z,en,1,0
self-improving-agent,https://x.com/i/status/2092628136517345414,2026-08-26T15:00:01.000Z,en,0,0
self-improving-agent,https://x.com/i/status/2092586595501351198,2026-08-26T12:14:57.000Z,en,2,0
self-improving-agent,https://x.com/i/status/2092340181177335986,2026-08-25T19:55:47.000Z,en,0,0
self-improving-agent,https://x.com/i/status/2092319298811544019,2026-08-25T18:32:48.000Z,en,0,0
self-improving-agent,https://x.com/i/status/2092284353368019014,2026-08-25T16:13:57.000Z,en,20,3
self-improving-agent,https://x.com/i/status/2092265777034347004,2026-08-25T15:00:08.000Z,en,32,1
self-improving-agent,https://x.com/i/status/2092235569413644658,2026-08-25T13:00:06.000Z,en,18,0
self-improving-agent,https://x.com/i/status/2092233766349775210,2026-08-25T12:52:56.000Z,en,63,20
self-improving-agent,https://x.com/i/status/2092178688674795940,2026-08-25T09:14:04.000Z,en,30,3
self-improving-agent,https://x.com/i/status/2092076999745614077,2026-08-25T02:30:00.000Z,en,21,8
self-improving-agent,https://x.com/i/status/2092032702937477379,2026-08-24T23:33:59.000Z,en,7,1
self-improving-agent,https://x.com/i/status/2092028697574293774,2026-08-24T23:18:04.000Z,en,1,0
self-improving-agent,https://x.com/i/status/2091992218232140280,2026-08-24T20:53:06.000Z,zxx,11,3
self-improving-agent,https://x.com/i/status/2091915697282568346,2026-08-24T15:49:02.000Z,en,85,14
self-improving-agent,https://x.com/i/status/2091907294179054066,2026-08-24T15:15:39.000Z,en,86,6
self-improving-agent,https://x.com/i/status/2091821187701883195,2026-08-24T09:33:29.000Z,en,0,0
self-improving-agent,https://x.com/i/status/2091815496479920387,2026-08-24T09:10:53.000Z,en,0,0
self-improving-agent,https://x.com/i/status/2091728192856015130,2026-08-24T03:23:58.000Z,en,1,0
self-improving-agent,https://x.com/i/status/2091683634403328046,2026-08-24T00:26:54.000Z,en,0,0
self-improving-agent,https://x.com/i/status/2091671663431565490,2026-08-23T23:39:20.000Z,en,0,0
self-improving-agent,https://x.com/i/status/2091598410004807810,2026-08-23T18:48:15.000Z,en,4,0
self-improving-agent,https://x.com/i/status/2091573735375454343,2026-08-23T17:10:12.000Z,en,0,0
self-improving-agent,https://x.com/i/status/2091541283286233261,2026-08-23T15:01:15.000Z,en,2,0
self-improving-agent,https://x.com/i/status/2091536268236615815,2026-08-23T14:41:19.000Z,zxx,12,0
self-improving-agent,https://x.com/i/status/2091520454993354984,2026-08-23T13:38:29.000Z,en,16,0
self-improving-agent,https://x.com/i/status/2091505476454281264,2026-08-23T12:38:58.000Z,en,57,9
self-improving-agent,https://x.com/i/status/2091377641274429782,2026-08-23T04:11:00.000Z,zh,107,20
self-improving-agent,https://x.com/i/status/2091208971193286942,2026-08-22T17:00:46.000Z,en,21,0
self-improving-agent,https://x.com/i/status/2091193681764045000,2026-08-22T16:00:00.000Z,en,219,40
self-improving-agent,https://x.com/i/status/2091165517398647134,2026-08-22T14:08:05.000Z,en,11,1
self-improving-agent,https://x.com/i/status/2091141238724465024,2026-08-22T12:31:37.000Z,en,1,0
self-improving-agent,https://x.com/i/status/2090996958114582728,2026-08-22T02:58:18.000Z,zxx,3,1
self-improving-agent,https://x.com/i/status/2090876686296584280,2026-08-21T19:00:23.000Z,en,1,0
self-improving-agent,https://x.com/i/status/2090829631616397505,2026-08-21T15:53:24.000Z,en,7,0
self-improving-agent,https://x.com/i/status/2090807586555822176,2026-08-21T14:25:48.000Z,zxx,0,0
self-improving-agent,https://x.com/i/status/2090786842668925372,2026-08-21T13:03:22.000Z,en,0,0
grill-me,https://x.com/i/status/2093220640308285865,2026-08-28T06:14:25.000Z,zxx,46,14
grill-me,https://x.com/i/status/2093194705463025933,2026-08-28T04:31:22.000Z,ja,0,0
grill-me,https://x.com/i/status/2093177053218537800,2026-08-28T03:21:13.000Z,en,4,0
grill-me,https://x.com/i/status/2093172813733782009,2026-08-28T03:04:22.000Z,en,0,0
grill-me,https://x.com/i/status/2093161613700268214,2026-08-28T02:19:52.000Z,zxx,17,3
grill-me,https://x.com/i/status/2093127169438531935,2026-08-28T00:03:00.000Z,en,0,0
grill-me,https://x.com/i/status/2093060404356268098,2026-08-27T19:37:42.000Z,en,5,0
grill-me,https://x.com/i/status/2093021955846963220,2026-08-27T17:04:55.000Z,en,0,0
grill-me,https://x.com/i/status/2093009994233127099,2026-08-27T16:17:23.000Z,en,2,0
grill-me,https://x.com/i/status/2093008099057475988,2026-08-27T16:09:51.000Z,en,0,0
grill-me,https://x.com/i/status/2092995049856381061,2026-08-27T15:18:00.000Z,en,4,2
grill-me,https://x.com/i/status/2092992398263787665,2026-08-27T15:07:28.000Z,ja,5,0
grill-me,https://x.com/i/status/2092962055150084466,2026-08-27T13:06:53.000Z,fa,127,5
grill-me,https://x.com/i/status/2092949437949874411,2026-08-27T12:16:45.000Z,en,0,0
grill-me,https://x.com/i/status/2092933494515139052,2026-08-27T11:13:24.000Z,en,0,0
grill-me,https://x.com/i/status/2092932640949100645,2026-08-27T11:10:01.000Z,en,1,0
grill-me,https://x.com/i/status/2092930121527386182,2026-08-27T11:00:00.000Z,en,623,121
grill-me,https://x.com/i/status/2092927603594146029,2026-08-27T10:50:00.000Z,es,0,0
grill-me,https://x.com/i/status/2092890095682810159,2026-08-27T08:20:57.000Z,ja,3300,250
grill-me,https://x.com/i/status/2092877776063803544,2026-08-27T07:32:00.000Z,zh,277,54
grill-me,https://x.com/i/status/2092856996089491482,2026-08-27T06:09:25.000Z,en,6,1
grill-me,https://x.com/i/status/2092841166622568498,2026-08-27T05:06:31.000Z,en,3,0
grill-me,https://x.com/i/status/2092815138785247436,2026-08-27T03:23:06.000Z,zxx,154,24
grill-me,https://x.com/i/status/2092785979837071475,2026-08-27T01:27:14.000Z,ja,3,0
grill-me,https://x.com/i/status/2092755968773747159,2026-08-26T23:27:59.000Z,en,0,0
grill-me,https://x.com/i/status/2092717323912356254,2026-08-26T20:54:25.000Z,en,0,1
grill-me,https://x.com/i/status/2092694845080969497,2026-08-26T19:25:06.000Z,en,1,0
grill-me,https://x.com/i/status/2092681586487738578,2026-08-26T18:32:25.000Z,zxx,14,1
grill-me,https://x.com/i/status/2092653074519056572,2026-08-26T16:39:07.000Z,en,2,0
grill-me,https://x.com/i/status/2092644889762599281,2026-08-26T16:06:35.000Z,en,733,94
grill-me,https://x.com/i/status/2092628438586892551,2026-08-26T15:01:13.000Z,en,5,0
grill-me,https://x.com/i/status/2092614050589147503,2026-08-26T14:04:03.000Z,en,0,0
grill-me,https://x.com/i/status/2092601251943084037,2026-08-26T13:13:11.000Z,en,28,1
grill-me,https://x.com/i/status/2092596126793003195,2026-08-26T12:52:49.000Z,ja,1,0
grill-me,https://x.com/i/status/2092580136633741708,2026-08-26T11:49:17.000Z,en,2,0
grill-me,https://x.com/i/status/2092580064290340935,2026-08-26T11:49:00.000Z,zh,7,0
grill-me,https://x.com/i/status/2092557968718090542,2026-08-26T10:21:12.000Z,en,0,0
grill-me,https://x.com/i/status/2092556921899491791,2026-08-26T10:17:02.000Z,zh,0,0
grill-me,https://x.com/i/status/2092533142930300985,2026-08-26T08:42:33.000Z,en,0,0
grill-me,https://x.com/i/status/2092510355201446253,2026-08-26T07:12:00.000Z,zxx,0,0
grill-me,https://x.com/i/status/2092509538159398968,2026-08-26T07:08:45.000Z,zh,2,0
grill-me,https://x.com/i/status/2092506856396902800,2026-08-26T06:58:06.000Z,zh,2,0
grill-me,https://x.com/i/status/2092504302669680781,2026-08-26T06:47:57.000Z,zh,17,5
grill-me,https://x.com/i/status/2092495559743730005,2026-08-26T06:13:12.000Z,zh,130,26
grill-me,https://x.com/i/status/2092445863436026273,2026-08-26T02:55:44.000Z,en,0,0
grill-me,https://x.com/i/status/2092403949181505916,2026-08-26T00:09:11.000Z,en,1081,21
grill-me,https://x.com/i/status/2092396582272729557,2026-08-25T23:39:54.000Z,ja,1,0
grill-me,https://x.com/i/status/2092354654281888005,2026-08-25T20:53:18.000Z,en,2,0
grill-me,https://x.com/i/status/2092339777836306788,2026-08-25T19:54:11.000Z,ja,4,0
grill-me,https://x.com/i/status/2092319346957730177,2026-08-25T18:33:00.000Z,en,1,0
grill-me,https://x.com/i/status/2092317378801488127,2026-08-25T18:25:11.000Z,en,1,0
grill-me,https://x.com/i/status/2092301743623163922,2026-08-25T17:23:03.000Z,es,291,19
grill-me,https://x.com/i/status/2092296333352652927,2026-08-25T17:01:33.000Z,en,3,0
grill-me,https://x.com/i/status/2092245356872429910,2026-08-25T13:38:59.000Z,en,14,3
grill-me,https://x.com/i/status/2092225683401691643,2026-08-25T12:20:49.000Z,en,0,0
grill-me,https://x.com/i/status/2092213475317842104,2026-08-25T11:32:18.000Z,en,0,0
grill-me,https://x.com/i/status/2092213473396887719,2026-08-25T11:32:18.000Z,en,1,0
grill-me,https://x.com/i/status/2092213398494752842,2026-08-25T11:32:00.000Z,zh,10,1
grill-me,https://x.com/i/status/2092186196902625513,2026-08-25T09:43:54.000Z,zh,0,0
grill-me,https://x.com/i/status/2092164743305789573,2026-08-25T08:18:40.000Z,en,0,0
grill-me,https://x.com/i/status/2092155925599805872,2026-08-25T07:43:37.000Z,in,5,2
grill-me,https://x.com/i/status/2092110219518357522,2026-08-25T04:42:00.000Z,in,10,0
grill-me,https://x.com/i/status/2092057296532599063,2026-08-25T01:11:42.000Z,en,1,0
grill-me,https://x.com/i/status/2092056267649163699,2026-08-25T01:07:37.000Z,ja,2,0
grill-me,https://x.com/i/status/2092026333865893946,2026-08-24T23:08:40.000Z,en,1,0
grill-me,https://x.com/i/status/2091994041303040298,2026-08-24T21:00:21.000Z,ja,3,0
grill-me,https://x.com/i/status/2091939061673947305,2026-08-24T17:21:53.000Z,en,0,0
grill-me,https://x.com/i/status/2091933620827037982,2026-08-24T17:00:16.000Z,en,0,0
grill-me,https://x.com/i/status/2091929663589191966,2026-08-24T16:44:32.000Z,en,0,0
grill-me,https://x.com/i/status/2091924194070053136,2026-08-24T16:22:48.000Z,en,0,0
grill-me,https://x.com/i/status/2091909174112252219,2026-08-24T15:23:07.000Z,en,0,0
grill-me,https://x.com/i/status/2091872820586545210,2026-08-24T12:58:40.000Z,en,0,0
grill-me,https://x.com/i/status/2091856501929611273,2026-08-24T11:53:49.000Z,zh,1,0
grill-me,https://x.com/i/status/2091843372520550820,2026-08-24T11:01:39.000Z,en,1,0
grill-me,https://x.com/i/status/2091840666850439293,2026-08-24T10:50:54.000Z,en,0,0
grill-me,https://x.com/i/status/2091833499850613076,2026-08-24T10:22:25.000Z,zh,0,0
grill-me,https://x.com/i/status/2091813256113324043,2026-08-24T09:01:58.000Z,en,0,0
grill-me,https://x.com/i/status/2091808248445681837,2026-08-24T08:42:05.000Z,en,1,0
grill-me,https://x.com/i/status/2091785236371603955,2026-08-24T07:10:38.000Z,zh,68,5
grill-me,https://x.com/i/status/2091779739342041224,2026-08-24T06:48:47.000Z,en,1,0
grill-me,https://x.com/i/status/2091777019164111057,2026-08-24T06:37:59.000Z,zh,1,0
grill-me,https://x.com/i/status/2091766395185017117,2026-08-24T05:55:46.000Z,in,0,0
grill-me,https://x.com/i/status/2091764751965823402,2026-08-24T05:49:14.000Z,en,47,12
grill-me,https://x.com/i/status/2091759990717476875,2026-08-24T05:30:19.000Z,en,3,0
grill-me,https://x.com/i/status/2091676175206695399,2026-08-23T23:57:16.000Z,en,2,0
grill-me,https://x.com/i/status/2091674670999523369,2026-08-23T23:51:17.000Z,in,0,0
grill-me,https://x.com/i/status/2091645845854638580,2026-08-23T21:56:45.000Z,en,0,0
grill-me,https://x.com/i/status/2091642323973165447,2026-08-23T21:42:45.000Z,zh,28,2
grill-me,https://x.com/i/status/2091638542170567117,2026-08-23T21:27:43.000Z,en,0,0
grill-me,https://x.com/i/status/2091610397203648545,2026-08-23T19:35:53.000Z,en,8,0
grill-me,https://x.com/i/status/2091608827045224789,2026-08-23T19:29:39.000Z,en,0,0
grill-me,https://x.com/i/status/2091605283986645241,2026-08-23T19:15:34.000Z,en,16,2
grill-me,https://x.com/i/status/2091593337736212681,2026-08-23T18:28:06.000Z,en,3,0
grill-me,https://x.com/i/status/2091541969143046309,2026-08-23T15:03:59.000Z,en,4,0
grill-me,https://x.com/i/status/2091540813096350032,2026-08-23T14:59:23.000Z,en,197,18
grill-me,https://x.com/i/status/2091538363576668325,2026-08-23T14:49:39.000Z,en,0,0
grill-me,https://x.com/i/status/2091535038613741970,2026-08-23T14:36:26.000Z,zh,1,0
grill-me,https://x.com/i/status/2091526173150806295,2026-08-23T14:01:13.000Z,en,1,0
grill-me,https://x.com/i/status/2091521819962679599,2026-08-23T13:43:55.000Z,ja,1,0
grill-me,https://x.com/i/status/2091508205926973887,2026-08-23T12:49:49.000Z,de,0,0
grill-with-docs,https://x.com/i/status/2093222396517904581,2026-08-28T06:21:24.000Z,en,0,0
grill-with-docs,https://x.com/i/status/2093041369589617108,2026-08-27T18:22:03.000Z,en,1,0
grill-with-docs,https://x.com/i/status/2092747983175758206,2026-08-26T22:56:15.000Z,en,1,0
grill-with-docs,https://x.com/i/status/2092681586487738578,2026-08-26T18:32:25.000Z,zxx,14,1
grill-with-docs,https://x.com/i/status/2092495559743730005,2026-08-26T06:13:12.000Z,zh,130,26
grill-with-docs,https://x.com/i/status/2092424722940117151,2026-08-26T01:31:43.000Z,en,3,0
grill-with-docs,https://x.com/i/status/2092188338056806775,2026-08-25T09:52:25.000Z,en,1,0
grill-with-docs,https://x.com/i/status/2092098890111865322,2026-08-25T03:56:59.000Z,en,0,0
grill-with-docs,https://x.com/i/status/2091833499850613076,2026-08-24T10:22:25.000Z,zh,0,0
grill-with-docs,https://x.com/i/status/2091434459220398476,2026-08-23T07:56:46.000Z,zxx,0,0
grill-with-docs,https://x.com/i/status/2091161310255857710,2026-08-22T13:51:22.000Z,en,0,0
grill-with-docs,https://x.com/i/status/2091044566992597114,2026-08-22T06:07:29.000Z,zh,0,0
grill-with-docs,https://x.com/i/status/2091033430737985848,2026-08-22T05:23:14.000Z,zxx,1,0
grill-with-docs,https://x.com/i/status/2091024207081783790,2026-08-22T04:46:34.000Z,ja,2,0
self-improving,https://x.com/i/status/2093322757186417017,2026-08-28T13:00:12.000Z,en,10,0
self-improving,https://x.com/i/status/2093315377648562259,2026-08-28T12:30:52.000Z,zh,0,0
self-improving,https://x.com/i/status/2093312280406397284,2026-08-28T12:18:34.000Z,en,4,0
self-improving,https://x.com/i/status/2093295159123542457,2026-08-28T11:10:32.000Z,ja,0,0
self-improving,https://x.com/i/status/2093277784650949013,2026-08-28T10:01:29.000Z,en,2,0
self-improving,https://x.com/i/status/2093272506425917514,2026-08-28T09:40:31.000Z,zxx,0,1
self-improving,https://x.com/i/status/2093258255376261253,2026-08-28T08:43:53.000Z,en,0,0
self-improving,https://x.com/i/status/2093202284008329541,2026-08-28T05:01:28.000Z,zxx,2,0
self-improving,https://x.com/i/status/2093199122073280720,2026-08-28T04:48:55.000Z,en,25,3
self-improving,https://x.com/i/status/2093194351241531682,2026-08-28T04:29:57.000Z,en,5,0
self-improving,https://x.com/i/status/2093184358144520470,2026-08-28T03:50:15.000Z,en,8,4
self-improving,https://x.com/i/status/2093179378591220001,2026-08-28T03:30:27.000Z,en,1,0
self-improving,https://x.com/i/status/2093177417615679842,2026-08-28T03:22:40.000Z,zh,0,0
self-improving,https://x.com/i/status/2093165872332623977,2026-08-28T02:36:47.000Z,ja,37,0
self-improving,https://x.com/i/status/2093164211991883851,2026-08-28T02:30:11.000Z,en,1,0
self-improving,https://x.com/i/status/2093155710435799364,2026-08-28T01:56:24.000Z,en,37,8
self-improving,https://x.com/i/status/2093154745116713096,2026-08-28T01:52:34.000Z,zxx,0,0
self-improving,https://x.com/i/status/2093126479907549242,2026-08-28T00:00:15.000Z,en,5,0
self-improving,https://x.com/i/status/2093123152998277616,2026-08-27T23:47:02.000Z,en,1,0
self-improving,https://x.com/i/status/2093117298307731793,2026-08-27T23:23:46.000Z,en,12,1
self-improving,https://x.com/i/status/2093100626964332840,2026-08-27T22:17:32.000Z,zxx,2,0
self-improving,https://x.com/i/status/2093066024291537010,2026-08-27T20:00:02.000Z,en,4,0
self-improving,https://x.com/i/status/2093064646999626178,2026-08-27T19:54:33.000Z,zxx,0,0
self-improving,https://x.com/i/status/2093057464031941004,2026-08-27T19:26:01.000Z,en,3,3
self-improving,https://x.com/i/status/2093039592442114094,2026-08-27T18:15:00.000Z,en,54,5
self-improving,https://x.com/i/status/2093005640524329102,2026-08-27T16:00:05.000Z,en,44,6
self-improving,https://x.com/i/status/2093004702459867336,2026-08-27T15:56:21.000Z,en,2,0
self-improving,https://x.com/i/status/2093003571440898555,2026-08-27T15:51:52.000Z,en,101,12
self-improving,https://x.com/i/status/2092986049870110789,2026-08-27T14:42:14.000Z,en,11,0
self-improving,https://x.com/i/status/2092983677919830336,2026-08-27T14:32:49.000Z,en,608,134
self-improving,https://x.com/i/status/2092979416192229504,2026-08-27T14:15:53.000Z,en,28,5
self-improving,https://x.com/i/status/2092977938924814780,2026-08-27T14:10:00.000Z,en,26,5
self-improving,https://x.com/i/status/2092976230597374415,2026-08-27T14:03:13.000Z,en,129,19
self-improving,https://x.com/i/status/2092975567838818432,2026-08-27T14:00:35.000Z,en,1,0
self-improving,https://x.com/i/status/2092975465032045032,2026-08-27T14:00:11.000Z,en,97,16
self-improving,https://x.com/i/status/2092971908321231143,2026-08-27T13:46:03.000Z,en,0,0
self-improving,https://x.com/i/status/2092968567151161593,2026-08-27T13:32:46.000Z,en,0,0
self-improving,https://x.com/i/status/2092955945227739198,2026-08-27T12:42:37.000Z,en,0,0
self-improving,https://x.com/i/status/2092946933279039927,2026-08-27T12:06:48.000Z,en,1,0
self-improving,https://x.com/i/status/2092929267311272411,2026-08-27T10:56:36.000Z,en,0,0
self-improving,https://x.com/i/status/2092925640605331468,2026-08-27T10:42:12.000Z,en,1,0
self-improving,https://x.com/i/status/2092923525883424872,2026-08-27T10:33:47.000Z,de,2,0
self-improving,https://x.com/i/status/2092920134688243955,2026-08-27T10:20:19.000Z,en,156,17
self-improving,https://x.com/i/status/2092915025707159600,2026-08-27T10:00:01.000Z,en,0,0
self-improving,https://x.com/i/status/2092908677292581326,2026-08-27T09:34:47.000Z,en,9,1
self-improving,https://x.com/i/status/2092904677851484210,2026-08-27T09:18:54.000Z,en,16,2
self-improving,https://x.com/i/status/2092857245805465754,2026-08-27T06:10:25.000Z,en,0,0
self-improving,https://x.com/i/status/2092831975757562308,2026-08-27T04:30:00.000Z,en,14,3
self-improving,https://x.com/i/status/2092828109137703114,2026-08-27T04:14:38.000Z,en,17,0
self-improving,https://x.com/i/status/2092820003359695243,2026-08-27T03:42:26.000Z,en,6,0
self-improving,https://x.com/i/status/2092816489653096669,2026-08-27T03:28:28.000Z,en,341,79
self-improving,https://x.com/i/status/2092810101157671283,2026-08-27T03:03:05.000Z,zxx,0,0
self-improving,https://x.com/i/status/2092809804414910835,2026-08-27T03:01:54.000Z,en,1,0
self-improving,https://x.com/i/status/2092783109339242753,2026-08-27T01:15:49.000Z,en,0,0
self-improving,https://x.com/i/status/2092780179773091915,2026-08-27T01:04:11.000Z,ja,2,0
self-improving,https://x.com/i/status/2092770792086094268,2026-08-27T00:26:53.000Z,en,1,0
self-improving,https://x.com/i/status/2092770540134220152,2026-08-27T00:25:53.000Z,en,1,0
self-improving,https://x.com/i/status/2092765892170150225,2026-08-27T00:07:25.000Z,en,6,0
self-improving,https://x.com/i/status/2092765835446374752,2026-08-27T00:07:11.000Z,zxx,4,0
self-improving,https://x.com/i/status/2092762180169117769,2026-08-26T23:52:40.000Z,en,0,0
self-improving,https://x.com/i/status/2092762056063676747,2026-08-26T23:52:10.000Z,en,23,2
self-improving,https://x.com/i/status/2092757144051593309,2026-08-26T23:32:39.000Z,en,0,0
self-improving,https://x.com/i/status/2092733838065582534,2026-08-26T22:00:02.000Z,en,3,1
self-improving,https://x.com/i/status/2092732751661482032,2026-08-26T21:55:43.000Z,en,140,13
self-improving,https://x.com/i/status/2092731959848116429,2026-08-26T21:52:34.000Z,zxx,81,7
self-improving,https://x.com/i/status/2092720269345616314,2026-08-26T21:06:07.000Z,en,0,0
self-improving,https://x.com/i/status/2092713473943941172,2026-08-26T20:39:07.000Z,en,146,23
self-improving,https://x.com/i/status/2092702097137410477,2026-08-26T19:53:55.000Z,en,143,18
self-improving,https://x.com/i/status/2092698602401599868,2026-08-26T19:40:01.000Z,en,212,38
self-improving,https://x.com/i/status/2092677118576726380,2026-08-26T18:14:39.000Z,en,23,5
self-improving,https://x.com/i/status/2092657258484084827,2026-08-26T16:55:44.000Z,en,4,0
self-improving,https://x.com/i/status/2092655210338361521,2026-08-26T16:47:36.000Z,en,38,5
self-improving,https://x.com/i/status/2092653573729374388,2026-08-26T16:41:06.000Z,en,1,0
self-improving,https://x.com/i/status/2092643870559608986,2026-08-26T16:02:32.000Z,en,63,4
self-improving,https://x.com/i/status/2092640105676546365,2026-08-26T15:47:35.000Z,en,2,0
self-improving,https://x.com/i/status/2092638189383241823,2026-08-26T15:39:58.000Z,zh,47,13
self-improving,https://x.com/i/status/2092636777337217099,2026-08-26T15:34:21.000Z,en,0,0
self-improving,https://x.com/i/status/2092635918293197210,2026-08-26T15:30:56.000Z,ar,2,1
self-improving,https://x.com/i/status/2092634186280841706,2026-08-26T15:24:03.000Z,en,1,0
self-improving,https://x.com/i/status/2092628136517345414,2026-08-26T15:00:01.000Z,en,0,0
self-improving,https://x.com/i/status/2092600628333666386,2026-08-26T13:10:43.000Z,en,0,0
self-improving,https://x.com/i/status/2092586595501351198,2026-08-26T12:14:57.000Z,en,2,0
self-improving,https://x.com/i/status/2092583960853328040,2026-08-26T12:04:29.000Z,zh,0,0
self-improving,https://x.com/i/status/2092581143979991132,2026-08-26T11:53:17.000Z,en,0,0
self-improving,https://x.com/i/status/2092578774944452978,2026-08-26T11:43:52.000Z,en,0,0
self-improving,https://x.com/i/status/2092568628579184644,2026-08-26T11:03:33.000Z,en,0,0
self-improving,https://x.com/i/status/2092552901587570971,2026-08-26T10:01:04.000Z,en,0,0
self-improving,https://x.com/i/status/2092551575378014517,2026-08-26T09:55:47.000Z,en,7,1
self-improving,https://x.com/i/status/2092538153639002448,2026-08-26T09:02:27.000Z,en,0,0
self-improving,https://x.com/i/status/2092528745747755143,2026-08-26T08:25:04.000Z,en,1,0
self-improving,https://x.com/i/status/2092525308075483380,2026-08-26T08:11:25.000Z,ja,1,0
self-improving,https://x.com/i/status/2092519109791740099,2026-08-26T07:46:47.000Z,en,72,17
self-improving,https://x.com/i/status/2092512512868565374,2026-08-26T07:20:34.000Z,en,35,2
self-improving,https://x.com/i/status/2092506568700895492,2026-08-26T06:56:57.000Z,en,155,6
self-improving,https://x.com/i/status/2092491623955395068,2026-08-26T05:57:34.000Z,en,2,0
self-improving,https://x.com/i/status/2092479832059740474,2026-08-26T05:10:43.000Z,zxx,1,0
self-improving,https://x.com/i/status/2092479716301443352,2026-08-26T05:10:15.000Z,en,9,4
self-improving,https://x.com/i/status/2092472320740687977,2026-08-26T04:40:52.000Z,en,0,0
self-improving,https://x.com/i/status/2092469401555742799,2026-08-26T04:29:16.000Z,en,10,0
self-improving,https://x.com/i/status/2092448773469556880,2026-08-26T03:07:18.000Z,en,714,154
frontend-design,https://x.com/i/status/2093323226797744557,2026-08-28T13:02:03.000Z,zxx,0,0
frontend-design,https://x.com/i/status/2093315523534639109,2026-08-28T12:31:27.000Z,en,0,0
frontend-design,https://x.com/i/status/2093280374562656302,2026-08-28T10:11:47.000Z,zxx,0,0
frontend-design,https://x.com/i/status/2093242206232752638,2026-08-28T07:40:07.000Z,en,0,0
frontend-design,https://x.com/i/status/2093172720213410036,2026-08-28T03:04:00.000Z,zh,1,0
frontend-design,https://x.com/i/status/2093169986739085425,2026-08-28T02:53:08.000Z,en,1,0
frontend-design,https://x.com/i/status/2093086975192375445,2026-08-27T21:23:17.000Z,en,2,0
frontend-design,https://x.com/i/status/2092990555923914804,2026-08-27T15:00:09.000Z,en,137,23
frontend-design,https://x.com/i/status/2092941223635845535,2026-08-27T11:44:07.000Z,en,4,0
frontend-design,https://x.com/i/status/2092886615559663628,2026-08-27T08:07:07.000Z,en,0,0
frontend-design,https://x.com/i/status/2092878827634696326,2026-08-27T07:36:10.000Z,zxx,115,8
frontend-design,https://x.com/i/status/2092827368985395218,2026-08-27T04:11:42.000Z,en,141,2
frontend-design,https://x.com/i/status/2092788357067583924,2026-08-27T01:36:41.000Z,en,2,0
frontend-design,https://x.com/i/status/2092788186485264522,2026-08-27T01:36:00.000Z,en,27,4
frontend-design,https://x.com/i/status/2092728605285716257,2026-08-26T21:39:15.000Z,en,6,0
frontend-design,https://x.com/i/status/2092682235375988810,2026-08-26T18:34:59.000Z,en,73,4
frontend-design,https://x.com/i/status/2092681402193969232,2026-08-26T18:31:41.000Z,en,0,0
frontend-design,https://x.com/i/status/2092628133241307210,2026-08-26T15:00:00.000Z,en,2,0
frontend-design,https://x.com/i/status/2092598914767618517,2026-08-26T13:03:54.000Z,en,0,0
frontend-design,https://x.com/i/status/2092584238084161841,2026-08-26T12:05:35.000Z,en,0,0
frontend-design,https://x.com/i/status/2092582873324806158,2026-08-26T12:00:09.000Z,en,1,0
frontend-design,https://x.com/i/status/2092553718965399931,2026-08-26T10:04:19.000Z,ja,1,0
frontend-design,https://x.com/i/status/2092546291884867632,2026-08-26T09:34:48.000Z,zxx,0,0
frontend-design,https://x.com/i/status/2092444705548288503,2026-08-26T02:51:08.000Z,zh,0,0
frontend-design,https://x.com/i/status/2092444696257937509,2026-08-26T02:51:05.000Z,zh,0,0
frontend-design,https://x.com/i/status/2092416434529816792,2026-08-26T00:58:47.000Z,en,188,15
frontend-design,https://x.com/i/status/2092413972309774339,2026-08-26T00:49:00.000Z,en,1,0
frontend-design,https://x.com/i/status/2092387884967813312,2026-08-25T23:05:21.000Z,en,4,0
frontend-design,https://x.com/i/status/2092308885575020643,2026-08-25T17:51:26.000Z,en,2,0
frontend-design,https://x.com/i/status/2092271529035989172,2026-08-25T15:22:59.000Z,en,1,0
frontend-design,https://x.com/i/status/2092265464626078181,2026-08-25T14:58:53.000Z,zxx,0,1
frontend-design,https://x.com/i/status/2092250905655812121,2026-08-25T14:01:02.000Z,en,6107,352
frontend-design,https://x.com/i/status/2092239038166061529,2026-08-25T13:13:53.000Z,en,1,0
frontend-design,https://x.com/i/status/2092228979172188321,2026-08-25T12:33:55.000Z,en,0,0
frontend-design,https://x.com/i/status/2092197043825689043,2026-08-25T10:27:01.000Z,en,8,2
frontend-design,https://x.com/i/status/2092191011632218388,2026-08-25T10:03:02.000Z,zxx,72,11
frontend-design,https://x.com/i/status/2092163033027994050,2026-08-25T08:11:52.000Z,en,0,0
frontend-design,https://x.com/i/status/2092141538281472187,2026-08-25T06:46:27.000Z,zxx,8,0
frontend-design,https://x.com/i/status/2092087317624414561,2026-08-25T03:11:00.000Z,en,2762,152
frontend-design,https://x.com/i/status/2092044292105601231,2026-08-25T00:20:02.000Z,en,2,0
frontend-design,https://x.com/i/status/2092027653482299455,2026-08-24T23:13:55.000Z,en,121,22
frontend-design,https://x.com/i/status/2092007739937435926,2026-08-24T21:54:47.000Z,en,0,0
frontend-design,https://x.com/i/status/2091925493016592457,2026-08-24T16:27:58.000Z,en,50,0
frontend-design,https://x.com/i/status/2091900124599345559,2026-08-24T14:47:09.000Z,en,73,5
frontend-design,https://x.com/i/status/2091889196453519873,2026-08-24T14:03:44.000Z,en,0,0
frontend-design,https://x.com/i/status/2091875414398717990,2026-08-24T13:08:58.000Z,en,1,0
frontend-design,https://x.com/i/status/2091865968582476213,2026-08-24T12:31:26.000Z,en,24,0
frontend-design,https://x.com/i/status/2091862336130662733,2026-08-24T12:17:00.000Z,en,144,1
frontend-design,https://x.com/i/status/2091860321963012190,2026-08-24T12:09:00.000Z,zh,0,0
frontend-design,https://x.com/i/status/2091853451181592918,2026-08-24T11:41:42.000Z,zxx,0,0
frontend-design,https://x.com/i/status/2091840989677961292,2026-08-24T10:52:11.000Z,zxx,0,0
frontend-design,https://x.com/i/status/2091833499850613076,2026-08-24T10:22:25.000Z,zh,0,0
frontend-design,https://x.com/i/status/2091702081971486837,2026-08-24T01:40:12.000Z,ja,0,0
frontend-design,https://x.com/i/status/2091671145691132174,2026-08-23T23:37:17.000Z,zxx,1,0
frontend-design,https://x.com/i/status/2091670832259223859,2026-08-23T23:36:02.000Z,ja,0,0
frontend-design,https://x.com/i/status/2091659598973546872,2026-08-23T22:51:24.000Z,ja,0,0
frontend-design,https://x.com/i/status/2091597585387491402,2026-08-23T18:44:59.000Z,en,0,0
frontend-design,https://x.com/i/status/2091591299178562023,2026-08-23T18:20:00.000Z,en,42,4
frontend-design,https://x.com/i/status/2091578073431081019,2026-08-23T17:27:27.000Z,en,2,0
frontend-design,https://x.com/i/status/2091575707642069374,2026-08-23T17:18:02.000Z,zxx,6,1
frontend-design,https://x.com/i/status/2091535101171491113,2026-08-23T14:36:41.000Z,pt,2,1
frontend-design,https://x.com/i/status/2091523345762193613,2026-08-23T13:49:58.000Z,en,38,3
frontend-design,https://x.com/i/status/2091520803179561364,2026-08-23T13:39:52.000Z,en,9,1
frontend-design,https://x.com/i/status/2091463239678706147,2026-08-23T09:51:08.000Z,en,0,0
frontend-design,https://x.com/i/status/2091346065815736497,2026-08-23T02:05:32.000Z,zxx,40,1
frontend-design,https://x.com/i/status/2091239797805228212,2026-08-22T19:03:15.000Z,zxx,0,0
frontend-design,https://x.com/i/status/2091187192106471874,2026-08-22T15:34:13.000Z,ja,101,9
frontend-design,https://x.com/i/status/2091185213959196686,2026-08-22T15:26:22.000Z,en,25,5
frontend-design,https://x.com/i/status/2091142373573018054,2026-08-22T12:36:08.000Z,en,1,0
frontend-design,https://x.com/i/status/2090988029737361563,2026-08-22T02:22:49.000Z,zxx,2,0
frontend-design,https://x.com/i/status/2090790300323402225,2026-08-21T13:17:07.000Z,en,0,0
ontology,https://x.com/i/status/2093294956597461389,2026-08-28T11:09:43.000Z,en,2,1
ontology,https://x.com/i/status/2093282727680233931,2026-08-28T10:21:08.000Z,en,0,0
ontology,https://x.com/i/status/2093272016417595685,2026-08-28T09:38:34.000Z,en,6,1
ontology,https://x.com/i/status/2093212472886940143,2026-08-28T05:41:58.000Z,en,0,0
ontology,https://x.com/i/status/2093193435113242842,2026-08-28T04:26:19.000Z,en,0,0
ontology,https://x.com/i/status/2093188881512317183,2026-08-28T04:08:13.000Z,en,1,2
ontology,https://x.com/i/status/2093171175484502459,2026-08-28T02:57:52.000Z,en,2,0
ontology,https://x.com/i/status/2093145162796953733,2026-08-28T01:14:30.000Z,en,1,0
ontology,https://x.com/i/status/2093134875943649527,2026-08-28T00:33:37.000Z,en,1,0
ontology,https://x.com/i/status/2093116520591159396,2026-08-27T23:20:41.000Z,en,0,0
ontology,https://x.com/i/status/2093084104040333626,2026-08-27T21:11:52.000Z,en,0,0
ontology,https://x.com/i/status/2093067309795684765,2026-08-27T20:05:08.000Z,en,0,1
ontology,https://x.com/i/status/2093054547023307018,2026-08-27T19:14:25.000Z,en,2,0
ontology,https://x.com/i/status/2093044212019126281,2026-08-27T18:33:21.000Z,zxx,16,5
ontology,https://x.com/i/status/2093016034689053006,2026-08-27T16:41:23.000Z,zxx,6,1
ontology,https://x.com/i/status/2092988757339521258,2026-08-27T14:53:00.000Z,en,1,0
ontology,https://x.com/i/status/2092970722243014846,2026-08-27T13:41:20.000Z,en,1,0
ontology,https://x.com/i/status/2092965604873699814,2026-08-27T13:21:00.000Z,en,0,0
ontology,https://x.com/i/status/2092955713135837573,2026-08-27T12:41:41.000Z,en,0,0
ontology,https://x.com/i/status/2092948476527100243,2026-08-27T12:12:56.000Z,en,120,6
ontology,https://x.com/i/status/2092947026442899631,2026-08-27T12:07:10.000Z,en,0,0
ontology,https://x.com/i/status/2092845974960177369,2026-08-27T05:25:38.000Z,zh,23,1
ontology,https://x.com/i/status/2092803473045876948,2026-08-27T02:36:45.000Z,en,1,0
ontology,https://x.com/i/status/2092794775988748516,2026-08-27T02:02:11.000Z,en,0,0
ontology,https://x.com/i/status/2092782981866045883,2026-08-27T01:15:19.000Z,en,3,0
ontology,https://x.com/i/status/2092769420875833538,2026-08-27T00:21:26.000Z,en,1,1
ontology,https://x.com/i/status/2092768289856643184,2026-08-27T00:16:56.000Z,en,1,0
ontology,https://x.com/i/status/2092759483982160057,2026-08-26T23:41:57.000Z,en,7,0
ontology,https://x.com/i/status/2092757460004032800,2026-08-26T23:33:54.000Z,zxx,0,0
ontology,https://x.com/i/status/2092727184406499712,2026-08-26T21:33:36.000Z,en,0,0
ontology,https://x.com/i/status/2092723805277843514,2026-08-26T21:20:10.000Z,en,0,0
ontology,https://x.com/i/status/2092644776935878753,2026-08-26T16:06:08.000Z,en,0,0
ontology,https://x.com/i/status/2092641235039301933,2026-08-26T15:52:04.000Z,en,0,0
ontology,https://x.com/i/status/2092628007928103308,2026-08-26T14:59:30.000Z,en,5,1
ontology,https://x.com/i/status/2092613474689986885,2026-08-26T14:01:45.000Z,en,3,0
ontology,https://x.com/i/status/2092611624175632747,2026-08-26T13:54:24.000Z,en,0,0
ontology,https://x.com/i/status/2092585760910373117,2026-08-26T12:11:38.000Z,en,1,1
ontology,https://x.com/i/status/2092558456716767504,2026-08-26T10:23:08.000Z,en,9,2
ontology,https://x.com/i/status/2092558393940615600,2026-08-26T10:22:53.000Z,en,0,0
ontology,https://x.com/i/status/2092557488147042334,2026-08-26T10:19:17.000Z,en,2,0
ontology,https://x.com/i/status/2092460500307300835,2026-08-26T03:53:53.000Z,en,9,5
ontology,https://x.com/i/status/2092460000346268066,2026-08-26T03:51:54.000Z,en,4,0
ontology,https://x.com/i/status/2092416384890515626,2026-08-26T00:58:36.000Z,zxx,4,0
ontology,https://x.com/i/status/2092360896412872867,2026-08-25T21:18:06.000Z,en,8,2
ontology,https://x.com/i/status/2092350947804807504,2026-08-25T20:38:34.000Z,en,0,0
ontology,https://x.com/i/status/2092347689522593993,2026-08-25T20:25:37.000Z,en,0,0
ontology,https://x.com/i/status/2092321764227662133,2026-08-25T18:42:36.000Z,en,0,0
ontology,https://x.com/i/status/2092321208289398784,2026-08-25T18:40:24.000Z,en,2,1
ontology,https://x.com/i/status/2092313765002047967,2026-08-25T18:10:49.000Z,zxx,2,0
ontology,https://x.com/i/status/2092307430151758061,2026-08-25T17:45:39.000Z,zxx,27,1
ontology,https://x.com/i/status/2092280307244216416,2026-08-25T15:57:52.000Z,zxx,0,0
ontology,https://x.com/i/status/2092279727147168027,2026-08-25T15:55:34.000Z,en,10,0
ontology,https://x.com/i/status/2092277953803780579,2026-08-25T15:48:31.000Z,zh,105,126
ontology,https://x.com/i/status/2092274944663298155,2026-08-25T15:36:34.000Z,en,10,0
ontology,https://x.com/i/status/2092273875128389987,2026-08-25T15:32:19.000Z,en,11,0
ontology,https://x.com/i/status/2092271353152094706,2026-08-25T15:22:17.000Z,en,463,248
ontology,https://x.com/i/status/2092267792833696164,2026-08-25T15:08:08.000Z,en,0,0
ontology,https://x.com/i/status/2092266104068473299,2026-08-25T15:01:26.000Z,en,5,1
ontology,https://x.com/i/status/2092265852502716437,2026-08-25T15:00:26.000Z,en,1,0
ontology,https://x.com/i/status/2092248406068772974,2026-08-25T13:51:06.000Z,en,0,0
ontology,https://x.com/i/status/2092235823995613452,2026-08-25T13:01:06.000Z,en,15,4
ontology,https://x.com/i/status/2092230061394919635,2026-08-25T12:38:13.000Z,en,4,0
ontology,https://x.com/i/status/2092227316726288549,2026-08-25T12:27:18.000Z,en,0,0
ontology,https://x.com/i/status/2092226636204974523,2026-08-25T12:24:36.000Z,zxx,54,28
ontology,https://x.com/i/status/2092224603208679741,2026-08-25T12:16:31.000Z,zxx,0,0
ontology,https://x.com/i/status/2092125187298779455,2026-08-25T05:41:29.000Z,en,1,0
ontology,https://x.com/i/status/2092122083220496747,2026-08-25T05:29:09.000Z,en,1,0
ontology,https://x.com/i/status/2092092101848686683,2026-08-25T03:30:00.000Z,ja,19,2
ontology,https://x.com/i/status/2092086334999400932,2026-08-25T03:07:06.000Z,en,0,0
ontology,https://x.com/i/status/2092030269733876016,2026-08-24T23:24:19.000Z,zxx,244,18
ontology,https://x.com/i/status/2092023380157313307,2026-08-24T22:56:56.000Z,en,2,1
ontology,https://x.com/i/status/2091958893815681438,2026-08-24T18:40:41.000Z,zxx,0,0
ontology,https://x.com/i/status/2091951943929536667,2026-08-24T18:13:04.000Z,en,0,0
ontology,https://x.com/i/status/2091925224329470156,2026-08-24T16:26:54.000Z,zxx,1,1
ontology,https://x.com/i/status/2091918139701473308,2026-08-24T15:58:45.000Z,en,1,1
ontology,https://x.com/i/status/2091882898152394862,2026-08-24T13:38:42.000Z,en,0,0
ontology,https://x.com/i/status/2091851013841981807,2026-08-24T11:32:01.000Z,en,0,0
ontology,https://x.com/i/status/2091844758457254047,2026-08-24T11:07:09.000Z,zxx,10,5
ontology,https://x.com/i/status/2091841889372635517,2026-08-24T10:55:45.000Z,zxx,1,1
ontology,https://x.com/i/status/2091828827336929504,2026-08-24T10:03:51.000Z,en,1,0
ontology,https://x.com/i/status/2091828534918434860,2026-08-24T10:02:41.000Z,zxx,0,0
ontology,https://x.com/i/status/2091775958227587486,2026-08-24T06:33:46.000Z,zh,1,0
ontology,https://x.com/i/status/2091767931550261728,2026-08-24T06:01:52.000Z,en,2,1
ontology,https://x.com/i/status/2091755165468840349,2026-08-24T05:11:09.000Z,ja,9,4
ontology,https://x.com/i/status/2091740169888321637,2026-08-24T04:11:33.000Z,en,0,0
ontology,https://x.com/i/status/2091737498422501677,2026-08-24T04:00:56.000Z,en,3,0
ontology,https://x.com/i/status/2091734552574300342,2026-08-24T03:49:14.000Z,zh,0,0
ontology,https://x.com/i/status/2091716781270249701,2026-08-24T02:38:37.000Z,en,1,0
ontology,https://x.com/i/status/2091689206410277333,2026-08-24T00:49:03.000Z,en,0,0
ontology,https://x.com/i/status/2091683344241344591,2026-08-24T00:25:45.000Z,en,0,0
ontology,https://x.com/i/status/2091675568345604294,2026-08-23T23:54:51.000Z,en,1,0
ontology,https://x.com/i/status/2091670163179606071,2026-08-23T23:33:22.000Z,en,55,2
ontology,https://x.com/i/status/2091624630356254842,2026-08-23T20:32:27.000Z,ar,13,1
ontology,https://x.com/i/status/2091606079461261653,2026-08-23T19:18:44.000Z,zxx,0,0
ontology,https://x.com/i/status/2091589362693636324,2026-08-23T18:12:18.000Z,en,3,0
ontology,https://x.com/i/status/2091566890510602276,2026-08-23T16:43:00.000Z,en,0,0
ontology,https://x.com/i/status/2091517123168538981,2026-08-23T13:25:15.000Z,zxx,5,0
ontology,https://x.com/i/status/2091421179089178952,2026-08-23T07:04:00.000Z,en,342,148
ontology,https://x.com/i/status/2091391691043537313,2026-08-23T05:06:49.000Z,zh,36,4
ontology,https://x.com/i/status/2091353230705906054,2026-08-23T02:34:00.000Z,en,4,0
improve-codebase-architecture,https://x.com/i/status/2092295961762525411,2026-08-25T17:00:04.000Z,fa,2,0
improve-codebase-architecture,https://x.com/i/status/2091950919114178879,2026-08-24T18:09:00.000Z,en,2,0
improve-codebase-architecture,https://x.com/i/status/2091861696658776220,2026-08-24T12:14:28.000Z,fr,1,0
improve-codebase-architecture,https://x.com/i/status/2091442379064586721,2026-08-23T08:28:14.000Z,en,4,0
improve-codebase-architecture,https://x.com/i/status/2091421376976724477,2026-08-23T07:04:47.000Z,en,3,0
improve-codebase-architecture,https://x.com/i/status/2091410919905755473,2026-08-23T06:23:14.000Z,en,1,0
improve-codebase-architecture,https://x.com/i/status/2091024207081783790,2026-08-22T04:46:34.000Z,ja,2,0
improve-codebase-architecture,https://x.com/i/status/2090828510743171118,2026-08-21T15:48:57.000Z,en,0,0
github,https://x.com/i/status/2093323609531933131,2026-08-28T13:03:35.000Z,en,0,0
github,https://x.com/i/status/2093323226797744557,2026-08-28T13:02:03.000Z,zxx,0,0
github,https://x.com/i/status/2093322197700137356,2026-08-28T12:57:58.000Z,zxx,0,0
github,https://x.com/i/status/2093321978900066432,2026-08-28T12:57:06.000Z,en,0,0
github,https://x.com/i/status/2093320554606694719,2026-08-28T12:51:26.000Z,zh,0,0
github,https://x.com/i/status/2093319770070265965,2026-08-28T12:48:19.000Z,en,1,0
github,https://x.com/i/status/2093319302212706622,2026-08-28T12:46:28.000Z,zxx,0,0
github,https://x.com/i/status/2093319198294634577,2026-08-28T12:46:03.000Z,ja,1,0
github,https://x.com/i/status/2093318179015831673,2026-08-28T12:42:00.000Z,en,0,0
github,https://x.com/i/status/2093317355904340095,2026-08-28T12:38:44.000Z,en,0,0
github,https://x.com/i/status/2093317176900075575,2026-08-28T12:38:01.000Z,zxx,1,0
github,https://x.com/i/status/2093316948230631840,2026-08-28T12:37:07.000Z,en,0,0
github,https://x.com/i/status/2093316363662323717,2026-08-28T12:34:47.000Z,zh,1,0
github,https://x.com/i/status/2093316119687778729,2026-08-28T12:33:49.000Z,en,0,0
github,https://x.com/i/status/2093315498452894110,2026-08-28T12:31:21.000Z,zh,0,0
github,https://x.com/i/status/2093315355620048974,2026-08-28T12:30:47.000Z,en,1,0
github,https://x.com/i/status/2093314806031753438,2026-08-28T12:28:36.000Z,en,0,0
github,https://x.com/i/status/2093314548061102434,2026-08-28T12:27:34.000Z,en,1,0
github,https://x.com/i/status/2093314405002027100,2026-08-28T12:27:00.000Z,zh,0,0
github,https://x.com/i/status/2093314403714351369,2026-08-28T12:27:00.000Z,zh,1,0
github,https://x.com/i/status/2093314231793840136,2026-08-28T12:26:19.000Z,en,0,0
github,https://x.com/i/status/2093314025018835294,2026-08-28T12:25:30.000Z,zxx,17,12
github,https://x.com/i/status/2093313854973632837,2026-08-28T12:24:49.000Z,ja,0,0
github,https://x.com/i/status/2093313666129285210,2026-08-28T12:24:04.000Z,ja,1,0
github,https://x.com/i/status/2093313394870747493,2026-08-28T12:22:59.000Z,en,0,0
github,https://x.com/i/status/2093312558002225309,2026-08-28T12:19:40.000Z,en,0,0
github,https://x.com/i/status/2093310189973753998,2026-08-28T12:10:15.000Z,en,2,0
github,https://x.com/i/status/2093309791120543846,2026-08-28T12:08:40.000Z,en,9,0
github,https://x.com/i/status/2093309761928179917,2026-08-28T12:08:33.000Z,zh,0,0
github,https://x.com/i/status/2093309698959101953,2026-08-28T12:08:18.000Z,zh,0,0
github,https://x.com/i/status/2093309471493968214,2026-08-28T12:07:24.000Z,en,0,0
github,https://x.com/i/status/2093308669287104668,2026-08-28T12:04:13.000Z,en,2,0
github,https://x.com/i/status/2093308660696920437,2026-08-28T12:04:11.000Z,pt,0,0
github,https://x.com/i/status/2093307658476355988,2026-08-28T12:00:12.000Z,en,2,0
github,https://x.com/i/status/2093307616617463837,2026-08-28T12:00:02.000Z,en,0,0
github,https://x.com/i/status/2093307421313974621,2026-08-28T11:59:15.000Z,en,4,2
github,https://x.com/i/status/2093306098120073216,2026-08-28T11:54:00.000Z,zh,2,0
github,https://x.com/i/status/2093305699094892667,2026-08-28T11:52:25.000Z,en,4,1
github,https://x.com/i/status/2093304727496974561,2026-08-28T11:48:33.000Z,en,0,0
github,https://x.com/i/status/2093304657099862024,2026-08-28T11:48:16.000Z,en,0,0
github,https://x.com/i/status/2093304607535768029,2026-08-28T11:48:04.000Z,en,1,0
github,https://x.com/i/status/2093303397973938465,2026-08-28T11:43:16.000Z,zh,51,2
github,https://x.com/i/status/2093302935803564474,2026-08-28T11:41:26.000Z,zh,1,0
github,https://x.com/i/status/2093302910062846411,2026-08-28T11:41:20.000Z,en,3,0
github,https://x.com/i/status/2093302537206034484,2026-08-28T11:39:51.000Z,es,6,3
github,https://x.com/i/status/2093302072145825969,2026-08-28T11:38:00.000Z,zxx,3,1
github,https://x.com/i/status/2093301820475248864,2026-08-28T11:37:00.000Z,en,19,1
github,https://x.com/i/status/2093300579946934492,2026-08-28T11:32:04.000Z,ja,0,0
github,https://x.com/i/status/2093300256230293868,2026-08-28T11:30:47.000Z,zh,0,0
github,https://x.com/i/status/2093300169844625698,2026-08-28T11:30:26.000Z,ja,0,0
github,https://x.com/i/status/2093300062017220916,2026-08-28T11:30:01.000Z,en,0,0
github,https://x.com/i/status/2093300059790061670,2026-08-28T11:30:00.000Z,en,3,0
github,https://x.com/i/status/2093300010431750469,2026-08-28T11:29:48.000Z,zxx,1,1
github,https://x.com/i/status/2093299062623568292,2026-08-28T11:26:02.000Z,en,0,0
github,https://x.com/i/status/2093298305556271200,2026-08-28T11:23:02.000Z,ja,1,0
github,https://x.com/i/status/2093297105699807620,2026-08-28T11:18:16.000Z,en,0,0
github,https://x.com/i/status/2093296978256097696,2026-08-28T11:17:45.000Z,zxx,1,0
github,https://x.com/i/status/2093296779177378203,2026-08-28T11:16:58.000Z,en,7,0
github,https://x.com/i/status/2093296406882853117,2026-08-28T11:15:29.000Z,zh,1,0
github,https://x.com/i/status/2093296054019969227,2026-08-28T11:14:05.000Z,en,0,0
github,https://x.com/i/status/2093295321749275130,2026-08-28T11:11:10.000Z,zxx,2,0
github,https://x.com/i/status/2093294874405556309,2026-08-28T11:09:24.000Z,fr,1,0
github,https://x.com/i/status/2093294662459007021,2026-08-28T11:08:33.000Z,en,0,0
github,https://x.com/i/status/2093294654674321843,2026-08-28T11:08:31.000Z,zh,0,0
github,https://x.com/i/status/2093294561674047660,2026-08-28T11:08:09.000Z,zh,0,0
github,https://x.com/i/status/2093293767822283234,2026-08-28T11:05:00.000Z,zh,0,0
github,https://x.com/i/status/2093293435796980035,2026-08-28T11:03:41.000Z,en,0,0
github,https://x.com/i/status/2093291665062498637,2026-08-28T10:56:39.000Z,en,8,1
github,https://x.com/i/status/2093291401496932832,2026-08-28T10:55:36.000Z,en,10,0
github,https://x.com/i/status/2093290189728985585,2026-08-28T10:50:47.000Z,zh,2,0
github,https://x.com/i/status/2093290174541086866,2026-08-28T10:50:43.000Z,en,14,0
github,https://x.com/i/status/2093290135156564030,2026-08-28T10:50:34.000Z,zxx,11,0
github,https://x.com/i/status/2093289544653156511,2026-08-28T10:48:13.000Z,en,0,0
github,https://x.com/i/status/2093289202565980275,2026-08-28T10:46:51.000Z,en,6,1
github,https://x.com/i/status/2093288526922260532,2026-08-28T10:44:10.000Z,en,1,0
github,https://x.com/i/status/2093288371632431404,2026-08-28T10:43:33.000Z,en,5,3
github,https://x.com/i/status/2093287794986598874,2026-08-28T10:41:16.000Z,ja,0,0
github,https://x.com/i/status/2093287364840112374,2026-08-28T10:39:33.000Z,ja,0,0
github,https://x.com/i/status/2093287057590288394,2026-08-28T10:38:20.000Z,en,4,1
github,https://x.com/i/status/2093287049352892522,2026-08-28T10:38:18.000Z,en,0,0
github,https://x.com/i/status/2093286019697418608,2026-08-28T10:34:13.000Z,en,6,3
github,https://x.com/i/status/2093285626158162197,2026-08-28T10:32:39.000Z,en,0,0
github,https://x.com/i/status/2093285445345960107,2026-08-28T10:31:56.000Z,en,1,0
github,https://x.com/i/status/2093284960883073245,2026-08-28T10:30:00.000Z,ja,1,0
github,https://x.com/i/status/2093284570674200765,2026-08-28T10:28:27.000Z,en,3,2
github,https://x.com/i/status/2093283449138298990,2026-08-28T10:24:00.000Z,zh,6,0
github,https://x.com/i/status/2093283446428962990,2026-08-28T10:23:59.000Z,en,0,0
github,https://x.com/i/status/2093283399867732225,2026-08-28T10:23:48.000Z,en,3,0
github,https://x.com/i/status/2093282703252803790,2026-08-28T10:21:02.000Z,zxx,0,0
github,https://x.com/i/status/2093282573287862461,2026-08-28T10:20:31.000Z,en,81,17
github,https://x.com/i/status/2093282507198464174,2026-08-28T10:20:15.000Z,zh,0,0
github,https://x.com/i/status/2093281310861341090,2026-08-28T10:15:30.000Z,en,0,0
github,https://x.com/i/status/2093280717761290679,2026-08-28T10:13:09.000Z,en,5,2
github,https://x.com/i/status/2093280493706076261,2026-08-28T10:12:15.000Z,zxx,3,0
github,https://x.com/i/status/2093280374562656302,2026-08-28T10:11:47.000Z,zxx,0,0
github,https://x.com/i/status/2093277757115367604,2026-08-28T10:01:23.000Z,en,0,0
github,https://x.com/i/status/2093277427262759008,2026-08-28T10:00:04.000Z,en,25,4
github,https://x.com/i/status/2093277270165307630,2026-08-28T09:59:27.000Z,zh,14,1
github,https://x.com/i/status/2093277157745139828,2026-08-28T09:59:00.000Z,ko,7,0
tdd,https://x.com/i/status/2093323290475450464,2026-08-28T13:02:19.000Z,en,0,0
tdd,https://x.com/i/status/2093301059540164941,2026-08-28T11:33:58.000Z,en,3,2
tdd,https://x.com/i/status/2093258190318092644,2026-08-28T08:43:38.000Z,fr,0,0
tdd,https://x.com/i/status/2093256004075139412,2026-08-28T08:34:56.000Z,zh,1,0
tdd,https://x.com/i/status/2093242932547772574,2026-08-28T07:43:00.000Z,fr,13,3
tdd,https://x.com/i/status/2093242330660872263,2026-08-28T07:40:36.000Z,zh,0,0
tdd,https://x.com/i/status/2093226332473761887,2026-08-28T06:37:02.000Z,en,0,0
tdd,https://x.com/i/status/2093118973487529988,2026-08-27T23:30:26.000Z,pt,10,0
tdd,https://x.com/i/status/2093043691590164689,2026-08-27T18:31:17.000Z,zxx,1,0
tdd,https://x.com/i/status/2093009261429510418,2026-08-27T16:14:28.000Z,en,0,0
tdd,https://x.com/i/status/2092988022790705470,2026-08-27T14:50:05.000Z,fr,8,0
tdd,https://x.com/i/status/2092963119337476137,2026-08-27T13:11:07.000Z,zxx,383,50
tdd,https://x.com/i/status/2092948308683878739,2026-08-27T12:12:16.000Z,zh,1,1
tdd,https://x.com/i/status/2092916532401627609,2026-08-27T10:06:00.000Z,en,0,0
tdd,https://x.com/i/status/2092862639172972676,2026-08-27T06:31:51.000Z,en,0,0
tdd,https://x.com/i/status/2092859296879202536,2026-08-27T06:18:34.000Z,ja,8,1
tdd,https://x.com/i/status/2092856999277187333,2026-08-27T06:09:26.000Z,en,1,0
tdd,https://x.com/i/status/2092787251281334593,2026-08-27T01:32:17.000Z,zh,89,9
tdd,https://x.com/i/status/2092751516880760890,2026-08-26T23:10:17.000Z,en,20,1
tdd,https://x.com/i/status/2092749464436187221,2026-08-26T23:02:08.000Z,ja,3,1
tdd,https://x.com/i/status/2092714030427455908,2026-08-26T20:41:20.000Z,en,0,0
tdd,https://x.com/i/status/2092681586487738578,2026-08-26T18:32:25.000Z,zxx,14,1
tdd,https://x.com/i/status/2092671594963390741,2026-08-26T17:52:42.000Z,en,2,0
tdd,https://x.com/i/status/2092638643039154269,2026-08-26T15:41:46.000Z,zh,11,1
tdd,https://x.com/i/status/2092590537245184066,2026-08-26T12:30:37.000Z,en,1,0
tdd,https://x.com/i/status/2092553890839572651,2026-08-26T10:05:00.000Z,en,1,0
tdd,https://x.com/i/status/2092495559743730005,2026-08-26T06:13:12.000Z,zh,130,26
tdd,https://x.com/i/status/2092488002555838493,2026-08-26T05:43:11.000Z,zh,259,55
tdd,https://x.com/i/status/2092455679198105972,2026-08-26T03:34:44.000Z,zh,21,2
tdd,https://x.com/i/status/2092453002548580767,2026-08-26T03:24:06.000Z,ja,29,3
tdd,https://x.com/i/status/2092452419536146710,2026-08-26T03:21:47.000Z,en,6,0
tdd,https://x.com/i/status/2092444705548288503,2026-08-26T02:51:08.000Z,zh,0,0
tdd,https://x.com/i/status/2092444703706980448,2026-08-26T02:51:07.000Z,zh,1,0
tdd,https://x.com/i/status/2092444685285675015,2026-08-26T02:51:03.000Z,zh,1,0
tdd,https://x.com/i/status/2092436179228713122,2026-08-26T02:17:15.000Z,zh,62,7
tdd,https://x.com/i/status/2092424439417704795,2026-08-26T01:30:36.000Z,en,0,0
tdd,https://x.com/i/status/2092401222850658808,2026-08-25T23:58:21.000Z,ja,0,0
tdd,https://x.com/i/status/2092275755388412127,2026-08-25T15:39:47.000Z,en,0,0
tdd,https://x.com/i/status/2092275753136107535,2026-08-25T15:39:46.000Z,en,0,0
tdd,https://x.com/i/status/2092272791361814851,2026-08-25T15:28:00.000Z,en,1,0
tdd,https://x.com/i/status/2092256036233310687,2026-08-25T14:21:25.000Z,zxx,0,0
tdd,https://x.com/i/status/2092230071540994557,2026-08-25T12:38:15.000Z,en,8,1
tdd,https://x.com/i/status/2092215447210889330,2026-08-25T11:40:08.000Z,en,0,0
tdd,https://x.com/i/status/2092213473396887719,2026-08-25T11:32:18.000Z,en,1,0
tdd,https://x.com/i/status/2092209814122467739,2026-08-25T11:17:45.000Z,zxx,3,0
tdd,https://x.com/i/status/2092208335403507898,2026-08-25T11:11:53.000Z,en,0,0
tdd,https://x.com/i/status/2092197827384664355,2026-08-25T10:30:07.000Z,en,0,0
tdd,https://x.com/i/status/2092185139942175129,2026-08-25T09:39:42.000Z,en,5,0
tdd,https://x.com/i/status/2092170304340869494,2026-08-25T08:40:45.000Z,zh,0,0
tdd,https://x.com/i/status/2092106368694325455,2026-08-25T04:26:42.000Z,zxx,0,0
tdd,https://x.com/i/status/2092077512767725684,2026-08-25T02:32:02.000Z,en,1,0
tdd,https://x.com/i/status/2092060489798783244,2026-08-25T01:24:24.000Z,es,16,0
tdd,https://x.com/i/status/2092043134892945830,2026-08-25T00:15:26.000Z,zh,1,0
tdd,https://x.com/i/status/2092033378258219096,2026-08-24T23:36:40.000Z,es,378,32
tdd,https://x.com/i/status/2091983682273718302,2026-08-24T20:19:11.000Z,en,1,0
tdd,https://x.com/i/status/2091971568700137672,2026-08-24T19:31:03.000Z,en,0,0
tdd,https://x.com/i/status/2091950919114178879,2026-08-24T18:09:00.000Z,en,2,0
tdd,https://x.com/i/status/2091948025853943917,2026-08-24T17:57:30.000Z,zxx,21,3
tdd,https://x.com/i/status/2091940368808104405,2026-08-24T17:27:04.000Z,en,1,0
tdd,https://x.com/i/status/2091929191881355463,2026-08-24T16:42:40.000Z,en,1,0
tdd,https://x.com/i/status/2091911809645039969,2026-08-24T15:33:35.000Z,en,23,1
tdd,https://x.com/i/status/2091894779273445411,2026-08-24T14:25:55.000Z,en,0,0
tdd,https://x.com/i/status/2091892708801675562,2026-08-24T14:17:41.000Z,ko,3,0
tdd,https://x.com/i/status/2091886684086444302,2026-08-24T13:53:45.000Z,en,1,1
tdd,https://x.com/i/status/2091858273607786908,2026-08-24T12:00:51.000Z,en,1,0
tdd,https://x.com/i/status/2091833499850613076,2026-08-24T10:22:25.000Z,zh,0,0
tdd,https://x.com/i/status/2091830985864483040,2026-08-24T10:12:26.000Z,ja,1,0
tdd,https://x.com/i/status/2091812035277578556,2026-08-24T08:57:07.000Z,en,1,0
tdd,https://x.com/i/status/2091779739342041224,2026-08-24T06:48:47.000Z,en,1,0
tdd,https://x.com/i/status/2091740520200487300,2026-08-24T04:12:57.000Z,zh,21,1
tdd,https://x.com/i/status/2091731753786581490,2026-08-24T03:38:07.000Z,en,3,1
tdd,https://x.com/i/status/2091646710166814894,2026-08-23T22:00:11.000Z,en,8,1
tdd,https://x.com/i/status/2091577034359099486,2026-08-23T17:23:19.000Z,es,565,86
tdd,https://x.com/i/status/2091564037750378515,2026-08-23T16:31:40.000Z,en,2,0
tdd,https://x.com/i/status/2091551745688338516,2026-08-23T15:42:49.000Z,en,0,0
tdd,https://x.com/i/status/2091526304432799855,2026-08-23T14:01:44.000Z,en,1,0
tdd,https://x.com/i/status/2091502520967520518,2026-08-23T12:27:13.000Z,zh,60,7
tdd,https://x.com/i/status/2091479549993537624,2026-08-23T10:55:57.000Z,zh,2,0
tdd,https://x.com/i/status/2091418118375473516,2026-08-23T06:51:50.000Z,en,103,7
tdd,https://x.com/i/status/2091243911448600926,2026-08-22T19:19:36.000Z,en,2,2
tdd,https://x.com/i/status/2091216329525043679,2026-08-22T17:30:00.000Z,es,0,0
tdd,https://x.com/i/status/2091215953010774247,2026-08-22T17:28:30.000Z,en,23,2
tdd,https://x.com/i/status/2091210357297606659,2026-08-22T17:06:16.000Z,en,10,2
tdd,https://x.com/i/status/2091187225883255108,2026-08-22T15:34:21.000Z,en,0,0
tdd,https://x.com/i/status/2091177719149232170,2026-08-22T14:56:35.000Z,ja,0,0
tdd,https://x.com/i/status/2091168625856327789,2026-08-22T14:20:27.000Z,ja,1,0
tdd,https://x.com/i/status/2091162287239311841,2026-08-22T13:55:15.000Z,en,37,7
tdd,https://x.com/i/status/2091153622633464212,2026-08-22T13:20:50.000Z,en,1,0
tdd,https://x.com/i/status/2091134835624751401,2026-08-22T12:06:10.000Z,zh,245,40
tdd,https://x.com/i/status/2091107003720757317,2026-08-22T10:15:35.000Z,zh,292,49
tdd,https://x.com/i/status/2091100086667190721,2026-08-22T09:48:06.000Z,tr,0,0
tdd,https://x.com/i/status/2091099308687040577,2026-08-22T09:45:00.000Z,zh,0,0
tdd,https://x.com/i/status/2091088541854171196,2026-08-22T09:02:13.000Z,zh,2,0
tdd,https://x.com/i/status/2091060972907860388,2026-08-22T07:12:40.000Z,en,3,1
tdd,https://x.com/i/status/2091060027440386326,2026-08-22T07:08:55.000Z,en,4,1
tdd,https://x.com/i/status/2091042736287666535,2026-08-22T06:00:12.000Z,en,0,0
tdd,https://x.com/i/status/2091042402350051413,2026-08-22T05:58:53.000Z,zh,27,7
tdd,https://x.com/i/status/2091033430737985848,2026-08-22T05:23:14.000Z,zxx,1,0
tdd,https://x.com/i/status/2091024207081783790,2026-08-22T04:46:34.000Z,ja,2,0
gog,https://x.com/i/status/2093145987212874173,2026-08-28T01:17:46.000Z,en,0,0
gog,https://x.com/i/status/2092765152198168617,2026-08-27T00:04:28.000Z,en,0,0
gog,https://x.com/i/status/2092643235403272699,2026-08-26T16:00:01.000Z,en,1,0
gog,https://x.com/i/status/2092641785092714913,2026-08-26T15:54:15.000Z,zxx,11,4
gog,https://x.com/i/status/2092628800768983388,2026-08-26T15:02:39.000Z,en,0,0
gog,https://x.com/i/status/2092500858667680186,2026-08-26T06:34:16.000Z,en,2,1
gog,https://x.com/i/status/2092363456024588446,2026-08-25T21:28:16.000Z,en,2,0
gog,https://x.com/i/status/2092356914051273190,2026-08-25T21:02:17.000Z,zxx,5,1
gog,https://x.com/i/status/2092347728491872303,2026-08-25T20:25:47.000Z,pl,29,0
gog,https://x.com/i/status/2092344682068013178,2026-08-25T20:13:40.000Z,en,1,0
gog,https://x.com/i/status/2092006174149562437,2026-08-24T21:48:34.000Z,en,1,0
gog,https://x.com/i/status/2091882890938196262,2026-08-24T13:38:41.000Z,en,0,0
gog,https://x.com/i/status/2091879503421198656,2026-08-24T13:25:13.000Z,en,1,0
agent-browser,https://x.com/i/status/2093323288978010337,2026-08-28T13:02:18.000Z,en,0,0
agent-browser,https://x.com/i/status/2093319302212706622,2026-08-28T12:46:28.000Z,zxx,0,0
agent-browser,https://x.com/i/status/2093310061707735548,2026-08-28T12:09:45.000Z,en,1,0
agent-browser,https://x.com/i/status/2093270388407173558,2026-08-28T09:32:06.000Z,qme,0,0
agent-browser,https://x.com/i/status/2093267660763189729,2026-08-28T09:21:16.000Z,zh,14,1
agent-browser,https://x.com/i/status/2093195872427548938,2026-08-28T04:36:00.000Z,zh,37,2
agent-browser,https://x.com/i/status/2093179340691509720,2026-08-28T03:30:18.000Z,en,0,0
agent-browser,https://x.com/i/status/2093097395252781498,2026-08-27T22:04:41.000Z,en,0,0
agent-browser,https://x.com/i/status/2093088181881102842,2026-08-27T21:28:04.000Z,en,7,0
agent-browser,https://x.com/i/status/2093087819136729364,2026-08-27T21:26:38.000Z,en,1,0
agent-browser,https://x.com/i/status/2093084545746899035,2026-08-27T21:13:37.000Z,en,0,0
agent-browser,https://x.com/i/status/2093077457150607557,2026-08-27T20:45:27.000Z,en,0,0
agent-browser,https://x.com/i/status/2093041981236920335,2026-08-27T18:24:29.000Z,en,0,0
agent-browser,https://x.com/i/status/2093039551358914796,2026-08-27T18:14:50.000Z,en,0,0
agent-browser,https://x.com/i/status/2093034809211625535,2026-08-27T17:55:59.000Z,es,0,0
agent-browser,https://x.com/i/status/2093020445666623762,2026-08-27T16:58:55.000Z,en,0,0
agent-browser,https://x.com/i/status/2093019310725951683,2026-08-27T16:54:24.000Z,en,607,25
agent-browser,https://x.com/i/status/2093012561943785844,2026-08-27T16:27:35.000Z,en,31,0
agent-browser,https://x.com/i/status/2093004447488295262,2026-08-27T15:55:21.000Z,en,2,0
agent-browser,https://x.com/i/status/2093000269843841156,2026-08-27T15:38:45.000Z,en,0,0
agent-browser,https://x.com/i/status/2092996269950075360,2026-08-27T15:22:51.000Z,zxx,0,0
agent-browser,https://x.com/i/status/2092968591750578521,2026-08-27T13:32:52.000Z,en,1,0
agent-browser,https://x.com/i/status/2092964136259064229,2026-08-27T13:15:10.000Z,zh,0,0
agent-browser,https://x.com/i/status/2092957714938769495,2026-08-27T12:49:39.000Z,en,0,0
agent-browser,https://x.com/i/status/2092937701628551470,2026-08-27T11:30:07.000Z,en,0,0
agent-browser,https://x.com/i/status/2092920134688243955,2026-08-27T10:20:19.000Z,en,156,17
agent-browser,https://x.com/i/status/2092915075556241750,2026-08-27T10:00:13.000Z,en,1,0
agent-browser,https://x.com/i/status/2092915063052972152,2026-08-27T10:00:10.000Z,en,7,0
agent-browser,https://x.com/i/status/2092838193603231891,2026-08-27T04:54:43.000Z,iw,0,0
agent-browser,https://x.com/i/status/2092824875610366392,2026-08-27T04:01:47.000Z,zh,5,0
agent-browser,https://x.com/i/status/2092821544959447522,2026-08-27T03:48:33.000Z,zxx,610,161
agent-browser,https://x.com/i/status/2092767148850778344,2026-08-27T00:12:24.000Z,en,1,0
agent-browser,https://x.com/i/status/2092764452617928789,2026-08-27T00:01:41.000Z,en,1,0
agent-browser,https://x.com/i/status/2092730717377589437,2026-08-26T21:47:38.000Z,en,2,0
agent-browser,https://x.com/i/status/2092714404727132649,2026-08-26T20:42:49.000Z,en,19,1
agent-browser,https://x.com/i/status/2092674303275761712,2026-08-26T18:03:28.000Z,zxx,4,0
agent-browser,https://x.com/i/status/2092652263340654678,2026-08-26T16:35:53.000Z,en,27,1
agent-browser,https://x.com/i/status/2092643917720342992,2026-08-26T16:02:44.000Z,zh,3,1
agent-browser,https://x.com/i/status/2092614314586984845,2026-08-26T14:05:06.000Z,en,14,5
agent-browser,https://x.com/i/status/2092599024251527322,2026-08-26T13:04:20.000Z,en,0,0
agent-browser,https://x.com/i/status/2092595463476117646,2026-08-26T12:50:11.000Z,en,2,0
agent-browser,https://x.com/i/status/2092580064432988660,2026-08-26T11:49:00.000Z,zh,3,0
agent-browser,https://x.com/i/status/2092557318726562286,2026-08-26T10:18:37.000Z,en,0,0
agent-browser,https://x.com/i/status/2092554949511262605,2026-08-26T10:09:12.000Z,zh,1,0
agent-browser,https://x.com/i/status/2092547694699139138,2026-08-26T09:40:22.000Z,zh,552,63
agent-browser,https://x.com/i/status/2092466958608355758,2026-08-26T04:19:33.000Z,en,0,0
agent-browser,https://x.com/i/status/2092465373618860115,2026-08-26T04:13:15.000Z,en,9,0
agent-browser,https://x.com/i/status/2092450602068644335,2026-08-26T03:14:34.000Z,en,3,0
agent-browser,https://x.com/i/status/2092444774771159217,2026-08-26T02:51:24.000Z,en,0,0
agent-browser,https://x.com/i/status/2092422532607410402,2026-08-26T01:23:01.000Z,en,18,3
agent-browser,https://x.com/i/status/2092413440589775182,2026-08-26T00:46:54.000Z,ja,0,0
agent-browser,https://x.com/i/status/2092405830209745080,2026-08-26T00:16:39.000Z,en,2,0
agent-browser,https://x.com/i/status/2092405646301819141,2026-08-26T00:15:55.000Z,pt,5,1
agent-browser,https://x.com/i/status/2092404737132109885,2026-08-26T00:12:18.000Z,en,11,0
agent-browser,https://x.com/i/status/2092396409815507220,2026-08-25T23:39:13.000Z,ja,1,0
agent-browser,https://x.com/i/status/2092330683209265155,2026-08-25T19:18:03.000Z,en,0,0
agent-browser,https://x.com/i/status/2092319210395545951,2026-08-25T18:32:27.000Z,ja,1,1
agent-browser,https://x.com/i/status/2092315619727229049,2026-08-25T18:18:11.000Z,ja,2,0
agent-browser,https://x.com/i/status/2092303508938928187,2026-08-25T17:30:04.000Z,en,15,0
agent-browser,https://x.com/i/status/2092277312733729028,2026-08-25T15:45:58.000Z,en,0,0
agent-browser,https://x.com/i/status/2092276076009390134,2026-08-25T15:41:03.000Z,en,20,3
agent-browser,https://x.com/i/status/2092267175876661261,2026-08-25T15:05:41.000Z,en,1,0
agent-browser,https://x.com/i/status/2092258814200623157,2026-08-25T14:32:28.000Z,en,3,0
agent-browser,https://x.com/i/status/2092249874276503847,2026-08-25T13:56:56.000Z,en,2,0
agent-browser,https://x.com/i/status/2092248697279046143,2026-08-25T13:52:16.000Z,en,0,0
agent-browser,https://x.com/i/status/2092228979172188321,2026-08-25T12:33:55.000Z,en,0,0
agent-browser,https://x.com/i/status/2092228964253069759,2026-08-25T12:33:51.000Z,zxx,46,6
agent-browser,https://x.com/i/status/2092166901623410809,2026-08-25T08:27:14.000Z,en,1,0
agent-browser,https://x.com/i/status/2092165647287583190,2026-08-25T08:22:15.000Z,en,1,0
agent-browser,https://x.com/i/status/2092155291681136954,2026-08-25T07:41:06.000Z,en,45,24
agent-browser,https://x.com/i/status/2092121599772398028,2026-08-25T05:27:13.000Z,en,16,0
agent-browser,https://x.com/i/status/2092115688299405559,2026-08-25T05:03:44.000Z,en,9,0
agent-browser,https://x.com/i/status/2092099863462953358,2026-08-25T04:00:51.000Z,en,13,6
agent-browser,https://x.com/i/status/2092052919080341974,2026-08-25T00:54:19.000Z,en,3,0
agent-browser,https://x.com/i/status/2092024237792153631,2026-08-24T23:00:20.000Z,en,8,7
agent-browser,https://x.com/i/status/2092009581228831187,2026-08-24T22:02:06.000Z,en,1,0
agent-browser,https://x.com/i/status/2092005574216942005,2026-08-24T21:46:11.000Z,en,327,8
agent-browser,https://x.com/i/status/2091935919184199799,2026-08-24T17:09:24.000Z,ja,2,0
agent-browser,https://x.com/i/status/2091926024590348564,2026-08-24T16:30:05.000Z,en,20,0
agent-browser,https://x.com/i/status/2091868583878172710,2026-08-24T12:41:50.000Z,en,54,26
agent-browser,https://x.com/i/status/2091862937497407557,2026-08-24T12:19:23.000Z,en,1,0
agent-browser,https://x.com/i/status/2091827070888218974,2026-08-24T09:56:52.000Z,en,0,0
agent-browser,https://x.com/i/status/2091758062709453044,2026-08-24T05:22:39.000Z,en,0,0
agent-browser,https://x.com/i/status/2091754595861373248,2026-08-24T05:08:53.000Z,en,0,0
agent-browser,https://x.com/i/status/2091737569557926305,2026-08-24T04:01:13.000Z,en,0,0
agent-browser,https://x.com/i/status/2091721019824443570,2026-08-24T02:55:28.000Z,en,0,0
agent-browser,https://x.com/i/status/2091719965871423694,2026-08-24T02:51:16.000Z,zh,73,4
agent-browser,https://x.com/i/status/2091674327553048682,2026-08-23T23:49:55.000Z,en,2,0
agent-browser,https://x.com/i/status/2091653221487902725,2026-08-23T22:26:03.000Z,en,0,0
agent-browser,https://x.com/i/status/2091641105481597292,2026-08-23T21:37:55.000Z,en,4,0
agent-browser,https://x.com/i/status/2091535101171491113,2026-08-23T14:36:41.000Z,pt,2,1
agent-browser,https://x.com/i/status/2091486653953028241,2026-08-23T11:24:10.000Z,en,2,0
agent-browser,https://x.com/i/status/2091427304312565775,2026-08-23T07:28:20.000Z,en,45,16
agent-browser,https://x.com/i/status/2091418118375473516,2026-08-23T06:51:50.000Z,en,103,7
agent-browser,https://x.com/i/status/2091415310330900817,2026-08-23T06:40:41.000Z,en,1,0
agent-browser,https://x.com/i/status/2091407515389235461,2026-08-23T06:09:42.000Z,en,0,0
agent-browser,https://x.com/i/status/2091381632338960563,2026-08-23T04:26:51.000Z,en,1,0
agent-browser,https://x.com/i/status/2091374125487120465,2026-08-23T03:57:02.000Z,en,2,0
agent-browser,https://x.com/i/status/2091232852314583453,2026-08-22T18:35:39.000Z,en,1,0
agent-browser,https://x.com/i/status/2091224512775827725,2026-08-22T18:02:31.000Z,en,0,0
setup-matt-pocock-skills,https://x.com/i/status/2092495559743730005,2026-08-26T06:13:12.000Z,zh,130,26
proactive-agent,https://x.com/i/status/2093307961732903257,2026-08-28T12:01:24.000Z,en,8,0
proactive-agent,https://x.com/i/status/2093296477519094043,2026-08-28T11:15:46.000Z,zh,0,0
proactive-agent,https://x.com/i/status/2093285668088668495,2026-08-28T10:32:49.000Z,en,225,4
proactive-agent,https://x.com/i/status/2093206476026507331,2026-08-28T05:18:08.000Z,en,0,0
proactive-agent,https://x.com/i/status/2093152039668695305,2026-08-28T01:41:49.000Z,en,0,0
proactive-agent,https://x.com/i/status/2093137129299701773,2026-08-28T00:42:34.000Z,en,9,0
proactive-agent,https://x.com/i/status/2093060877159395792,2026-08-27T19:39:34.000Z,en,0,0
proactive-agent,https://x.com/i/status/2093018169904378062,2026-08-27T16:49:52.000Z,en,1,0
proactive-agent,https://x.com/i/status/2093011175613284676,2026-08-27T16:22:05.000Z,en,10,2
proactive-agent,https://x.com/i/status/2092977824072183955,2026-08-27T14:09:33.000Z,en,1,0
proactive-agent,https://x.com/i/status/2092863083882389789,2026-08-27T06:33:37.000Z,en,4,0
proactive-agent,https://x.com/i/status/2092789055322763333,2026-08-27T01:39:27.000Z,en,114,2
proactive-agent,https://x.com/i/status/2092705793724305886,2026-08-26T20:08:36.000Z,en,40,1
proactive-agent,https://x.com/i/status/2092683880059027691,2026-08-26T18:41:31.000Z,en,0,0
proactive-agent,https://x.com/i/status/2092663441806991683,2026-08-26T17:20:18.000Z,en,0,0
proactive-agent,https://x.com/i/status/2092592436250087631,2026-08-26T12:38:09.000Z,en,173,50
proactive-agent,https://x.com/i/status/2092591851236679712,2026-08-26T12:35:50.000Z,en,0,0
proactive-agent,https://x.com/i/status/2092591629576327238,2026-08-26T12:34:57.000Z,en,0,0
proactive-agent,https://x.com/i/status/2092589901300867256,2026-08-26T12:28:05.000Z,en,1,0
proactive-agent,https://x.com/i/status/2092494347094966338,2026-08-26T06:08:23.000Z,en,0,0
proactive-agent,https://x.com/i/status/2092426017118028266,2026-08-26T01:36:52.000Z,en,127,5
proactive-agent,https://x.com/i/status/2092306939237867676,2026-08-25T17:43:42.000Z,en,37,2
proactive-agent,https://x.com/i/status/2092249732668436866,2026-08-25T13:56:23.000Z,en,0,0
proactive-agent,https://x.com/i/status/2091903471968497888,2026-08-24T15:00:28.000Z,en,0,0
proactive-agent,https://x.com/i/status/2091890893355925922,2026-08-24T14:10:29.000Z,en,0,0
proactive-agent,https://x.com/i/status/2091880136819745051,2026-08-24T13:27:44.000Z,en,0,0
proactive-agent,https://x.com/i/status/2091216259165610364,2026-08-22T17:29:43.000Z,en,1,0
proactive-agent,https://x.com/i/status/2091185117242830925,2026-08-22T15:25:58.000Z,en,2,0
proactive-agent,https://x.com/i/status/2091031974769021351,2026-08-22T05:17:26.000Z,en,0,0
proactive-agent,https://x.com/i/status/2090902896640663688,2026-08-21T20:44:32.000Z,en,1,0
handoff,https://x.com/i/status/2093323412211216454,2026-08-28T13:02:48.000Z,en,0,0
handoff,https://x.com/i/status/2093323226797744557,2026-08-28T13:02:03.000Z,zxx,0,0
handoff,https://x.com/i/status/2093322197700137356,2026-08-28T12:57:58.000Z,zxx,0,0
handoff,https://x.com/i/status/2093322121636413444,2026-08-28T12:57:40.000Z,en,0,0
handoff,https://x.com/i/status/2093321953138336031,2026-08-28T12:57:00.000Z,en,2,0
handoff,https://x.com/i/status/2093319196386177204,2026-08-28T12:46:03.000Z,en,0,0
handoff,https://x.com/i/status/2093315355620048974,2026-08-28T12:30:47.000Z,en,1,0
handoff,https://x.com/i/status/2093315160001871908,2026-08-28T12:30:00.000Z,en,11,2
handoff,https://x.com/i/status/2093310336531378490,2026-08-28T12:10:50.000Z,en,0,0
handoff,https://x.com/i/status/2093309551886188683,2026-08-28T12:07:43.000Z,en,2,0
handoff,https://x.com/i/status/2093309042341069089,2026-08-28T12:05:42.000Z,en,14,0
handoff,https://x.com/i/status/2093308867773919424,2026-08-28T12:05:00.000Z,en,0,0
handoff,https://x.com/i/status/2093307999259361405,2026-08-28T12:01:33.000Z,en,0,0
handoff,https://x.com/i/status/2093306034336985256,2026-08-28T11:53:44.000Z,en,0,0
handoff,https://x.com/i/status/2093301059540164941,2026-08-28T11:33:58.000Z,en,3,2
handoff,https://x.com/i/status/2093299559606649070,2026-08-28T11:28:01.000Z,en,0,0
handoff,https://x.com/i/status/2093298477006553485,2026-08-28T11:23:43.000Z,en,0,0
handoff,https://x.com/i/status/2093293240376086801,2026-08-28T11:02:54.000Z,en,0,0
handoff,https://x.com/i/status/2093291252405952972,2026-08-28T10:55:00.000Z,en,1,0
handoff,https://x.com/i/status/2093288733894135982,2026-08-28T10:45:00.000Z,ja,1,0
handoff,https://x.com/i/status/2093287249374785687,2026-08-28T10:39:06.000Z,en,1,0
handoff,https://x.com/i/status/2093282462491091301,2026-08-28T10:20:05.000Z,zxx,45,1
handoff,https://x.com/i/status/2093280617366716607,2026-08-28T10:12:45.000Z,en,15,1
handoff,https://x.com/i/status/2093278066172625109,2026-08-28T10:02:36.000Z,en,0,0
handoff,https://x.com/i/status/2093272790480916768,2026-08-28T09:41:39.000Z,en,0,0
handoff,https://x.com/i/status/2093268949055979661,2026-08-28T09:26:23.000Z,en,1,0
handoff,https://x.com/i/status/2093264660082597994,2026-08-28T09:09:20.000Z,zxx,28,4
handoff,https://x.com/i/status/2093261994904211745,2026-08-28T08:58:45.000Z,en,0,0
handoff,https://x.com/i/status/2093261314571567426,2026-08-28T08:56:02.000Z,zxx,0,0
handoff,https://x.com/i/status/2093255766941806999,2026-08-28T08:34:00.000Z,en,0,0
handoff,https://x.com/i/status/2093248576730140926,2026-08-28T08:05:26.000Z,en,0,0
handoff,https://x.com/i/status/2093236138270208059,2026-08-28T07:16:00.000Z,en,0,0
handoff,https://x.com/i/status/2093236137884299704,2026-08-28T07:16:00.000Z,ja,0,0
handoff,https://x.com/i/status/2093235886762692731,2026-08-28T07:15:00.000Z,en,0,0
handoff,https://x.com/i/status/2093229326913229278,2026-08-28T06:48:56.000Z,en,16,0
handoff,https://x.com/i/status/2093227541628698792,2026-08-28T06:41:50.000Z,en,40,0
handoff,https://x.com/i/status/2093216607417889114,2026-08-28T05:58:23.000Z,zxx,6,0
handoff,https://x.com/i/status/2093210504198242472,2026-08-28T05:34:08.000Z,en,0,0
handoff,https://x.com/i/status/2093209222897160404,2026-08-28T05:29:03.000Z,en,0,0
handoff,https://x.com/i/status/2093202218509902068,2026-08-28T05:01:13.000Z,en,6,0
handoff,https://x.com/i/status/2093199397177954545,2026-08-28T04:50:00.000Z,en,1,0
handoff,https://x.com/i/status/2093194719505322373,2026-08-28T04:31:25.000Z,en,0,0
handoff,https://x.com/i/status/2093187149202149651,2026-08-28T04:01:20.000Z,en,0,0
handoff,https://x.com/i/status/2093187127265870204,2026-08-28T04:01:15.000Z,in,0,0
handoff,https://x.com/i/status/2093182193015341126,2026-08-28T03:41:38.000Z,en,18,0
handoff,https://x.com/i/status/2093176157818716459,2026-08-28T03:17:40.000Z,en,0,0
handoff,https://x.com/i/status/2093175160933376355,2026-08-28T03:13:42.000Z,en,0,0
handoff,https://x.com/i/status/2093173824669852109,2026-08-28T03:08:23.000Z,en,6,0
handoff,https://x.com/i/status/2093169254875197864,2026-08-28T02:50:14.000Z,zxx,0,0
handoff,https://x.com/i/status/2093166502228963657,2026-08-28T02:39:17.000Z,en,0,0
handoff,https://x.com/i/status/2093163888871367069,2026-08-28T02:28:54.000Z,en,0,0
handoff,https://x.com/i/status/2093163872572383617,2026-08-28T02:28:50.000Z,en,0,0
handoff,https://x.com/i/status/2093162401763840052,2026-08-28T02:23:00.000Z,en,3,0
handoff,https://x.com/i/status/2093158883166716302,2026-08-28T02:09:01.000Z,en,0,0
handoff,https://x.com/i/status/2093151471399526431,2026-08-28T01:39:34.000Z,en,4,0
handoff,https://x.com/i/status/2093149765244801399,2026-08-28T01:32:47.000Z,en,0,0
handoff,https://x.com/i/status/2093149641814712580,2026-08-28T01:32:18.000Z,en,3,1
handoff,https://x.com/i/status/2093149064795742360,2026-08-28T01:30:00.000Z,en,1,0
handoff,https://x.com/i/status/2093145821055221859,2026-08-28T01:17:07.000Z,en,202,36
handoff,https://x.com/i/status/2093145425221927424,2026-08-28T01:15:32.000Z,en,0,0
handoff,https://x.com/i/status/2093141479032320027,2026-08-28T00:59:51.000Z,en,0,0
handoff,https://x.com/i/status/2093141067302592796,2026-08-28T00:58:13.000Z,en,0,0
handoff,https://x.com/i/status/2093140249606271420,2026-08-28T00:54:58.000Z,ja,1,0
handoff,https://x.com/i/status/2093134875943649527,2026-08-28T00:33:37.000Z,en,1,0
handoff,https://x.com/i/status/2093133182522519770,2026-08-28T00:26:53.000Z,en,2,0
handoff,https://x.com/i/status/2093133175702819193,2026-08-28T00:26:52.000Z,en,0,0
handoff,https://x.com/i/status/2093132918302642432,2026-08-28T00:25:50.000Z,en,1,0
handoff,https://x.com/i/status/2093122551106904489,2026-08-27T23:44:39.000Z,en,0,0
handoff,https://x.com/i/status/2093119901389168642,2026-08-27T23:34:07.000Z,en,6,0
handoff,https://x.com/i/status/2093119203054068105,2026-08-27T23:31:20.000Z,en,0,0
handoff,https://x.com/i/status/2093114633293050055,2026-08-27T23:13:11.000Z,en,0,0
handoff,https://x.com/i/status/2093114013303673335,2026-08-27T23:10:43.000Z,en,0,0
handoff,https://x.com/i/status/2093112011798327564,2026-08-27T23:02:46.000Z,en,0,0
handoff,https://x.com/i/status/2093110717041737738,2026-08-27T22:57:37.000Z,en,0,0
handoff,https://x.com/i/status/2093106513552248937,2026-08-27T22:40:55.000Z,en,0,0
handoff,https://x.com/i/status/2093104270375587901,2026-08-27T22:32:00.000Z,en,0,0
handoff,https://x.com/i/status/2093103937159098559,2026-08-27T22:30:41.000Z,en,0,0
handoff,https://x.com/i/status/2093101255963107575,2026-08-27T22:20:02.000Z,en,2,0
handoff,https://x.com/i/status/2093097654477881513,2026-08-27T22:05:43.000Z,en,2,0
handoff,https://x.com/i/status/2093083882014871725,2026-08-27T21:10:59.000Z,en,1,0
handoff,https://x.com/i/status/2093081393920397405,2026-08-27T21:01:06.000Z,en,0,0
handoff,https://x.com/i/status/2093080991611162655,2026-08-27T20:59:30.000Z,en,15,5
handoff,https://x.com/i/status/2093076444670796074,2026-08-27T20:41:26.000Z,en,0,0
handoff,https://x.com/i/status/2093075121443414407,2026-08-27T20:36:11.000Z,en,3,0
handoff,https://x.com/i/status/2093072053481947589,2026-08-27T20:23:59.000Z,zxx,3,0
handoff,https://x.com/i/status/2093071251333861686,2026-08-27T20:20:48.000Z,en,0,0
handoff,https://x.com/i/status/2093071050829651968,2026-08-27T20:20:00.000Z,en,0,0
handoff,https://x.com/i/status/2093070668493398434,2026-08-27T20:18:29.000Z,en,1,1
handoff,https://x.com/i/status/2093069750456947169,2026-08-27T20:14:50.000Z,en,0,0
handoff,https://x.com/i/status/2093067707361157528,2026-08-27T20:06:43.000Z,en,0,0
handoff,https://x.com/i/status/2093067669297848739,2026-08-27T20:06:34.000Z,en,3,0
handoff,https://x.com/i/status/2093066639034224957,2026-08-27T20:02:28.000Z,en,0,0
handoff,https://x.com/i/status/2093066634613391385,2026-08-27T20:02:27.000Z,en,0,0
handoff,https://x.com/i/status/2093066367146525129,2026-08-27T20:01:23.000Z,en,2,0
handoff,https://x.com/i/status/2093062866211680734,2026-08-27T19:47:29.000Z,en,0,0
handoff,https://x.com/i/status/2093061607052210513,2026-08-27T19:42:28.000Z,en,1,0
handoff,https://x.com/i/status/2093060582870028457,2026-08-27T19:38:24.000Z,en,0,0
handoff,https://x.com/i/status/2093056868268564958,2026-08-27T19:23:39.000Z,en,3,0
handoff,https://x.com/i/status/2093055585558081919,2026-08-27T19:18:33.000Z,en,1,0
handoff,https://x.com/i/status/2093055022275924244,2026-08-27T19:16:19.000Z,en,3,0
weather,https://x.com/i/status/2093324099171107307,2026-08-28T13:05:31.000Z,zxx,0,0
weather,https://x.com/i/status/2093322590932910552,2026-08-28T12:59:32.000Z,en,0,0
weather,https://x.com/i/status/2093318079669264491,2026-08-28T12:41:36.000Z,en,0,0
weather,https://x.com/i/status/2093314915188559878,2026-08-28T12:29:02.000Z,zxx,7,0
weather,https://x.com/i/status/2093314086230532489,2026-08-28T12:25:44.000Z,fr,0,0
weather,https://x.com/i/status/2093304265322414398,2026-08-28T11:46:43.000Z,en,1,0
weather,https://x.com/i/status/2093304085768200587,2026-08-28T11:46:00.000Z,en,0,0
weather,https://x.com/i/status/2093302072145825969,2026-08-28T11:38:00.000Z,zxx,3,1
weather,https://x.com/i/status/2093295264291336665,2026-08-28T11:10:57.000Z,en,1,0
weather,https://x.com/i/status/2093294153929028064,2026-08-28T11:06:32.000Z,zxx,0,0
weather,https://x.com/i/status/2093290352421507123,2026-08-28T10:51:26.000Z,en,0,0
weather,https://x.com/i/status/2093287033800179758,2026-08-28T10:38:14.000Z,en,0,0
weather,https://x.com/i/status/2093283379550597604,2026-08-28T10:23:43.000Z,en,0,0
weather,https://x.com/i/status/2093282458623996194,2026-08-28T10:20:04.000Z,en,19,0
weather,https://x.com/i/status/2093279081198424294,2026-08-28T10:06:38.000Z,en,1,0
weather,https://x.com/i/status/2093278317432525265,2026-08-28T10:03:36.000Z,zxx,0,0
weather,https://x.com/i/status/2093275613985665084,2026-08-28T09:52:52.000Z,en,0,0
weather,https://x.com/i/status/2093269832485532000,2026-08-28T09:29:53.000Z,en,1,0
weather,https://x.com/i/status/2093269725690331252,2026-08-28T09:29:28.000Z,en,0,0
weather,https://x.com/i/status/2093264809118871708,2026-08-28T09:09:56.000Z,en,16,0
weather,https://x.com/i/status/2093261103463841967,2026-08-28T08:55:12.000Z,en,0,0
weather,https://x.com/i/status/2093258670196814082,2026-08-28T08:45:32.000Z,en,0,0
weather,https://x.com/i/status/2093256352114020382,2026-08-28T08:36:19.000Z,en,2,0
weather,https://x.com/i/status/2093226021311132102,2026-08-28T06:35:48.000Z,zxx,0,0
weather,https://x.com/i/status/2093224189586981087,2026-08-28T06:28:31.000Z,en,0,0
weather,https://x.com/i/status/2093218720118091876,2026-08-28T06:06:47.000Z,en,0,0
weather,https://x.com/i/status/2093215120369541476,2026-08-28T05:52:29.000Z,en,315,62
weather,https://x.com/i/status/2093211227950293044,2026-08-28T05:37:01.000Z,en,23,11
weather,https://x.com/i/status/2093205195790377416,2026-08-28T05:13:03.000Z,en,0,0
weather,https://x.com/i/status/2093200350824055009,2026-08-28T04:53:48.000Z,en,1,0
weather,https://x.com/i/status/2093193344251740490,2026-08-28T04:25:57.000Z,en,5,0
weather,https://x.com/i/status/2093185945424253048,2026-08-28T03:56:33.000Z,en,2,1
weather,https://x.com/i/status/2093184262518300885,2026-08-28T03:49:52.000Z,en,0,0
weather,https://x.com/i/status/2093180904248139884,2026-08-28T03:36:31.000Z,en,0,0
weather,https://x.com/i/status/2093167249242952023,2026-08-28T02:42:16.000Z,en,2,0
weather,https://x.com/i/status/2093153450267640059,2026-08-28T01:47:26.000Z,en,13,0
weather,https://x.com/i/status/2093147184036258024,2026-08-28T01:22:32.000Z,en,26,0
weather,https://x.com/i/status/2093144961046774216,2026-08-28T01:13:42.000Z,en,0,1
weather,https://x.com/i/status/2093144015571157489,2026-08-28T01:09:56.000Z,en,2,0
weather,https://x.com/i/status/2093135615197872555,2026-08-28T00:36:33.000Z,en,0,0
weather,https://x.com/i/status/2093121084933492939,2026-08-27T23:38:49.000Z,en,0,0
weather,https://x.com/i/status/2093119901389168642,2026-08-27T23:34:07.000Z,en,6,0
weather,https://x.com/i/status/2093110223317918043,2026-08-27T22:55:40.000Z,en,12,0
weather,https://x.com/i/status/2093099804448477518,2026-08-27T22:14:15.000Z,en,0,0
weather,https://x.com/i/status/2093096146252234922,2026-08-27T21:59:43.000Z,zxx,0,0
weather,https://x.com/i/status/2093091226173964360,2026-08-27T21:40:10.000Z,en,2,1
weather,https://x.com/i/status/2093088095583322607,2026-08-27T21:27:44.000Z,en,0,0
weather,https://x.com/i/status/2093086672015540480,2026-08-27T21:22:04.000Z,en,1,0
weather,https://x.com/i/status/2093082980348497945,2026-08-27T21:07:24.000Z,en,0,0
weather,https://x.com/i/status/2093081368251252904,2026-08-27T21:01:00.000Z,en,33,13
weather,https://x.com/i/status/2093081170900652077,2026-08-27T21:00:13.000Z,en,0,0
weather,https://x.com/i/status/2093077999860216310,2026-08-27T20:47:37.000Z,en,6,0
weather,https://x.com/i/status/2093074019637489928,2026-08-27T20:31:48.000Z,en,1,0
weather,https://x.com/i/status/2093071048875135455,2026-08-27T20:20:00.000Z,en,0,0
weather,https://x.com/i/status/2093069941453004837,2026-08-27T20:15:36.000Z,en,0,0
weather,https://x.com/i/status/2093069594865098802,2026-08-27T20:14:13.000Z,en,0,0
weather,https://x.com/i/status/2093069322079867272,2026-08-27T20:13:08.000Z,en,1,0
weather,https://x.com/i/status/2093060661756711151,2026-08-27T19:38:43.000Z,en,0,0
weather,https://x.com/i/status/2093059120706523163,2026-08-27T19:32:36.000Z,en,5,1
weather,https://x.com/i/status/2093057233559093592,2026-08-27T19:25:06.000Z,en,7,1
weather,https://x.com/i/status/2093045534722261059,2026-08-27T18:38:37.000Z,en,0,0
weather,https://x.com/i/status/2093044092389191905,2026-08-27T18:32:53.000Z,en,0,0
weather,https://x.com/i/status/2093039054141218886,2026-08-27T18:12:51.000Z,en,130,10
weather,https://x.com/i/status/2093038488652218867,2026-08-27T18:10:37.000Z,zxx,0,0
weather,https://x.com/i/status/2093035817514176763,2026-08-27T18:00:00.000Z,en,33,0
weather,https://x.com/i/status/2093035315674112420,2026-08-27T17:58:00.000Z,en,0,1
weather,https://x.com/i/status/2093029499671544239,2026-08-27T17:34:53.000Z,en,0,0
weather,https://x.com/i/status/2093029308436504949,2026-08-27T17:34:08.000Z,en,5,0
weather,https://x.com/i/status/2093027327357628560,2026-08-27T17:26:16.000Z,en,2,1
weather,https://x.com/i/status/2093026624992166094,2026-08-27T17:23:28.000Z,en,4,1
weather,https://x.com/i/status/2093025655797555487,2026-08-27T17:19:37.000Z,en,0,0
weather,https://x.com/i/status/2093022304074666074,2026-08-27T17:06:18.000Z,en,17,6
weather,https://x.com/i/status/2093014932044333474,2026-08-27T16:37:00.000Z,en,0,0
weather,https://x.com/i/status/2093009146694226193,2026-08-27T16:14:01.000Z,en,1,0
weather,https://x.com/i/status/2093008994621112583,2026-08-27T16:13:25.000Z,en,0,0
weather,https://x.com/i/status/2093003956079231181,2026-08-27T15:53:23.000Z,en,1,0
weather,https://x.com/i/status/2093000488992067940,2026-08-27T15:39:37.000Z,en,41,0
weather,https://x.com/i/status/2092996982600073538,2026-08-27T15:25:41.000Z,en,7,2
weather,https://x.com/i/status/2092993806844965185,2026-08-27T15:13:04.000Z,en,1,0
weather,https://x.com/i/status/2092990567722418595,2026-08-27T15:00:11.000Z,en,2,0
weather,https://x.com/i/status/2092990295516569735,2026-08-27T14:59:06.000Z,en,26,6
weather,https://x.com/i/status/2092988930723353030,2026-08-27T14:53:41.000Z,zxx,2,1
weather,https://x.com/i/status/2092982955358454160,2026-08-27T14:29:56.000Z,en,41,3
weather,https://x.com/i/status/2092975447638409540,2026-08-27T14:00:06.000Z,zxx,14,9
weather,https://x.com/i/status/2092960029598990672,2026-08-27T12:58:51.000Z,en,0,0
weather,https://x.com/i/status/2092953608266358799,2026-08-27T12:33:20.000Z,en,0,0
weather,https://x.com/i/status/2092949514827055603,2026-08-27T12:17:04.000Z,en,12,4
weather,https://x.com/i/status/2092945541801947385,2026-08-27T12:01:16.000Z,en,7,2
weather,https://x.com/i/status/2092945515532968041,2026-08-27T12:01:10.000Z,en,80,2
weather,https://x.com/i/status/2092944440302186903,2026-08-27T11:56:54.000Z,en,0,0
weather,https://x.com/i/status/2092943143545028809,2026-08-27T11:51:45.000Z,en,1,0
weather,https://x.com/i/status/2092941287880012136,2026-08-27T11:44:22.000Z,en,0,0
weather,https://x.com/i/status/2092938677655605432,2026-08-27T11:34:00.000Z,en,1,0
weather,https://x.com/i/status/2092937743949013243,2026-08-27T11:30:17.000Z,en,9,0
weather,https://x.com/i/status/2092917432478204337,2026-08-27T10:09:35.000Z,en,0,0
weather,https://x.com/i/status/2092913867420561908,2026-08-27T09:55:25.000Z,en,3,1
weather,https://x.com/i/status/2092907658529407339,2026-08-27T09:30:44.000Z,en,3,0
weather,https://x.com/i/status/2092903906837766645,2026-08-27T09:15:50.000Z,en,12,0
weather,https://x.com/i/status/2092895157116903460,2026-08-27T08:41:04.000Z,en,0,0
triage,https://x.com/i/status/2093323609531933131,2026-08-28T13:03:35.000Z,en,0,0
triage,https://x.com/i/status/2093315355620048974,2026-08-28T12:30:47.000Z,en,1,0
triage,https://x.com/i/status/2093311693010894922,2026-08-28T12:16:14.000Z,zxx,17,0
triage,https://x.com/i/status/2093305468399780254,2026-08-28T11:51:30.000Z,en,0,0
triage,https://x.com/i/status/2093305437642993915,2026-08-28T11:51:22.000Z,en,1,0
triage,https://x.com/i/status/2093302953671376972,2026-08-28T11:41:30.000Z,en,0,0
triage,https://x.com/i/status/2093302072145825969,2026-08-28T11:38:00.000Z,zxx,3,1
triage,https://x.com/i/status/2093299037705236540,2026-08-28T11:25:56.000Z,zxx,2,0
triage,https://x.com/i/status/2093277427262759008,2026-08-28T10:00:04.000Z,en,25,4
triage,https://x.com/i/status/2093265589900857411,2026-08-28T09:13:02.000Z,zxx,4,0
triage,https://x.com/i/status/2093264006714892505,2026-08-28T09:06:44.000Z,zxx,1,0
triage,https://x.com/i/status/2093262344151269584,2026-08-28T09:00:08.000Z,ja,24,20
triage,https://x.com/i/status/2093260137779642577,2026-08-28T08:51:22.000Z,en,0,0
triage,https://x.com/i/status/2093258052766171405,2026-08-28T08:43:05.000Z,en,1,0
triage,https://x.com/i/status/2093258044930920459,2026-08-28T08:43:03.000Z,en,2,0
triage,https://x.com/i/status/2093258028187353361,2026-08-28T08:42:59.000Z,en,2,0
triage,https://x.com/i/status/2093250364279582875,2026-08-28T08:12:32.000Z,en,10,0
triage,https://x.com/i/status/2093238920922239380,2026-08-28T07:27:03.000Z,en,17,0
triage,https://x.com/i/status/2093236137884299704,2026-08-28T07:16:00.000Z,ja,0,0
triage,https://x.com/i/status/2093235886762692731,2026-08-28T07:15:00.000Z,en,0,0
triage,https://x.com/i/status/2093235009905741912,2026-08-28T07:11:31.000Z,en,0,0
triage,https://x.com/i/status/2093229326913229278,2026-08-28T06:48:56.000Z,en,16,0
triage,https://x.com/i/status/2093227541628698792,2026-08-28T06:41:50.000Z,en,40,0
triage,https://x.com/i/status/2093217527988207761,2026-08-28T06:02:03.000Z,en,0,0
triage,https://x.com/i/status/2093215032679317648,2026-08-28T05:52:08.000Z,en,2,0
triage,https://x.com/i/status/2093198150454370683,2026-08-28T04:45:03.000Z,en,0,0
triage,https://x.com/i/status/2093193554843803755,2026-08-28T04:26:47.000Z,en,0,0
triage,https://x.com/i/status/2093179549802451057,2026-08-28T03:31:08.000Z,en,0,0
triage,https://x.com/i/status/2093164849433878748,2026-08-28T02:32:43.000Z,en,0,0
triage,https://x.com/i/status/2093163888871367069,2026-08-28T02:28:54.000Z,en,0,0
triage,https://x.com/i/status/2093163872572383617,2026-08-28T02:28:50.000Z,en,0,0
triage,https://x.com/i/status/2093161633472557164,2026-08-28T02:19:57.000Z,en,1,0
triage,https://x.com/i/status/2093161322078929082,2026-08-28T02:18:42.000Z,zh,0,0
triage,https://x.com/i/status/2093161251581145151,2026-08-28T02:18:26.000Z,en,1,0
triage,https://x.com/i/status/2093160579884323043,2026-08-28T02:15:45.000Z,ja,0,0
triage,https://x.com/i/status/2093155148210323964,2026-08-28T01:54:10.000Z,en,1,0
triage,https://x.com/i/status/2093154782752161947,2026-08-28T01:52:43.000Z,zxx,1,0
triage,https://x.com/i/status/2093145288672158204,2026-08-28T01:15:00.000Z,zh,599,90
triage,https://x.com/i/status/2093132572192903198,2026-08-28T00:24:28.000Z,zxx,8,6
triage,https://x.com/i/status/2093112834519712051,2026-08-27T23:06:02.000Z,en,0,0
triage,https://x.com/i/status/2093109548966101401,2026-08-27T22:52:59.000Z,en,0,0
triage,https://x.com/i/status/2093108875901997442,2026-08-27T22:50:18.000Z,en,0,0
triage,https://x.com/i/status/2093092763730415903,2026-08-27T21:46:17.000Z,en,0,0
triage,https://x.com/i/status/2093082329753264156,2026-08-27T21:04:49.000Z,en,1,0
triage,https://x.com/i/status/2093077282248147425,2026-08-27T20:44:46.000Z,en,2,0
triage,https://x.com/i/status/2093074751514087884,2026-08-27T20:34:42.000Z,en,0,0
triage,https://x.com/i/status/2093072087766475098,2026-08-27T20:24:07.000Z,en,20,1
triage,https://x.com/i/status/2093071784765477249,2026-08-27T20:22:55.000Z,en,1,0
triage,https://x.com/i/status/2093061064564867574,2026-08-27T19:40:19.000Z,zxx,2,1
triage,https://x.com/i/status/2093050228429713711,2026-08-27T18:57:16.000Z,en,11,1
triage,https://x.com/i/status/2093050127690686902,2026-08-27T18:56:52.000Z,en,0,0
triage,https://x.com/i/status/2093047906269909172,2026-08-27T18:48:02.000Z,en,2,0
triage,https://x.com/i/status/2093044579553448238,2026-08-27T18:34:49.000Z,en,0,0
triage,https://x.com/i/status/2093035873889858018,2026-08-27T18:00:13.000Z,en,6,1
triage,https://x.com/i/status/2093034652898378186,2026-08-27T17:55:22.000Z,en,0,0
triage,https://x.com/i/status/2093032042389000283,2026-08-27T17:45:00.000Z,en,0,0
triage,https://x.com/i/status/2093020907744723282,2026-08-27T17:00:45.000Z,en,5,1
triage,https://x.com/i/status/2093015404075503711,2026-08-27T16:38:53.000Z,en,0,0
triage,https://x.com/i/status/2093013029579534582,2026-08-27T16:29:27.000Z,zxx,71,8
triage,https://x.com/i/status/2093012848272158903,2026-08-27T16:28:43.000Z,en,0,0
triage,https://x.com/i/status/2093012808380059717,2026-08-27T16:28:34.000Z,en,54,1
triage,https://x.com/i/status/2093003255039037487,2026-08-27T15:50:36.000Z,en,2,0
triage,https://x.com/i/status/2093003242045419884,2026-08-27T15:50:33.000Z,en,4,0
triage,https://x.com/i/status/2093002880756437501,2026-08-27T15:49:07.000Z,en,0,0
triage,https://x.com/i/status/2093001388246663370,2026-08-27T15:43:11.000Z,en,11,1
triage,https://x.com/i/status/2092998376057147850,2026-08-27T15:31:13.000Z,en,1,0
triage,https://x.com/i/status/2092995495941775780,2026-08-27T15:19:46.000Z,zxx,0,0
triage,https://x.com/i/status/2092995453508079929,2026-08-27T15:19:36.000Z,en,3,0
triage,https://x.com/i/status/2092992354487603301,2026-08-27T15:07:17.000Z,en,0,0
triage,https://x.com/i/status/2092992222706766129,2026-08-27T15:06:46.000Z,en,2,0
triage,https://x.com/i/status/2092990972615598315,2026-08-27T15:01:48.000Z,zxx,2,0
triage,https://x.com/i/status/2092989697366675685,2026-08-27T14:56:44.000Z,en,0,0
triage,https://x.com/i/status/2092989260819546131,2026-08-27T14:55:00.000Z,en,0,0
triage,https://x.com/i/status/2092988087668220311,2026-08-27T14:50:20.000Z,en,0,0
triage,https://x.com/i/status/2092985496959918263,2026-08-27T14:40:02.000Z,en,0,0
triage,https://x.com/i/status/2092973927429816398,2026-08-27T13:54:04.000Z,ja,3,0
triage,https://x.com/i/status/2092972004156571686,2026-08-27T13:46:25.000Z,en,0,0
triage,https://x.com/i/status/2092970204053848395,2026-08-27T13:39:16.000Z,en,5,0
triage,https://x.com/i/status/2092967122716504068,2026-08-27T13:27:02.000Z,en,6,0
triage,https://x.com/i/status/2092960320918614278,2026-08-27T13:00:00.000Z,en,1,1
triage,https://x.com/i/status/2092952573506654427,2026-08-27T12:29:13.000Z,zxx,2,0
triage,https://x.com/i/status/2092951694074146882,2026-08-27T12:25:43.000Z,en,26,1
triage,https://x.com/i/status/2092951664445575387,2026-08-27T12:25:36.000Z,en,0,0
triage,https://x.com/i/status/2092949617805513171,2026-08-27T12:17:28.000Z,en,0,0
triage,https://x.com/i/status/2092946097236836822,2026-08-27T12:03:29.000Z,en,0,0
triage,https://x.com/i/status/2092945561171239138,2026-08-27T12:01:21.000Z,en,1,0
triage,https://x.com/i/status/2092945378144587969,2026-08-27T12:00:37.000Z,en,0,0
triage,https://x.com/i/status/2092943895588208896,2026-08-27T11:54:44.000Z,zxx,5,0
triage,https://x.com/i/status/2092937781299327478,2026-08-27T11:30:26.000Z,zxx,21,14
triage,https://x.com/i/status/2092936521200377954,2026-08-27T11:25:26.000Z,en,23,0
triage,https://x.com/i/status/2092918633441964253,2026-08-27T10:14:21.000Z,en,8,3
triage,https://x.com/i/status/2092915124726337784,2026-08-27T10:00:24.000Z,en,2,0
triage,https://x.com/i/status/2092912168195051633,2026-08-27T09:48:39.000Z,zxx,0,0
triage,https://x.com/i/status/2092908715041005678,2026-08-27T09:34:56.000Z,en,0,0
triage,https://x.com/i/status/2092908440582496765,2026-08-27T09:33:51.000Z,en,4,0
triage,https://x.com/i/status/2092901868879888826,2026-08-27T09:07:44.000Z,en,41,16
triage,https://x.com/i/status/2092900688603054201,2026-08-27T09:03:03.000Z,zxx,0,0
triage,https://x.com/i/status/2092889670149402971,2026-08-27T08:19:16.000Z,en,8,0
triage,https://x.com/i/status/2092889338883293650,2026-08-27T08:17:57.000Z,en,0,0
triage,https://x.com/i/status/2092886462647689358,2026-08-27T08:06:31.000Z,zxx,23,1
multi-search-engine,https://x.com/i/status/2092893379118113060,2026-08-27T08:34:00.000Z,zh,20,0
prototype,https://x.com/i/status/2093323226797744557,2026-08-28T13:02:03.000Z,zxx,0,0
prototype,https://x.com/i/status/2093323132534722796,2026-08-28T13:01:41.000Z,en,0,0
prototype,https://x.com/i/status/2093320455167881575,2026-08-28T12:51:03.000Z,en,0,0
prototype,https://x.com/i/status/2093316844916551701,2026-08-28T12:36:42.000Z,en,0,0
prototype,https://x.com/i/status/2093316008312283146,2026-08-28T12:33:22.000Z,en,0,0
prototype,https://x.com/i/status/2093315268269256761,2026-08-28T12:30:26.000Z,en,2,1
prototype,https://x.com/i/status/2093314279533347083,2026-08-28T12:26:30.000Z,en,1,0
prototype,https://x.com/i/status/2093313817925267602,2026-08-28T12:24:40.000Z,en,2,0
prototype,https://x.com/i/status/2093310316859822395,2026-08-28T12:10:46.000Z,en,13,0
prototype,https://x.com/i/status/2093310159892472260,2026-08-28T12:10:08.000Z,en,35,14
prototype,https://x.com/i/status/2093298075032752165,2026-08-28T11:22:07.000Z,en,1,0
prototype,https://x.com/i/status/2093296863340310869,2026-08-28T11:17:18.000Z,en,0,0
prototype,https://x.com/i/status/2093294773813583926,2026-08-28T11:09:00.000Z,en,13,2
prototype,https://x.com/i/status/2093288307002097889,2026-08-28T10:43:18.000Z,zxx,1,0
prototype,https://x.com/i/status/2093275568858874144,2026-08-28T09:52:41.000Z,en,26,9
prototype,https://x.com/i/status/2093269689665495448,2026-08-28T09:29:19.000Z,en,2,0
prototype,https://x.com/i/status/2093243572447498546,2026-08-28T07:45:32.000Z,en,1,0
prototype,https://x.com/i/status/2093242425015705643,2026-08-28T07:40:59.000Z,en,0,0
prototype,https://x.com/i/status/2093232671484989783,2026-08-28T07:02:13.000Z,en,0,0
prototype,https://x.com/i/status/2093230951039992179,2026-08-28T06:55:23.000Z,en,1,0
prototype,https://x.com/i/status/2093226961380282806,2026-08-28T06:39:32.000Z,und,1,0
prototype,https://x.com/i/status/2093224745055801486,2026-08-28T06:30:44.000Z,en,0,0
prototype,https://x.com/i/status/2093222226283622575,2026-08-28T06:20:43.000Z,en,1,0
prototype,https://x.com/i/status/2093219236126831006,2026-08-28T06:08:50.000Z,en,41,2
prototype,https://x.com/i/status/2093217012986089700,2026-08-28T06:00:00.000Z,en,37,14
prototype,https://x.com/i/status/2093215989802426782,2026-08-28T05:55:56.000Z,en,1,0
prototype,https://x.com/i/status/2093202691019149760,2026-08-28T05:03:06.000Z,en,0,0
prototype,https://x.com/i/status/2093202284008329541,2026-08-28T05:01:28.000Z,zxx,2,0
prototype,https://x.com/i/status/2093195403483292051,2026-08-28T04:34:08.000Z,en,7,5
prototype,https://x.com/i/status/2093191612440731712,2026-08-28T04:19:04.000Z,en,0,0
prototype,https://x.com/i/status/2093190461137764759,2026-08-28T04:14:30.000Z,en,0,0
prototype,https://x.com/i/status/2093187082306953262,2026-08-28T04:01:04.000Z,en,4,0
prototype,https://x.com/i/status/2093185710899831169,2026-08-28T03:55:37.000Z,en,0,0
prototype,https://x.com/i/status/2093180827475877941,2026-08-28T03:36:13.000Z,en,0,0
prototype,https://x.com/i/status/2093174029654032787,2026-08-28T03:09:12.000Z,en,0,0
prototype,https://x.com/i/status/2093172639355515070,2026-08-28T03:03:41.000Z,en,0,0
prototype,https://x.com/i/status/2093169254875197864,2026-08-28T02:50:14.000Z,zxx,0,0
prototype,https://x.com/i/status/2093164231768133691,2026-08-28T02:30:16.000Z,en,5,0
prototype,https://x.com/i/status/2093163888871367069,2026-08-28T02:28:54.000Z,en,0,0
prototype,https://x.com/i/status/2093163872572383617,2026-08-28T02:28:50.000Z,en,0,0
prototype,https://x.com/i/status/2093163270752387239,2026-08-28T02:26:27.000Z,en,2,0
prototype,https://x.com/i/status/2093161915614732314,2026-08-28T02:21:04.000Z,en,0,0
prototype,https://x.com/i/status/2093161251581145151,2026-08-28T02:18:26.000Z,en,1,0
prototype,https://x.com/i/status/2093160579884323043,2026-08-28T02:15:45.000Z,ja,0,0
prototype,https://x.com/i/status/2093160152161788265,2026-08-28T02:14:03.000Z,ja,0,0
prototype,https://x.com/i/status/2093148952702984391,2026-08-28T01:29:33.000Z,en,0,0
prototype,https://x.com/i/status/2093144961046774216,2026-08-28T01:13:42.000Z,en,0,1
prototype,https://x.com/i/status/2093113251546460419,2026-08-27T23:07:41.000Z,und,10,3
prototype,https://x.com/i/status/2093110668975329554,2026-08-27T22:57:26.000Z,en,2,0
prototype,https://x.com/i/status/2093105267978170566,2026-08-27T22:35:58.000Z,en,0,0
prototype,https://x.com/i/status/2093094623161802857,2026-08-27T21:53:40.000Z,en,0,0
prototype,https://x.com/i/status/2093082329753264156,2026-08-27T21:04:49.000Z,en,1,0
prototype,https://x.com/i/status/2093081408483086507,2026-08-27T21:01:10.000Z,en,0,0
prototype,https://x.com/i/status/2093071853397119190,2026-08-27T20:23:11.000Z,en,0,0
prototype,https://x.com/i/status/2093066395382661624,2026-08-27T20:01:30.000Z,en,16,2
prototype,https://x.com/i/status/2093058469536669830,2026-08-27T19:30:00.000Z,en,3,0
prototype,https://x.com/i/status/2093057519375831545,2026-08-27T19:26:14.000Z,zxx,0,0
prototype,https://x.com/i/status/2093046997800374333,2026-08-27T18:44:25.000Z,en,3,0
prototype,https://x.com/i/status/2093043691590164689,2026-08-27T18:31:17.000Z,zxx,1,0
prototype,https://x.com/i/status/2093042027034448287,2026-08-27T18:24:40.000Z,en,2,1
prototype,https://x.com/i/status/2093040738053337501,2026-08-27T18:19:33.000Z,en,3,0
prototype,https://x.com/i/status/2093030990172066230,2026-08-27T17:40:49.000Z,en,1,0
prototype,https://x.com/i/status/2093030209184550980,2026-08-27T17:37:43.000Z,en,1,0
prototype,https://x.com/i/status/2093021461460001080,2026-08-27T17:02:57.000Z,en,1,0
prototype,https://x.com/i/status/2093018682867744807,2026-08-27T16:51:55.000Z,en,0,0
prototype,https://x.com/i/status/2093007428816122083,2026-08-27T16:07:11.000Z,en,1,0
prototype,https://x.com/i/status/2093004333021274287,2026-08-27T15:54:53.000Z,zxx,19,0
prototype,https://x.com/i/status/2093001992335483039,2026-08-27T15:45:35.000Z,en,1,0
prototype,https://x.com/i/status/2092998572434473455,2026-08-27T15:32:00.000Z,fr,3,0
prototype,https://x.com/i/status/2092996166833111058,2026-08-27T15:22:26.000Z,en,54,1
prototype,https://x.com/i/status/2092995742847660445,2026-08-27T15:20:45.000Z,en,3,0
prototype,https://x.com/i/status/2092994973620986142,2026-08-27T15:17:42.000Z,en,1,0
prototype,https://x.com/i/status/2092989569264214482,2026-08-27T14:56:13.000Z,en,4,0
prototype,https://x.com/i/status/2092988642138481113,2026-08-27T14:52:32.000Z,en,0,0
prototype,https://x.com/i/status/2092984063455842493,2026-08-27T14:34:21.000Z,zxx,0,0
prototype,https://x.com/i/status/2092982970181181531,2026-08-27T14:30:00.000Z,en,44,12
prototype,https://x.com/i/status/2092978894479736887,2026-08-27T14:13:48.000Z,en,3,2
prototype,https://x.com/i/status/2092977097526669357,2026-08-27T14:06:40.000Z,en,2,0
prototype,https://x.com/i/status/2092976003324809547,2026-08-27T14:02:19.000Z,zxx,11,1
prototype,https://x.com/i/status/2092975593088532492,2026-08-27T14:00:41.000Z,en,56,8
prototype,https://x.com/i/status/2092975428864758076,2026-08-27T14:00:02.000Z,in,9,0
prototype,https://x.com/i/status/2092960332574842909,2026-08-27T13:00:03.000Z,en,1,0
prototype,https://x.com/i/status/2092960067263865062,2026-08-27T12:59:00.000Z,en,0,0
prototype,https://x.com/i/status/2092958176681562265,2026-08-27T12:51:29.000Z,en,3,1
prototype,https://x.com/i/status/2092956622087741624,2026-08-27T12:45:18.000Z,en,0,0
prototype,https://x.com/i/status/2092955136628871631,2026-08-27T12:39:24.000Z,en,7,1
prototype,https://x.com/i/status/2092953023471329788,2026-08-27T12:31:00.000Z,en,1,0
prototype,https://x.com/i/status/2092947190893424889,2026-08-27T12:07:50.000Z,en,14,2
prototype,https://x.com/i/status/2092943906862207374,2026-08-27T11:54:47.000Z,en,0,0
prototype,https://x.com/i/status/2092943086494056945,2026-08-27T11:51:31.000Z,en,39,5
prototype,https://x.com/i/status/2092942117593325806,2026-08-27T11:47:40.000Z,zxx,63,19
prototype,https://x.com/i/status/2092941841272332660,2026-08-27T11:46:34.000Z,en,4,0
prototype,https://x.com/i/status/2092938459300176140,2026-08-27T11:33:08.000Z,en,7,0
prototype,https://x.com/i/status/2092934544303223172,2026-08-27T11:17:34.000Z,en,1,0
prototype,https://x.com/i/status/2092933178042278177,2026-08-27T11:12:09.000Z,en,10,1
prototype,https://x.com/i/status/2092930625778983295,2026-08-27T11:02:00.000Z,en,0,0
prototype,https://x.com/i/status/2092928805618983397,2026-08-27T10:54:46.000Z,en,3,0
prototype,https://x.com/i/status/2092922761333157964,2026-08-27T10:30:45.000Z,en,0,0
prototype,https://x.com/i/status/2092920382189617510,2026-08-27T10:21:18.000Z,zxx,78,19
prototype,https://x.com/i/status/2092918301508944181,2026-08-27T10:13:02.000Z,en,0,0
vercel-react-best-practices,https://x.com/i/status/2093119018760589316,2026-08-27T23:30:37.000Z,en,0,0
vercel-react-best-practices,https://x.com/i/status/2092228979172188321,2026-08-25T12:33:55.000Z,en,0,0
vercel-react-best-practices,https://x.com/i/status/2090988029737361563,2026-08-22T02:22:49.000Z,zxx,2,0
lark-doc,https://x.com/i/status/2091459288644636715,2026-08-23T09:35:26.000Z,zxx,0,0
humanizer,https://x.com/i/status/2093318933151658245,2026-08-28T12:45:00.000Z,en,22,2
humanizer,https://x.com/i/status/2093312883262452206,2026-08-28T12:20:57.000Z,en,2,1
humanizer,https://x.com/i/status/2093283549931876806,2026-08-28T10:24:24.000Z,zh,0,0
humanizer,https://x.com/i/status/2093257244905213961,2026-08-28T08:39:52.000Z,en,0,0
humanizer,https://x.com/i/status/2093238769184899131,2026-08-28T07:26:27.000Z,en,0,0
humanizer,https://x.com/i/status/2093142325375779298,2026-08-28T01:03:13.000Z,zh,5,1
humanizer,https://x.com/i/status/2093106979724292362,2026-08-27T22:42:46.000Z,en,0,0
humanizer,https://x.com/i/status/2093099556166947086,2026-08-27T22:13:16.000Z,en,1,0
humanizer,https://x.com/i/status/2093099210606542994,2026-08-27T22:11:54.000Z,en,296,31
humanizer,https://x.com/i/status/2093079433749893559,2026-08-27T20:53:19.000Z,en,102,0
humanizer,https://x.com/i/status/2093045406825382188,2026-08-27T18:38:06.000Z,en,0,0
humanizer,https://x.com/i/status/2093028692138057763,2026-08-27T17:31:41.000Z,en,3,0
humanizer,https://x.com/i/status/2093004738082267536,2026-08-27T15:56:30.000Z,en,1,0
humanizer,https://x.com/i/status/2092987295032844376,2026-08-27T14:47:11.000Z,en,0,1
humanizer,https://x.com/i/status/2092983214713315428,2026-08-27T14:30:58.000Z,en,1,0
humanizer,https://x.com/i/status/2092956069727195167,2026-08-27T12:43:06.000Z,en,0,0
humanizer,https://x.com/i/status/2092905215557321037,2026-08-27T09:21:02.000Z,ja,2,0
humanizer,https://x.com/i/status/2092903443656568946,2026-08-27T09:13:59.000Z,en,2,0
humanizer,https://x.com/i/status/2092898653820400076,2026-08-27T08:54:57.000Z,en,1347,153
humanizer,https://x.com/i/status/2092893014402515373,2026-08-27T08:32:33.000Z,zxx,11,0
humanizer,https://x.com/i/status/2092827247073693731,2026-08-27T04:11:13.000Z,en,10,6
humanizer,https://x.com/i/status/2092811075100254568,2026-08-27T03:06:57.000Z,zh,13,3
humanizer,https://x.com/i/status/2092766605625401695,2026-08-27T00:10:15.000Z,en,0,0
humanizer,https://x.com/i/status/2092736525351956971,2026-08-26T22:10:43.000Z,pt,10,1
humanizer,https://x.com/i/status/2092673671676727314,2026-08-26T18:00:57.000Z,en,1273,167
humanizer,https://x.com/i/status/2092661892254695683,2026-08-26T17:14:09.000Z,fa,149,5
humanizer,https://x.com/i/status/2092658417089556827,2026-08-26T17:00:21.000Z,tr,3,0
humanizer,https://x.com/i/status/2092609257338200469,2026-08-26T13:45:00.000Z,en,1805,262
humanizer,https://x.com/i/status/2092597936580391392,2026-08-26T13:00:01.000Z,en,2,0
humanizer,https://x.com/i/status/2092590405300973579,2026-08-26T12:30:05.000Z,ja,12,0
humanizer,https://x.com/i/status/2092546291884867632,2026-08-26T09:34:48.000Z,zxx,0,0
humanizer,https://x.com/i/status/2092364949846970793,2026-08-25T21:34:12.000Z,en,9,2
humanizer,https://x.com/i/status/2092353302411518173,2026-08-25T20:47:55.000Z,en,8,2
humanizer,https://x.com/i/status/2092303260904566905,2026-08-25T17:29:05.000Z,lt,0,0
humanizer,https://x.com/i/status/2092299915674173577,2026-08-25T17:15:47.000Z,en,0,0
humanizer,https://x.com/i/status/2092299684341510495,2026-08-25T17:14:52.000Z,en,5,0
humanizer,https://x.com/i/status/2092256296242438236,2026-08-25T14:22:27.000Z,en,792,155
humanizer,https://x.com/i/status/2092226012587151383,2026-08-25T12:22:07.000Z,qme,0,0
humanizer,https://x.com/i/status/2092221053464465606,2026-08-25T12:02:25.000Z,en,1,0
humanizer,https://x.com/i/status/2092155291681136954,2026-08-25T07:41:06.000Z,en,45,24
humanizer,https://x.com/i/status/2092024237792153631,2026-08-24T23:00:20.000Z,en,8,7
humanizer,https://x.com/i/status/2091971347496722615,2026-08-24T19:30:10.000Z,pt,3,0
humanizer,https://x.com/i/status/2091967085882572882,2026-08-24T19:13:14.000Z,es,2,0
humanizer,https://x.com/i/status/2091908176467648656,2026-08-24T15:19:09.000Z,en,1,0
humanizer,https://x.com/i/status/2091886240916451709,2026-08-24T13:51:59.000Z,en,168,23
humanizer,https://x.com/i/status/2091868583878172710,2026-08-24T12:41:50.000Z,en,54,26
humanizer,https://x.com/i/status/2091862606156104149,2026-08-24T12:18:04.000Z,en,0,0
humanizer,https://x.com/i/status/2091803477752045779,2026-08-24T08:23:07.000Z,en,0,0
humanizer,https://x.com/i/status/2091801698708693015,2026-08-24T08:16:03.000Z,en,0,0
humanizer,https://x.com/i/status/2091797649825628299,2026-08-24T07:59:58.000Z,zh,167,31
humanizer,https://x.com/i/status/2091764751965823402,2026-08-24T05:49:14.000Z,en,47,12
humanizer,https://x.com/i/status/2091763073417621686,2026-08-24T05:42:34.000Z,en,0,0
humanizer,https://x.com/i/status/2091538403611533820,2026-08-23T14:49:48.000Z,zxx,1667,174
humanizer,https://x.com/i/status/2091537226320486894,2026-08-23T14:45:08.000Z,de,0,0
humanizer,https://x.com/i/status/2091526119787020694,2026-08-23T14:01:00.000Z,zh,5,0
humanizer,https://x.com/i/status/2091373999922336216,2026-08-23T03:56:32.000Z,en,0,0
humanizer,https://x.com/i/status/2091365612102864998,2026-08-23T03:23:12.000Z,zh,0,0
humanizer,https://x.com/i/status/2091365237450825805,2026-08-23T03:21:42.000Z,en,0,0
humanizer,https://x.com/i/status/2091351418145853944,2026-08-23T02:26:48.000Z,en,51,0
humanizer,https://x.com/i/status/2091299396818542701,2026-08-22T23:00:05.000Z,ja,923,65
humanizer,https://x.com/i/status/2091253305053761905,2026-08-22T19:56:56.000Z,en,1,0
humanizer,https://x.com/i/status/2091223473670721777,2026-08-22T17:58:23.000Z,en,3,0
humanizer,https://x.com/i/status/2091212733333073965,2026-08-22T17:15:43.000Z,pt,1,0
humanizer,https://x.com/i/status/2091210060932268086,2026-08-22T17:05:05.000Z,tr,187,16
humanizer,https://x.com/i/status/2091179630958907580,2026-08-22T15:04:10.000Z,es,316,78
humanizer,https://x.com/i/status/2091169473096982833,2026-08-22T14:23:49.000Z,en,1,0
humanizer,https://x.com/i/status/2091131223343079835,2026-08-22T11:51:49.000Z,en,0,0
humanizer,https://x.com/i/status/2091003945737236959,2026-08-22T03:26:04.000Z,zh,201,30
humanizer,https://x.com/i/status/2090921392929718593,2026-08-21T21:58:02.000Z,en,15,0
humanizer,https://x.com/i/status/2090868379053646060,2026-08-21T18:27:22.000Z,en,0,0
humanizer,https://x.com/i/status/2090851128208462198,2026-08-21T17:18:49.000Z,en,2,0
humanizer,https://x.com/i/status/2090831325838311473,2026-08-21T16:00:08.000Z,en,0,0
humanizer,https://x.com/i/status/2090810179994443827,2026-08-21T14:36:06.000Z,pt,3,0
lark-base,https://x.com/i/status/2092410274682954143,2026-08-26T00:34:19.000Z,zxx,299,56
lark-base,https://x.com/i/status/2091459288644636715,2026-08-23T09:35:26.000Z,zxx,0,0
lark-drive,https://x.com/i/status/2091459288644636715,2026-08-23T09:35:26.000Z,zxx,0,0
obsidian,https://x.com/i/status/2093321891192991972,2026-08-28T12:56:45.000Z,ja,1,0
obsidian,https://x.com/i/status/2093320519391330682,2026-08-28T12:51:18.000Z,en,0,0
obsidian,https://x.com/i/status/2093320028066378114,2026-08-28T12:49:21.000Z,en,0,0
obsidian,https://x.com/i/status/2093319520308117896,2026-08-28T12:47:20.000Z,en,0,0
obsidian,https://x.com/i/status/2093318593719185412,2026-08-28T12:43:39.000Z,en,0,0
obsidian,https://x.com/i/status/2093317550629323239,2026-08-28T12:39:30.000Z,en,0,0
obsidian,https://x.com/i/status/2093317301542002773,2026-08-28T12:38:31.000Z,en,0,0
obsidian,https://x.com/i/status/2093316522676822350,2026-08-28T12:35:25.000Z,en,0,0
obsidian,https://x.com/i/status/2093316037949493692,2026-08-28T12:33:30.000Z,en,1,0
obsidian,https://x.com/i/status/2093314174013112696,2026-08-28T12:26:05.000Z,es,0,0
obsidian,https://x.com/i/status/2093313786094461072,2026-08-28T12:24:33.000Z,tr,0,0
obsidian,https://x.com/i/status/2093313781476774033,2026-08-28T12:24:32.000Z,en,0,0
obsidian,https://x.com/i/status/2093312257698697583,2026-08-28T12:18:28.000Z,en,0,0
obsidian,https://x.com/i/status/2093311693010894922,2026-08-28T12:16:14.000Z,zxx,17,0
obsidian,https://x.com/i/status/2093311339813077255,2026-08-28T12:14:49.000Z,ja,4,0
obsidian,https://x.com/i/status/2093309803921854903,2026-08-28T12:08:43.000Z,en,0,0
obsidian,https://x.com/i/status/2093309331903234210,2026-08-28T12:06:51.000Z,en,0,0
obsidian,https://x.com/i/status/2093307763187486864,2026-08-28T12:00:37.000Z,ja,1,1
obsidian,https://x.com/i/status/2093307421313974621,2026-08-28T11:59:15.000Z,en,4,2
obsidian,https://x.com/i/status/2093306419613421794,2026-08-28T11:55:16.000Z,ja,1,0
obsidian,https://x.com/i/status/2093304277246804018,2026-08-28T11:46:46.000Z,en,0,0
obsidian,https://x.com/i/status/2093302575282184535,2026-08-28T11:40:00.000Z,en,0,0
obsidian,https://x.com/i/status/2093301633199579635,2026-08-28T11:36:15.000Z,zxx,0,0
obsidian,https://x.com/i/status/2093301420011180541,2026-08-28T11:35:24.000Z,es,2,0
obsidian,https://x.com/i/status/2093291361936028040,2026-08-28T10:55:26.000Z,in,1,0
obsidian,https://x.com/i/status/2093290565505101964,2026-08-28T10:52:16.000Z,en,2,0
obsidian,https://x.com/i/status/2093290549902238073,2026-08-28T10:52:13.000Z,es,23,9
obsidian,https://x.com/i/status/2093290178542702612,2026-08-28T10:50:44.000Z,ja,0,0
obsidian,https://x.com/i/status/2093288459406368986,2026-08-28T10:43:54.000Z,en,1,0
obsidian,https://x.com/i/status/2093285596810580237,2026-08-28T10:32:32.000Z,en,2,0
obsidian,https://x.com/i/status/2093282679785394340,2026-08-28T10:20:56.000Z,en,7,0
obsidian,https://x.com/i/status/2093281933279043713,2026-08-28T10:17:58.000Z,en,5,0
obsidian,https://x.com/i/status/2093280768839782773,2026-08-28T10:13:21.000Z,zxx,2,0
obsidian,https://x.com/i/status/2093277380777566519,2026-08-28T09:59:53.000Z,en,0,0
obsidian,https://x.com/i/status/2093276617313599665,2026-08-28T09:56:51.000Z,en,0,0
obsidian,https://x.com/i/status/2093274526750834903,2026-08-28T09:48:32.000Z,zxx,0,0
obsidian,https://x.com/i/status/2093272166217228795,2026-08-28T09:39:10.000Z,de,5,1
obsidian,https://x.com/i/status/2093271748234121673,2026-08-28T09:37:30.000Z,en,1,0
obsidian,https://x.com/i/status/2093269713254039879,2026-08-28T09:29:25.000Z,en,0,0
obsidian,https://x.com/i/status/2093267502897754318,2026-08-28T09:20:38.000Z,ar,0,0
obsidian,https://x.com/i/status/2093266635490775325,2026-08-28T09:17:11.000Z,en,0,0
obsidian,https://x.com/i/status/2093262325469847650,2026-08-28T09:00:03.000Z,ja,3,0
obsidian,https://x.com/i/status/2093261590296682903,2026-08-28T08:57:08.000Z,zxx,1,0
obsidian,https://x.com/i/status/2093258816347656695,2026-08-28T08:46:07.000Z,en,0,0
obsidian,https://x.com/i/status/2093258367582253427,2026-08-28T08:44:20.000Z,en,1,0
obsidian,https://x.com/i/status/2093254762993164604,2026-08-28T08:30:00.000Z,en,1,0
obsidian,https://x.com/i/status/2093249027512967544,2026-08-28T08:07:13.000Z,fr,0,0
obsidian,https://x.com/i/status/2093248143509078364,2026-08-28T08:03:42.000Z,ja,5,1
obsidian,https://x.com/i/status/2093247217159082003,2026-08-28T08:00:01.000Z,en,0,0
obsidian,https://x.com/i/status/2093246508250567103,2026-08-28T07:57:12.000Z,ja,0,0
obsidian,https://x.com/i/status/2093245391672426534,2026-08-28T07:52:46.000Z,en,0,0
obsidian,https://x.com/i/status/2093243183740440875,2026-08-28T07:44:00.000Z,en,41,3
obsidian,https://x.com/i/status/2093240682685342039,2026-08-28T07:34:03.000Z,zxx,5,0
obsidian,https://x.com/i/status/2093235136662053335,2026-08-28T07:12:01.000Z,ja,5,0
obsidian,https://x.com/i/status/2093234943090737539,2026-08-28T07:11:15.000Z,ja,1,0
obsidian,https://x.com/i/status/2093224008498229250,2026-08-28T06:27:48.000Z,en,0,0
obsidian,https://x.com/i/status/2093223882778149374,2026-08-28T06:27:18.000Z,en,0,0
obsidian,https://x.com/i/status/2093222973394313426,2026-08-28T06:23:41.000Z,zxx,5,0
obsidian,https://x.com/i/status/2093221822661587106,2026-08-28T06:19:07.000Z,ja,3,0
obsidian,https://x.com/i/status/2093220640308285865,2026-08-28T06:14:25.000Z,zxx,47,14
obsidian,https://x.com/i/status/2093217016345743770,2026-08-28T06:00:01.000Z,en,1,0
obsidian,https://x.com/i/status/2093213295159484781,2026-08-28T05:45:14.000Z,en,13,1
obsidian,https://x.com/i/status/2093208705273860219,2026-08-28T05:26:59.000Z,zxx,16,3
obsidian,https://x.com/i/status/2093204346926494100,2026-08-28T05:09:40.000Z,en,14,0
obsidian,https://x.com/i/status/2093203421918818795,2026-08-28T05:06:00.000Z,zh,1,0
obsidian,https://x.com/i/status/2093196878498107789,2026-08-28T04:40:00.000Z,en,1,0
obsidian,https://x.com/i/status/2093195920557187106,2026-08-28T04:36:11.000Z,ja,0,0
obsidian,https://x.com/i/status/2093192147700977838,2026-08-28T04:21:12.000Z,ja,8,0
obsidian,https://x.com/i/status/2093182922207727909,2026-08-28T03:44:32.000Z,ja,1,0
obsidian,https://x.com/i/status/2093179576960925791,2026-08-28T03:31:15.000Z,zh,0,0
obsidian,https://x.com/i/status/2093179115990131036,2026-08-28T03:29:25.000Z,ja,0,0
obsidian,https://x.com/i/status/2093173330572726464,2026-08-28T03:06:25.000Z,ja,1,0
obsidian,https://x.com/i/status/2093171719695716711,2026-08-28T03:00:01.000Z,en,0,0
obsidian,https://x.com/i/status/2093161258166227254,2026-08-28T02:18:27.000Z,zh,6,0
obsidian,https://x.com/i/status/2093159700703662534,2026-08-28T02:12:16.000Z,ja,7,0
obsidian,https://x.com/i/status/2093158146722202082,2026-08-28T02:06:05.000Z,zxx,52,24
obsidian,https://x.com/i/status/2093155280423096461,2026-08-28T01:54:42.000Z,ja,0,0
obsidian,https://x.com/i/status/2093155244179882221,2026-08-28T01:54:33.000Z,en,0,0
obsidian,https://x.com/i/status/2093153010654343447,2026-08-28T01:45:41.000Z,es,7,0
obsidian,https://x.com/i/status/2093144049473749079,2026-08-28T01:10:04.000Z,ja,1,0
obsidian,https://x.com/i/status/2093143995316875520,2026-08-28T01:09:51.000Z,pt,7,0
obsidian,https://x.com/i/status/2093136557926470073,2026-08-28T00:40:18.000Z,en,0,0
obsidian,https://x.com/i/status/2093136457883852867,2026-08-28T00:39:54.000Z,en,2,0
obsidian,https://x.com/i/status/2093135661461373129,2026-08-28T00:36:44.000Z,ja,3,0
obsidian,https://x.com/i/status/2093132540752355801,2026-08-28T00:24:20.000Z,ja,1,0
obsidian,https://x.com/i/status/2093127164740980866,2026-08-28T00:02:59.000Z,zxx,1,0
obsidian,https://x.com/i/status/2093126266157502708,2026-08-27T23:59:24.000Z,zxx,1,0
obsidian,https://x.com/i/status/2093126130291364327,2026-08-27T23:58:52.000Z,en,2,0
obsidian,https://x.com/i/status/2093126026562023863,2026-08-27T23:58:27.000Z,zxx,1,0
obsidian,https://x.com/i/status/2093124147303842269,2026-08-27T23:50:59.000Z,tr,0,0
obsidian,https://x.com/i/status/2093123984795812153,2026-08-27T23:50:20.000Z,en,2,0
obsidian,https://x.com/i/status/2093121869306081544,2026-08-27T23:41:56.000Z,ja,1,0
obsidian,https://x.com/i/status/2093118683379806580,2026-08-27T23:29:17.000Z,en,1,0
obsidian,https://x.com/i/status/2093116984561180982,2026-08-27T23:22:32.000Z,ja,7,0
obsidian,https://x.com/i/status/2093115468722876701,2026-08-27T23:16:30.000Z,zxx,5,1
obsidian,https://x.com/i/status/2093110789431542169,2026-08-27T22:57:54.000Z,en,0,0
obsidian,https://x.com/i/status/2093109309215592545,2026-08-27T22:52:02.000Z,ja,1,0
obsidian,https://x.com/i/status/2093107910251618553,2026-08-27T22:46:28.000Z,ja,3,1
obsidian,https://x.com/i/status/2093100143210103249,2026-08-27T22:15:36.000Z,ja,3,0
obsidian,https://x.com/i/status/2093096223695896635,2026-08-27T22:00:02.000Z,ja,4,0
lark-approval,https://x.com/i/status/2092410274682954143,2026-08-26T00:34:19.000Z,zxx,299,56
nano-banana-pro,https://x.com/i/status/2093322716044779791,2026-08-28T13:00:02.000Z,en,0,0
nano-banana-pro,https://x.com/i/status/2093317773271380238,2026-08-28T12:40:23.000Z,zxx,0,0
nano-banana-pro,https://x.com/i/status/2093307622191718427,2026-08-28T12:00:03.000Z,th,1,0
nano-banana-pro,https://x.com/i/status/2093272638709977191,2026-08-28T09:41:02.000Z,en,1,0
nano-banana-pro,https://x.com/i/status/2093247221789819124,2026-08-28T08:00:02.000Z,en,0,0
nano-banana-pro,https://x.com/i/status/2093228576246288569,2026-08-28T06:45:57.000Z,en,0,0
nano-banana-pro,https://x.com/i/status/2093052494100251128,2026-08-27T19:06:16.000Z,en,1,0
nano-banana-pro,https://x.com/i/status/2093023110559912230,2026-08-27T17:09:30.000Z,en,0,0
nano-banana-pro,https://x.com/i/status/2092953544273928496,2026-08-27T12:33:04.000Z,en,38,0
nano-banana-pro,https://x.com/i/status/2092909706436067682,2026-08-27T09:38:53.000Z,tr,51,3
nano-banana-pro,https://x.com/i/status/2092853889108434965,2026-08-27T05:57:05.000Z,ja,5,0
nano-banana-pro,https://x.com/i/status/2092716454777131380,2026-08-26T20:50:58.000Z,en,9,0
nano-banana-pro,https://x.com/i/status/2092656108431126788,2026-08-26T16:51:10.000Z,en,112,8
nano-banana-pro,https://x.com/i/status/2092378992116666508,2026-08-25T22:30:00.000Z,ja,9,2
nano-banana-pro,https://x.com/i/status/2092344898318221419,2026-08-25T20:14:32.000Z,en,16,0
nano-banana-pro,https://x.com/i/status/2092238661425201374,2026-08-25T13:12:23.000Z,en,13,3
nano-banana-pro,https://x.com/i/status/2091993265486590265,2026-08-24T20:57:16.000Z,en,4,1
nano-banana-pro,https://x.com/i/status/2091876234590326981,2026-08-24T13:12:14.000Z,en,0,0
nano-banana-pro,https://x.com/i/status/2091839643302109258,2026-08-24T10:46:50.000Z,en,97,9
nano-banana-pro,https://x.com/i/status/2091838015681257651,2026-08-24T10:40:22.000Z,fa,127,6
nano-banana-pro,https://x.com/i/status/2091718880834261076,2026-08-24T02:46:58.000Z,zxx,30,1
nano-banana-pro,https://x.com/i/status/2091705449716621578,2026-08-24T01:53:35.000Z,en,1,0
nano-banana-pro,https://x.com/i/status/2091679713999925432,2026-08-24T00:11:20.000Z,ja,0,0
nano-banana-pro,https://x.com/i/status/2091518037224804828,2026-08-23T13:28:53.000Z,zxx,3,0
nano-banana-pro,https://x.com/i/status/2091435340334858738,2026-08-23T08:00:16.000Z,ja,6,0
nano-banana-pro,https://x.com/i/status/2091380628147347854,2026-08-23T04:22:52.000Z,ja,8,0
nano-banana-pro,https://x.com/i/status/2091300342948303134,2026-08-22T23:03:50.000Z,en,0,0
nano-banana-pro,https://x.com/i/status/2091156004775797115,2026-08-22T13:30:17.000Z,en,17,2
nano-banana-pro,https://x.com/i/status/2091094692427345937,2026-08-22T09:26:39.000Z,ja,1,0
nano-banana-pro,https://x.com/i/status/2091085404208296392,2026-08-22T08:49:45.000Z,en,12,1
nano-banana-pro,https://x.com/i/status/2091004368250352113,2026-08-22T03:27:45.000Z,ja,1,0
nano-banana-pro,https://x.com/i/status/2090965143706608106,2026-08-22T00:51:53.000Z,zxx,24,2
nano-banana-pro,https://x.com/i/status/2090859170463621559,2026-08-21T17:50:47.000Z,pt,2,0
nano-banana-pro,https://x.com/i/status/2090855719545237606,2026-08-21T17:37:04.000Z,en,0,0
nano-banana-pro,https://x.com/i/status/2090847613725847555,2026-08-21T17:04:51.000Z,pt,0,0
nano-banana-pro,https://x.com/i/status/2090841329370632640,2026-08-21T16:39:53.000Z,en,0,0
nano-banana-pro,https://x.com/i/status/2090814215703376256,2026-08-21T14:52:09.000Z,en,6,0
lark-shared,https://x.com/i/status/2091459288644636715,2026-08-23T09:35:26.000Z,zxx,0,0
lark-im,https://x.com/i/status/2091459288644636715,2026-08-23T09:35:26.000Z,zxx,0,0
notion,https://x.com/i/status/2093324015578337368,2026-08-28T13:05:12.000Z,en,0,0
notion,https://x.com/i/status/2093322801780507031,2026-08-28T13:00:22.000Z,en,0,0
notion,https://x.com/i/status/2093320896413065370,2026-08-28T12:52:48.000Z,zh,0,0
notion,https://x.com/i/status/2093320311517163885,2026-08-28T12:50:28.000Z,en,8,0
notion,https://x.com/i/status/2093319302212706622,2026-08-28T12:46:28.000Z,zxx,0,0
notion,https://x.com/i/status/2093312780967543240,2026-08-28T12:20:33.000Z,es,1,0
notion,https://x.com/i/status/2093312768837607758,2026-08-28T12:20:30.000Z,es,2,0
notion,https://x.com/i/status/2093312288082035152,2026-08-28T12:18:35.000Z,en,16,5
notion,https://x.com/i/status/2093311693010894922,2026-08-28T12:16:14.000Z,zxx,16,0
notion,https://x.com/i/status/2093311339813077255,2026-08-28T12:14:49.000Z,ja,4,0
notion,https://x.com/i/status/2093307421313974621,2026-08-28T11:59:15.000Z,en,4,2
notion,https://x.com/i/status/2093305983296491631,2026-08-28T11:53:32.000Z,en,11,1
notion,https://x.com/i/status/2093305886626251012,2026-08-28T11:53:09.000Z,fr,0,0
notion,https://x.com/i/status/2093303708582912062,2026-08-28T11:44:30.000Z,en,1,0
notion,https://x.com/i/status/2093300871987962188,2026-08-28T11:33:14.000Z,ja,0,0
notion,https://x.com/i/status/2093293435796980035,2026-08-28T11:03:41.000Z,en,0,0
notion,https://x.com/i/status/2093290189728985585,2026-08-28T10:50:47.000Z,zh,2,0
notion,https://x.com/i/status/2093288142845653197,2026-08-28T10:42:39.000Z,zxx,1,0
notion,https://x.com/i/status/2093285979306299820,2026-08-28T10:34:03.000Z,en,10,3
notion,https://x.com/i/status/2093284959138074650,2026-08-28T10:30:00.000Z,zh,0,0
notion,https://x.com/i/status/2093284292851802510,2026-08-28T10:27:21.000Z,en,1,0
notion,https://x.com/i/status/2093280374562656302,2026-08-28T10:11:47.000Z,zxx,0,0
notion,https://x.com/i/status/2093276121592922328,2026-08-28T09:54:53.000Z,ja,3,0
notion,https://x.com/i/status/2093276050729873626,2026-08-28T09:54:36.000Z,en,0,0
notion,https://x.com/i/status/2093266882996601091,2026-08-28T09:18:10.000Z,zh,14,2
notion,https://x.com/i/status/2093264777787457548,2026-08-28T09:09:48.000Z,en,1,0
notion,https://x.com/i/status/2093264764818362695,2026-08-28T09:09:45.000Z,en,1,0
notion,https://x.com/i/status/2093261066763698398,2026-08-28T08:55:03.000Z,en,36,8
notion,https://x.com/i/status/2093259810225693005,2026-08-28T08:50:04.000Z,en,28,20
notion,https://x.com/i/status/2093257896159252806,2026-08-28T08:42:27.000Z,en,76,23
notion,https://x.com/i/status/2093254810158223621,2026-08-28T08:30:12.000Z,zh,0,0
notion,https://x.com/i/status/2093254621829734522,2026-08-28T08:29:27.000Z,en,1,0
notion,https://x.com/i/status/2093254253783507154,2026-08-28T08:27:59.000Z,en,0,0
notion,https://x.com/i/status/2093250913028739545,2026-08-28T08:14:43.000Z,en,1,0
notion,https://x.com/i/status/2093247487134065039,2026-08-28T08:01:06.000Z,en,11,4
notion,https://x.com/i/status/2093242895302082623,2026-08-28T07:42:51.000Z,en,9,4
notion,https://x.com/i/status/2093241144637276216,2026-08-28T07:35:54.000Z,es,6,0
notion,https://x.com/i/status/2093241136286470505,2026-08-28T07:35:52.000Z,es,7,0
notion,https://x.com/i/status/2093241125028991318,2026-08-28T07:35:49.000Z,es,23,13
notion,https://x.com/i/status/2093239569214845357,2026-08-28T07:29:38.000Z,en,0,0
notion,https://x.com/i/status/2093238897954467876,2026-08-28T07:26:58.000Z,en,0,0
notion,https://x.com/i/status/2093234226300608797,2026-08-28T07:08:24.000Z,zxx,25,5
notion,https://x.com/i/status/2093227273042440503,2026-08-28T06:40:46.000Z,ja,0,0
notion,https://x.com/i/status/2093224645939880352,2026-08-28T06:30:20.000Z,en,0,0
notion,https://x.com/i/status/2093222973394313426,2026-08-28T06:23:41.000Z,zxx,5,0
notion,https://x.com/i/status/2093220342839840969,2026-08-28T06:13:14.000Z,en,36,0
notion,https://x.com/i/status/2093220175625793629,2026-08-28T06:12:34.000Z,en,0,0
notion,https://x.com/i/status/2093215045752868913,2026-08-28T05:52:11.000Z,en,3,0
notion,https://x.com/i/status/2093214899967238356,2026-08-28T05:51:36.000Z,en,0,0
notion,https://x.com/i/status/2093210117017870439,2026-08-28T05:32:36.000Z,ja,1,0
notion,https://x.com/i/status/2093208705273860219,2026-08-28T05:26:59.000Z,zxx,16,3
notion,https://x.com/i/status/2093202259396206908,2026-08-28T05:01:23.000Z,en,3,3
notion,https://x.com/i/status/2093201912682389998,2026-08-28T05:00:00.000Z,en,49,4
notion,https://x.com/i/status/2093193606831943997,2026-08-28T04:27:00.000Z,en,0,0
notion,https://x.com/i/status/2093192147700977838,2026-08-28T04:21:12.000Z,ja,8,0
notion,https://x.com/i/status/2093191513161515078,2026-08-28T04:18:41.000Z,ja,2,0
notion,https://x.com/i/status/2093186736088400143,2026-08-28T03:59:42.000Z,en,6,2
notion,https://x.com/i/status/2093185050171117991,2026-08-28T03:53:00.000Z,zxx,2,1
notion,https://x.com/i/status/2093184398330052736,2026-08-28T03:50:24.000Z,zxx,0,0
notion,https://x.com/i/status/2093180327388684723,2026-08-28T03:34:14.000Z,en,0,0
notion,https://x.com/i/status/2093176157818716459,2026-08-28T03:17:40.000Z,en,0,0
notion,https://x.com/i/status/2093173474441486673,2026-08-28T03:07:00.000Z,zh,0,0
notion,https://x.com/i/status/2093170442379133194,2026-08-28T02:54:57.000Z,en,104,5
notion,https://x.com/i/status/2093166752528224338,2026-08-28T02:40:17.000Z,zh,2,0
notion,https://x.com/i/status/2093163577637236826,2026-08-28T02:27:40.000Z,en,0,0
notion,https://x.com/i/status/2093161258166227254,2026-08-28T02:18:27.000Z,zh,6,0
notion,https://x.com/i/status/2093159639466844464,2026-08-28T02:12:01.000Z,zxx,19,2
notion,https://x.com/i/status/2093157569078628620,2026-08-28T02:03:48.000Z,zxx,12,2
notion,https://x.com/i/status/2093156039273443560,2026-08-28T01:57:43.000Z,en,0,0
notion,https://x.com/i/status/2093155799786819847,2026-08-28T01:56:46.000Z,en,0,0
notion,https://x.com/i/status/2093154439989547401,2026-08-28T01:51:22.000Z,ja,3,0
notion,https://x.com/i/status/2093149957897474174,2026-08-28T01:33:33.000Z,en,0,0
notion,https://x.com/i/status/2093148263621017886,2026-08-28T01:26:49.000Z,zh,68,9
notion,https://x.com/i/status/2093148172193604041,2026-08-28T01:26:27.000Z,en,0,0
notion,https://x.com/i/status/2093147416295862681,2026-08-28T01:23:27.000Z,en,0,0
notion,https://x.com/i/status/2093147134698946600,2026-08-28T01:22:20.000Z,vi,0,0
notion,https://x.com/i/status/2093146439631393165,2026-08-28T01:19:34.000Z,zh,0,0
notion,https://x.com/i/status/2093145559687413919,2026-08-28T01:16:04.000Z,en,1,0
notion,https://x.com/i/status/2093145216475865421,2026-08-28T01:14:43.000Z,en,150,7
notion,https://x.com/i/status/2093144799348195396,2026-08-28T01:13:03.000Z,zxx,1,0
notion,https://x.com/i/status/2093141291970199911,2026-08-28T00:59:07.000Z,en,1,0
notion,https://x.com/i/status/2093141169224229094,2026-08-28T00:58:38.000Z,ja,2,0
notion,https://x.com/i/status/2093140852117823980,2026-08-28T00:57:22.000Z,en,1,0
notion,https://x.com/i/status/2093140487972729285,2026-08-28T00:55:55.000Z,en,0,0
notion,https://x.com/i/status/2093140468733206880,2026-08-28T00:55:51.000Z,en,0,0
notion,https://x.com/i/status/2093140283013615901,2026-08-28T00:55:06.000Z,en,1,0
notion,https://x.com/i/status/2093139475111240050,2026-08-28T00:51:54.000Z,ja,4,0
notion,https://x.com/i/status/2093139321280688453,2026-08-28T00:51:17.000Z,en,0,0
notion,https://x.com/i/status/2093136012713337090,2026-08-28T00:38:08.000Z,zxx,4,0
notion,https://x.com/i/status/2093135645602660406,2026-08-28T00:36:41.000Z,ja,0,0
notion,https://x.com/i/status/2093128928005415196,2026-08-28T00:09:59.000Z,zh,0,0
notion,https://x.com/i/status/2093124992393527682,2026-08-27T23:54:21.000Z,zh,1,0
notion,https://x.com/i/status/2093124449390272610,2026-08-27T23:52:11.000Z,en,1,0
notion,https://x.com/i/status/2093123181683081673,2026-08-27T23:47:09.000Z,zh,0,0
notion,https://x.com/i/status/2093121206828581262,2026-08-27T23:39:18.000Z,en,0,0
notion,https://x.com/i/status/2093115554454487415,2026-08-27T23:16:51.000Z,ja,36,4
notion,https://x.com/i/status/2093111460784226332,2026-08-27T23:00:35.000Z,en,0,0
notion,https://x.com/i/status/2093104171302142279,2026-08-27T22:31:37.000Z,en,1,0
notion,https://x.com/i/status/2093103902468026417,2026-08-27T22:30:32.000Z,en,0,0
notion,https://x.com/i/status/2093103778379846107,2026-08-27T22:30:03.000Z,zxx,0,0
lark-calendar,https://x.com/i/status/2091459288644636715,2026-08-23T09:35:26.000Z,zxx,0,0
skill-creator,https://x.com/i/status/2093242733792264256,2026-08-28T07:42:12.000Z,zh,19,4
skill-creator,https://x.com/i/status/2093220640308285865,2026-08-28T06:14:25.000Z,zxx,47,14
skill-creator,https://x.com/i/status/2093161613700268214,2026-08-28T02:19:52.000Z,zxx,18,3
skill-creator,https://x.com/i/status/2092990555923914804,2026-08-27T15:00:09.000Z,en,137,23
skill-creator,https://x.com/i/status/2092968416403435909,2026-08-27T13:32:10.000Z,en,0,0
skill-creator,https://x.com/i/status/2092968406387425602,2026-08-27T13:32:08.000Z,en,0,0
skill-creator,https://x.com/i/status/2092888777400406389,2026-08-27T08:15:43.000Z,en,18,0
skill-creator,https://x.com/i/status/2092850064091980096,2026-08-27T05:41:53.000Z,zh,1,0
skill-creator,https://x.com/i/status/2092843397027639736,2026-08-27T05:15:23.000Z,zxx,1264,243
skill-creator,https://x.com/i/status/2092825531527901291,2026-08-27T04:04:24.000Z,en,0,0
skill-creator,https://x.com/i/status/2092799626596487632,2026-08-27T02:21:27.000Z,zh,0,0
skill-creator,https://x.com/i/status/2092643487682597315,2026-08-26T16:01:01.000Z,en,2,0
skill-creator,https://x.com/i/status/2092582873324806158,2026-08-26T12:00:09.000Z,en,1,0
skill-creator,https://x.com/i/status/2092526727440294095,2026-08-26T08:17:03.000Z,en,250,33
skill-creator,https://x.com/i/status/2092524086547431748,2026-08-26T08:06:34.000Z,en,0,0
skill-creator,https://x.com/i/status/2092507280449085812,2026-08-26T06:59:47.000Z,en,0,0
skill-creator,https://x.com/i/status/2092507017030111274,2026-08-26T06:58:44.000Z,en,0,0
skill-creator,https://x.com/i/status/2092488002555838493,2026-08-26T05:43:11.000Z,zh,259,55
skill-creator,https://x.com/i/status/2092447168389071028,2026-08-26T03:00:55.000Z,zxx,60,4
skill-creator,https://x.com/i/status/2092444705548288503,2026-08-26T02:51:08.000Z,zh,0,0
skill-creator,https://x.com/i/status/2092444699953091012,2026-08-26T02:51:06.000Z,zh,0,0
skill-creator,https://x.com/i/status/2092387884967813312,2026-08-25T23:05:21.000Z,en,4,0
skill-creator,https://x.com/i/status/2092382627923722391,2026-08-25T22:44:27.000Z,it,0,0
skill-creator,https://x.com/i/status/2092333612922269927,2026-08-25T19:29:41.000Z,en,28,1
skill-creator,https://x.com/i/status/2092322154985464213,2026-08-25T18:44:09.000Z,en,0,0
skill-creator,https://x.com/i/status/2092292775169401281,2026-08-25T16:47:25.000Z,en,32,3
skill-creator,https://x.com/i/status/2092233400035975339,2026-08-25T12:51:29.000Z,en,0,0
skill-creator,https://x.com/i/status/2092230244392751179,2026-08-25T12:38:56.000Z,ja,23,7
skill-creator,https://x.com/i/status/2092202037823828244,2026-08-25T10:46:51.000Z,en,0,0
skill-creator,https://x.com/i/status/2092201361777827966,2026-08-25T10:44:10.000Z,ja,1,0
skill-creator,https://x.com/i/status/2092194373329174914,2026-08-25T10:16:24.000Z,zxx,132,24
skill-creator,https://x.com/i/status/2092165334774006050,2026-08-25T08:21:01.000Z,en,0,0
skill-creator,https://x.com/i/status/2092155291681136954,2026-08-25T07:41:06.000Z,en,45,24
skill-creator,https://x.com/i/status/2092141538281472187,2026-08-25T06:46:27.000Z,zxx,8,0
skill-creator,https://x.com/i/status/2092133077183344848,2026-08-25T06:12:50.000Z,en,1,0
skill-creator,https://x.com/i/status/2092119298466894062,2026-08-25T05:18:05.000Z,zxx,0,0
skill-creator,https://x.com/i/status/2092087708470608378,2026-08-25T03:12:33.000Z,en,0,0
skill-creator,https://x.com/i/status/2092087700417585575,2026-08-25T03:12:31.000Z,ja,1,0
skill-creator,https://x.com/i/status/2092027653482299455,2026-08-24T23:13:55.000Z,en,121,22
skill-creator,https://x.com/i/status/2092024237792153631,2026-08-24T23:00:20.000Z,en,8,7
skill-creator,https://x.com/i/status/2091930880902156659,2026-08-24T16:49:22.000Z,en,0,0
skill-creator,https://x.com/i/status/2091868583878172710,2026-08-24T12:41:50.000Z,en,54,26
skill-creator,https://x.com/i/status/2091843274172666130,2026-08-24T11:01:15.000Z,ja,0,0
skill-creator,https://x.com/i/status/2091843272406868306,2026-08-24T11:01:15.000Z,ja,0,0
skill-creator,https://x.com/i/status/2091843264584564809,2026-08-24T11:01:13.000Z,ja,0,0
skill-creator,https://x.com/i/status/2091839111934136693,2026-08-24T10:44:43.000Z,ja,2,0
skill-creator,https://x.com/i/status/2091801699585286526,2026-08-24T08:16:03.000Z,en,1,0
skill-creator,https://x.com/i/status/2091789833794376005,2026-08-24T07:28:54.000Z,en,66,2
skill-creator,https://x.com/i/status/2091771851726836099,2026-08-24T06:17:27.000Z,en,0,0
skill-creator,https://x.com/i/status/2091721596453126597,2026-08-24T02:57:45.000Z,ja,10,0
skill-creator,https://x.com/i/status/2091715809282543842,2026-08-24T02:34:45.000Z,zh,86,10
skill-creator,https://x.com/i/status/2091694358324236447,2026-08-24T01:09:31.000Z,en,0,0
skill-creator,https://x.com/i/status/2091677869705679296,2026-08-24T00:04:00.000Z,zh,21,7
skill-creator,https://x.com/i/status/2091654226665726104,2026-08-23T22:30:03.000Z,en,50,2
skill-creator,https://x.com/i/status/2091564487723872476,2026-08-23T16:33:27.000Z,en,3,0
skill-creator,https://x.com/i/status/2091422687457431735,2026-08-23T07:10:00.000Z,zh,0,0
skill-creator,https://x.com/i/status/2091372913949814881,2026-08-23T03:52:13.000Z,en,1,0
skill-creator,https://x.com/i/status/2091372892475080838,2026-08-23T03:52:08.000Z,en,0,0
skill-creator,https://x.com/i/status/2091368091493994517,2026-08-23T03:33:03.000Z,zh,128,37
skill-creator,https://x.com/i/status/2091361728353402989,2026-08-23T03:07:46.000Z,en,1,0
skill-creator,https://x.com/i/status/2091339513134010554,2026-08-23T01:39:29.000Z,zxx,5517,1149
skill-creator,https://x.com/i/status/2091324677155074415,2026-08-23T00:40:32.000Z,en,0,0
skill-creator,https://x.com/i/status/2091300143710773716,2026-08-22T23:03:03.000Z,zxx,0,1
skill-creator,https://x.com/i/status/2091245562301399252,2026-08-22T19:26:10.000Z,zxx,112,10
skill-creator,https://x.com/i/status/2091239797805228212,2026-08-22T19:03:15.000Z,zxx,0,0
skill-creator,https://x.com/i/status/2091185213959196686,2026-08-22T15:26:22.000Z,en,25,5
skill-creator,https://x.com/i/status/2091179630958907580,2026-08-22T15:04:10.000Z,es,316,78
skill-creator,https://x.com/i/status/2091121839179243569,2026-08-22T11:14:32.000Z,zh,202,36
skill-creator,https://x.com/i/status/2091121351838900702,2026-08-22T11:12:36.000Z,en,0,0
skill-creator,https://x.com/i/status/2091019947120132269,2026-08-22T04:29:39.000Z,en,0,0
skill-creator,https://x.com/i/status/2091012493959368997,2026-08-22T04:00:02.000Z,ja,1,0
skill-creator,https://x.com/i/status/2091010723518530028,2026-08-22T03:53:00.000Z,zh,5,0
skill-creator,https://x.com/i/status/2090909196292080031,2026-08-21T21:09:34.000Z,en,0,0
skill-creator,https://x.com/i/status/2090846604047577294,2026-08-21T17:00:51.000Z,es,0,0
auto-updater,https://x.com/i/status/2091597899381526564,2026-08-23T18:46:13.000Z,en,5,0
word-docx,https://x.com/i/status/2093228449062404231,2026-08-28T06:45:27.000Z,zh,0,0
word-docx,https://x.com/i/status/2092575295169831201,2026-08-26T11:30:03.000Z,zxx,3,0
word-docx,https://x.com/i/status/2091207003146211441,2026-08-22T16:52:56.000Z,ja,1,0
word-docx,https://x.com/i/status/2091178605996863890,2026-08-22T15:00:06.000Z,en,0,0
openai-whisper,https://x.com/i/status/2093290135156564030,2026-08-28T10:50:34.000Z,zxx,11,0
openai-whisper,https://x.com/i/status/2092969521023795245,2026-08-27T13:36:33.000Z,en,1,0
openai-whisper,https://x.com/i/status/2091838389695762920,2026-08-24T10:41:51.000Z,de,1,0
openai-whisper,https://x.com/i/status/2091636624291709282,2026-08-23T21:20:06.000Z,en,76,16
openai-whisper,https://x.com/i/status/2091199247349604794,2026-08-22T16:22:07.000Z,en,4,0
