skill_key,tweet_url,created_at,lang,favorites,retweets
find-skills,https://x.com/i/status/2100833660240867721,2026-09-18T06:25:50.000Z,en,2,0
find-skills,https://x.com/i/status/2100769082920538475,2026-09-18T02:09:14.000Z,zxx,1,0
find-skills,https://x.com/i/status/2100718510565368008,2026-09-17T22:48:17.000Z,en,0,0
find-skills,https://x.com/i/status/2100478002098561087,2026-09-17T06:52:35.000Z,ja,7,1
find-skills,https://x.com/i/status/2100284169071034795,2026-09-16T18:02:21.000Z,en,20,2
find-skills,https://x.com/i/status/2100269064962588935,2026-09-16T17:02:20.000Z,en,3,0
find-skills,https://x.com/i/status/2100247411734061364,2026-09-16T15:36:18.000Z,en,0,0
find-skills,https://x.com/i/status/2100213255176081607,2026-09-16T13:20:34.000Z,en,1,0
find-skills,https://x.com/i/status/2100155712051822743,2026-09-16T09:31:55.000Z,ja,22,0
find-skills,https://x.com/i/status/2100078660133024254,2026-09-16T04:25:44.000Z,en,3,1
find-skills,https://x.com/i/status/2099979023489347939,2026-09-15T21:49:49.000Z,ja,1,0
find-skills,https://x.com/i/status/2099887813466398928,2026-09-15T15:47:23.000Z,en,5,1
find-skills,https://x.com/i/status/2099875938137739757,2026-09-15T15:00:12.000Z,en,2,0
find-skills,https://x.com/i/status/2099795358029115439,2026-09-15T09:40:00.000Z,en,0,0
find-skills,https://x.com/i/status/2099694865516744877,2026-09-15T03:00:41.000Z,en,0,0
find-skills,https://x.com/i/status/2099685634910585122,2026-09-15T02:24:00.000Z,ja,206,20
find-skills,https://x.com/i/status/2099677799426424974,2026-09-15T01:52:52.000Z,ja,0,0
find-skills,https://x.com/i/status/2099563380185202846,2026-09-14T18:18:12.000Z,ja,0,0
find-skills,https://x.com/i/status/2099410355386818656,2026-09-14T08:10:08.000Z,en,1,0
find-skills,https://x.com/i/status/2099404029281665317,2026-09-14T07:45:00.000Z,ja,7,3
find-skills,https://x.com/i/status/2099312467201630346,2026-09-14T01:41:10.000Z,ja,60,5
find-skills,https://x.com/i/status/2099273583931400402,2026-09-13T23:06:39.000Z,en,0,0
find-skills,https://x.com/i/status/2099224062253826385,2026-09-13T19:49:52.000Z,en,499,82
find-skills,https://x.com/i/status/2099107576147521929,2026-09-13T12:07:00.000Z,ja,3,0
find-skills,https://x.com/i/status/2099074885008175478,2026-09-13T09:57:06.000Z,es,1,0
find-skills,https://x.com/i/status/2099028852282654954,2026-09-13T06:54:11.000Z,zh,8,2
find-skills,https://x.com/i/status/2098595244082069573,2026-09-12T02:11:10.000Z,es,0,0
self-improving-agent,https://x.com/i/status/2101074950069055755,2026-09-18T22:24:38.000Z,en,0,0
self-improving-agent,https://x.com/i/status/2101006720868946114,2026-09-18T17:53:31.000Z,en,5,0
self-improving-agent,https://x.com/i/status/2100993254242263238,2026-09-18T17:00:01.000Z,en,32,9
self-improving-agent,https://x.com/i/status/2100984970692960411,2026-09-18T16:27:06.000Z,en,18,0
self-improving-agent,https://x.com/i/status/2100952891045433854,2026-09-18T14:19:37.000Z,en,82,12
self-improving-agent,https://x.com/i/status/2100913134118572355,2026-09-18T11:41:38.000Z,en,2,0
self-improving-agent,https://x.com/i/status/2100619714951086369,2026-09-17T16:15:42.000Z,en,0,0
self-improving-agent,https://x.com/i/status/2100605650892103707,2026-09-17T15:19:49.000Z,en,0,0
self-improving-agent,https://x.com/i/status/2100459196948914335,2026-09-17T05:37:51.000Z,en,0,0
self-improving-agent,https://x.com/i/status/2100400673498309042,2026-09-17T01:45:18.000Z,zxx,4,0
self-improving-agent,https://x.com/i/status/2100266505250263350,2026-09-16T16:52:10.000Z,zxx,0,0
self-improving-agent,https://x.com/i/status/2100174103621837268,2026-09-16T10:45:00.000Z,en,70,4
self-improving-agent,https://x.com/i/status/2099950860591837600,2026-09-15T19:57:55.000Z,en,6,0
self-improving-agent,https://x.com/i/status/2099942523472912640,2026-09-15T19:24:47.000Z,en,0,0
self-improving-agent,https://x.com/i/status/2099936495465631943,2026-09-15T19:00:50.000Z,zxx,153,14
self-improving-agent,https://x.com/i/status/2099885848422650122,2026-09-15T15:39:34.000Z,zh,16,1
self-improving-agent,https://x.com/i/status/2099881134888816832,2026-09-15T15:20:51.000Z,en,0,0
self-improving-agent,https://x.com/i/status/2099863754364367128,2026-09-15T14:11:47.000Z,en,1,0
self-improving-agent,https://x.com/i/status/2099846771073577415,2026-09-15T13:04:18.000Z,en,30,1
self-improving-agent,https://x.com/i/status/2099807942073819301,2026-09-15T10:30:00.000Z,en,71,29
self-improving-agent,https://x.com/i/status/2099771261035401660,2026-09-15T08:04:15.000Z,en,0,0
self-improving-agent,https://x.com/i/status/2099769292224909588,2026-09-15T07:56:25.000Z,en,0,0
self-improving-agent,https://x.com/i/status/2099697319923073440,2026-09-15T03:10:26.000Z,ja,2,0
self-improving-agent,https://x.com/i/status/2099673257607664083,2026-09-15T01:34:49.000Z,en,0,0
self-improving-agent,https://x.com/i/status/2099545638950109528,2026-09-14T17:07:42.000Z,en,26,0
self-improving-agent,https://x.com/i/status/2099535559744205255,2026-09-14T16:27:39.000Z,en,0,0
self-improving-agent,https://x.com/i/status/2099531243486417342,2026-09-14T16:10:30.000Z,en,13,0
self-improving-agent,https://x.com/i/status/2099528620834201988,2026-09-14T16:00:05.000Z,en,1,0
self-improving-agent,https://x.com/i/status/2099503267931959531,2026-09-14T14:19:20.000Z,en,0,0
self-improving-agent,https://x.com/i/status/2099501676381995501,2026-09-14T14:13:01.000Z,en,122,14
self-improving-agent,https://x.com/i/status/2099494050500071440,2026-09-14T13:42:43.000Z,en,0,0
self-improving-agent,https://x.com/i/status/2099470490817458369,2026-09-14T12:09:05.000Z,en,18,2
self-improving-agent,https://x.com/i/status/2099395015579418900,2026-09-14T07:09:11.000Z,en,0,0
self-improving-agent,https://x.com/i/status/2099377411330838841,2026-09-14T05:59:14.000Z,zxx,0,0
self-improving-agent,https://x.com/i/status/2099367646831714339,2026-09-14T05:20:26.000Z,en,3,0
self-improving-agent,https://x.com/i/status/2099281382749110296,2026-09-13T23:37:39.000Z,zxx,0,0
self-improving-agent,https://x.com/i/status/2099278200232894628,2026-09-13T23:25:00.000Z,en,0,0
self-improving-agent,https://x.com/i/status/2099206570626203659,2026-09-13T18:40:22.000Z,en,470,41
self-improving-agent,https://x.com/i/status/2099201315998224520,2026-09-13T18:19:29.000Z,en,1,0
self-improving-agent,https://x.com/i/status/2099168306863190147,2026-09-13T16:08:19.000Z,zxx,93,16
self-improving-agent,https://x.com/i/status/2099150171833770062,2026-09-13T14:56:15.000Z,en,291,93
self-improving-agent,https://x.com/i/status/2099142802286285063,2026-09-13T14:26:58.000Z,en,0,0
self-improving-agent,https://x.com/i/status/2099126365115347425,2026-09-13T13:21:39.000Z,en,0,0
self-improving-agent,https://x.com/i/status/2098933057424425302,2026-09-13T00:33:31.000Z,en,1,0
self-improving-agent,https://x.com/i/status/2098866781985096072,2026-09-12T20:10:10.000Z,en,0,0
self-improving-agent,https://x.com/i/status/2098791320533754143,2026-09-12T15:10:19.000Z,en,29,0
self-improving-agent,https://x.com/i/status/2098752115640500532,2026-09-12T12:34:31.000Z,en,0,0
self-improving-agent,https://x.com/i/status/2098733999824961546,2026-09-12T11:22:32.000Z,en,0,0
grill-me,https://x.com/i/status/2101092381366026265,2026-09-18T23:33:54.000Z,zh,0,0
grill-me,https://x.com/i/status/2101089989455216978,2026-09-18T23:24:24.000Z,zh,1,0
grill-me,https://x.com/i/status/2101068562500878629,2026-09-18T21:59:15.000Z,ja,1,0
grill-me,https://x.com/i/status/2101033823790104612,2026-09-18T19:41:13.000Z,es,0,0
grill-me,https://x.com/i/status/2101004165916869050,2026-09-18T17:43:22.000Z,en,0,0
grill-me,https://x.com/i/status/2100998640697503792,2026-09-18T17:21:25.000Z,zh,1,0
grill-me,https://x.com/i/status/2100954718809813286,2026-09-18T14:26:53.000Z,en,3,0
grill-me,https://x.com/i/status/2100952133981921372,2026-09-18T14:16:37.000Z,es,0,0
grill-me,https://x.com/i/status/2100945716654805168,2026-09-18T13:51:07.000Z,en,12,0
grill-me,https://x.com/i/status/2100841910747226617,2026-09-18T06:58:37.000Z,en,10,0
grill-me,https://x.com/i/status/2100826599025496127,2026-09-18T05:57:47.000Z,zh,0,0
grill-me,https://x.com/i/status/2100825815889887674,2026-09-18T05:54:40.000Z,en,0,0
grill-me,https://x.com/i/status/2100791959086657600,2026-09-18T03:40:08.000Z,ja,0,0
grill-me,https://x.com/i/status/2100765551060570352,2026-09-18T01:55:12.000Z,pt,0,0
grill-me,https://x.com/i/status/2100747201698054557,2026-09-18T00:42:17.000Z,zh,1,0
grill-me,https://x.com/i/status/2100744599958679892,2026-09-18T00:31:57.000Z,en,0,0
grill-me,https://x.com/i/status/2100744493624668550,2026-09-18T00:31:31.000Z,zxx,3,0
grill-me,https://x.com/i/status/2100739622469075161,2026-09-18T00:12:10.000Z,zxx,4,0
grill-me,https://x.com/i/status/2100731953419055244,2026-09-17T23:41:42.000Z,zh,0,0
grill-me,https://x.com/i/status/2100731893998338120,2026-09-17T23:41:27.000Z,zxx,2,1
grill-me,https://x.com/i/status/2100692294576079164,2026-09-17T21:04:06.000Z,en,0,0
grill-me,https://x.com/i/status/2100675657462362429,2026-09-17T19:58:00.000Z,en,0,0
grill-me,https://x.com/i/status/2100667742437220848,2026-09-17T19:26:32.000Z,es,4,0
grill-me,https://x.com/i/status/2100663555301187892,2026-09-17T19:09:54.000Z,en,0,0
grill-me,https://x.com/i/status/2100630835909042378,2026-09-17T16:59:53.000Z,iw,0,0
grill-me,https://x.com/i/status/2100628008608444647,2026-09-17T16:48:39.000Z,en,5,0
grill-me,https://x.com/i/status/2100617691707170930,2026-09-17T16:07:39.000Z,zh,0,0
grill-me,https://x.com/i/status/2100617127610798543,2026-09-17T16:05:25.000Z,en,104,5
grill-me,https://x.com/i/status/2100587066169975040,2026-09-17T14:05:58.000Z,en,2,0
grill-me,https://x.com/i/status/2100573728216318308,2026-09-17T13:12:58.000Z,zxx,103,21
grill-me,https://x.com/i/status/2100570649068437954,2026-09-17T13:00:44.000Z,en,4,0
grill-me,https://x.com/i/status/2100567425255129476,2026-09-17T12:47:55.000Z,en,0,0
grill-me,https://x.com/i/status/2100560279209979934,2026-09-17T12:19:31.000Z,zh,160,37
grill-me,https://x.com/i/status/2100553340371570731,2026-09-17T11:51:57.000Z,en,8,1
grill-me,https://x.com/i/status/2100544586129010962,2026-09-17T11:17:10.000Z,en,0,1
grill-me,https://x.com/i/status/2100537593808945244,2026-09-17T10:49:23.000Z,en,173,4
grill-me,https://x.com/i/status/2100509534880137457,2026-09-17T08:57:53.000Z,zh,294,29
grill-me,https://x.com/i/status/2100505847071998325,2026-09-17T08:43:14.000Z,ja,0,0
grill-me,https://x.com/i/status/2100491393416175699,2026-09-17T07:45:48.000Z,en,1,0
grill-me,https://x.com/i/status/2100481357084565695,2026-09-17T07:05:55.000Z,zxx,3,1
grill-me,https://x.com/i/status/2100478002098561087,2026-09-17T06:52:35.000Z,ja,7,1
grill-me,https://x.com/i/status/2100471662789452231,2026-09-17T06:27:23.000Z,en,1,0
grill-me,https://x.com/i/status/2100452356563587121,2026-09-17T05:10:40.000Z,en,0,0
grill-me,https://x.com/i/status/2100411621508325439,2026-09-17T02:28:48.000Z,en,0,0
grill-me,https://x.com/i/status/2100293954457776616,2026-09-16T18:41:14.000Z,en,2,0
grill-me,https://x.com/i/status/2100280965570670857,2026-09-16T17:49:38.000Z,en,2,0
grill-me,https://x.com/i/status/2100224547631116712,2026-09-16T14:05:27.000Z,en,113,3
grill-me,https://x.com/i/status/2100195494060601474,2026-09-16T12:10:00.000Z,en,5,1
grill-me,https://x.com/i/status/2100153774698348864,2026-09-16T09:24:13.000Z,en,0,0
grill-me,https://x.com/i/status/2100131000055390470,2026-09-16T07:53:43.000Z,zxx,740,145
grill-me,https://x.com/i/status/2100059499516383607,2026-09-16T03:09:36.000Z,en,1,0
grill-me,https://x.com/i/status/2100030216831988158,2026-09-16T01:13:15.000Z,en,1,0
grill-me,https://x.com/i/status/2099981381011165534,2026-09-15T21:59:11.000Z,en,0,0
grill-me,https://x.com/i/status/2099957229512270283,2026-09-15T20:23:13.000Z,en,0,0
grill-me,https://x.com/i/status/2099921772049268948,2026-09-15T18:02:19.000Z,en,1,0
grill-me,https://x.com/i/status/2099892317339754551,2026-09-15T16:05:17.000Z,en,3,0
grill-me,https://x.com/i/status/2099887813466398928,2026-09-15T15:47:23.000Z,en,5,1
grill-me,https://x.com/i/status/2099877862492819600,2026-09-15T15:07:50.000Z,es,2,0
grill-me,https://x.com/i/status/2099855982444871727,2026-09-15T13:40:54.000Z,en,0,0
grill-me,https://x.com/i/status/2099855384077086857,2026-09-15T13:38:31.000Z,en,1,0
grill-me,https://x.com/i/status/2099837947260416174,2026-09-15T12:29:14.000Z,en,0,0
grill-me,https://x.com/i/status/2099833813484355822,2026-09-15T12:12:48.000Z,pt,2,0
grill-me,https://x.com/i/status/2099795358029115439,2026-09-15T09:40:00.000Z,en,0,0
grill-me,https://x.com/i/status/2099779733831786807,2026-09-15T08:37:55.000Z,en,0,0
grill-me,https://x.com/i/status/2099758151927271514,2026-09-15T07:12:09.000Z,zh,2,0
grill-me,https://x.com/i/status/2099747048551846214,2026-09-15T06:28:02.000Z,en,74,12
grill-me,https://x.com/i/status/2099706964846805391,2026-09-15T03:48:45.000Z,en,11,2
grill-me,https://x.com/i/status/2099698995647902050,2026-09-15T03:17:05.000Z,en,1,0
grill-me,https://x.com/i/status/2099685634910585122,2026-09-15T02:24:00.000Z,ja,206,20
grill-me,https://x.com/i/status/2099682064207433942,2026-09-15T02:09:48.000Z,es,1,0
grill-me,https://x.com/i/status/2099666142142833090,2026-09-15T01:06:32.000Z,en,0,0
grill-me,https://x.com/i/status/2099658713782984905,2026-09-15T00:37:01.000Z,es,0,0
grill-me,https://x.com/i/status/2099639325268799689,2026-09-14T23:19:59.000Z,en,1,0
grill-me,https://x.com/i/status/2099590454283001990,2026-09-14T20:05:47.000Z,pt,0,0
grill-me,https://x.com/i/status/2099553354137407999,2026-09-14T17:38:22.000Z,en,0,0
grill-me,https://x.com/i/status/2099539253063733689,2026-09-14T16:42:20.000Z,zh,0,0
grill-me,https://x.com/i/status/2099493793645068588,2026-09-14T13:41:41.000Z,zh,2,0
grill-me,https://x.com/i/status/2099433775629209605,2026-09-14T09:43:12.000Z,en,1,0
grill-me,https://x.com/i/status/2099421279044739073,2026-09-14T08:53:32.000Z,zh,1,0
grill-me,https://x.com/i/status/2099419677738848328,2026-09-14T08:47:11.000Z,en,1,0
grill-me,https://x.com/i/status/2099415405840478447,2026-09-14T08:30:12.000Z,en,1,0
grill-me,https://x.com/i/status/2099410355386818656,2026-09-14T08:10:08.000Z,en,1,0
grill-me,https://x.com/i/status/2099408056668848379,2026-09-14T08:01:00.000Z,ko,212,47
grill-me,https://x.com/i/status/2099399026965971261,2026-09-14T07:25:07.000Z,en,0,0
grill-me,https://x.com/i/status/2099341806999925145,2026-09-14T03:37:45.000Z,zh,18,0
grill-me,https://x.com/i/status/2099330360760991881,2026-09-14T02:52:16.000Z,en,0,0
grill-me,https://x.com/i/status/2099324897474367832,2026-09-14T02:30:33.000Z,zxx,0,0
grill-me,https://x.com/i/status/2099314222928629995,2026-09-14T01:48:08.000Z,zh,0,0
grill-me,https://x.com/i/status/2099314179920232709,2026-09-14T01:47:58.000Z,en,14,0
grill-me,https://x.com/i/status/2099310412340535744,2026-09-14T01:33:00.000Z,ja,30,0
grill-me,https://x.com/i/status/2099296578586792429,2026-09-14T00:38:02.000Z,en,0,0
grill-me,https://x.com/i/status/2099282178865877336,2026-09-13T23:40:48.000Z,zxx,2,0
grill-me,https://x.com/i/status/2099224062253826385,2026-09-13T19:49:52.000Z,en,499,82
grill-me,https://x.com/i/status/2099219119736492203,2026-09-13T19:30:14.000Z,en,1,0
grill-me,https://x.com/i/status/2099183333393502289,2026-09-13T17:08:02.000Z,en,0,0
grill-me,https://x.com/i/status/2099180856023654749,2026-09-13T16:58:11.000Z,en,1,0
grill-me,https://x.com/i/status/2099171651552415887,2026-09-13T16:21:37.000Z,en,0,0
grill-me,https://x.com/i/status/2099168685617545462,2026-09-13T16:09:49.000Z,en,0,0
grill-me,https://x.com/i/status/2099155313123606848,2026-09-13T15:16:41.000Z,en,0,0
grill-me,https://x.com/i/status/2099138747166249075,2026-09-13T14:10:52.000Z,en,0,0
grill-with-docs,https://x.com/i/status/2100878746416996645,2026-09-18T09:25:00.000Z,ja,11,0
grill-with-docs,https://x.com/i/status/2100766730255466867,2026-09-18T01:59:53.000Z,pt,0,0
grill-with-docs,https://x.com/i/status/2100739622469075161,2026-09-18T00:12:10.000Z,zxx,4,0
grill-with-docs,https://x.com/i/status/2100567621666230372,2026-09-17T12:48:42.000Z,en,0,0
grill-with-docs,https://x.com/i/status/2100559429460709380,2026-09-17T12:16:09.000Z,ja,0,0
grill-with-docs,https://x.com/i/status/2100546809311719603,2026-09-17T11:26:00.000Z,ja,71,4
grill-with-docs,https://x.com/i/status/2100521948786667822,2026-09-17T09:47:13.000Z,en,2375,62
grill-with-docs,https://x.com/i/status/2100364064308510868,2026-09-16T23:19:50.000Z,ja,1,0
grill-with-docs,https://x.com/i/status/2100314589082857595,2026-09-16T20:03:14.000Z,en,0,0
grill-with-docs,https://x.com/i/status/2100270859122315500,2026-09-16T17:09:28.000Z,und,0,0
grill-with-docs,https://x.com/i/status/2099889692804022620,2026-09-15T15:54:51.000Z,en,8,0
grill-with-docs,https://x.com/i/status/2099831924298502616,2026-09-15T12:05:18.000Z,en,5,2
grill-with-docs,https://x.com/i/status/2099809232979951664,2026-09-15T10:35:08.000Z,en,0,0
grill-with-docs,https://x.com/i/status/2099785543743902126,2026-09-15T09:01:00.000Z,ja,39,2
grill-with-docs,https://x.com/i/status/2099752946858639609,2026-09-15T06:51:28.000Z,en,119,16
grill-with-docs,https://x.com/i/status/2099589086595964965,2026-09-14T20:00:21.000Z,en,739,141
grill-with-docs,https://x.com/i/status/2099564246476419519,2026-09-14T18:21:39.000Z,en,0,0
grill-with-docs,https://x.com/i/status/2099341806999925145,2026-09-14T03:37:45.000Z,zh,18,0
grill-with-docs,https://x.com/i/status/2099028852282654954,2026-09-13T06:54:11.000Z,zh,8,2
grill-with-docs,https://x.com/i/status/2098861036279599589,2026-09-12T19:47:20.000Z,zh,1,0
grill-with-docs,https://x.com/i/status/2098767869719036274,2026-09-12T13:37:08.000Z,zxx,0,0
grill-with-docs,https://x.com/i/status/2098691928963666025,2026-09-12T08:35:22.000Z,zh,0,0
self-improving,https://x.com/i/status/2101105542571716730,2026-09-19T00:26:12.000Z,en,0,0
self-improving,https://x.com/i/status/2101083893856342496,2026-09-18T23:00:11.000Z,en,0,0
self-improving,https://x.com/i/status/2101083500279431577,2026-09-18T22:58:37.000Z,en,1,0
self-improving,https://x.com/i/status/2101080901148930193,2026-09-18T22:48:17.000Z,en,1,0
self-improving,https://x.com/i/status/2101074950069055755,2026-09-18T22:24:38.000Z,en,0,0
self-improving,https://x.com/i/status/2101062459859534214,2026-09-18T21:35:00.000Z,en,8,0
self-improving,https://x.com/i/status/2101058094377668917,2026-09-18T21:17:40.000Z,en,1,0
self-improving,https://x.com/i/status/2101035065178313073,2026-09-18T19:46:09.000Z,en,1,0
self-improving,https://x.com/i/status/2101032489644900804,2026-09-18T19:35:55.000Z,en,0,0
self-improving,https://x.com/i/status/2101031729385615409,2026-09-18T19:32:54.000Z,en,3,3
self-improving,https://x.com/i/status/2101024134679384248,2026-09-18T19:02:43.000Z,en,0,0
self-improving,https://x.com/i/status/2101023736468045947,2026-09-18T19:01:08.000Z,en,8,0
self-improving,https://x.com/i/status/2101014252958237130,2026-09-18T18:23:27.000Z,en,0,0
self-improving,https://x.com/i/status/2101014013509529925,2026-09-18T18:22:30.000Z,en,1,0
self-improving,https://x.com/i/status/2101011222103535704,2026-09-18T18:11:24.000Z,en,26,0
self-improving,https://x.com/i/status/2101006720868946114,2026-09-18T17:53:31.000Z,en,5,0
self-improving,https://x.com/i/status/2101004804784857204,2026-09-18T17:45:54.000Z,en,0,0
self-improving,https://x.com/i/status/2101000801363571166,2026-09-18T17:30:00.000Z,en,7,3
self-improving,https://x.com/i/status/2100999821817717114,2026-09-18T17:26:06.000Z,en,1,0
self-improving,https://x.com/i/status/2100994204285403265,2026-09-18T17:03:47.000Z,en,0,0
self-improving,https://x.com/i/status/2100991402360570355,2026-09-18T16:52:39.000Z,en,0,0
self-improving,https://x.com/i/status/2100987022240313602,2026-09-18T16:35:15.000Z,en,0,0
self-improving,https://x.com/i/status/2100985702452228415,2026-09-18T16:30:00.000Z,en,145,15
self-improving,https://x.com/i/status/2100984970692960411,2026-09-18T16:27:06.000Z,en,18,0
self-improving,https://x.com/i/status/2100970195518984290,2026-09-18T15:28:23.000Z,en,7,3
self-improving,https://x.com/i/status/2100969851128889409,2026-09-18T15:27:01.000Z,en,7,4
self-improving,https://x.com/i/status/2100962684154097667,2026-09-18T14:58:32.000Z,en,1,1
self-improving,https://x.com/i/status/2100958615569907802,2026-09-18T14:42:22.000Z,zxx,48,4
self-improving,https://x.com/i/status/2100954337937687015,2026-09-18T14:25:22.000Z,en,1,1
self-improving,https://x.com/i/status/2100952891045433854,2026-09-18T14:19:37.000Z,en,82,12
self-improving,https://x.com/i/status/2100951085691044190,2026-09-18T14:12:27.000Z,en,169,29
self-improving,https://x.com/i/status/2100929950295404553,2026-09-18T12:48:28.000Z,en,24,5
self-improving,https://x.com/i/status/2100917269593239796,2026-09-18T11:58:04.000Z,zxx,3,0
self-improving,https://x.com/i/status/2100913134118572355,2026-09-18T11:41:38.000Z,en,2,0
self-improving,https://x.com/i/status/2100901770163548352,2026-09-18T10:56:29.000Z,en,4,1
self-improving,https://x.com/i/status/2100862388409151879,2026-09-18T08:20:00.000Z,en,5,1
self-improving,https://x.com/i/status/2100861873105076455,2026-09-18T08:17:57.000Z,en,0,0
self-improving,https://x.com/i/status/2100861727864938566,2026-09-18T08:17:22.000Z,ja,0,0
self-improving,https://x.com/i/status/2100851113008263312,2026-09-18T07:35:11.000Z,en,1,0
self-improving,https://x.com/i/status/2100829909946073441,2026-09-18T06:10:56.000Z,en,2,0
self-improving,https://x.com/i/status/2100820675489313256,2026-09-18T05:34:15.000Z,en,1,1
self-improving,https://x.com/i/status/2100814530951680060,2026-09-18T05:09:50.000Z,en,4,0
self-improving,https://x.com/i/status/2100814254639387133,2026-09-18T05:08:44.000Z,en,4,0
self-improving,https://x.com/i/status/2100804004187942995,2026-09-18T04:28:00.000Z,en,0,0
self-improving,https://x.com/i/status/2100794023904428048,2026-09-18T03:48:20.000Z,en,238,54
self-improving,https://x.com/i/status/2100789618303971450,2026-09-18T03:30:50.000Z,en,0,0
self-improving,https://x.com/i/status/2100787078309228804,2026-09-18T03:20:44.000Z,en,0,0
self-improving,https://x.com/i/status/2100784613631361095,2026-09-18T03:10:57.000Z,en,9,0
self-improving,https://x.com/i/status/2100783384633233810,2026-09-18T03:06:04.000Z,en,1,0
self-improving,https://x.com/i/status/2100774986617356672,2026-09-18T02:32:41.000Z,en,33,8
self-improving,https://x.com/i/status/2100761752384512151,2026-09-18T01:40:06.000Z,en,4,0
self-improving,https://x.com/i/status/2100759386943840318,2026-09-18T01:30:42.000Z,th,3,2
self-improving,https://x.com/i/status/2100750087605379314,2026-09-18T00:53:45.000Z,en,0,0
self-improving,https://x.com/i/status/2100733853891461282,2026-09-17T23:49:15.000Z,en,0,0
self-improving,https://x.com/i/status/2100719229729136928,2026-09-17T22:51:08.000Z,en,0,0
self-improving,https://x.com/i/status/2100719205964247225,2026-09-17T22:51:02.000Z,en,0,0
self-improving,https://x.com/i/status/2100717054139781448,2026-09-17T22:42:29.000Z,en,0,0
self-improving,https://x.com/i/status/2100711512172073013,2026-09-17T22:20:28.000Z,en,1,1
self-improving,https://x.com/i/status/2100680003096645856,2026-09-17T20:15:16.000Z,en,11,2
self-improving,https://x.com/i/status/2100674744630579261,2026-09-17T19:54:22.000Z,en,8,0
self-improving,https://x.com/i/status/2100672619435696382,2026-09-17T19:45:55.000Z,en,1,0
self-improving,https://x.com/i/status/2100659767303983442,2026-09-17T18:54:51.000Z,en,0,0
self-improving,https://x.com/i/status/2100655290093912259,2026-09-17T18:37:04.000Z,en,0,0
self-improving,https://x.com/i/status/2100649223213768898,2026-09-17T18:12:57.000Z,en,0,0
self-improving,https://x.com/i/status/2100640324234416612,2026-09-17T17:37:35.000Z,zxx,16,2
self-improving,https://x.com/i/status/2100635776342241514,2026-09-17T17:19:31.000Z,zh,50,12
self-improving,https://x.com/i/status/2100635464541851855,2026-09-17T17:18:17.000Z,zxx,0,0
self-improving,https://x.com/i/status/2100635202561401103,2026-09-17T17:17:14.000Z,en,74,4
self-improving,https://x.com/i/status/2100624610232557759,2026-09-17T16:35:09.000Z,en,26,10
self-improving,https://x.com/i/status/2100619714951086369,2026-09-17T16:15:42.000Z,en,0,0
self-improving,https://x.com/i/status/2100614812938174910,2026-09-17T15:56:13.000Z,zxx,1,0
self-improving,https://x.com/i/status/2100608348961816862,2026-09-17T15:30:32.000Z,en,5,0
self-improving,https://x.com/i/status/2100605650892103707,2026-09-17T15:19:49.000Z,en,0,0
self-improving,https://x.com/i/status/2100592546409783733,2026-09-17T14:27:44.000Z,en,82,10
self-improving,https://x.com/i/status/2100590057186787809,2026-09-17T14:17:51.000Z,en,169,31
self-improving,https://x.com/i/status/2100580553695080508,2026-09-17T13:40:05.000Z,en,23,1
self-improving,https://x.com/i/status/2100576335462887650,2026-09-17T13:23:19.000Z,en,2,1
self-improving,https://x.com/i/status/2100576229107871860,2026-09-17T13:22:54.000Z,en,2,0
self-improving,https://x.com/i/status/2100574264793702911,2026-09-17T13:15:06.000Z,en,108,23
self-improving,https://x.com/i/status/2100567029657006308,2026-09-17T12:46:21.000Z,en,3,0
self-improving,https://x.com/i/status/2100560888596189312,2026-09-17T12:21:57.000Z,en,0,0
self-improving,https://x.com/i/status/2100551857999675892,2026-09-17T11:46:03.000Z,en,150,48
self-improving,https://x.com/i/status/2100548788720996767,2026-09-17T11:33:52.000Z,en,0,0
self-improving,https://x.com/i/status/2100546247497306535,2026-09-17T11:23:46.000Z,en,25,16
self-improving,https://x.com/i/status/2100539317911236714,2026-09-17T10:56:14.000Z,en,10,1
self-improving,https://x.com/i/status/2100523406412181922,2026-09-17T09:53:00.000Z,cs,1,0
self-improving,https://x.com/i/status/2100519923160145995,2026-09-17T09:39:10.000Z,en,1,0
self-improving,https://x.com/i/status/2100517932212326467,2026-09-17T09:31:15.000Z,en,1,0
self-improving,https://x.com/i/status/2100496543161958810,2026-09-17T08:06:15.000Z,zh,1,0
self-improving,https://x.com/i/status/2100494684753969610,2026-09-17T07:58:52.000Z,en,1,0
self-improving,https://x.com/i/status/2100488967174934829,2026-09-17T07:36:09.000Z,en,0,0
self-improving,https://x.com/i/status/2100485745194782744,2026-09-17T07:23:21.000Z,en,0,0
self-improving,https://x.com/i/status/2100483148987420719,2026-09-17T07:13:02.000Z,en,3,0
self-improving,https://x.com/i/status/2100477602603446331,2026-09-17T06:51:00.000Z,en,0,0
self-improving,https://x.com/i/status/2100473039297319134,2026-09-17T06:32:52.000Z,en,6,0
self-improving,https://x.com/i/status/2100471495482912876,2026-09-17T06:26:44.000Z,en,0,0
self-improving,https://x.com/i/status/2100470914488102967,2026-09-17T06:24:25.000Z,zxx,1,0
self-improving,https://x.com/i/status/2100466657164661090,2026-09-17T06:07:30.000Z,en,16,3
self-improving,https://x.com/i/status/2100465248142504348,2026-09-17T06:01:54.000Z,en,1,0
self-improving,https://x.com/i/status/2100459196948914335,2026-09-17T05:37:51.000Z,en,0,0
improve-codebase-architecture,https://x.com/i/status/2098654591164330352,2026-09-12T06:07:00.000Z,zh,16,4
improve-codebase-architecture,https://x.com/i/status/2098598093281538309,2026-09-12T02:22:30.000Z,en,0,0
ontology,https://x.com/i/status/2101110274732482800,2026-09-19T00:45:00.000Z,en,0,0
ontology,https://x.com/i/status/2101091415224733901,2026-09-18T23:30:04.000Z,en,1,0
ontology,https://x.com/i/status/2101090507677999594,2026-09-18T23:26:28.000Z,en,0,0
ontology,https://x.com/i/status/2101048250421924349,2026-09-18T20:38:33.000Z,en,0,0
ontology,https://x.com/i/status/2101045621922898299,2026-09-18T20:28:06.000Z,en,9,0
ontology,https://x.com/i/status/2101029952879730978,2026-09-18T19:25:50.000Z,en,1,1
ontology,https://x.com/i/status/2101014666839507376,2026-09-18T18:25:06.000Z,en,2,0
ontology,https://x.com/i/status/2101006825545933263,2026-09-18T17:53:56.000Z,en,6,2
ontology,https://x.com/i/status/2101002085890154870,2026-09-18T17:35:06.000Z,en,13,0
ontology,https://x.com/i/status/2101000801363571166,2026-09-18T17:30:00.000Z,en,7,3
ontology,https://x.com/i/status/2100985536185774295,2026-09-18T16:29:20.000Z,en,0,0
ontology,https://x.com/i/status/2100980478644011021,2026-09-18T16:09:15.000Z,en,1,2
ontology,https://x.com/i/status/2100980161923461148,2026-09-18T16:07:59.000Z,en,0,0
ontology,https://x.com/i/status/2100964398332334285,2026-09-18T15:05:21.000Z,zxx,0,0
ontology,https://x.com/i/status/2100955720816660968,2026-09-18T14:30:52.000Z,en,0,0
ontology,https://x.com/i/status/2100939766912978991,2026-09-18T13:27:28.000Z,en,28,3
ontology,https://x.com/i/status/2100933680638095471,2026-09-18T13:03:17.000Z,en,0,0
ontology,https://x.com/i/status/2100930094810501524,2026-09-18T12:49:02.000Z,en,2,0
ontology,https://x.com/i/status/2100910597445751075,2026-09-18T11:31:34.000Z,ko,4,0
ontology,https://x.com/i/status/2100909246011330915,2026-09-18T11:26:11.000Z,zxx,1,0
ontology,https://x.com/i/status/2100904221491290392,2026-09-18T11:06:13.000Z,ko,7,0
ontology,https://x.com/i/status/2100884473269080157,2026-09-18T09:47:45.000Z,en,3,1
ontology,https://x.com/i/status/2100874209970770130,2026-09-18T09:06:58.000Z,zxx,0,0
ontology,https://x.com/i/status/2100855874717897190,2026-09-18T07:54:07.000Z,en,92,24
ontology,https://x.com/i/status/2100814565994897909,2026-09-18T05:09:58.000Z,zxx,1,0
ontology,https://x.com/i/status/2100811445868863768,2026-09-18T04:57:34.000Z,zh,12,2
ontology,https://x.com/i/status/2100793147408167336,2026-09-18T03:44:51.000Z,en,0,0
ontology,https://x.com/i/status/2100770575228789036,2026-09-18T02:15:10.000Z,en,0,0
ontology,https://x.com/i/status/2100757113601417398,2026-09-18T01:21:40.000Z,en,6,2
ontology,https://x.com/i/status/2100748051942125658,2026-09-18T00:45:40.000Z,en,4,0
ontology,https://x.com/i/status/2100745204492009498,2026-09-18T00:34:21.000Z,en,2,0
ontology,https://x.com/i/status/2100716340306649324,2026-09-17T22:39:39.000Z,en,0,0
ontology,https://x.com/i/status/2100706720914039194,2026-09-17T22:01:26.000Z,zxx,2,0
ontology,https://x.com/i/status/2100677807021994368,2026-09-17T20:06:32.000Z,en,5,0
ontology,https://x.com/i/status/2100659816649683017,2026-09-17T18:55:03.000Z,en,0,0
ontology,https://x.com/i/status/2100639553388163256,2026-09-17T17:34:32.000Z,en,0,0
ontology,https://x.com/i/status/2100621126355550684,2026-09-17T16:21:18.000Z,en,0,0
ontology,https://x.com/i/status/2100620910885560679,2026-09-17T16:20:27.000Z,en,37,5
ontology,https://x.com/i/status/2100618712617222510,2026-09-17T16:11:43.000Z,en,0,0
ontology,https://x.com/i/status/2100602308295901539,2026-09-17T15:06:32.000Z,zxx,1,0
ontology,https://x.com/i/status/2100597800845050348,2026-09-17T14:48:37.000Z,en,2,0
ontology,https://x.com/i/status/2100588219092058381,2026-09-17T14:10:33.000Z,ko,19,6
ontology,https://x.com/i/status/2100585888971456727,2026-09-17T14:01:17.000Z,en,3,1
ontology,https://x.com/i/status/2100573664530100639,2026-09-17T13:12:43.000Z,en,0,0
ontology,https://x.com/i/status/2100570468189082025,2026-09-17T13:00:00.000Z,en,4,0
ontology,https://x.com/i/status/2100544003368276192,2026-09-17T11:14:51.000Z,en,32,3
ontology,https://x.com/i/status/2100543589688193450,2026-09-17T11:13:12.000Z,en,2,0
ontology,https://x.com/i/status/2100540995309867289,2026-09-17T11:02:54.000Z,en,0,0
ontology,https://x.com/i/status/2100528572871893251,2026-09-17T10:13:32.000Z,en,7,1
ontology,https://x.com/i/status/2100509464260751780,2026-09-17T08:57:36.000Z,zxx,0,0
ontology,https://x.com/i/status/2100491411153948920,2026-09-17T07:45:52.000Z,en,3,0
ontology,https://x.com/i/status/2100479902567079992,2026-09-17T07:00:08.000Z,en,3,0
ontology,https://x.com/i/status/2100448293683687693,2026-09-17T04:54:32.000Z,zxx,2,0
ontology,https://x.com/i/status/2100437663547527228,2026-09-17T04:12:17.000Z,en,5,2
ontology,https://x.com/i/status/2100437446798594139,2026-09-17T04:11:26.000Z,en,15,1
ontology,https://x.com/i/status/2100427379541729335,2026-09-17T03:31:25.000Z,zxx,1,0
ontology,https://x.com/i/status/2100363106383765777,2026-09-16T23:16:02.000Z,ja,83,8
ontology,https://x.com/i/status/2100353894786441325,2026-09-16T22:39:25.000Z,en,2,0
ontology,https://x.com/i/status/2100319972409155769,2026-09-16T20:24:38.000Z,en,0,0
ontology,https://x.com/i/status/2100305960652669403,2026-09-16T19:28:57.000Z,en,2,0
ontology,https://x.com/i/status/2100290570279440514,2026-09-16T18:27:48.000Z,en,10,0
ontology,https://x.com/i/status/2100282365469696365,2026-09-16T17:55:11.000Z,zxx,0,0
ontology,https://x.com/i/status/2100272250520019446,2026-09-16T17:15:00.000Z,en,1,0
ontology,https://x.com/i/status/2100265562635223480,2026-09-16T16:48:25.000Z,en,0,0
ontology,https://x.com/i/status/2100218674124673483,2026-09-16T13:42:06.000Z,en,0,0
ontology,https://x.com/i/status/2100211040902414664,2026-09-16T13:11:46.000Z,en,0,0
ontology,https://x.com/i/status/2100197816635433396,2026-09-16T12:19:13.000Z,en,1,0
ontology,https://x.com/i/status/2100195461600542794,2026-09-16T12:09:52.000Z,en,6,0
ontology,https://x.com/i/status/2100186355657760807,2026-09-16T11:33:41.000Z,en,0,0
ontology,https://x.com/i/status/2100184268505014721,2026-09-16T11:25:23.000Z,en,2,0
ontology,https://x.com/i/status/2100162546317545574,2026-09-16T09:59:04.000Z,zxx,64,8
ontology,https://x.com/i/status/2100133071118798875,2026-09-16T08:01:57.000Z,en,37,32
ontology,https://x.com/i/status/2100128223715557499,2026-09-16T07:42:41.000Z,zxx,2,1
ontology,https://x.com/i/status/2100125988646773214,2026-09-16T07:33:48.000Z,en,0,0
ontology,https://x.com/i/status/2100095533775724818,2026-09-16T05:32:47.000Z,en,0,0
ontology,https://x.com/i/status/2100057655960392012,2026-09-16T03:02:17.000Z,en,0,0
ontology,https://x.com/i/status/2100052111547596948,2026-09-16T02:40:15.000Z,zxx,3,1
ontology,https://x.com/i/status/2100039634411499618,2026-09-16T01:50:40.000Z,en,0,0
ontology,https://x.com/i/status/2100034349374795976,2026-09-16T01:29:40.000Z,en,0,0
ontology,https://x.com/i/status/2099985313745502414,2026-09-15T22:14:49.000Z,zxx,1,0
ontology,https://x.com/i/status/2099956640737001481,2026-09-15T20:20:53.000Z,en,1,0
ontology,https://x.com/i/status/2099949445400207813,2026-09-15T19:52:17.000Z,en,0,0
ontology,https://x.com/i/status/2099949001004949858,2026-09-15T19:50:31.000Z,zxx,1,0
ontology,https://x.com/i/status/2099936462569382009,2026-09-15T19:00:42.000Z,en,0,0
ontology,https://x.com/i/status/2099930048056688755,2026-09-15T18:35:12.000Z,en,1,0
ontology,https://x.com/i/status/2099920810848989327,2026-09-15T17:58:30.000Z,en,0,0
ontology,https://x.com/i/status/2099915328658510281,2026-09-15T17:36:43.000Z,en,1,0
ontology,https://x.com/i/status/2099898233522913652,2026-09-15T16:28:47.000Z,en,5,1
ontology,https://x.com/i/status/2099892106206888375,2026-09-15T16:04:26.000Z,en,0,0
ontology,https://x.com/i/status/2099890260780216678,2026-09-15T15:57:06.000Z,en,0,0
ontology,https://x.com/i/status/2099883923543130281,2026-09-15T15:31:55.000Z,en,79,2
ontology,https://x.com/i/status/2099883718752321768,2026-09-15T15:31:07.000Z,zxx,59,7
ontology,https://x.com/i/status/2099879746691866708,2026-09-15T15:15:20.000Z,zxx,3,0
ontology,https://x.com/i/status/2099873232077934824,2026-09-15T14:49:26.000Z,en,0,0
ontology,https://x.com/i/status/2099865915794080063,2026-09-15T14:20:22.000Z,zh,0,0
ontology,https://x.com/i/status/2099863177655668763,2026-09-15T14:09:29.000Z,zxx,12,2
ontology,https://x.com/i/status/2099857059235725319,2026-09-15T13:45:11.000Z,zxx,19,7
ontology,https://x.com/i/status/2099855136977731798,2026-09-15T13:37:32.000Z,en,1,0
ontology,https://x.com/i/status/2099841746071109877,2026-09-15T12:44:20.000Z,en,4,0
ontology,https://x.com/i/status/2099838564305690948,2026-09-15T12:31:41.000Z,en,2,0
tdd,https://x.com/i/status/2101031198638391747,2026-09-18T19:30:47.000Z,en,0,0
tdd,https://x.com/i/status/2101021545141350586,2026-09-18T18:52:26.000Z,pt,1,0
tdd,https://x.com/i/status/2100994564286808413,2026-09-18T17:05:13.000Z,en,1,0
tdd,https://x.com/i/status/2100994300880322689,2026-09-18T17:04:10.000Z,en,0,0
tdd,https://x.com/i/status/2100937134739800237,2026-09-18T13:17:01.000Z,es,1,0
tdd,https://x.com/i/status/2100878627466527135,2026-09-18T09:24:31.000Z,ja,0,0
tdd,https://x.com/i/status/2100872995052868083,2026-09-18T09:02:09.000Z,en,0,0
tdd,https://x.com/i/status/2100865409155232121,2026-09-18T08:32:00.000Z,es,36,2
tdd,https://x.com/i/status/2100860626977669123,2026-09-18T08:13:00.000Z,ja,5,0
tdd,https://x.com/i/status/2100834129533165729,2026-09-18T06:27:42.000Z,en,0,0
tdd,https://x.com/i/status/2100812068463280346,2026-09-18T05:00:02.000Z,ja,147,14
tdd,https://x.com/i/status/2100808941718417822,2026-09-18T04:47:37.000Z,en,2,0
tdd,https://x.com/i/status/2100739622469075161,2026-09-18T00:12:10.000Z,zxx,4,0
tdd,https://x.com/i/status/2100723750941700108,2026-09-17T23:09:06.000Z,ja,0,0
tdd,https://x.com/i/status/2100712729753383397,2026-09-17T22:25:18.000Z,en,3,0
tdd,https://x.com/i/status/2100652927526273525,2026-09-17T18:27:40.000Z,en,1,0
tdd,https://x.com/i/status/2100620056665424243,2026-09-17T16:17:03.000Z,en,0,0
tdd,https://x.com/i/status/2100611856146538736,2026-09-17T15:44:28.000Z,en,0,0
tdd,https://x.com/i/status/2100567616217653336,2026-09-17T12:48:41.000Z,en,0,0
tdd,https://x.com/i/status/2100562884925489630,2026-09-17T12:29:52.000Z,zh,0,0
tdd,https://x.com/i/status/2100560279209979934,2026-09-17T12:19:31.000Z,zh,160,37
tdd,https://x.com/i/status/2100558851862917454,2026-09-17T12:13:51.000Z,fr,1,0
tdd,https://x.com/i/status/2100552159217508491,2026-09-17T11:47:15.000Z,en,3,0
tdd,https://x.com/i/status/2100551678986477957,2026-09-17T11:45:21.000Z,en,0,0
tdd,https://x.com/i/status/2100549519083499822,2026-09-17T11:36:46.000Z,fr,1,0
tdd,https://x.com/i/status/2100549218117022176,2026-09-17T11:35:34.000Z,en,1108,91
tdd,https://x.com/i/status/2100533042460938737,2026-09-17T10:31:17.000Z,ja,0,0
tdd,https://x.com/i/status/2100532718538744028,2026-09-17T10:30:00.000Z,en,31,3
tdd,https://x.com/i/status/2100473730510344508,2026-09-17T06:35:36.000Z,en,3,0
tdd,https://x.com/i/status/2100428393544343641,2026-09-17T03:35:27.000Z,ja,3,0
tdd,https://x.com/i/status/2100419522125582637,2026-09-17T03:00:12.000Z,zxx,2,0
tdd,https://x.com/i/status/2100409516345225387,2026-09-17T02:20:27.000Z,zh,1,0
tdd,https://x.com/i/status/2100362889555296345,2026-09-16T23:15:10.000Z,en,2,0
tdd,https://x.com/i/status/2100362882282393835,2026-09-16T23:15:08.000Z,en,2,1
tdd,https://x.com/i/status/2100336177295618248,2026-09-16T21:29:01.000Z,en,3,1
tdd,https://x.com/i/status/2100332717829185985,2026-09-16T21:15:16.000Z,pt,4,2
tdd,https://x.com/i/status/2100260798115258417,2026-09-16T16:29:29.000Z,en,2,0
tdd,https://x.com/i/status/2100251611473781144,2026-09-16T15:52:59.000Z,en,1,0
tdd,https://x.com/i/status/2100190787849928922,2026-09-16T11:51:18.000Z,en,42,3
tdd,https://x.com/i/status/2100181578236186648,2026-09-16T11:14:42.000Z,en,46,0
tdd,https://x.com/i/status/2100181317996495290,2026-09-16T11:13:40.000Z,es,3,0
tdd,https://x.com/i/status/2100173049916010769,2026-09-16T10:40:49.000Z,zh,80,21
tdd,https://x.com/i/status/2100151666406543789,2026-09-16T09:15:50.000Z,ko,1,1
tdd,https://x.com/i/status/2100103805081952390,2026-09-16T06:05:39.000Z,zxx,31,11
tdd,https://x.com/i/status/2100092411729072350,2026-09-16T05:20:23.000Z,en,0,0
tdd,https://x.com/i/status/2100060387538591748,2026-09-16T03:13:08.000Z,fr,0,0
tdd,https://x.com/i/status/2100060358409097456,2026-09-16T03:13:01.000Z,es,0,0
tdd,https://x.com/i/status/2100060331167064484,2026-09-16T03:12:54.000Z,zh,0,0
tdd,https://x.com/i/status/2100060283133927715,2026-09-16T03:12:43.000Z,en,0,0
tdd,https://x.com/i/status/2100053410640998731,2026-09-16T02:45:24.000Z,zh,0,0
tdd,https://x.com/i/status/2100053210887278912,2026-09-16T02:44:37.000Z,zxx,1,0
tdd,https://x.com/i/status/2100048629524492418,2026-09-16T02:26:24.000Z,fr,0,0
tdd,https://x.com/i/status/2100038520765288560,2026-09-16T01:46:14.000Z,ko,67,18
tdd,https://x.com/i/status/2100030642994233475,2026-09-16T01:14:56.000Z,fr,0,0
tdd,https://x.com/i/status/2100030622366617957,2026-09-16T01:14:51.000Z,es,0,0
tdd,https://x.com/i/status/2100027245318332844,2026-09-16T01:01:26.000Z,en,1,0
tdd,https://x.com/i/status/2100024846721622458,2026-09-16T00:51:54.000Z,en,1,0
tdd,https://x.com/i/status/2100024643398902024,2026-09-16T00:51:06.000Z,zh,0,0
tdd,https://x.com/i/status/2100020518275387494,2026-09-16T00:34:42.000Z,en,1,0
tdd,https://x.com/i/status/2099967876811604199,2026-09-15T21:05:32.000Z,fr,0,0
tdd,https://x.com/i/status/2099868340244152516,2026-09-15T14:30:00.000Z,en,30,11
tdd,https://x.com/i/status/2099832738542964914,2026-09-15T12:08:32.000Z,en,85,3
tdd,https://x.com/i/status/2099831286663876819,2026-09-15T12:02:46.000Z,en,0,0
tdd,https://x.com/i/status/2099819052780659133,2026-09-15T11:14:09.000Z,es,2,0
tdd,https://x.com/i/status/2099785779329237008,2026-09-15T09:01:56.000Z,zxx,3,0
tdd,https://x.com/i/status/2099771596739113282,2026-09-15T08:05:35.000Z,ja,4,0
tdd,https://x.com/i/status/2099752559321711021,2026-09-15T06:49:56.000Z,en,1,0
tdd,https://x.com/i/status/2099706964846805391,2026-09-15T03:48:45.000Z,en,11,2
tdd,https://x.com/i/status/2099694341434614072,2026-09-15T02:58:36.000Z,en,2,0
tdd,https://x.com/i/status/2099687245305557076,2026-09-15T02:30:24.000Z,en,0,0
tdd,https://x.com/i/status/2099661253715370413,2026-09-15T00:47:07.000Z,zh,53,12
tdd,https://x.com/i/status/2099643125493027198,2026-09-14T23:35:05.000Z,ko,12,8
tdd,https://x.com/i/status/2099536820350664993,2026-09-14T16:32:40.000Z,en,2,0
tdd,https://x.com/i/status/2099533739437244691,2026-09-14T16:20:25.000Z,en,0,0
tdd,https://x.com/i/status/2099499437068357915,2026-09-14T14:04:07.000Z,en,2460,319
tdd,https://x.com/i/status/2099485886979174438,2026-09-14T13:10:16.000Z,en,0,0
tdd,https://x.com/i/status/2099476514823885211,2026-09-14T12:33:02.000Z,en,23,11
tdd,https://x.com/i/status/2099463346395468233,2026-09-14T11:40:42.000Z,en,0,0
tdd,https://x.com/i/status/2099418061631586729,2026-09-14T08:40:45.000Z,en,20,0
tdd,https://x.com/i/status/2099414674785902887,2026-09-14T08:27:18.000Z,en,2,0
tdd,https://x.com/i/status/2099405149588578339,2026-09-14T07:49:27.000Z,zh,0,0
tdd,https://x.com/i/status/2099381147021332841,2026-09-14T06:14:04.000Z,en,0,0
tdd,https://x.com/i/status/2099347154707915215,2026-09-14T03:59:00.000Z,zh,74,7
tdd,https://x.com/i/status/2099343842713780422,2026-09-14T03:45:50.000Z,ja,0,0
tdd,https://x.com/i/status/2099340868474048906,2026-09-14T03:34:01.000Z,zh,0,0
tdd,https://x.com/i/status/2099324897474367832,2026-09-14T02:30:33.000Z,zxx,0,0
tdd,https://x.com/i/status/2099247802950070592,2026-09-13T21:24:13.000Z,zxx,0,0
tdd,https://x.com/i/status/2099149200332329276,2026-09-13T14:52:24.000Z,en,1,0
tdd,https://x.com/i/status/2099125892501098562,2026-09-13T13:19:47.000Z,en,0,0
tdd,https://x.com/i/status/2099028852282654954,2026-09-13T06:54:11.000Z,zh,8,2
tdd,https://x.com/i/status/2099025684119289947,2026-09-13T06:41:35.000Z,zh,0,0
tdd,https://x.com/i/status/2099025646672355549,2026-09-13T06:41:26.000Z,zh,0,0
tdd,https://x.com/i/status/2099011141594947919,2026-09-13T05:43:48.000Z,ja,0,0
tdd,https://x.com/i/status/2098867971276112342,2026-09-12T20:14:54.000Z,en,0,0
tdd,https://x.com/i/status/2098780159625294059,2026-09-12T14:25:58.000Z,en,0,0
tdd,https://x.com/i/status/2098780152042000582,2026-09-12T14:25:56.000Z,en,0,0
tdd,https://x.com/i/status/2098767869719036274,2026-09-12T13:37:08.000Z,zxx,0,0
tdd,https://x.com/i/status/2098715487983030527,2026-09-12T10:08:59.000Z,en,4,0
tdd,https://x.com/i/status/2098690578775204342,2026-09-12T08:30:00.000Z,en,1,0
tdd,https://x.com/i/status/2098682837490901075,2026-09-12T07:59:14.000Z,ja,28,1
github,https://x.com/i/status/2101111605723316506,2026-09-19T00:50:18.000Z,ja,1,0
github,https://x.com/i/status/2101111419450122273,2026-09-19T00:49:33.000Z,zxx,0,0
github,https://x.com/i/status/2101111091237650932,2026-09-19T00:48:15.000Z,es,0,0
github,https://x.com/i/status/2101108743287005196,2026-09-19T00:38:55.000Z,en,1,0
github,https://x.com/i/status/2101108334325907627,2026-09-19T00:37:18.000Z,en,0,0
github,https://x.com/i/status/2101107589518106989,2026-09-19T00:34:20.000Z,ko,0,0
github,https://x.com/i/status/2101106953791611264,2026-09-19T00:31:49.000Z,zxx,3,2
github,https://x.com/i/status/2101106635351744646,2026-09-19T00:30:33.000Z,en,1,0
github,https://x.com/i/status/2101106562278605269,2026-09-19T00:30:15.000Z,en,0,0
github,https://x.com/i/status/2101105397926895918,2026-09-19T00:25:38.000Z,zh,0,0
github,https://x.com/i/status/2101105090757362106,2026-09-19T00:24:24.000Z,en,0,0
github,https://x.com/i/status/2101104841481416841,2026-09-19T00:23:25.000Z,zxx,0,0
github,https://x.com/i/status/2101104558525354289,2026-09-19T00:22:18.000Z,en,1,0
github,https://x.com/i/status/2101104385384497425,2026-09-19T00:21:36.000Z,zh,0,0
github,https://x.com/i/status/2101103950317719885,2026-09-19T00:19:53.000Z,en,0,0
github,https://x.com/i/status/2101103823955624042,2026-09-19T00:19:22.000Z,en,4,0
github,https://x.com/i/status/2101102722686890003,2026-09-19T00:15:00.000Z,zh,2,0
github,https://x.com/i/status/2101102483947028981,2026-09-19T00:14:03.000Z,en,0,0
github,https://x.com/i/status/2101102056480354423,2026-09-19T00:12:21.000Z,en,0,0
github,https://x.com/i/status/2101101583790645600,2026-09-19T00:10:28.000Z,en,0,0
github,https://x.com/i/status/2101101401384382841,2026-09-19T00:09:45.000Z,zxx,0,0
github,https://x.com/i/status/2101101361043484936,2026-09-19T00:09:35.000Z,en,0,0
github,https://x.com/i/status/2101100716849062053,2026-09-19T00:07:02.000Z,ja,1,0
github,https://x.com/i/status/2101100505585811471,2026-09-19T00:06:11.000Z,en,5,1
github,https://x.com/i/status/2101100423612678436,2026-09-19T00:05:52.000Z,ja,0,0
github,https://x.com/i/status/2101100421691421113,2026-09-19T00:05:51.000Z,ja,0,0
github,https://x.com/i/status/2101100389894664366,2026-09-19T00:05:44.000Z,ja,1,0
github,https://x.com/i/status/2101099960498626838,2026-09-19T00:04:01.000Z,ja,0,0
github,https://x.com/i/status/2101099925585219989,2026-09-19T00:03:53.000Z,ja,0,0
github,https://x.com/i/status/2101099890373689788,2026-09-19T00:03:45.000Z,ja,0,0
github,https://x.com/i/status/2101099747583086952,2026-09-19T00:03:11.000Z,ja,0,0
github,https://x.com/i/status/2101099282954948617,2026-09-19T00:01:20.000Z,en,0,0
github,https://x.com/i/status/2101099215523021158,2026-09-19T00:01:04.000Z,zh,2,0
github,https://x.com/i/status/2101097954484572438,2026-09-18T23:56:03.000Z,en,0,0
github,https://x.com/i/status/2101097479215177903,2026-09-18T23:54:10.000Z,en,0,0
github,https://x.com/i/status/2101097438539038735,2026-09-18T23:54:00.000Z,en,0,0
github,https://x.com/i/status/2101097011777089790,2026-09-18T23:52:18.000Z,en,1,0
github,https://x.com/i/status/2101096673317388661,2026-09-18T23:50:58.000Z,en,5,3
github,https://x.com/i/status/2101096030641238236,2026-09-18T23:48:24.000Z,en,5,1
github,https://x.com/i/status/2101095249409966452,2026-09-18T23:45:18.000Z,ja,6,0
github,https://x.com/i/status/2101095088332108283,2026-09-18T23:44:40.000Z,en,0,0
github,https://x.com/i/status/2101094997559025728,2026-09-18T23:44:18.000Z,zh,0,0
github,https://x.com/i/status/2101094912586588627,2026-09-18T23:43:58.000Z,en,3,1
github,https://x.com/i/status/2101094205577720236,2026-09-18T23:41:09.000Z,zxx,0,0
github,https://x.com/i/status/2101094162171089159,2026-09-18T23:40:59.000Z,en,0,0
github,https://x.com/i/status/2101094072845004833,2026-09-18T23:40:38.000Z,en,0,0
github,https://x.com/i/status/2101093696309739819,2026-09-18T23:39:08.000Z,en,0,0
github,https://x.com/i/status/2101092134526841195,2026-09-18T23:32:55.000Z,en,0,0
github,https://x.com/i/status/2101091761338667335,2026-09-18T23:31:26.000Z,en,1,0
github,https://x.com/i/status/2101091595982647400,2026-09-18T23:30:47.000Z,en,0,0
github,https://x.com/i/status/2101091253165428828,2026-09-18T23:29:25.000Z,zh,0,0
github,https://x.com/i/status/2101091245582102853,2026-09-18T23:29:23.000Z,ja,1,0
github,https://x.com/i/status/2101090480750817638,2026-09-18T23:26:21.000Z,zh,0,0
github,https://x.com/i/status/2101090204702408983,2026-09-18T23:25:15.000Z,en,1,0
github,https://x.com/i/status/2101089938536292777,2026-09-18T23:24:12.000Z,zxx,0,0
github,https://x.com/i/status/2101089702291927058,2026-09-18T23:23:16.000Z,zh,1,0
github,https://x.com/i/status/2101089481487176158,2026-09-18T23:22:23.000Z,es,0,0
github,https://x.com/i/status/2101089211290108286,2026-09-18T23:21:18.000Z,en,2,0
github,https://x.com/i/status/2101086690244690384,2026-09-18T23:11:17.000Z,en,0,0
github,https://x.com/i/status/2101086432748355963,2026-09-18T23:10:16.000Z,en,1,0
github,https://x.com/i/status/2101086371595370941,2026-09-18T23:10:01.000Z,ja,3,0
github,https://x.com/i/status/2101084776811950387,2026-09-18T23:03:41.000Z,ja,2,0
github,https://x.com/i/status/2101084753281630254,2026-09-18T23:03:36.000Z,zxx,1,0
github,https://x.com/i/status/2101084553322656101,2026-09-18T23:02:48.000Z,en,0,0
github,https://x.com/i/status/2101084045098811434,2026-09-18T23:00:47.000Z,en,4,0
github,https://x.com/i/status/2101083900915446159,2026-09-18T23:00:12.000Z,en,55,13
github,https://x.com/i/status/2101083853482066040,2026-09-18T23:00:01.000Z,zh,0,0
github,https://x.com/i/status/2101082313866047682,2026-09-18T22:53:54.000Z,ja,1,0
github,https://x.com/i/status/2101081935208456694,2026-09-18T22:52:24.000Z,en,1,0
github,https://x.com/i/status/2101081888248971447,2026-09-18T22:52:13.000Z,ja,1,1
github,https://x.com/i/status/2101080666225914302,2026-09-18T22:47:21.000Z,en,0,0
github,https://x.com/i/status/2101080355985932609,2026-09-18T22:46:07.000Z,en,0,0
github,https://x.com/i/status/2101079798798008638,2026-09-18T22:43:54.000Z,en,2,0
github,https://x.com/i/status/2101079396165542123,2026-09-18T22:42:18.000Z,en,0,1
github,https://x.com/i/status/2101079146910867526,2026-09-18T22:41:19.000Z,en,0,0
github,https://x.com/i/status/2101076534786474146,2026-09-18T22:30:56.000Z,ja,0,0
github,https://x.com/i/status/2101075041719112127,2026-09-18T22:25:00.000Z,en,0,0
github,https://x.com/i/status/2101074950069055755,2026-09-18T22:24:38.000Z,en,0,0
github,https://x.com/i/status/2101074795643494546,2026-09-18T22:24:02.000Z,en,303,32
github,https://x.com/i/status/2101074536905252980,2026-09-18T22:23:00.000Z,pt,1,0
github,https://x.com/i/status/2101072352255918111,2026-09-18T22:14:19.000Z,ja,2,1
github,https://x.com/i/status/2101070907150377015,2026-09-18T22:08:34.000Z,en,0,0
github,https://x.com/i/status/2101070856873181607,2026-09-18T22:08:22.000Z,ja,0,0
github,https://x.com/i/status/2101070088657056206,2026-09-18T22:05:19.000Z,ja,0,0
github,https://x.com/i/status/2101069805562343654,2026-09-18T22:04:12.000Z,en,0,0
github,https://x.com/i/status/2101069004521795755,2026-09-18T22:01:01.000Z,en,0,0
github,https://x.com/i/status/2101068860896182703,2026-09-18T22:00:27.000Z,en,0,0
github,https://x.com/i/status/2101068836753539294,2026-09-18T22:00:21.000Z,en,0,0
github,https://x.com/i/status/2101068625364787702,2026-09-18T21:59:30.000Z,zh,11,1
github,https://x.com/i/status/2101068140897882402,2026-09-18T21:57:35.000Z,en,0,0
github,https://x.com/i/status/2101067593234731193,2026-09-18T21:55:24.000Z,fr,1,0
github,https://x.com/i/status/2101067284391268509,2026-09-18T21:54:11.000Z,en,0,0
github,https://x.com/i/status/2101066941188259847,2026-09-18T21:52:49.000Z,en,1,0
github,https://x.com/i/status/2101066691774202101,2026-09-18T21:51:49.000Z,en,56,2
github,https://x.com/i/status/2101065493788631079,2026-09-18T21:47:04.000Z,en,1,0
github,https://x.com/i/status/2101065176069886152,2026-09-18T21:45:48.000Z,ja,254,20
github,https://x.com/i/status/2101064850185089115,2026-09-18T21:44:30.000Z,pt,27,1
github,https://x.com/i/status/2101064762964738089,2026-09-18T21:44:10.000Z,ja,0,0
github,https://x.com/i/status/2101064748829663370,2026-09-18T21:44:06.000Z,en,0,0
github,https://x.com/i/status/2101064735206617256,2026-09-18T21:44:03.000Z,en,0,0
frontend-design,https://x.com/i/status/2101051982723096740,2026-09-18T20:53:22.000Z,en,0,0
frontend-design,https://x.com/i/status/2101031650981474496,2026-09-18T19:32:35.000Z,zxx,103,6
frontend-design,https://x.com/i/status/2100986164484124930,2026-09-18T16:31:50.000Z,en,0,0
frontend-design,https://x.com/i/status/2100978413825888414,2026-09-18T16:01:02.000Z,en,18,1
frontend-design,https://x.com/i/status/2100912542281322662,2026-09-18T11:39:17.000Z,en,87,5
frontend-design,https://x.com/i/status/2100905906716524655,2026-09-18T11:12:55.000Z,en,0,0
frontend-design,https://x.com/i/status/2100888597612134474,2026-09-18T10:04:08.000Z,nl,2,0
frontend-design,https://x.com/i/status/2100882266666779074,2026-09-18T09:38:59.000Z,en,0,0
frontend-design,https://x.com/i/status/2100769275308876073,2026-09-18T02:10:00.000Z,zh,0,0
frontend-design,https://x.com/i/status/2100769082920538475,2026-09-18T02:09:14.000Z,zxx,1,0
frontend-design,https://x.com/i/status/2100656811540169023,2026-09-17T18:43:06.000Z,en,3,0
frontend-design,https://x.com/i/status/2100628418752594319,2026-09-17T16:50:17.000Z,en,1,0
frontend-design,https://x.com/i/status/2100622293659713993,2026-09-17T16:25:57.000Z,en,0,0
frontend-design,https://x.com/i/status/2100580906511880513,2026-09-17T13:41:29.000Z,en,1,0
frontend-design,https://x.com/i/status/2100580893668893172,2026-09-17T13:41:26.000Z,en,22,7
frontend-design,https://x.com/i/status/2100540244630413731,2026-09-17T10:59:55.000Z,en,2,0
frontend-design,https://x.com/i/status/2100478002098561087,2026-09-17T06:52:35.000Z,ja,7,1
frontend-design,https://x.com/i/status/2100445805350117478,2026-09-17T04:44:39.000Z,zxx,2,0
frontend-design,https://x.com/i/status/2100393045954908394,2026-09-17T01:15:00.000Z,en,0,0
frontend-design,https://x.com/i/status/2100265351959175206,2026-09-16T16:47:35.000Z,en,1,0
frontend-design,https://x.com/i/status/2100224547631116712,2026-09-16T14:05:27.000Z,en,113,3
frontend-design,https://x.com/i/status/2100174261289648329,2026-09-16T10:45:37.000Z,en,4,1
frontend-design,https://x.com/i/status/2100161179591352491,2026-09-16T09:53:38.000Z,en,28,4
frontend-design,https://x.com/i/status/2100155712051822743,2026-09-16T09:31:55.000Z,ja,22,0
frontend-design,https://x.com/i/status/2100094637042208941,2026-09-16T05:29:13.000Z,en,1,0
frontend-design,https://x.com/i/status/2100028214659932570,2026-09-16T01:05:17.000Z,zh,31,28
frontend-design,https://x.com/i/status/2100022713439911943,2026-09-16T00:43:26.000Z,ar,80,5
frontend-design,https://x.com/i/status/2099979027604001096,2026-09-15T21:49:50.000Z,ja,0,0
frontend-design,https://x.com/i/status/2099961969600057604,2026-09-15T20:42:03.000Z,en,14,0
frontend-design,https://x.com/i/status/2099900427441443024,2026-09-15T16:37:30.000Z,en,1,0
frontend-design,https://x.com/i/status/2099899057921503555,2026-09-15T16:32:04.000Z,en,2,0
frontend-design,https://x.com/i/status/2099887813466398928,2026-09-15T15:47:23.000Z,en,5,1
frontend-design,https://x.com/i/status/2099885139731841226,2026-09-15T15:36:45.000Z,en,0,0
frontend-design,https://x.com/i/status/2099795358029115439,2026-09-15T09:40:00.000Z,en,0,0
frontend-design,https://x.com/i/status/2099779047685566903,2026-09-15T08:35:11.000Z,en,0,0
frontend-design,https://x.com/i/status/2099685634910585122,2026-09-15T02:24:00.000Z,ja,206,20
frontend-design,https://x.com/i/status/2099643125493027198,2026-09-14T23:35:05.000Z,ko,12,8
frontend-design,https://x.com/i/status/2099503099110990149,2026-09-14T14:18:40.000Z,en,2,0
frontend-design,https://x.com/i/status/2099448156039631007,2026-09-14T10:40:20.000Z,en,12,0
frontend-design,https://x.com/i/status/2099440273403064816,2026-09-14T10:09:01.000Z,zxx,2,0
frontend-design,https://x.com/i/status/2099410355386818656,2026-09-14T08:10:08.000Z,en,1,0
frontend-design,https://x.com/i/status/2099393459941417276,2026-09-14T07:03:00.000Z,ja,164,16
frontend-design,https://x.com/i/status/2099389959266504819,2026-09-14T06:49:05.000Z,zh,0,0
frontend-design,https://x.com/i/status/2099380899594858599,2026-09-14T06:13:05.000Z,zh,212,38
frontend-design,https://x.com/i/status/2099260460063228392,2026-09-13T22:14:30.000Z,en,0,0
frontend-design,https://x.com/i/status/2099254308038447392,2026-09-13T21:50:03.000Z,en,2,0
frontend-design,https://x.com/i/status/2099250709732765967,2026-09-13T21:35:46.000Z,en,0,0
frontend-design,https://x.com/i/status/2099224062253826385,2026-09-13T19:49:52.000Z,en,499,82
frontend-design,https://x.com/i/status/2099197364296634831,2026-09-13T18:03:47.000Z,en,10,0
frontend-design,https://x.com/i/status/2099085352266789275,2026-09-13T10:38:41.000Z,en,95,15
frontend-design,https://x.com/i/status/2099074885008175478,2026-09-13T09:57:06.000Z,es,1,0
frontend-design,https://x.com/i/status/2099028852282654954,2026-09-13T06:54:11.000Z,zh,8,2
frontend-design,https://x.com/i/status/2098903484170912094,2026-09-12T22:36:01.000Z,en,0,0
frontend-design,https://x.com/i/status/2098835876105068758,2026-09-12T18:07:22.000Z,en,0,0
frontend-design,https://x.com/i/status/2098806850217017532,2026-09-12T16:12:01.000Z,zxx,141,7
frontend-design,https://x.com/i/status/2098798711023239212,2026-09-12T15:39:41.000Z,pt,0,0
frontend-design,https://x.com/i/status/2098791806615826804,2026-09-12T15:12:15.000Z,en,3,0
frontend-design,https://x.com/i/status/2098790989746041072,2026-09-12T15:09:00.000Z,zh,25,2
frontend-design,https://x.com/i/status/2098778148141981934,2026-09-12T14:17:58.000Z,zh,51,12
frontend-design,https://x.com/i/status/2098771709474083094,2026-09-12T13:52:23.000Z,en,12,2
frontend-design,https://x.com/i/status/2098706507504435684,2026-09-12T09:33:18.000Z,en,73,11
frontend-design,https://x.com/i/status/2098690578775204342,2026-09-12T08:30:00.000Z,en,1,0
frontend-design,https://x.com/i/status/2098683736443527327,2026-09-12T08:02:49.000Z,en,0,0
frontend-design,https://x.com/i/status/2098682531533242775,2026-09-12T07:58:01.000Z,en,0,0
frontend-design,https://x.com/i/status/2098670165710037368,2026-09-12T07:08:53.000Z,en,3,0
frontend-design,https://x.com/i/status/2098652326248493447,2026-09-12T05:58:00.000Z,en,679,93
gog,https://x.com/i/status/2100974714693013719,2026-09-18T15:46:20.000Z,en,0,0
gog,https://x.com/i/status/2100705935648010428,2026-09-17T21:58:18.000Z,ja,269,13
gog,https://x.com/i/status/2100210119040741824,2026-09-16T13:08:07.000Z,en,1,0
gog,https://x.com/i/status/2100197630634811878,2026-09-16T12:18:29.000Z,en,3,0
gog,https://x.com/i/status/2099987659707846716,2026-09-15T22:24:08.000Z,en,0,0
gog,https://x.com/i/status/2099718587682611314,2026-09-15T04:34:56.000Z,en,0,0
gog,https://x.com/i/status/2099638440891441599,2026-09-14T23:16:28.000Z,en,6,0
gog,https://x.com/i/status/2099603193415991429,2026-09-14T20:56:24.000Z,en,1,0
gog,https://x.com/i/status/2099577988845117655,2026-09-14T19:16:15.000Z,en,0,0
gog,https://x.com/i/status/2099471969531945461,2026-09-14T12:14:58.000Z,en,0,0
gog,https://x.com/i/status/2099261673739567563,2026-09-13T22:19:20.000Z,en,0,0
gog,https://x.com/i/status/2099125641048215639,2026-09-13T13:18:47.000Z,en,1,0
gog,https://x.com/i/status/2099092304745091473,2026-09-13T11:06:19.000Z,en,3,0
gog,https://x.com/i/status/2098783224696610839,2026-09-12T14:38:08.000Z,en,0,0
gog,https://x.com/i/status/2098676596190134427,2026-09-12T07:34:26.000Z,fr,1,0
gog,https://x.com/i/status/2098584891294441979,2026-09-12T01:30:02.000Z,in,4,0
agent-browser,https://x.com/i/status/2101083316774449622,2026-09-18T22:57:53.000Z,en,0,0
agent-browser,https://x.com/i/status/2101083104920121638,2026-09-18T22:57:03.000Z,en,0,0
agent-browser,https://x.com/i/status/2101080845570224320,2026-09-18T22:48:04.000Z,en,1,0
agent-browser,https://x.com/i/status/2101080577302823372,2026-09-18T22:47:00.000Z,ja,1,0
agent-browser,https://x.com/i/status/2101065916335186098,2026-09-18T21:48:45.000Z,en,1,0
agent-browser,https://x.com/i/status/2101058693534003224,2026-09-18T21:20:02.000Z,en,0,0
agent-browser,https://x.com/i/status/2101057263201141237,2026-09-18T21:14:21.000Z,en,4,0
agent-browser,https://x.com/i/status/2101054988126740793,2026-09-18T21:05:19.000Z,en,1,0
agent-browser,https://x.com/i/status/2101049913165693267,2026-09-18T20:45:09.000Z,en,7,1
agent-browser,https://x.com/i/status/2101049281335505033,2026-09-18T20:42:38.000Z,en,10,1
agent-browser,https://x.com/i/status/2101043343027548642,2026-09-18T20:19:03.000Z,en,9,0
agent-browser,https://x.com/i/status/2101039856600133678,2026-09-18T20:05:11.000Z,en,1,0
agent-browser,https://x.com/i/status/2101032098073047131,2026-09-18T19:34:22.000Z,es,123,4
agent-browser,https://x.com/i/status/2101031642030653498,2026-09-18T19:32:33.000Z,en,0,0
agent-browser,https://x.com/i/status/2100998980335489194,2026-09-18T17:22:46.000Z,en,0,1
agent-browser,https://x.com/i/status/2100989280239956309,2026-09-18T16:44:13.000Z,en,0,0
agent-browser,https://x.com/i/status/2100986183660556349,2026-09-18T16:31:55.000Z,en,1,0
agent-browser,https://x.com/i/status/2100972308282126788,2026-09-18T15:36:47.000Z,en,38,11
agent-browser,https://x.com/i/status/2100971106970517541,2026-09-18T15:32:00.000Z,en,0,0
agent-browser,https://x.com/i/status/2100966488022864272,2026-09-18T15:13:39.000Z,zxx,133,25
agent-browser,https://x.com/i/status/2100966057850593481,2026-09-18T15:11:56.000Z,en,0,0
agent-browser,https://x.com/i/status/2100945234578554961,2026-09-18T13:49:12.000Z,en,0,0
agent-browser,https://x.com/i/status/2100932385865126243,2026-09-18T12:58:08.000Z,en,1,0
agent-browser,https://x.com/i/status/2100912046363582956,2026-09-18T11:37:19.000Z,en,0,0
agent-browser,https://x.com/i/status/2100896904699904496,2026-09-18T10:37:09.000Z,en,2,0
agent-browser,https://x.com/i/status/2100895961727881256,2026-09-18T10:33:24.000Z,en,29,0
agent-browser,https://x.com/i/status/2100890186154479651,2026-09-18T10:10:27.000Z,en,1,0
agent-browser,https://x.com/i/status/2100847480888004794,2026-09-18T07:20:45.000Z,zxx,2,0
agent-browser,https://x.com/i/status/2100839690639143185,2026-09-18T06:49:48.000Z,en,0,0
agent-browser,https://x.com/i/status/2100838255520514211,2026-09-18T06:44:06.000Z,en,1,0
agent-browser,https://x.com/i/status/2100833412164571338,2026-09-18T06:24:51.000Z,en,0,0
agent-browser,https://x.com/i/status/2100832915303047293,2026-09-18T06:22:53.000Z,en,0,0
agent-browser,https://x.com/i/status/2100818499123691803,2026-09-18T05:25:36.000Z,en,1,0
agent-browser,https://x.com/i/status/2100747940256166173,2026-09-18T00:45:13.000Z,en,0,0
agent-browser,https://x.com/i/status/2100737045538779446,2026-09-18T00:01:56.000Z,en,1,0
agent-browser,https://x.com/i/status/2100721564560027875,2026-09-17T23:00:25.000Z,en,1,0
agent-browser,https://x.com/i/status/2100678313538638034,2026-09-17T20:08:33.000Z,en,2,0
agent-browser,https://x.com/i/status/2100642590592729224,2026-09-17T17:46:36.000Z,en,2,0
agent-browser,https://x.com/i/status/2100617829439689182,2026-09-17T16:08:12.000Z,en,2,0
agent-browser,https://x.com/i/status/2100611989269856667,2026-09-17T15:45:00.000Z,en,1,0
agent-browser,https://x.com/i/status/2100606264195600502,2026-09-17T15:22:15.000Z,en,2,0
agent-browser,https://x.com/i/status/2100602784651547131,2026-09-17T15:08:25.000Z,ja,0,0
agent-browser,https://x.com/i/status/2100600315745845722,2026-09-17T14:58:37.000Z,zh,0,0
agent-browser,https://x.com/i/status/2100543527277199455,2026-09-17T11:12:57.000Z,en,0,0
agent-browser,https://x.com/i/status/2100534478313763172,2026-09-17T10:37:00.000Z,en,4,0
agent-browser,https://x.com/i/status/2100525440603500586,2026-09-17T10:01:05.000Z,en,1,0
agent-browser,https://x.com/i/status/2100499497386213711,2026-09-17T08:18:00.000Z,en,2,0
agent-browser,https://x.com/i/status/2100485045354131724,2026-09-17T07:20:34.000Z,en,0,0
agent-browser,https://x.com/i/status/2100481315497787494,2026-09-17T07:05:45.000Z,en,0,0
agent-browser,https://x.com/i/status/2100478002098561087,2026-09-17T06:52:35.000Z,ja,7,1
agent-browser,https://x.com/i/status/2100472858757517789,2026-09-17T06:32:09.000Z,en,0,0
agent-browser,https://x.com/i/status/2100469869389169151,2026-09-17T06:20:16.000Z,en,1,0
agent-browser,https://x.com/i/status/2100465091795710358,2026-09-17T06:01:17.000Z,en,0,0
agent-browser,https://x.com/i/status/2100455109352436010,2026-09-17T05:21:37.000Z,en,0,0
agent-browser,https://x.com/i/status/2100435961775640805,2026-09-17T04:05:32.000Z,en,1,0
agent-browser,https://x.com/i/status/2100426129760821687,2026-09-17T03:26:28.000Z,ja,0,0
agent-browser,https://x.com/i/status/2100425184909914228,2026-09-17T03:22:42.000Z,es,3,0
agent-browser,https://x.com/i/status/2100407278839136634,2026-09-17T02:11:33.000Z,zh,0,0
agent-browser,https://x.com/i/status/2100404119043264759,2026-09-17T01:59:00.000Z,ko,40,11
agent-browser,https://x.com/i/status/2100402884764459090,2026-09-17T01:54:05.000Z,ru,1,0
agent-browser,https://x.com/i/status/2100390623455088640,2026-09-17T01:05:22.000Z,zh,1,0
agent-browser,https://x.com/i/status/2100386729962164253,2026-09-17T00:49:54.000Z,zh,26,4
agent-browser,https://x.com/i/status/2100355337224122724,2026-09-16T22:45:09.000Z,en,4,0
agent-browser,https://x.com/i/status/2100345868909998404,2026-09-16T22:07:32.000Z,en,0,0
agent-browser,https://x.com/i/status/2100325632118841420,2026-09-16T20:47:07.000Z,en,1,0
agent-browser,https://x.com/i/status/2100319198920782072,2026-09-16T20:21:33.000Z,en,1,0
agent-browser,https://x.com/i/status/2100317195775701102,2026-09-16T20:13:36.000Z,en,0,0
agent-browser,https://x.com/i/status/2100316650595836238,2026-09-16T20:11:26.000Z,en,1,0
agent-browser,https://x.com/i/status/2100316562247110821,2026-09-16T20:11:05.000Z,en,4,0
agent-browser,https://x.com/i/status/2100313645116952701,2026-09-16T19:59:29.000Z,en,193,8
agent-browser,https://x.com/i/status/2100310075608867033,2026-09-16T19:45:18.000Z,en,22,1
agent-browser,https://x.com/i/status/2100309892040946021,2026-09-16T19:44:34.000Z,en,644,20
agent-browser,https://x.com/i/status/2100293871800345075,2026-09-16T18:40:55.000Z,en,241,9
agent-browser,https://x.com/i/status/2100278062738739406,2026-09-16T17:38:06.000Z,en,0,0
agent-browser,https://x.com/i/status/2100273012067205123,2026-09-16T17:18:01.000Z,en,0,0
agent-browser,https://x.com/i/status/2100271769907261452,2026-09-16T17:13:05.000Z,zxx,5,0
agent-browser,https://x.com/i/status/2100268414736404745,2026-09-16T16:59:45.000Z,en,22,5
agent-browser,https://x.com/i/status/2100266549986603183,2026-09-16T16:52:21.000Z,en,1,0
agent-browser,https://x.com/i/status/2100266339583549779,2026-09-16T16:51:31.000Z,en,1,0
agent-browser,https://x.com/i/status/2100236512931778849,2026-09-16T14:52:59.000Z,en,0,0
agent-browser,https://x.com/i/status/2100234363786916155,2026-09-16T14:44:27.000Z,en,0,0
agent-browser,https://x.com/i/status/2100224664454717441,2026-09-16T14:05:54.000Z,en,0,0
agent-browser,https://x.com/i/status/2100211839523262558,2026-09-16T13:14:57.000Z,zxx,1,0
agent-browser,https://x.com/i/status/2100203043706798470,2026-09-16T12:40:00.000Z,en,1,0
agent-browser,https://x.com/i/status/2100194379117846670,2026-09-16T12:05:34.000Z,en,1,0
agent-browser,https://x.com/i/status/2100192699500437799,2026-09-16T11:58:53.000Z,en,12,0
agent-browser,https://x.com/i/status/2100168900088656085,2026-09-16T10:24:19.000Z,zxx,0,0
agent-browser,https://x.com/i/status/2100166401025519809,2026-09-16T10:14:23.000Z,en,2,0
agent-browser,https://x.com/i/status/2100166124960964836,2026-09-16T10:13:18.000Z,en,3,0
agent-browser,https://x.com/i/status/2100165967871614986,2026-09-16T10:12:40.000Z,en,0,0
agent-browser,https://x.com/i/status/2100151161504293281,2026-09-16T09:13:50.000Z,en,0,0
agent-browser,https://x.com/i/status/2100148268093055247,2026-09-16T09:02:20.000Z,en,2,0
agent-browser,https://x.com/i/status/2100147386391605553,2026-09-16T08:58:50.000Z,en,0,0
agent-browser,https://x.com/i/status/2100144938201829580,2026-09-16T08:49:06.000Z,en,0,0
agent-browser,https://x.com/i/status/2100057838915813419,2026-09-16T03:03:00.000Z,zh,424,122
agent-browser,https://x.com/i/status/2100023963011174709,2026-09-16T00:48:23.000Z,en,0,0
agent-browser,https://x.com/i/status/2099981590806089970,2026-09-15T22:00:01.000Z,ja,9,0
agent-browser,https://x.com/i/status/2099979029583626715,2026-09-15T21:49:51.000Z,ja,0,0
agent-browser,https://x.com/i/status/2099959861005910386,2026-09-15T20:33:40.000Z,en,0,0
agent-browser,https://x.com/i/status/2099949169569906753,2026-09-15T19:51:11.000Z,en,0,0
proactive-agent,https://x.com/i/status/2101095851414233474,2026-09-18T23:47:42.000Z,en,0,0
proactive-agent,https://x.com/i/status/2101034104057983091,2026-09-18T19:42:20.000Z,en,1,0
proactive-agent,https://x.com/i/status/2100995113875083487,2026-09-18T17:07:24.000Z,en,0,0
proactive-agent,https://x.com/i/status/2100953767248085115,2026-09-18T14:23:06.000Z,en,1,0
proactive-agent,https://x.com/i/status/2100953128678105432,2026-09-18T14:20:34.000Z,zh,1,0
proactive-agent,https://x.com/i/status/2100860982126055505,2026-09-18T08:14:24.000Z,en,0,0
proactive-agent,https://x.com/i/status/2100661552722387054,2026-09-17T19:01:57.000Z,en,3,0
proactive-agent,https://x.com/i/status/2100655693984358765,2026-09-17T18:38:40.000Z,en,1,0
proactive-agent,https://x.com/i/status/2100651604714394058,2026-09-17T18:22:25.000Z,en,0,0
proactive-agent,https://x.com/i/status/2100527185752899960,2026-09-17T10:08:01.000Z,en,0,0
proactive-agent,https://x.com/i/status/2100445140250669549,2026-09-17T04:42:00.000Z,en,1,0
proactive-agent,https://x.com/i/status/2100373832745824281,2026-09-16T23:58:39.000Z,en,0,0
proactive-agent,https://x.com/i/status/2100336164486139997,2026-09-16T21:28:58.000Z,en,0,0
proactive-agent,https://x.com/i/status/2100290476616069462,2026-09-16T18:27:25.000Z,en,0,0
proactive-agent,https://x.com/i/status/2100286590748954832,2026-09-16T18:11:59.000Z,en,0,0
proactive-agent,https://x.com/i/status/2100280034057765119,2026-09-16T17:45:56.000Z,en,0,0
proactive-agent,https://x.com/i/status/2100279828859724190,2026-09-16T17:45:07.000Z,en,0,0
proactive-agent,https://x.com/i/status/2100274697162104862,2026-09-16T17:24:43.000Z,en,442,43
proactive-agent,https://x.com/i/status/2100236014568493317,2026-09-16T14:51:01.000Z,en,0,0
proactive-agent,https://x.com/i/status/2100193519423889809,2026-09-16T12:02:09.000Z,en,0,0
proactive-agent,https://x.com/i/status/2100184819124548040,2026-09-16T11:27:35.000Z,en,0,0
proactive-agent,https://x.com/i/status/2099924759043879175,2026-09-15T18:14:11.000Z,en,9,2
proactive-agent,https://x.com/i/status/2099876021512163374,2026-09-15T15:00:31.000Z,en,1,0
proactive-agent,https://x.com/i/status/2099857787207737802,2026-09-15T13:48:04.000Z,en,0,0
proactive-agent,https://x.com/i/status/2099759599037657578,2026-09-15T07:17:54.000Z,en,0,0
proactive-agent,https://x.com/i/status/2099758734163796311,2026-09-15T07:14:28.000Z,en,2,0
proactive-agent,https://x.com/i/status/2099732323168030793,2026-09-15T05:29:31.000Z,en,0,0
proactive-agent,https://x.com/i/status/2099583425980043298,2026-09-14T19:37:51.000Z,zxx,3,2
proactive-agent,https://x.com/i/status/2099546066077028695,2026-09-14T17:09:24.000Z,en,5,1
proactive-agent,https://x.com/i/status/2099315308943040993,2026-09-14T01:52:27.000Z,en,0,0
proactive-agent,https://x.com/i/status/2099254256368828519,2026-09-13T21:49:51.000Z,en,0,0
proactive-agent,https://x.com/i/status/2099240334937194719,2026-09-13T20:54:32.000Z,en,1,0
proactive-agent,https://x.com/i/status/2098685434759123437,2026-09-12T08:09:33.000Z,en,0,0
proactive-agent,https://x.com/i/status/2098680917720023146,2026-09-12T07:51:37.000Z,en,0,0
proactive-agent,https://x.com/i/status/2098619780890505439,2026-09-12T03:48:40.000Z,en,3,0
handoff,https://x.com/i/status/2101110236182360505,2026-09-19T00:44:51.000Z,en,0,0
handoff,https://x.com/i/status/2101109267487150309,2026-09-19T00:41:00.000Z,ja,0,0
handoff,https://x.com/i/status/2101103666258174448,2026-09-19T00:18:45.000Z,en,0,0
handoff,https://x.com/i/status/2101102051833037064,2026-09-19T00:12:20.000Z,ja,1,0
handoff,https://x.com/i/status/2101100618576478520,2026-09-19T00:06:38.000Z,en,0,0
handoff,https://x.com/i/status/2101100451152503266,2026-09-19T00:05:58.000Z,en,0,0
handoff,https://x.com/i/status/2101099926088507587,2026-09-19T00:03:53.000Z,en,0,0
handoff,https://x.com/i/status/2101096103588548698,2026-09-18T23:48:42.000Z,en,0,0
handoff,https://x.com/i/status/2101093110805618852,2026-09-18T23:36:48.000Z,zxx,3,0
handoff,https://x.com/i/status/2101091411424850110,2026-09-18T23:30:03.000Z,en,0,0
handoff,https://x.com/i/status/2101090338836459561,2026-09-18T23:25:47.000Z,en,0,0
handoff,https://x.com/i/status/2101089147482243090,2026-09-18T23:21:03.000Z,en,0,0
handoff,https://x.com/i/status/2101087372297306545,2026-09-18T23:14:00.000Z,en,1,0
handoff,https://x.com/i/status/2101083684212474315,2026-09-18T22:59:21.000Z,en,0,0
handoff,https://x.com/i/status/2101082368836772075,2026-09-18T22:54:07.000Z,en,0,0
handoff,https://x.com/i/status/2101081687744819357,2026-09-18T22:51:25.000Z,en,1,0
handoff,https://x.com/i/status/2101080525985210393,2026-09-18T22:46:48.000Z,en,1,0
handoff,https://x.com/i/status/2101079146176922078,2026-09-18T22:41:19.000Z,en,0,0
handoff,https://x.com/i/status/2101077004108124487,2026-09-18T22:32:48.000Z,en,0,0
handoff,https://x.com/i/status/2101073864398602422,2026-09-18T22:20:19.000Z,zxx,5,0
handoff,https://x.com/i/status/2101072271578165427,2026-09-18T22:14:00.000Z,en,5,0
handoff,https://x.com/i/status/2101071440699400648,2026-09-18T22:10:42.000Z,en,2,0
handoff,https://x.com/i/status/2101069818136785330,2026-09-18T22:04:15.000Z,en,0,0
handoff,https://x.com/i/status/2101069573579477254,2026-09-18T22:03:16.000Z,en,0,0
handoff,https://x.com/i/status/2101069132460667346,2026-09-18T22:01:31.000Z,en,17,2
handoff,https://x.com/i/status/2101065180436189491,2026-09-18T21:45:49.000Z,en,0,0
handoff,https://x.com/i/status/2101059810263191862,2026-09-18T21:24:29.000Z,en,2,0
handoff,https://x.com/i/status/2101057247967379670,2026-09-18T21:14:18.000Z,en,0,0
handoff,https://x.com/i/status/2101055957367410688,2026-09-18T21:09:10.000Z,en,0,0
handoff,https://x.com/i/status/2101055273821508051,2026-09-18T21:06:27.000Z,en,3,0
handoff,https://x.com/i/status/2101052882808459394,2026-09-18T20:56:57.000Z,en,0,0
handoff,https://x.com/i/status/2101051250078863474,2026-09-18T20:50:28.000Z,en,0,0
handoff,https://x.com/i/status/2101049776967958766,2026-09-18T20:44:37.000Z,en,6,0
handoff,https://x.com/i/status/2101048818821480855,2026-09-18T20:40:48.000Z,en,0,0
handoff,https://x.com/i/status/2101047000850649354,2026-09-18T20:33:35.000Z,en,14,2
handoff,https://x.com/i/status/2101045671780331736,2026-09-18T20:28:18.000Z,en,0,0
handoff,https://x.com/i/status/2101038670212182261,2026-09-18T20:00:29.000Z,en,1,0
handoff,https://x.com/i/status/2101038583557599716,2026-09-18T20:00:08.000Z,en,1,0
handoff,https://x.com/i/status/2101037201874116814,2026-09-18T19:54:38.000Z,en,5,0
handoff,https://x.com/i/status/2101036015989162372,2026-09-18T19:49:56.000Z,en,1,0
handoff,https://x.com/i/status/2101032121611751633,2026-09-18T19:34:27.000Z,en,0,0
handoff,https://x.com/i/status/2101030197835256121,2026-09-18T19:26:49.000Z,en,0,0
handoff,https://x.com/i/status/2101030089756385735,2026-09-18T19:26:23.000Z,en,0,0
handoff,https://x.com/i/status/2101029313906987422,2026-09-18T19:23:18.000Z,zxx,40,3
handoff,https://x.com/i/status/2101027817907450197,2026-09-18T19:17:21.000Z,en,1,0
handoff,https://x.com/i/status/2101027224669360517,2026-09-18T19:15:00.000Z,en,1,0
handoff,https://x.com/i/status/2101026483401588771,2026-09-18T19:12:03.000Z,en,0,0
handoff,https://x.com/i/status/2101023467449811249,2026-09-18T19:00:04.000Z,en,1,0
handoff,https://x.com/i/status/2101023405848035811,2026-09-18T18:59:49.000Z,en,0,0
handoff,https://x.com/i/status/2101022679486583274,2026-09-18T18:56:56.000Z,en,0,0
handoff,https://x.com/i/status/2101017888798683380,2026-09-18T18:37:54.000Z,en,0,0
handoff,https://x.com/i/status/2101017790081806589,2026-09-18T18:37:30.000Z,zxx,8,3
handoff,https://x.com/i/status/2101015173238546731,2026-09-18T18:27:06.000Z,en,0,0
handoff,https://x.com/i/status/2101014754798285178,2026-09-18T18:25:27.000Z,en,0,0
handoff,https://x.com/i/status/2101013016636539127,2026-09-18T18:18:32.000Z,en,0,0
handoff,https://x.com/i/status/2101012070707954098,2026-09-18T18:14:47.000Z,en,0,0
handoff,https://x.com/i/status/2101011344854016179,2026-09-18T18:11:54.000Z,en,0,0
handoff,https://x.com/i/status/2101010467145846948,2026-09-18T18:08:24.000Z,en,0,0
handoff,https://x.com/i/status/2101010405258567829,2026-09-18T18:08:10.000Z,en,1,0
handoff,https://x.com/i/status/2101007520227627140,2026-09-18T17:56:42.000Z,en,0,0
handoff,https://x.com/i/status/2101007482919227841,2026-09-18T17:56:33.000Z,zxx,87,3
handoff,https://x.com/i/status/2101007417022763490,2026-09-18T17:56:17.000Z,zxx,0,0
handoff,https://x.com/i/status/2101006403800371294,2026-09-18T17:52:16.000Z,en,0,0
handoff,https://x.com/i/status/2101003133199466653,2026-09-18T17:39:16.000Z,zxx,1,0
handoff,https://x.com/i/status/2101000176076783904,2026-09-18T17:27:31.000Z,en,0,0
handoff,https://x.com/i/status/2100998671537934433,2026-09-18T17:21:32.000Z,en,0,0
handoff,https://x.com/i/status/2100998198323995086,2026-09-18T17:19:39.000Z,en,0,0
handoff,https://x.com/i/status/2100997240567234978,2026-09-18T17:15:51.000Z,en,0,0
handoff,https://x.com/i/status/2100996487593288000,2026-09-18T17:12:51.000Z,en,0,0
handoff,https://x.com/i/status/2100993290036494393,2026-09-18T17:00:09.000Z,en,0,0
handoff,https://x.com/i/status/2100992051152318803,2026-09-18T16:55:14.000Z,en,45,47
handoff,https://x.com/i/status/2100989909720830238,2026-09-18T16:46:43.000Z,en,0,0
handoff,https://x.com/i/status/2100988560081813589,2026-09-18T16:41:21.000Z,zxx,10,0
handoff,https://x.com/i/status/2100988110389608721,2026-09-18T16:39:34.000Z,en,0,0
handoff,https://x.com/i/status/2100986341387346093,2026-09-18T16:32:32.000Z,en,1,0
handoff,https://x.com/i/status/2100986228942283126,2026-09-18T16:32:06.000Z,en,1,0
handoff,https://x.com/i/status/2100986076898750668,2026-09-18T16:31:29.000Z,en,0,1
handoff,https://x.com/i/status/2100986076420567461,2026-09-18T16:31:29.000Z,en,0,0
handoff,https://x.com/i/status/2100985959575687677,2026-09-18T16:31:01.000Z,en,0,0
handoff,https://x.com/i/status/2100985927078183132,2026-09-18T16:30:54.000Z,en,0,0
handoff,https://x.com/i/status/2100984487802708306,2026-09-18T16:25:10.000Z,en,499,59
handoff,https://x.com/i/status/2100983591505445272,2026-09-18T16:21:37.000Z,zxx,16,8
handoff,https://x.com/i/status/2100982431977296098,2026-09-18T16:17:00.000Z,en,0,0
handoff,https://x.com/i/status/2100980172908335437,2026-09-18T16:08:02.000Z,en,0,0
handoff,https://x.com/i/status/2100979949616177524,2026-09-18T16:07:08.000Z,en,0,0
handoff,https://x.com/i/status/2100979223032963500,2026-09-18T16:04:15.000Z,en,0,0
handoff,https://x.com/i/status/2100979209451471012,2026-09-18T16:04:12.000Z,en,0,0
handoff,https://x.com/i/status/2100978161051713884,2026-09-18T16:00:02.000Z,en,0,0
handoff,https://x.com/i/status/2100978156731830355,2026-09-18T16:00:01.000Z,en,1,0
handoff,https://x.com/i/status/2100978118781767991,2026-09-18T15:59:52.000Z,en,0,0
handoff,https://x.com/i/status/2100977711099605382,2026-09-18T15:58:15.000Z,en,11,0
handoff,https://x.com/i/status/2100977666665124340,2026-09-18T15:58:04.000Z,zxx,6,0
handoff,https://x.com/i/status/2100976478275956818,2026-09-18T15:53:21.000Z,en,0,0
handoff,https://x.com/i/status/2100976371207983180,2026-09-18T15:52:55.000Z,en,1,0
handoff,https://x.com/i/status/2100976252609765385,2026-09-18T15:52:27.000Z,en,1,0
handoff,https://x.com/i/status/2100976031100186933,2026-09-18T15:51:34.000Z,en,38,0
handoff,https://x.com/i/status/2100975998309216443,2026-09-18T15:51:26.000Z,en,2,0
handoff,https://x.com/i/status/2100975543156134033,2026-09-18T15:49:38.000Z,en,3,1
handoff,https://x.com/i/status/2100975481315029098,2026-09-18T15:49:23.000Z,en,0,0
handoff,https://x.com/i/status/2100973772576833814,2026-09-18T15:42:36.000Z,en,0,0
weather,https://x.com/i/status/2101110742514897178,2026-09-19T00:46:52.000Z,en,0,0
weather,https://x.com/i/status/2101098353413013623,2026-09-18T23:57:38.000Z,en,1,0
weather,https://x.com/i/status/2101093686910357792,2026-09-18T23:39:06.000Z,en,1,0
weather,https://x.com/i/status/2101092520276930988,2026-09-18T23:34:27.000Z,en,0,0
weather,https://x.com/i/status/2101084485827633248,2026-09-18T23:02:32.000Z,en,0,0
weather,https://x.com/i/status/2101083346273231236,2026-09-18T22:58:00.000Z,en,1,1
weather,https://x.com/i/status/2101081396362293569,2026-09-18T22:50:15.000Z,en,1,0
weather,https://x.com/i/status/2101080220933431335,2026-09-18T22:45:35.000Z,en,0,0
weather,https://x.com/i/status/2101071759382556975,2026-09-18T22:11:58.000Z,en,0,0
weather,https://x.com/i/status/2101070949315674445,2026-09-18T22:08:44.000Z,en,2,0
weather,https://x.com/i/status/2101067743537819712,2026-09-18T21:56:00.000Z,en,0,0
weather,https://x.com/i/status/2101061303532236806,2026-09-18T21:30:25.000Z,en,0,0
weather,https://x.com/i/status/2101054153883849043,2026-09-18T21:02:00.000Z,en,1,0
weather,https://x.com/i/status/2101028588199854246,2026-09-18T19:20:25.000Z,en,0,0
weather,https://x.com/i/status/2101023200150995097,2026-09-18T18:59:00.000Z,en,1,1
weather,https://x.com/i/status/2101021654725906598,2026-09-18T18:52:52.000Z,en,0,0
weather,https://x.com/i/status/2101020879971127804,2026-09-18T18:49:47.000Z,en,0,0
weather,https://x.com/i/status/2101020159435591922,2026-09-18T18:46:55.000Z,en,0,0
weather,https://x.com/i/status/2101014013509529925,2026-09-18T18:22:30.000Z,en,1,0
weather,https://x.com/i/status/2101012999666331990,2026-09-18T18:18:28.000Z,en,65,8
weather,https://x.com/i/status/2101010693462139345,2026-09-18T18:09:18.000Z,zxx,0,0
weather,https://x.com/i/status/2101007270561607965,2026-09-18T17:55:42.000Z,en,0,0
weather,https://x.com/i/status/2101006141987954801,2026-09-18T17:51:13.000Z,en,0,0
weather,https://x.com/i/status/2101006095632502881,2026-09-18T17:51:02.000Z,en,1,0
weather,https://x.com/i/status/2100999152813453317,2026-09-18T17:23:27.000Z,en,2,1
weather,https://x.com/i/status/2100998663229083760,2026-09-18T17:21:30.000Z,en,0,0
weather,https://x.com/i/status/2100997665907409046,2026-09-18T17:17:32.000Z,en,1,1
weather,https://x.com/i/status/2100994062329278593,2026-09-18T17:03:13.000Z,en,0,0
weather,https://x.com/i/status/2100990646634901532,2026-09-18T16:49:39.000Z,zxx,7,0
weather,https://x.com/i/status/2100987403473240430,2026-09-18T16:36:46.000Z,en,0,0
weather,https://x.com/i/status/2100987175080771979,2026-09-18T16:35:51.000Z,en,0,0
weather,https://x.com/i/status/2100983088335454289,2026-09-18T16:19:37.000Z,en,1,0
weather,https://x.com/i/status/2100979764601500148,2026-09-18T16:06:24.000Z,en,0,0
weather,https://x.com/i/status/2100974011597607038,2026-09-18T15:43:33.000Z,en,4,0
weather,https://x.com/i/status/2100973876612128881,2026-09-18T15:43:01.000Z,en,0,0
weather,https://x.com/i/status/2100970574634008944,2026-09-18T15:29:53.000Z,en,0,0
weather,https://x.com/i/status/2100963831363088681,2026-09-18T15:03:06.000Z,en,0,0
weather,https://x.com/i/status/2100962991550116202,2026-09-18T14:59:45.000Z,en,0,0
weather,https://x.com/i/status/2100962926064447527,2026-09-18T14:59:30.000Z,en,0,0
weather,https://x.com/i/status/2100959399502344276,2026-09-18T14:45:29.000Z,en,0,0
weather,https://x.com/i/status/2100956288305762355,2026-09-18T14:33:07.000Z,en,54,0
weather,https://x.com/i/status/2100949282568183876,2026-09-18T14:05:17.000Z,en,0,0
weather,https://x.com/i/status/2100949276893311194,2026-09-18T14:05:16.000Z,en,0,0
weather,https://x.com/i/status/2100948529996816547,2026-09-18T14:02:17.000Z,en,16,0
weather,https://x.com/i/status/2100947953083175137,2026-09-18T14:00:00.000Z,en,0,0
weather,https://x.com/i/status/2100943247287751025,2026-09-18T13:41:18.000Z,en,0,0
weather,https://x.com/i/status/2100940075718635554,2026-09-18T13:28:42.000Z,en,29,4
weather,https://x.com/i/status/2100936671147462703,2026-09-18T13:15:10.000Z,en,1,1
weather,https://x.com/i/status/2100934198143930868,2026-09-18T13:05:20.000Z,en,2,0
weather,https://x.com/i/status/2100930142545608800,2026-09-18T12:49:14.000Z,en,2,0
weather,https://x.com/i/status/2100927447969759640,2026-09-18T12:38:31.000Z,zxx,4,2
weather,https://x.com/i/status/2100924832065950015,2026-09-18T12:28:07.000Z,en,9,0
weather,https://x.com/i/status/2100922635722825978,2026-09-18T12:19:24.000Z,en,0,0
weather,https://x.com/i/status/2100919437712892023,2026-09-18T12:06:41.000Z,en,0,0
weather,https://x.com/i/status/2100916236322251249,2026-09-18T11:53:58.000Z,en,2,0
weather,https://x.com/i/status/2100914489143226536,2026-09-18T11:47:01.000Z,en,9,0
weather,https://x.com/i/status/2100912811631313044,2026-09-18T11:40:22.000Z,zxx,0,0
weather,https://x.com/i/status/2100912303377875050,2026-09-18T11:38:20.000Z,en,47,3
weather,https://x.com/i/status/2100912272633627099,2026-09-18T11:38:13.000Z,en,1,0
weather,https://x.com/i/status/2100909434171986076,2026-09-18T11:26:56.000Z,en,2,0
weather,https://x.com/i/status/2100908113603817863,2026-09-18T11:21:41.000Z,en,2,0
weather,https://x.com/i/status/2100907388291211512,2026-09-18T11:18:48.000Z,en,1,0
weather,https://x.com/i/status/2100905663270363482,2026-09-18T11:11:57.000Z,en,2,0
weather,https://x.com/i/status/2100900278090482170,2026-09-18T10:50:33.000Z,en,1,0
weather,https://x.com/i/status/2100898022452342958,2026-09-18T10:41:36.000Z,en,0,0
weather,https://x.com/i/status/2100897164318679089,2026-09-18T10:38:11.000Z,en,3,0
weather,https://x.com/i/status/2100895995638723055,2026-09-18T10:33:32.000Z,en,0,0
weather,https://x.com/i/status/2100893644311986295,2026-09-18T10:24:12.000Z,en,2,0
weather,https://x.com/i/status/2100885979162652693,2026-09-18T09:53:44.000Z,en,1,0
weather,https://x.com/i/status/2100885881653440711,2026-09-18T09:53:21.000Z,en,42,7
weather,https://x.com/i/status/2100879058938552764,2026-09-18T09:26:14.000Z,en,0,0
weather,https://x.com/i/status/2100875311730618540,2026-09-18T09:11:21.000Z,en,0,0
weather,https://x.com/i/status/2100874319144329701,2026-09-18T09:07:24.000Z,en,2,2
weather,https://x.com/i/status/2100871654717239357,2026-09-18T08:56:49.000Z,en,6,1
weather,https://x.com/i/status/2100867102986920304,2026-09-18T08:38:44.000Z,en,0,0
weather,https://x.com/i/status/2100866548986748998,2026-09-18T08:36:32.000Z,en,0,0
weather,https://x.com/i/status/2100863852900434408,2026-09-18T08:25:49.000Z,en,0,0
weather,https://x.com/i/status/2100862404284276795,2026-09-18T08:20:03.000Z,en,4,1
weather,https://x.com/i/status/2100854879246020615,2026-09-18T07:50:09.000Z,en,0,0
weather,https://x.com/i/status/2100849190586724528,2026-09-18T07:27:33.000Z,en,0,0
weather,https://x.com/i/status/2100844354588057733,2026-09-18T07:08:20.000Z,en,0,0
weather,https://x.com/i/status/2100829020166189222,2026-09-18T06:07:24.000Z,en,0,0
weather,https://x.com/i/status/2100815879428591984,2026-09-18T05:15:11.000Z,en,0,0
weather,https://x.com/i/status/2100814040230453320,2026-09-18T05:07:53.000Z,en,0,0
weather,https://x.com/i/status/2100793475461456339,2026-09-18T03:46:10.000Z,en,0,0
weather,https://x.com/i/status/2100789675157762509,2026-09-18T03:31:03.000Z,en,0,0
weather,https://x.com/i/status/2100789660041740685,2026-09-18T03:31:00.000Z,en,25,3
weather,https://x.com/i/status/2100788396276797525,2026-09-18T03:25:59.000Z,zxx,2,0
weather,https://x.com/i/status/2100783530842468369,2026-09-18T03:06:39.000Z,zxx,4,1
weather,https://x.com/i/status/2100773603763462492,2026-09-18T02:27:12.000Z,en,1,1
weather,https://x.com/i/status/2100772790466982176,2026-09-18T02:23:58.000Z,en,0,0
weather,https://x.com/i/status/2100767742551028117,2026-09-18T02:03:54.000Z,zxx,2,1
weather,https://x.com/i/status/2100765578860642710,2026-09-18T01:55:18.000Z,en,1,0
weather,https://x.com/i/status/2100747503364710909,2026-09-18T00:43:29.000Z,en,2,0
weather,https://x.com/i/status/2100745757385015670,2026-09-18T00:36:33.000Z,en,0,0
weather,https://x.com/i/status/2100736990836887677,2026-09-18T00:01:43.000Z,en,0,0
weather,https://x.com/i/status/2100734886701068788,2026-09-17T23:53:21.000Z,en,0,0
weather,https://x.com/i/status/2100721105539662084,2026-09-17T22:58:35.000Z,en,1,0
weather,https://x.com/i/status/2100715674171523283,2026-09-17T22:37:00.000Z,en,0,0
weather,https://x.com/i/status/2100714696437612899,2026-09-17T22:33:07.000Z,en,0,0
triage,https://x.com/i/status/2101107229344866746,2026-09-19T00:32:54.000Z,en,0,0
triage,https://x.com/i/status/2101103649766383775,2026-09-19T00:18:41.000Z,en,1,0
triage,https://x.com/i/status/2101099848350974287,2026-09-19T00:03:35.000Z,ja,0,0
triage,https://x.com/i/status/2101096864850342181,2026-09-18T23:51:43.000Z,en,1,0
triage,https://x.com/i/status/2101095569384935583,2026-09-18T23:46:34.000Z,en,0,0
triage,https://x.com/i/status/2101093182868238650,2026-09-18T23:37:05.000Z,zxx,0,0
triage,https://x.com/i/status/2101092026389594378,2026-09-18T23:32:30.000Z,en,0,0
triage,https://x.com/i/status/2101088933178474953,2026-09-18T23:20:12.000Z,pl,7,1
triage,https://x.com/i/status/2101087792902111423,2026-09-18T23:15:40.000Z,en,0,0
triage,https://x.com/i/status/2101083317919445227,2026-09-18T22:57:53.000Z,en,0,0
triage,https://x.com/i/status/2101078095033720879,2026-09-18T22:37:08.000Z,en,1,0
triage,https://x.com/i/status/2101074882905641242,2026-09-18T22:24:22.000Z,en,1,0
triage,https://x.com/i/status/2101074434308419766,2026-09-18T22:22:35.000Z,en,5,0
triage,https://x.com/i/status/2101064636422410495,2026-09-18T21:43:39.000Z,en,0,0
triage,https://x.com/i/status/2101056983646519410,2026-09-18T21:13:15.000Z,es,0,0
triage,https://x.com/i/status/2101054358167396675,2026-09-18T21:02:49.000Z,en,1,1
triage,https://x.com/i/status/2101053647543046262,2026-09-18T20:59:59.000Z,en,0,0
triage,https://x.com/i/status/2101048365761077504,2026-09-18T20:39:00.000Z,en,2,0
triage,https://x.com/i/status/2101042213216030954,2026-09-18T20:14:33.000Z,en,8,1
triage,https://x.com/i/status/2101038356935159946,2026-09-18T19:59:14.000Z,en,4,1
triage,https://x.com/i/status/2101038015854313868,2026-09-18T19:57:53.000Z,en,5,0
triage,https://x.com/i/status/2101037201874116814,2026-09-18T19:54:38.000Z,en,5,0
triage,https://x.com/i/status/2101033066831691888,2026-09-18T19:38:13.000Z,en,0,0
triage,https://x.com/i/status/2101032590283350326,2026-09-18T19:36:19.000Z,zxx,2,0
triage,https://x.com/i/status/2101030013772423501,2026-09-18T19:26:05.000Z,en,0,0
triage,https://x.com/i/status/2101029313906987422,2026-09-18T19:23:18.000Z,zxx,40,3
triage,https://x.com/i/status/2101019382009004249,2026-09-18T18:43:50.000Z,zxx,72,3
triage,https://x.com/i/status/2101016761311129686,2026-09-18T18:33:25.000Z,en,0,0
triage,https://x.com/i/status/2101014949858246679,2026-09-18T18:26:13.000Z,en,5,0
triage,https://x.com/i/status/2101011531949277500,2026-09-18T18:12:38.000Z,en,0,1
triage,https://x.com/i/status/2101011184589644025,2026-09-18T18:11:15.000Z,en,1,0
triage,https://x.com/i/status/2101008794184528304,2026-09-18T18:01:46.000Z,en,5,0
triage,https://x.com/i/status/2101008423521341896,2026-09-18T18:00:17.000Z,en,1,0
triage,https://x.com/i/status/2101007482919227841,2026-09-18T17:56:33.000Z,zxx,87,3
triage,https://x.com/i/status/2101005708695085146,2026-09-18T17:49:30.000Z,en,0,0
triage,https://x.com/i/status/2101005425197895927,2026-09-18T17:48:22.000Z,en,0,0
triage,https://x.com/i/status/2101003534917419275,2026-09-18T17:40:52.000Z,en,0,0
triage,https://x.com/i/status/2101000577987793307,2026-09-18T17:29:07.000Z,en,1,0
triage,https://x.com/i/status/2100997237006606431,2026-09-18T17:15:50.000Z,en,2,2
triage,https://x.com/i/status/2100988961669738999,2026-09-18T16:42:57.000Z,en,64,6
triage,https://x.com/i/status/2100985899332804947,2026-09-18T16:30:47.000Z,en,1,0
triage,https://x.com/i/status/2100984487802708306,2026-09-18T16:25:10.000Z,en,500,59
triage,https://x.com/i/status/2100979016622604619,2026-09-18T16:03:26.000Z,en,2,0
triage,https://x.com/i/status/2100978237547458936,2026-09-18T16:00:20.000Z,zxx,42,3
triage,https://x.com/i/status/2100962316061958618,2026-09-18T14:57:04.000Z,en,2,1
triage,https://x.com/i/status/2100962015753703621,2026-09-18T14:55:53.000Z,en,2,0
triage,https://x.com/i/status/2100953739054207343,2026-09-18T14:22:59.000Z,en,0,0
triage,https://x.com/i/status/2100952558902575347,2026-09-18T14:18:18.000Z,en,3,1
triage,https://x.com/i/status/2100948116249743647,2026-09-18T14:00:39.000Z,en,3,0
triage,https://x.com/i/status/2100942135960711529,2026-09-18T13:36:53.000Z,en,0,0
triage,https://x.com/i/status/2100936951939375252,2026-09-18T13:16:17.000Z,en,0,0
triage,https://x.com/i/status/2100935180651270152,2026-09-18T13:09:15.000Z,en,0,0
triage,https://x.com/i/status/2100934856364707846,2026-09-18T13:07:57.000Z,th,0,0
triage,https://x.com/i/status/2100926443081347547,2026-09-18T12:34:32.000Z,en,1,0
triage,https://x.com/i/status/2100925576332849345,2026-09-18T12:31:05.000Z,en,0,0
triage,https://x.com/i/status/2100925069765534024,2026-09-18T12:29:04.000Z,zxx,267,18
triage,https://x.com/i/status/2100924756685951474,2026-09-18T12:27:49.000Z,en,0,0
triage,https://x.com/i/status/2100922162635059437,2026-09-18T12:17:31.000Z,en,27,0
triage,https://x.com/i/status/2100915166699475384,2026-09-18T11:49:43.000Z,en,5,0
triage,https://x.com/i/status/2100914317973491952,2026-09-18T11:46:21.000Z,en,0,0
triage,https://x.com/i/status/2100912859500761280,2026-09-18T11:40:33.000Z,en,1,0
triage,https://x.com/i/status/2100910320852361283,2026-09-18T11:30:28.000Z,en,1,0
triage,https://x.com/i/status/2100908382823583850,2026-09-18T11:22:46.000Z,en,0,0
triage,https://x.com/i/status/2100908113603817863,2026-09-18T11:21:41.000Z,en,2,0
triage,https://x.com/i/status/2100905871253598659,2026-09-18T11:12:47.000Z,zxx,1,0
triage,https://x.com/i/status/2100898939545538659,2026-09-18T10:45:14.000Z,en,4,0
triage,https://x.com/i/status/2100897666310001046,2026-09-18T10:40:11.000Z,en,0,0
triage,https://x.com/i/status/2100892128821801286,2026-09-18T10:18:10.000Z,no,1,0
triage,https://x.com/i/status/2100888191851249761,2026-09-18T10:02:32.000Z,en,3,0
triage,https://x.com/i/status/2100882812832194802,2026-09-18T09:41:09.000Z,en,5,0
triage,https://x.com/i/status/2100882384316998071,2026-09-18T09:39:27.000Z,en,0,0
triage,https://x.com/i/status/2100878319952556202,2026-09-18T09:23:18.000Z,en,0,0
triage,https://x.com/i/status/2100873498633932908,2026-09-18T09:04:09.000Z,zh,0,0
triage,https://x.com/i/status/2100871712560844831,2026-09-18T08:57:03.000Z,zxx,1,0
triage,https://x.com/i/status/2100867643377078436,2026-09-18T08:40:53.000Z,en,5,2
triage,https://x.com/i/status/2100856657907482894,2026-09-18T07:57:13.000Z,en,0,0
triage,https://x.com/i/status/2100844082591408444,2026-09-18T07:07:15.000Z,en,1,0
triage,https://x.com/i/status/2100843373645242387,2026-09-18T07:04:26.000Z,zxx,0,0
triage,https://x.com/i/status/2100842059103965596,2026-09-18T06:59:13.000Z,zxx,0,0
triage,https://x.com/i/status/2100839309158895978,2026-09-18T06:48:17.000Z,en,1,0
triage,https://x.com/i/status/2100835252331856276,2026-09-18T06:32:10.000Z,en,3,0
triage,https://x.com/i/status/2100833489650393320,2026-09-18T06:25:10.000Z,en,1,0
triage,https://x.com/i/status/2100832839927578631,2026-09-18T06:22:35.000Z,en,0,1
triage,https://x.com/i/status/2100822413655281838,2026-09-18T05:41:09.000Z,en,1,0
triage,https://x.com/i/status/2100820622058152329,2026-09-18T05:34:02.000Z,en,0,0
triage,https://x.com/i/status/2100820608225276375,2026-09-18T05:33:59.000Z,en,0,0
triage,https://x.com/i/status/2100800100981198865,2026-09-18T04:12:29.000Z,en,1,0
triage,https://x.com/i/status/2100794681420308728,2026-09-18T03:50:57.000Z,en,2,0
triage,https://x.com/i/status/2100793414157791423,2026-09-18T03:45:55.000Z,zxx,0,0
triage,https://x.com/i/status/2100788572316139655,2026-09-18T03:26:41.000Z,en,378,33
triage,https://x.com/i/status/2100784142850097482,2026-09-18T03:09:04.000Z,zxx,1057,68
triage,https://x.com/i/status/2100769182098808846,2026-09-18T02:09:38.000Z,en,16,2
triage,https://x.com/i/status/2100765249473585196,2026-09-18T01:54:00.000Z,en,5,1
triage,https://x.com/i/status/2100757797335966104,2026-09-18T01:24:23.000Z,en,0,0
triage,https://x.com/i/status/2100754364545761643,2026-09-18T01:10:45.000Z,zxx,2642,263
triage,https://x.com/i/status/2100746915898110023,2026-09-18T00:41:09.000Z,zxx,1,0
triage,https://x.com/i/status/2100744043256844599,2026-09-18T00:29:44.000Z,zxx,0,0
triage,https://x.com/i/status/2100736353616966023,2026-09-17T23:59:11.000Z,zxx,0,0
triage,https://x.com/i/status/2100734760863818140,2026-09-17T23:52:51.000Z,zxx,1,0
triage,https://x.com/i/status/2100734410576502970,2026-09-17T23:51:27.000Z,en,0,0
multi-search-engine,https://x.com/i/status/2099667663341682771,2026-09-15T01:12:35.000Z,en,8,0
multi-search-engine,https://x.com/i/status/2099407403557306402,2026-09-14T07:58:24.000Z,en,11,1
prototype,https://x.com/i/status/2101102203251441666,2026-09-19T00:12:56.000Z,en,1,0
prototype,https://x.com/i/status/2101097977624645707,2026-09-18T23:56:09.000Z,en,0,0
prototype,https://x.com/i/status/2101093110805618852,2026-09-18T23:36:48.000Z,zxx,3,0
prototype,https://x.com/i/status/2101092930781942225,2026-09-18T23:36:05.000Z,en,1,0
prototype,https://x.com/i/status/2101079535101866495,2026-09-18T22:42:51.000Z,en,275,16
prototype,https://x.com/i/status/2101059983093969336,2026-09-18T21:25:10.000Z,en,8,0
prototype,https://x.com/i/status/2101058585887441368,2026-09-18T21:19:37.000Z,en,3,1
prototype,https://x.com/i/status/2101056386113093996,2026-09-18T21:10:52.000Z,en,0,0
prototype,https://x.com/i/status/2101046673283915813,2026-09-18T20:32:17.000Z,en,1,0
prototype,https://x.com/i/status/2101042750602801455,2026-09-18T20:16:41.000Z,en,4,0
prototype,https://x.com/i/status/2101025553713119673,2026-09-18T19:08:21.000Z,en,10,0
prototype,https://x.com/i/status/2101021800478261389,2026-09-18T18:53:26.000Z,en,0,0
prototype,https://x.com/i/status/2101016645653119487,2026-09-18T18:32:57.000Z,en,0,0
prototype,https://x.com/i/status/2101015583139758138,2026-09-18T18:28:44.000Z,en,1,0
prototype,https://x.com/i/status/2101010611240919121,2026-09-18T18:08:59.000Z,en,0,0
prototype,https://x.com/i/status/2101010364116701431,2026-09-18T18:08:00.000Z,en,2,1
prototype,https://x.com/i/status/2101007417022763490,2026-09-18T17:56:17.000Z,zxx,0,0
prototype,https://x.com/i/status/2101004995705368705,2026-09-18T17:46:40.000Z,en,0,0
prototype,https://x.com/i/status/2100998821920596165,2026-09-18T17:22:08.000Z,en,0,0
prototype,https://x.com/i/status/2100998646158196793,2026-09-18T17:21:26.000Z,en,0,0
prototype,https://x.com/i/status/2100995692747465052,2026-09-18T17:09:42.000Z,en,5,0
prototype,https://x.com/i/status/2100986627581514063,2026-09-18T16:33:41.000Z,en,0,0
prototype,https://x.com/i/status/2100984419628834899,2026-09-18T16:24:54.000Z,ja,15,5
prototype,https://x.com/i/status/2100978336021590092,2026-09-18T16:00:44.000Z,zxx,3,1
prototype,https://x.com/i/status/2100976129146253739,2026-09-18T15:51:58.000Z,en,1,0
prototype,https://x.com/i/status/2100975904633540905,2026-09-18T15:51:04.000Z,en,1,0
prototype,https://x.com/i/status/2100974496173756490,2026-09-18T15:45:28.000Z,en,0,0
prototype,https://x.com/i/status/2100973647003320571,2026-09-18T15:42:06.000Z,en,1,0
prototype,https://x.com/i/status/2100971616864018542,2026-09-18T15:34:02.000Z,en,29,4
prototype,https://x.com/i/status/2100969037572235695,2026-09-18T15:23:47.000Z,en,2,0
prototype,https://x.com/i/status/2100963285185220746,2026-09-18T15:00:55.000Z,en,17,4
prototype,https://x.com/i/status/2100962015753703621,2026-09-18T14:55:53.000Z,en,2,0
prototype,https://x.com/i/status/2100955719927308510,2026-09-18T14:30:52.000Z,en,2,0
prototype,https://x.com/i/status/2100953630669193387,2026-09-18T14:22:34.000Z,en,0,0
prototype,https://x.com/i/status/2100952715274670539,2026-09-18T14:18:55.000Z,en,3,0
prototype,https://x.com/i/status/2100952255252005060,2026-09-18T14:17:06.000Z,en,0,0
prototype,https://x.com/i/status/2100945418221769097,2026-09-18T13:49:56.000Z,en,78,20
prototype,https://x.com/i/status/2100941650012840147,2026-09-18T13:34:57.000Z,en,0,0
prototype,https://x.com/i/status/2100936910474527043,2026-09-18T13:16:07.000Z,zxx,10,5
prototype,https://x.com/i/status/2100936855986508087,2026-09-18T13:15:54.000Z,zxx,1,0
prototype,https://x.com/i/status/2100934982348775733,2026-09-18T13:08:27.000Z,zxx,0,0
prototype,https://x.com/i/status/2100933581845446841,2026-09-18T13:02:54.000Z,en,5,0
prototype,https://x.com/i/status/2100931311049560469,2026-09-18T12:53:52.000Z,en,0,0
prototype,https://x.com/i/status/2100930273340698812,2026-09-18T12:49:45.000Z,en,1,0
prototype,https://x.com/i/status/2100925597513924696,2026-09-18T12:31:10.000Z,en,1,0
prototype,https://x.com/i/status/2100917341362045230,2026-09-18T11:58:21.000Z,en,3,0
prototype,https://x.com/i/status/2100916143942754487,2026-09-18T11:53:36.000Z,en,0,0
prototype,https://x.com/i/status/2100910960647319963,2026-09-18T11:33:00.000Z,th,41,31
prototype,https://x.com/i/status/2100910187359969398,2026-09-18T11:29:56.000Z,en,4,0
prototype,https://x.com/i/status/2100908656317403583,2026-09-18T11:23:51.000Z,en,2,0
prototype,https://x.com/i/status/2100908640324501679,2026-09-18T11:23:47.000Z,en,0,0
prototype,https://x.com/i/status/2100903961238847627,2026-09-18T11:05:11.000Z,en,0,0
prototype,https://x.com/i/status/2100902916332601361,2026-09-18T11:01:02.000Z,en,1,0
prototype,https://x.com/i/status/2100902709813481679,2026-09-18T11:00:13.000Z,en,2,0
prototype,https://x.com/i/status/2100901338783621352,2026-09-18T10:54:46.000Z,en,0,0
prototype,https://x.com/i/status/2100899368031121655,2026-09-18T10:46:56.000Z,zxx,4,0
prototype,https://x.com/i/status/2100899091882316173,2026-09-18T10:45:50.000Z,en,0,0
prototype,https://x.com/i/status/2100897868970364956,2026-09-18T10:40:59.000Z,en,2,0
prototype,https://x.com/i/status/2100894074752426256,2026-09-18T10:25:54.000Z,en,3,1
prototype,https://x.com/i/status/2100893229235478874,2026-09-18T10:22:33.000Z,en,0,0
prototype,https://x.com/i/status/2100887403502412134,2026-09-18T09:59:24.000Z,en,4,0
prototype,https://x.com/i/status/2100882273209917867,2026-09-18T09:39:01.000Z,en,0,0
prototype,https://x.com/i/status/2100881030391398844,2026-09-18T09:34:04.000Z,en,2,0
prototype,https://x.com/i/status/2100880718532604004,2026-09-18T09:32:50.000Z,en,0,0
prototype,https://x.com/i/status/2100871892164849708,2026-09-18T08:57:46.000Z,en,37,11
prototype,https://x.com/i/status/2100871444041531634,2026-09-18T08:55:59.000Z,en,1,0
prototype,https://x.com/i/status/2100870569357177304,2026-09-18T08:52:30.000Z,en,1,0
prototype,https://x.com/i/status/2100869654629527649,2026-09-18T08:48:52.000Z,en,0,0
prototype,https://x.com/i/status/2100869017347252292,2026-09-18T08:46:20.000Z,en,0,0
prototype,https://x.com/i/status/2100866158769348761,2026-09-18T08:34:59.000Z,ro,2,0
prototype,https://x.com/i/status/2100863917136421135,2026-09-18T08:26:04.000Z,zxx,1,1
prototype,https://x.com/i/status/2100862860893303291,2026-09-18T08:21:52.000Z,en,2,0
prototype,https://x.com/i/status/2100862124633231494,2026-09-18T08:18:57.000Z,en,0,0
prototype,https://x.com/i/status/2100851751368699920,2026-09-18T07:37:44.000Z,en,1,0
prototype,https://x.com/i/status/2100849715508088905,2026-09-18T07:29:38.000Z,en,1,0
prototype,https://x.com/i/status/2100846816178970939,2026-09-18T07:18:07.000Z,zxx,2,0
prototype,https://x.com/i/status/2100843971715178908,2026-09-18T07:06:49.000Z,zxx,2,0
prototype,https://x.com/i/status/2100832503053389827,2026-09-18T06:21:14.000Z,en,0,0
prototype,https://x.com/i/status/2100830943778894089,2026-09-18T06:15:03.000Z,en,1,0
prototype,https://x.com/i/status/2100827166803902587,2026-09-18T06:00:02.000Z,en,1,0
prototype,https://x.com/i/status/2100827147384561982,2026-09-18T05:59:58.000Z,en,0,0
prototype,https://x.com/i/status/2100826967750951085,2026-09-18T05:59:15.000Z,en,0,0
prototype,https://x.com/i/status/2100826654629372139,2026-09-18T05:58:00.000Z,en,1,0
prototype,https://x.com/i/status/2100826526749184454,2026-09-18T05:57:30.000Z,en,0,0
prototype,https://x.com/i/status/2100815445850751098,2026-09-18T05:13:28.000Z,zh,1,0
prototype,https://x.com/i/status/2100812093687488674,2026-09-18T05:00:08.000Z,en,0,0
prototype,https://x.com/i/status/2100805826856554897,2026-09-18T04:35:14.000Z,en,0,0
prototype,https://x.com/i/status/2100805538871120082,2026-09-18T04:34:06.000Z,en,1,0
prototype,https://x.com/i/status/2100799877634568433,2026-09-18T04:11:36.000Z,en,1,0
prototype,https://x.com/i/status/2100793900726431892,2026-09-18T03:47:51.000Z,en,8,0
prototype,https://x.com/i/status/2100784635806728616,2026-09-18T03:11:02.000Z,en,65,2
prototype,https://x.com/i/status/2100780595949265072,2026-09-18T02:54:59.000Z,zxx,1,0
prototype,https://x.com/i/status/2100779276693839883,2026-09-18T02:49:44.000Z,en,0,0
prototype,https://x.com/i/status/2100775495524884870,2026-09-18T02:34:43.000Z,en,0,0
prototype,https://x.com/i/status/2100774831130337540,2026-09-18T02:32:04.000Z,zxx,1,0
prototype,https://x.com/i/status/2100771436801519839,2026-09-18T02:18:35.000Z,zxx,2,0
prototype,https://x.com/i/status/2100767742551028117,2026-09-18T02:03:54.000Z,zxx,2,1
prototype,https://x.com/i/status/2100763376892723645,2026-09-18T01:46:34.000Z,en,1,0
prototype,https://x.com/i/status/2100761561304383917,2026-09-18T01:39:21.000Z,en,50,6
prototype,https://x.com/i/status/2100757953057788313,2026-09-18T01:25:00.000Z,en,1,0
grilling,https://x.com/i/status/2101045782132727970,2026-09-18T20:28:44.000Z,en,0,0
grilling,https://x.com/i/status/2100974790995509449,2026-09-18T15:46:39.000Z,en,1,0
grilling,https://x.com/i/status/2100967562783883562,2026-09-18T15:17:55.000Z,en,3,0
grilling,https://x.com/i/status/2100914317973491952,2026-09-18T11:46:21.000Z,en,0,0
grilling,https://x.com/i/status/2100743493295743359,2026-09-18T00:27:33.000Z,en,3,0
grilling,https://x.com/i/status/2100643511691596212,2026-09-17T17:50:15.000Z,ja,1,0
grilling,https://x.com/i/status/2100638599570239609,2026-09-17T17:30:44.000Z,en,1,0
grilling,https://x.com/i/status/2100525094770475154,2026-09-17T09:59:43.000Z,en,0,0
grilling,https://x.com/i/status/2100478002098561087,2026-09-17T06:52:35.000Z,ja,7,1
grilling,https://x.com/i/status/2100281747862614192,2026-09-16T17:52:44.000Z,en,0,0
grilling,https://x.com/i/status/2100255996744540538,2026-09-16T16:10:25.000Z,en,0,1
grilling,https://x.com/i/status/2100103275911536788,2026-09-16T06:03:33.000Z,en,1,0
grilling,https://x.com/i/status/2100032127383597112,2026-09-16T01:20:50.000Z,en,1,0
grilling,https://x.com/i/status/2099989830553702761,2026-09-15T22:32:46.000Z,en,5,0
grilling,https://x.com/i/status/2099979025557151872,2026-09-15T21:49:50.000Z,ja,0,0
grilling,https://x.com/i/status/2099911500156547118,2026-09-15T17:21:30.000Z,en,0,0
grilling,https://x.com/i/status/2099910982508097948,2026-09-15T17:19:27.000Z,en,0,0
grilling,https://x.com/i/status/2099626912083595623,2026-09-14T22:30:39.000Z,en,11,0
grilling,https://x.com/i/status/2099468743386779870,2026-09-14T12:02:09.000Z,ja,1,0
grilling,https://x.com/i/status/2099409274204020996,2026-09-14T08:05:50.000Z,en,0,0
grilling,https://x.com/i/status/2099324897474367832,2026-09-14T02:30:33.000Z,zxx,0,0
grilling,https://x.com/i/status/2099292479136694437,2026-09-14T00:21:44.000Z,en,0,0
grilling,https://x.com/i/status/2099282178865877336,2026-09-13T23:40:48.000Z,zxx,2,0
grilling,https://x.com/i/status/2099138352486256865,2026-09-13T14:09:17.000Z,en,0,0
grilling,https://x.com/i/status/2098827151390749087,2026-09-12T17:32:41.000Z,en,0,0
grilling,https://x.com/i/status/2098764176843825442,2026-09-12T13:22:27.000Z,en,1,0
vercel-react-best-practices,https://x.com/i/status/2100270859122315500,2026-09-16T17:09:28.000Z,und,0,0
vercel-react-best-practices,https://x.com/i/status/2099889692804022620,2026-09-15T15:54:51.000Z,en,8,0
vercel-react-best-practices,https://x.com/i/status/2099831924298502616,2026-09-15T12:05:18.000Z,en,5,2
vercel-react-best-practices,https://x.com/i/status/2099809232979951664,2026-09-15T10:35:08.000Z,en,0,0
vercel-react-best-practices,https://x.com/i/status/2099779059572244632,2026-09-15T08:35:14.000Z,en,0,0
vercel-react-best-practices,https://x.com/i/status/2099752946858639609,2026-09-15T06:51:28.000Z,en,119,16
vercel-react-best-practices,https://x.com/i/status/2099589086595964965,2026-09-14T20:00:21.000Z,en,739,141
vercel-react-best-practices,https://x.com/i/status/2099521236367745346,2026-09-14T15:30:44.000Z,en,2,0
humanizer,https://x.com/i/status/2101100389894664366,2026-09-19T00:05:44.000Z,ja,1,0
humanizer,https://x.com/i/status/2101092134526841195,2026-09-18T23:32:55.000Z,en,0,0
humanizer,https://x.com/i/status/2101075984506360224,2026-09-18T22:28:45.000Z,en,0,0
humanizer,https://x.com/i/status/2100988435360026702,2026-09-18T16:40:52.000Z,en,4,1
humanizer,https://x.com/i/status/2100967660703908072,2026-09-18T15:18:19.000Z,en,286,48
humanizer,https://x.com/i/status/2100962889490211213,2026-09-18T14:59:21.000Z,en,2,1
humanizer,https://x.com/i/status/2100946230184411415,2026-09-18T13:53:09.000Z,en,10,4
humanizer,https://x.com/i/status/2100862522698158502,2026-09-18T08:20:32.000Z,zxx,0,0
humanizer,https://x.com/i/status/2100841052982653015,2026-09-18T06:55:13.000Z,en,0,0
humanizer,https://x.com/i/status/2100838927372324936,2026-09-18T06:46:46.000Z,en,0,0
humanizer,https://x.com/i/status/2100809792931471717,2026-09-18T04:51:00.000Z,en,0,0
humanizer,https://x.com/i/status/2100650144362307731,2026-09-17T18:16:37.000Z,ru,0,0
humanizer,https://x.com/i/status/2100647237126599068,2026-09-17T18:05:04.000Z,en,0,0
humanizer,https://x.com/i/status/2100644556723061091,2026-09-17T17:54:25.000Z,en,1,0
humanizer,https://x.com/i/status/2100597923751116829,2026-09-17T14:49:06.000Z,en,0,0
humanizer,https://x.com/i/status/2100545556569625058,2026-09-17T11:21:01.000Z,zh,1,0
humanizer,https://x.com/i/status/2100494221551763632,2026-09-17T07:57:02.000Z,zh,2,0
humanizer,https://x.com/i/status/2100477588434997651,2026-09-17T06:50:56.000Z,en,0,0
humanizer,https://x.com/i/status/2100381965786431929,2026-09-17T00:30:58.000Z,pt,1,0
humanizer,https://x.com/i/status/2100298701642080709,2026-09-16T19:00:06.000Z,en,1,0
humanizer,https://x.com/i/status/2100248047720530396,2026-09-16T15:38:49.000Z,zxx,36,3
humanizer,https://x.com/i/status/2100130929851138188,2026-09-16T07:53:26.000Z,zxx,1,0
humanizer,https://x.com/i/status/2100095830413701445,2026-09-16T05:33:58.000Z,zh,119,21
humanizer,https://x.com/i/status/2100066585352491422,2026-09-16T03:37:45.000Z,zh,1,0
humanizer,https://x.com/i/status/2100066582420713648,2026-09-16T03:37:45.000Z,zh,2,0
humanizer,https://x.com/i/status/2100059855323283878,2026-09-16T03:11:01.000Z,en,11,3
humanizer,https://x.com/i/status/2099990755901338019,2026-09-15T22:36:26.000Z,en,1,0
humanizer,https://x.com/i/status/2099970099851436226,2026-09-15T21:14:22.000Z,zh,439,80
humanizer,https://x.com/i/status/2099951653906686435,2026-09-15T20:01:04.000Z,en,0,0
humanizer,https://x.com/i/status/2099942558440837605,2026-09-15T19:24:55.000Z,en,0,0
humanizer,https://x.com/i/status/2099929225683972134,2026-09-15T18:31:56.000Z,en,173,15
humanizer,https://x.com/i/status/2099921191536411129,2026-09-15T18:00:01.000Z,en,192,16
humanizer,https://x.com/i/status/2099897513633607965,2026-09-15T16:25:56.000Z,zxx,44,7
humanizer,https://x.com/i/status/2099870860299456901,2026-09-15T14:40:01.000Z,zh,1,0
humanizer,https://x.com/i/status/2099814355030483431,2026-09-15T10:55:29.000Z,zh,2,0
humanizer,https://x.com/i/status/2099755128224100486,2026-09-15T07:00:08.000Z,en,0,0
humanizer,https://x.com/i/status/2099668987751911769,2026-09-15T01:17:51.000Z,ja,2,0
humanizer,https://x.com/i/status/2099653064798163037,2026-09-15T00:14:34.000Z,zh,1,0
humanizer,https://x.com/i/status/2099638580331123057,2026-09-14T23:17:01.000Z,zxx,10,0
humanizer,https://x.com/i/status/2099634408609509782,2026-09-14T23:00:26.000Z,zh,3,0
humanizer,https://x.com/i/status/2099634317018509372,2026-09-14T23:00:05.000Z,en,1,0
humanizer,https://x.com/i/status/2099558810801360963,2026-09-14T18:00:03.000Z,en,2,0
humanizer,https://x.com/i/status/2099492116703388142,2026-09-14T13:35:01.000Z,en,0,0
humanizer,https://x.com/i/status/2099479939754164677,2026-09-14T12:46:38.000Z,en,2,0
humanizer,https://x.com/i/status/2099436222250963019,2026-09-14T09:52:55.000Z,en,1,0
humanizer,https://x.com/i/status/2099405033712308654,2026-09-14T07:48:59.000Z,en,0,0
humanizer,https://x.com/i/status/2099395391758213386,2026-09-14T07:10:40.000Z,zh,122,23
humanizer,https://x.com/i/status/2099375468701233239,2026-09-14T05:51:30.000Z,ja,8,2
humanizer,https://x.com/i/status/2099363220700172356,2026-09-14T05:02:50.000Z,ja,3,0
humanizer,https://x.com/i/status/2099341806999925145,2026-09-14T03:37:45.000Z,zh,18,0
humanizer,https://x.com/i/status/2099331299916087530,2026-09-14T02:56:00.000Z,zh,35,3
humanizer,https://x.com/i/status/2099322204353905062,2026-09-14T02:19:51.000Z,zh,17,0
humanizer,https://x.com/i/status/2099212769446801899,2026-09-13T19:05:00.000Z,zh,5,2
humanizer,https://x.com/i/status/2099176748676219275,2026-09-13T16:41:52.000Z,en,0,0
humanizer,https://x.com/i/status/2099157762332594284,2026-09-13T15:26:25.000Z,en,2,0
humanizer,https://x.com/i/status/2098986277051740528,2026-09-13T04:05:00.000Z,zh,8,0
humanizer,https://x.com/i/status/2098820074962313509,2026-09-12T17:04:34.000Z,en,0,0
humanizer,https://x.com/i/status/2098714018642858305,2026-09-12T10:03:08.000Z,en,0,0
humanizer,https://x.com/i/status/2098684564965323168,2026-09-12T08:06:06.000Z,zh,3,0
humanizer,https://x.com/i/status/2098632715415277807,2026-09-12T04:40:04.000Z,en,0,0
humanizer,https://x.com/i/status/2098599477754147204,2026-09-12T02:28:00.000Z,en,6,0
lark-doc,https://x.com/i/status/2099060608570466516,2026-09-13T09:00:22.000Z,ja,5,0
obsidian,https://x.com/i/status/2101111624706957454,2026-09-19T00:50:22.000Z,zh,0,0
obsidian,https://x.com/i/status/2101102051833037064,2026-09-19T00:12:20.000Z,ja,1,0
obsidian,https://x.com/i/status/2101101448754770215,2026-09-19T00:09:56.000Z,en,0,0
obsidian,https://x.com/i/status/2101099199391764597,2026-09-19T00:01:00.000Z,zh,0,0
obsidian,https://x.com/i/status/2101098948966690948,2026-09-19T00:00:00.000Z,en,1,0
obsidian,https://x.com/i/status/2101091250132988248,2026-09-18T23:29:25.000Z,ja,0,0
obsidian,https://x.com/i/status/2101086371595370941,2026-09-18T23:10:01.000Z,ja,3,0
obsidian,https://x.com/i/status/2101085899975168113,2026-09-18T23:08:09.000Z,ja,0,0
obsidian,https://x.com/i/status/2101085609750118530,2026-09-18T23:07:00.000Z,zh,1,0
obsidian,https://x.com/i/status/2101077278096839066,2026-09-18T22:33:53.000Z,ja,2,0
obsidian,https://x.com/i/status/2101064827351506991,2026-09-18T21:44:25.000Z,en,1,0
obsidian,https://x.com/i/status/2101063917959311821,2026-09-18T21:40:48.000Z,en,2,0
obsidian,https://x.com/i/status/2101063833574146434,2026-09-18T21:40:28.000Z,es,0,0
obsidian,https://x.com/i/status/2101061223701971385,2026-09-18T21:30:06.000Z,zxx,14,1
obsidian,https://x.com/i/status/2101058502227800332,2026-09-18T21:19:17.000Z,en,2,0
obsidian,https://x.com/i/status/2101058047854719245,2026-09-18T21:17:29.000Z,zxx,23,3
obsidian,https://x.com/i/status/2101052291281236269,2026-09-18T20:54:36.000Z,en,0,0
obsidian,https://x.com/i/status/2101047735256539307,2026-09-18T20:36:30.000Z,fa,4,0
obsidian,https://x.com/i/status/2101022686096814151,2026-09-18T18:56:58.000Z,en,11,0
obsidian,https://x.com/i/status/2101013280580116776,2026-09-18T18:19:35.000Z,en,0,0
obsidian,https://x.com/i/status/2101010734263988227,2026-09-18T18:09:28.000Z,en,0,0
obsidian,https://x.com/i/status/2101006413854339348,2026-09-18T17:52:18.000Z,ja,1,0
obsidian,https://x.com/i/status/2100990482822140336,2026-09-18T16:49:00.000Z,es,2,0
obsidian,https://x.com/i/status/2100984790459494516,2026-09-18T16:26:23.000Z,zh,1,0
obsidian,https://x.com/i/status/2100980633677746295,2026-09-18T16:09:52.000Z,en,82,10
obsidian,https://x.com/i/status/2100978418477150684,2026-09-18T16:01:03.000Z,en,2,0
obsidian,https://x.com/i/status/2100976279378108452,2026-09-18T15:52:33.000Z,ja,51,0
obsidian,https://x.com/i/status/2100973444783538430,2026-09-18T15:41:18.000Z,en,0,0
obsidian,https://x.com/i/status/2100973334230110671,2026-09-18T15:40:51.000Z,ja,3,0
obsidian,https://x.com/i/status/2100961795250741619,2026-09-18T14:55:00.000Z,en,0,0
obsidian,https://x.com/i/status/2100953291274469766,2026-09-18T14:21:13.000Z,ja,0,0
obsidian,https://x.com/i/status/2100951957682913734,2026-09-18T14:15:55.000Z,en,5,0
obsidian,https://x.com/i/status/2100948453668901073,2026-09-18T14:01:59.000Z,en,0,0
obsidian,https://x.com/i/status/2100947961052340279,2026-09-18T14:00:02.000Z,en,3,0
obsidian,https://x.com/i/status/2100941822059237776,2026-09-18T13:35:38.000Z,ja,0,0
obsidian,https://x.com/i/status/2100937886250217573,2026-09-18T13:20:00.000Z,en,0,0
obsidian,https://x.com/i/status/2100936591908757616,2026-09-18T13:14:51.000Z,en,0,0
obsidian,https://x.com/i/status/2100934715859488880,2026-09-18T13:07:24.000Z,es,1,0
obsidian,https://x.com/i/status/2100931773320630657,2026-09-18T12:55:42.000Z,ja,1,0
obsidian,https://x.com/i/status/2100928071062938069,2026-09-18T12:41:00.000Z,es,2,0
obsidian,https://x.com/i/status/2100927132641992922,2026-09-18T12:37:16.000Z,es,935,122
obsidian,https://x.com/i/status/2100922108981268766,2026-09-18T12:17:18.000Z,en,0,0
obsidian,https://x.com/i/status/2100921644814414166,2026-09-18T12:15:28.000Z,en,0,0
obsidian,https://x.com/i/status/2100917827377192987,2026-09-18T12:00:17.000Z,ja,4,0
obsidian,https://x.com/i/status/2100912721600643453,2026-09-18T11:40:00.000Z,ja,6,0
obsidian,https://x.com/i/status/2100907255688229358,2026-09-18T11:18:17.000Z,en,6,0
obsidian,https://x.com/i/status/2100902768248770591,2026-09-18T11:00:27.000Z,ja,1,0
obsidian,https://x.com/i/status/2100902727622811715,2026-09-18T11:00:17.000Z,ja,1,0
obsidian,https://x.com/i/status/2100902655887573431,2026-09-18T11:00:00.000Z,ja,7,0
obsidian,https://x.com/i/status/2100902151308656902,2026-09-18T10:58:00.000Z,ja,5,0
obsidian,https://x.com/i/status/2100900845340577792,2026-09-18T10:52:49.000Z,en,0,0
obsidian,https://x.com/i/status/2100900658601676904,2026-09-18T10:52:04.000Z,en,0,0
obsidian,https://x.com/i/status/2100892118743196159,2026-09-18T10:18:08.000Z,ja,1,0
obsidian,https://x.com/i/status/2100889927852470552,2026-09-18T10:09:26.000Z,en,0,0
obsidian,https://x.com/i/status/2100867421917819185,2026-09-18T08:40:00.000Z,en,1,0
obsidian,https://x.com/i/status/2100862466481893646,2026-09-18T08:20:18.000Z,ja,0,0
obsidian,https://x.com/i/status/2100861713482662152,2026-09-18T08:17:19.000Z,ja,0,0
obsidian,https://x.com/i/status/2100854550827864281,2026-09-18T07:48:51.000Z,en,3,0
obsidian,https://x.com/i/status/2100854085104898216,2026-09-18T07:47:00.000Z,zxx,12,0
obsidian,https://x.com/i/status/2100852748543787483,2026-09-18T07:41:41.000Z,ja,0,0
obsidian,https://x.com/i/status/2100851793639215276,2026-09-18T07:37:54.000Z,en,2,1
obsidian,https://x.com/i/status/2100850987833631106,2026-09-18T07:34:42.000Z,en,0,0
obsidian,https://x.com/i/status/2100849915501162969,2026-09-18T07:30:26.000Z,en,0,0
obsidian,https://x.com/i/status/2100848173464096949,2026-09-18T07:23:31.000Z,en,1,0
obsidian,https://x.com/i/status/2100847628523372602,2026-09-18T07:21:21.000Z,ja,0,0
obsidian,https://x.com/i/status/2100847077509202413,2026-09-18T07:19:09.000Z,en,3,0
obsidian,https://x.com/i/status/2100845188012814619,2026-09-18T07:11:39.000Z,en,0,0
obsidian,https://x.com/i/status/2100841555053748270,2026-09-18T06:57:13.000Z,zxx,1,0
obsidian,https://x.com/i/status/2100840703521931732,2026-09-18T06:53:50.000Z,en,5,4
obsidian,https://x.com/i/status/2100840080948510861,2026-09-18T06:51:21.000Z,zxx,0,0
obsidian,https://x.com/i/status/2100839865286029461,2026-09-18T06:50:30.000Z,ja,5,1
obsidian,https://x.com/i/status/2100839396551639100,2026-09-18T06:48:38.000Z,en,3,1
obsidian,https://x.com/i/status/2100838670358212695,2026-09-18T06:45:45.000Z,en,0,0
obsidian,https://x.com/i/status/2100834779163775177,2026-09-18T06:30:17.000Z,en,1,0
obsidian,https://x.com/i/status/2100812662611574917,2026-09-18T05:02:24.000Z,vi,1,0
obsidian,https://x.com/i/status/2100812064901988555,2026-09-18T05:00:02.000Z,ja,7,0
obsidian,https://x.com/i/status/2100811955309084978,2026-09-18T04:59:36.000Z,en,1,0
obsidian,https://x.com/i/status/2100803912983035920,2026-09-18T04:27:38.000Z,ja,1,0
obsidian,https://x.com/i/status/2100797216235651541,2026-09-18T04:01:01.000Z,en,0,0
obsidian,https://x.com/i/status/2100790468636250352,2026-09-18T03:34:13.000Z,en,1,0
obsidian,https://x.com/i/status/2100789408840458281,2026-09-18T03:30:00.000Z,zh,2,0
obsidian,https://x.com/i/status/2100785911739175014,2026-09-18T03:16:06.000Z,ja,0,0
obsidian,https://x.com/i/status/2100785699440238875,2026-09-18T03:15:16.000Z,ja,1,0
obsidian,https://x.com/i/status/2100784815708807349,2026-09-18T03:11:45.000Z,en,41,25
obsidian,https://x.com/i/status/2100778244199051769,2026-09-18T02:45:38.000Z,ja,3,0
obsidian,https://x.com/i/status/2100775363622420709,2026-09-18T02:34:11.000Z,ja,0,0
obsidian,https://x.com/i/status/2100770088010055873,2026-09-18T02:13:14.000Z,ja,2,0
obsidian,https://x.com/i/status/2100768451812012165,2026-09-18T02:06:43.000Z,zxx,9,3
obsidian,https://x.com/i/status/2100761725150925280,2026-09-18T01:40:00.000Z,zh,86,10
obsidian,https://x.com/i/status/2100761144529211520,2026-09-18T01:37:41.000Z,ja,0,0
obsidian,https://x.com/i/status/2100757447334043869,2026-09-18T01:23:00.000Z,zh,2,0
obsidian,https://x.com/i/status/2100742851323662587,2026-09-18T00:25:00.000Z,en,0,0
obsidian,https://x.com/i/status/2100738459300155834,2026-09-18T00:07:33.000Z,en,0,0
obsidian,https://x.com/i/status/2100737272719221096,2026-09-18T00:02:50.000Z,en,2,0
obsidian,https://x.com/i/status/2100735056503320960,2026-09-17T23:54:01.000Z,en,1,0
obsidian,https://x.com/i/status/2100730740073955416,2026-09-17T23:36:52.000Z,en,3,0
obsidian,https://x.com/i/status/2100725758771802499,2026-09-17T23:17:05.000Z,en,19,4
obsidian,https://x.com/i/status/2100723716791353703,2026-09-17T23:08:58.000Z,ja,3,0
obsidian,https://x.com/i/status/2100715445267681295,2026-09-17T22:36:06.000Z,en,12,0
obsidian,https://x.com/i/status/2100707314445455569,2026-09-17T22:03:47.000Z,pl,1,0
nano-banana-pro,https://x.com/i/status/2101011013109723288,2026-09-18T18:10:35.000Z,en,0,0
nano-banana-pro,https://x.com/i/status/2100962722271883502,2026-09-18T14:58:41.000Z,en,3,0
nano-banana-pro,https://x.com/i/status/2100955269782278233,2026-09-18T14:29:04.000Z,ja,1,0
nano-banana-pro,https://x.com/i/status/2100938810800402843,2026-09-18T13:23:40.000Z,und,0,0
nano-banana-pro,https://x.com/i/status/2100685096764227896,2026-09-17T20:35:30.000Z,en,9,0
nano-banana-pro,https://x.com/i/status/2100677733986504711,2026-09-17T20:06:15.000Z,en,1,0
nano-banana-pro,https://x.com/i/status/2100672898155651235,2026-09-17T19:47:02.000Z,en,4,0
nano-banana-pro,https://x.com/i/status/2100518757084930338,2026-09-17T09:34:32.000Z,en,4,0
nano-banana-pro,https://x.com/i/status/2100429707560788051,2026-09-17T03:40:41.000Z,en,1,0
nano-banana-pro,https://x.com/i/status/2100343432984121638,2026-09-16T21:57:51.000Z,es,0,0
nano-banana-pro,https://x.com/i/status/2100271709840433240,2026-09-16T17:12:51.000Z,en,4,0
nano-banana-pro,https://x.com/i/status/2100270536035328316,2026-09-16T17:08:11.000Z,en,1,0
nano-banana-pro,https://x.com/i/status/2100246359618343001,2026-09-16T15:32:07.000Z,ja,0,0
nano-banana-pro,https://x.com/i/status/2100145389366087712,2026-09-16T08:50:54.000Z,ar,0,0
nano-banana-pro,https://x.com/i/status/2099949017270476992,2026-09-15T19:50:35.000Z,es,0,0
nano-banana-pro,https://x.com/i/status/2099927000488063217,2026-09-15T18:23:06.000Z,en,890,39
nano-banana-pro,https://x.com/i/status/2099901258274341027,2026-09-15T16:40:48.000Z,ar,0,0
nano-banana-pro,https://x.com/i/status/2099890654910509410,2026-09-15T15:58:40.000Z,en,3,0
nano-banana-pro,https://x.com/i/status/2099807944351384020,2026-09-15T10:30:01.000Z,ja,8,0
nano-banana-pro,https://x.com/i/status/2099657261488787639,2026-09-15T00:31:15.000Z,zh,1038,178
nano-banana-pro,https://x.com/i/status/2099526384469127294,2026-09-14T15:51:12.000Z,en,14,1
nano-banana-pro,https://x.com/i/status/2099522423435526284,2026-09-14T15:35:27.000Z,ar,0,0
nano-banana-pro,https://x.com/i/status/2099511638864843019,2026-09-14T14:52:36.000Z,ar,2,1
nano-banana-pro,https://x.com/i/status/2099237176798236969,2026-09-13T20:41:59.000Z,en,0,0
nano-banana-pro,https://x.com/i/status/2099012026555314544,2026-09-13T05:47:19.000Z,en,41,1
nano-banana-pro,https://x.com/i/status/2098925748606369964,2026-09-13T00:04:29.000Z,zxx,4,0
nano-banana-pro,https://x.com/i/status/2098867976904532434,2026-09-12T20:14:55.000Z,en,0,0
nano-banana-pro,https://x.com/i/status/2098691577879380153,2026-09-12T08:33:58.000Z,en,40,3
nano-banana-pro,https://x.com/i/status/2098575097212579918,2026-09-12T00:51:07.000Z,pt,1,0
notion,https://x.com/i/status/2101110530757001611,2026-09-19T00:46:01.000Z,ja,0,0
notion,https://x.com/i/status/2101103551032480056,2026-09-19T00:18:17.000Z,en,0,0
notion,https://x.com/i/status/2101101000249717106,2026-09-19T00:08:09.000Z,en,2,0
notion,https://x.com/i/status/2101096085628264929,2026-09-18T23:48:37.000Z,en,4,0
notion,https://x.com/i/status/2101091869849510258,2026-09-18T23:31:52.000Z,en,0,0
notion,https://x.com/i/status/2101091761338667335,2026-09-18T23:31:26.000Z,en,1,0
notion,https://x.com/i/status/2101090109118615922,2026-09-18T23:24:53.000Z,en,0,0
notion,https://x.com/i/status/2101089967975886887,2026-09-18T23:24:19.000Z,ja,2,0
notion,https://x.com/i/status/2101089481487176158,2026-09-18T23:22:23.000Z,es,0,0
notion,https://x.com/i/status/2101079428834984058,2026-09-18T22:42:26.000Z,en,0,0
notion,https://x.com/i/status/2101076057059459578,2026-09-18T22:29:02.000Z,en,4,0
notion,https://x.com/i/status/2101074706040303766,2026-09-18T22:23:40.000Z,en,0,0
notion,https://x.com/i/status/2101072459864666351,2026-09-18T22:14:45.000Z,pt,68,5
notion,https://x.com/i/status/2101072351710355757,2026-09-18T22:14:19.000Z,en,0,0
notion,https://x.com/i/status/2101070602031542551,2026-09-18T22:07:22.000Z,ja,2,0
notion,https://x.com/i/status/2101064827351506991,2026-09-18T21:44:25.000Z,en,1,0
notion,https://x.com/i/status/2101061801571938529,2026-09-18T21:32:23.000Z,en,27,1
notion,https://x.com/i/status/2101057610698875301,2026-09-18T21:15:44.000Z,en,2,0
notion,https://x.com/i/status/2101057126609150071,2026-09-18T21:13:49.000Z,en,0,0
notion,https://x.com/i/status/2101051017211400453,2026-09-18T20:49:32.000Z,en,0,0
notion,https://x.com/i/status/2101048058100486408,2026-09-18T20:37:47.000Z,en,5,0
notion,https://x.com/i/status/2101045825967161556,2026-09-18T20:28:55.000Z,en,3,0
notion,https://x.com/i/status/2101043582711017764,2026-09-18T20:20:00.000Z,en,0,0
notion,https://x.com/i/status/2101043435918549204,2026-09-18T20:19:25.000Z,en,0,0
notion,https://x.com/i/status/2101038924470636721,2026-09-18T20:01:29.000Z,en,17,0
notion,https://x.com/i/status/2101031729385615409,2026-09-18T19:32:54.000Z,en,3,3
notion,https://x.com/i/status/2101029703658377663,2026-09-18T19:24:51.000Z,en,209,9
notion,https://x.com/i/status/2101024813980795295,2026-09-18T19:05:25.000Z,es,11,2
notion,https://x.com/i/status/2101023827400491362,2026-09-18T19:01:30.000Z,en,9,0
notion,https://x.com/i/status/2101016200545239142,2026-09-18T18:31:11.000Z,fr,0,0
notion,https://x.com/i/status/2101011716587090023,2026-09-18T18:13:22.000Z,en,16,8
notion,https://x.com/i/status/2101010663766171893,2026-09-18T18:09:11.000Z,en,0,0
notion,https://x.com/i/status/2101008352859840965,2026-09-18T18:00:00.000Z,ar,0,0
notion,https://x.com/i/status/2101005708695085146,2026-09-18T17:49:30.000Z,en,0,0
notion,https://x.com/i/status/2101003822361690349,2026-09-18T17:42:00.000Z,en,11,10
notion,https://x.com/i/status/2100991780036448549,2026-09-18T16:54:09.000Z,en,0,0
notion,https://x.com/i/status/2100990482822140336,2026-09-18T16:49:00.000Z,es,2,0
notion,https://x.com/i/status/2100988167788646802,2026-09-18T16:39:48.000Z,ar,2,1
notion,https://x.com/i/status/2100984871506047438,2026-09-18T16:26:42.000Z,fr,0,0
notion,https://x.com/i/status/2100984613619351838,2026-09-18T16:25:40.000Z,en,27,0
notion,https://x.com/i/status/2100982928591429898,2026-09-18T16:18:59.000Z,en,5,2
notion,https://x.com/i/status/2100982462239461733,2026-09-18T16:17:08.000Z,zxx,32,3
notion,https://x.com/i/status/2100978602959352268,2026-09-18T16:01:47.000Z,zxx,7,1
notion,https://x.com/i/status/2100978156731830355,2026-09-18T16:00:01.000Z,en,1,0
notion,https://x.com/i/status/2100978156178186427,2026-09-18T16:00:01.000Z,en,1,0
notion,https://x.com/i/status/2100978134971543882,2026-09-18T15:59:56.000Z,en,22,0
notion,https://x.com/i/status/2100975100678099279,2026-09-18T15:47:52.000Z,en,0,0
notion,https://x.com/i/status/2100974497629098006,2026-09-18T15:45:29.000Z,zxx,1,0
notion,https://x.com/i/status/2100973876448542934,2026-09-18T15:43:01.000Z,en,1,0
notion,https://x.com/i/status/2100973304635076637,2026-09-18T15:40:44.000Z,en,1,1
notion,https://x.com/i/status/2100971675412058350,2026-09-18T15:34:16.000Z,en,0,0
notion,https://x.com/i/status/2100969709651067392,2026-09-18T15:26:27.000Z,en,0,0
notion,https://x.com/i/status/2100969604071731637,2026-09-18T15:26:02.000Z,zxx,0,0
notion,https://x.com/i/status/2100966907495272636,2026-09-18T15:15:19.000Z,en,0,0
notion,https://x.com/i/status/2100962015753703621,2026-09-18T14:55:53.000Z,en,2,0
notion,https://x.com/i/status/2100961795250741619,2026-09-18T14:55:00.000Z,en,0,0
notion,https://x.com/i/status/2100961749201825955,2026-09-18T14:54:49.000Z,zxx,3,0
notion,https://x.com/i/status/2100961001667760576,2026-09-18T14:51:51.000Z,zxx,5,0
notion,https://x.com/i/status/2100960708661756146,2026-09-18T14:50:41.000Z,en,0,0
notion,https://x.com/i/status/2100960262891196429,2026-09-18T14:48:55.000Z,en,0,0
notion,https://x.com/i/status/2100958803151794398,2026-09-18T14:43:07.000Z,en,16,9
notion,https://x.com/i/status/2100958073406075193,2026-09-18T14:40:13.000Z,en,93,3
notion,https://x.com/i/status/2100952546626199664,2026-09-18T14:18:15.000Z,en,2,0
notion,https://x.com/i/status/2100952420410904668,2026-09-18T14:17:45.000Z,en,0,0
notion,https://x.com/i/status/2100950230468616462,2026-09-18T14:09:03.000Z,en,9,0
notion,https://x.com/i/status/2100950171035291848,2026-09-18T14:08:49.000Z,ja,2,0
notion,https://x.com/i/status/2100948855298679171,2026-09-18T14:03:35.000Z,en,7,1
notion,https://x.com/i/status/2100946313827221550,2026-09-18T13:53:29.000Z,en,0,0
notion,https://x.com/i/status/2100943746871492857,2026-09-18T13:43:17.000Z,ja,0,0
notion,https://x.com/i/status/2100942593936818623,2026-09-18T13:38:42.000Z,en,0,0
notion,https://x.com/i/status/2100939254813667771,2026-09-18T13:25:26.000Z,en,14,0
notion,https://x.com/i/status/2100937886874919145,2026-09-18T13:20:00.000Z,en,2,0
notion,https://x.com/i/status/2100937234438381917,2026-09-18T13:17:24.000Z,es,73,30
notion,https://x.com/i/status/2100935337824715065,2026-09-18T13:09:52.000Z,zh,1,0
notion,https://x.com/i/status/2100935180651270152,2026-09-18T13:09:15.000Z,en,0,0
notion,https://x.com/i/status/2100934277315940617,2026-09-18T13:05:39.000Z,zxx,0,0
notion,https://x.com/i/status/2100929864509391313,2026-09-18T12:48:07.000Z,en,12,0
notion,https://x.com/i/status/2100929018803396895,2026-09-18T12:44:46.000Z,en,33,29
notion,https://x.com/i/status/2100928015525880061,2026-09-18T12:40:46.000Z,zxx,5,1
notion,https://x.com/i/status/2100926053804122456,2026-09-18T12:32:59.000Z,zh,2,0
notion,https://x.com/i/status/2100922296017863088,2026-09-18T12:18:03.000Z,en,1,0
notion,https://x.com/i/status/2100918577943707832,2026-09-18T12:03:16.000Z,ja,1,0
notion,https://x.com/i/status/2100917865931026529,2026-09-18T12:00:27.000Z,ja,0,0
notion,https://x.com/i/status/2100917786876735768,2026-09-18T12:00:08.000Z,en,10,1
notion,https://x.com/i/status/2100917349284978754,2026-09-18T11:58:23.000Z,en,0,0
notion,https://x.com/i/status/2100916768634208750,2026-09-18T11:56:05.000Z,ja,2,0
notion,https://x.com/i/status/2100916093053534234,2026-09-18T11:53:24.000Z,en,8,5
notion,https://x.com/i/status/2100915575220257079,2026-09-18T11:51:20.000Z,en,0,0
notion,https://x.com/i/status/2100913881967370623,2026-09-18T11:44:37.000Z,en,1,0
notion,https://x.com/i/status/2100911953371861370,2026-09-18T11:36:57.000Z,ja,0,0
notion,https://x.com/i/status/2100909226671395086,2026-09-18T11:26:07.000Z,en,2,1
notion,https://x.com/i/status/2100909049424302390,2026-09-18T11:25:25.000Z,en,1,0
notion,https://x.com/i/status/2100908436712050868,2026-09-18T11:22:58.000Z,en,0,0
notion,https://x.com/i/status/2100907904006230422,2026-09-18T11:20:51.000Z,ja,0,0
notion,https://x.com/i/status/2100885094705627320,2026-09-18T09:50:13.000Z,en,0,0
notion,https://x.com/i/status/2100882812832194802,2026-09-18T09:41:09.000Z,en,5,0
notion,https://x.com/i/status/2100880053051560196,2026-09-18T09:30:11.000Z,en,0,0
notion,https://x.com/i/status/2100874865985434090,2026-09-18T09:09:35.000Z,ja,0,0
notion,https://x.com/i/status/2100874076952895894,2026-09-18T09:06:26.000Z,ja,6,0
notion,https://x.com/i/status/2100868696399081613,2026-09-18T08:45:04.000Z,en,12,7
skill-creator,https://x.com/i/status/2100862522698158502,2026-09-18T08:20:32.000Z,zxx,0,0
skill-creator,https://x.com/i/status/2100769082920538475,2026-09-18T02:09:14.000Z,zxx,1,0
skill-creator,https://x.com/i/status/2100751056104026497,2026-09-18T00:57:36.000Z,zh,53,5
skill-creator,https://x.com/i/status/2100725356533608837,2026-09-17T23:15:29.000Z,en,1,0
skill-creator,https://x.com/i/status/2100706654274900446,2026-09-17T22:01:10.000Z,zxx,27,3
skill-creator,https://x.com/i/status/2100692894499967378,2026-09-17T21:06:29.000Z,es,50,4
skill-creator,https://x.com/i/status/2100680769198837833,2026-09-17T20:18:18.000Z,en,1,0
skill-creator,https://x.com/i/status/2100679417555300467,2026-09-17T20:12:56.000Z,zxx,3,0
skill-creator,https://x.com/i/status/2100611492584526104,2026-09-17T15:43:01.000Z,zh,0,0
skill-creator,https://x.com/i/status/2100600315745845722,2026-09-17T14:58:37.000Z,zh,0,0
skill-creator,https://x.com/i/status/2100598396260364342,2026-09-17T14:50:59.000Z,zxx,61,14
skill-creator,https://x.com/i/status/2100580906511880513,2026-09-17T13:41:29.000Z,en,1,0
skill-creator,https://x.com/i/status/2100580893668893172,2026-09-17T13:41:26.000Z,en,22,7
skill-creator,https://x.com/i/status/2100546385670283404,2026-09-17T11:24:19.000Z,ja,7,0
skill-creator,https://x.com/i/status/2100517621057663127,2026-09-17T09:30:01.000Z,ja,0,0
skill-creator,https://x.com/i/status/2100517229175427288,2026-09-17T09:28:27.000Z,en,0,0
skill-creator,https://x.com/i/status/2100478735707201709,2026-09-17T06:55:30.000Z,en,0,0
skill-creator,https://x.com/i/status/2100445805350117478,2026-09-17T04:44:39.000Z,zxx,2,0
skill-creator,https://x.com/i/status/2100404119043264759,2026-09-17T01:59:00.000Z,ko,40,11
skill-creator,https://x.com/i/status/2100390623455088640,2026-09-17T01:05:22.000Z,zh,1,0
skill-creator,https://x.com/i/status/2100370977645367755,2026-09-16T23:47:18.000Z,en,23,6
skill-creator,https://x.com/i/status/2100265351959175206,2026-09-16T16:47:35.000Z,en,1,0
skill-creator,https://x.com/i/status/2100237488380117120,2026-09-16T14:56:52.000Z,zxx,150,24
skill-creator,https://x.com/i/status/2100161179591352491,2026-09-16T09:53:38.000Z,en,28,4
skill-creator,https://x.com/i/status/2100155712051822743,2026-09-16T09:31:55.000Z,ja,22,0
skill-creator,https://x.com/i/status/2100057838915813419,2026-09-16T03:03:00.000Z,zh,424,122
skill-creator,https://x.com/i/status/2100019565564453089,2026-09-16T00:30:55.000Z,en,0,0
skill-creator,https://x.com/i/status/2100017471021514801,2026-09-16T00:22:36.000Z,en,0,0
skill-creator,https://x.com/i/status/2099978030634647878,2026-09-15T21:45:52.000Z,zxx,28,5
skill-creator,https://x.com/i/status/2099965889265254712,2026-09-15T20:57:38.000Z,es,1,0
skill-creator,https://x.com/i/status/2099890654910509410,2026-09-15T15:58:40.000Z,en,3,0
skill-creator,https://x.com/i/status/2099887813466398928,2026-09-15T15:47:23.000Z,en,5,1
skill-creator,https://x.com/i/status/2099871330078191645,2026-09-15T14:41:53.000Z,en,1,0
skill-creator,https://x.com/i/status/2099824967336722567,2026-09-15T11:37:39.000Z,zxx,38,4
skill-creator,https://x.com/i/status/2099795358029115439,2026-09-15T09:40:00.000Z,en,0,0
skill-creator,https://x.com/i/status/2099779154283827264,2026-09-15T08:35:37.000Z,en,0,0
skill-creator,https://x.com/i/status/2099724895630295060,2026-09-15T05:00:00.000Z,en,205,36
skill-creator,https://x.com/i/status/2099691691318071366,2026-09-15T02:48:04.000Z,zh,0,0
skill-creator,https://x.com/i/status/2099689912920396099,2026-09-15T02:41:00.000Z,ja,16,0
skill-creator,https://x.com/i/status/2099685634910585122,2026-09-15T02:24:00.000Z,ja,206,20
skill-creator,https://x.com/i/status/2099652924901396582,2026-09-15T00:14:01.000Z,es,0,0
skill-creator,https://x.com/i/status/2099651943211634862,2026-09-15T00:10:07.000Z,es,1,0
skill-creator,https://x.com/i/status/2099643125493027198,2026-09-14T23:35:05.000Z,ko,12,8
skill-creator,https://x.com/i/status/2099629618550738968,2026-09-14T22:41:24.000Z,ja,1,0
skill-creator,https://x.com/i/status/2099570615476777471,2026-09-14T18:46:57.000Z,en,0,0
skill-creator,https://x.com/i/status/2099564854503743814,2026-09-14T18:24:03.000Z,en,1,0
skill-creator,https://x.com/i/status/2099563944436551976,2026-09-14T18:20:27.000Z,en,1,0
skill-creator,https://x.com/i/status/2099557793271603492,2026-09-14T17:56:00.000Z,fr,0,0
skill-creator,https://x.com/i/status/2099554815278026951,2026-09-14T17:44:10.000Z,zxx,42,10
skill-creator,https://x.com/i/status/2099552774056755206,2026-09-14T17:36:03.000Z,en,12,0
skill-creator,https://x.com/i/status/2099513862882312227,2026-09-14T15:01:26.000Z,zh,9,2
skill-creator,https://x.com/i/status/2099503556113977645,2026-09-14T14:20:29.000Z,es,0,0
skill-creator,https://x.com/i/status/2099452041953423584,2026-09-14T10:55:47.000Z,en,2,1
skill-creator,https://x.com/i/status/2099448842525843612,2026-09-14T10:43:04.000Z,zh,2,0
skill-creator,https://x.com/i/status/2099424400382869851,2026-09-14T09:05:57.000Z,zh,2,0
skill-creator,https://x.com/i/status/2099393459941417276,2026-09-14T07:03:00.000Z,ja,164,16
skill-creator,https://x.com/i/status/2099377106866380930,2026-09-14T05:58:01.000Z,ja,2,0
skill-creator,https://x.com/i/status/2099368840690114685,2026-09-14T05:25:10.000Z,zxx,94,24
skill-creator,https://x.com/i/status/2099361832490410369,2026-09-14T04:57:19.000Z,zxx,7,2
skill-creator,https://x.com/i/status/2099354512549196168,2026-09-14T04:28:14.000Z,zh,5,0
skill-creator,https://x.com/i/status/2099351275238306016,2026-09-14T04:15:22.000Z,en,0,0
skill-creator,https://x.com/i/status/2099342204842197388,2026-09-14T03:39:20.000Z,zh,0,0
skill-creator,https://x.com/i/status/2099338368374984982,2026-09-14T03:24:05.000Z,en,0,0
skill-creator,https://x.com/i/status/2099224062253826385,2026-09-13T19:49:52.000Z,en,499,82
skill-creator,https://x.com/i/status/2099156706898915609,2026-09-13T15:22:14.000Z,zxx,26,2
skill-creator,https://x.com/i/status/2099150575334023193,2026-09-13T14:57:52.000Z,en,1,0
skill-creator,https://x.com/i/status/2099120923295039652,2026-09-13T13:00:02.000Z,en,17,0
skill-creator,https://x.com/i/status/2099085352266789275,2026-09-13T10:38:41.000Z,en,95,15
skill-creator,https://x.com/i/status/2099074885008175478,2026-09-13T09:57:06.000Z,es,1,0
skill-creator,https://x.com/i/status/2099066699819725196,2026-09-13T09:24:34.000Z,ja,38,2
skill-creator,https://x.com/i/status/2098980924410986730,2026-09-13T03:43:44.000Z,zxx,197,16
skill-creator,https://x.com/i/status/2098945443799675171,2026-09-13T01:22:44.000Z,zxx,3,0
skill-creator,https://x.com/i/status/2098871241473978573,2026-09-12T20:27:53.000Z,en,0,0
skill-creator,https://x.com/i/status/2098832513489629360,2026-09-12T17:54:00.000Z,fr,0,0
skill-creator,https://x.com/i/status/2098798711023239212,2026-09-12T15:39:41.000Z,pt,0,0
skill-creator,https://x.com/i/status/2098788760993640716,2026-09-12T15:00:08.000Z,en,51,3
skill-creator,https://x.com/i/status/2098728319504056366,2026-09-12T10:59:58.000Z,en,3,0
skill-creator,https://x.com/i/status/2098706507504435684,2026-09-12T09:33:18.000Z,en,73,11
skill-creator,https://x.com/i/status/2098673821444387278,2026-09-12T07:23:25.000Z,zxx,16,1
skill-creator,https://x.com/i/status/2098652326248493447,2026-09-12T05:58:00.000Z,en,679,93
skill-creator,https://x.com/i/status/2098603727913660562,2026-09-12T02:44:53.000Z,en,4,0
auto-updater,https://x.com/i/status/2099309786730996092,2026-09-14T01:30:31.000Z,en,0,0
lark-wiki,https://x.com/i/status/2100773100875059675,2026-09-18T02:25:12.000Z,zh,0,0
baidu-search,https://x.com/i/status/2099607662212047266,2026-09-14T21:14:10.000Z,en,2,0
lark-minutes,https://x.com/i/status/2099331593391456400,2026-09-14T02:57:10.000Z,zh,0,0
evolver,https://x.com/i/status/2100966179745550714,2026-09-18T15:12:25.000Z,zh,2,0
evolver,https://x.com/i/status/2100932937323888772,2026-09-18T13:00:20.000Z,en,39,2
evolver,https://x.com/i/status/2100873558255710596,2026-09-18T09:04:23.000Z,zh,0,0
evolver,https://x.com/i/status/2100696811438543317,2026-09-17T21:22:03.000Z,en,1,0
evolver,https://x.com/i/status/2098666761696510129,2026-09-12T06:55:21.000Z,en,2,0
