skill_key,tweet_url,created_at,lang,favorites,retweets,relevance
find-skills,https://x.com/i/status/2105298467601965496,2026-09-30T14:07:23.000Z,en,0,0,0.73
find-skills,https://x.com/i/status/2104993175454511467,2026-09-29T17:54:16.000Z,en,1,0,0.91
find-skills,https://x.com/i/status/2104993172195541113,2026-09-29T17:54:15.000Z,tr,0,0,0.91
find-skills,https://x.com/i/status/2104628127167107543,2026-09-28T17:43:42.000Z,en,0,0,0.79
find-skills,https://x.com/i/status/2104593356332343470,2026-09-28T15:25:32.000Z,zxx,17,0,0.1
find-skills,https://x.com/i/status/2104570828507787443,2026-09-28T13:56:01.000Z,zh,0,0,0.91
find-skills,https://x.com/i/status/2104565406513963260,2026-09-28T13:34:28.000Z,en,6,0,0.74
find-skills,https://x.com/i/status/2104285028893266206,2026-09-27T19:00:21.000Z,zh,1,0,0.92
find-skills,https://x.com/i/status/2103851586103501065,2026-09-26T14:18:00.000Z,ja,3,0,0.59
find-skills,https://x.com/i/status/2103775839934636308,2026-09-26T09:17:01.000Z,en,0,0,0.57
find-skills,https://x.com/i/status/2103739454061989990,2026-09-26T06:52:26.000Z,en,56,4,0.92
find-skills,https://x.com/i/status/2103406163085943007,2026-09-25T08:48:03.000Z,en,0,0,0.16
find-skills,https://x.com/i/status/2103098161892139207,2026-09-24T12:24:10.000Z,en,10,0,0.23
self-improving-agent,https://x.com/i/status/2105330233729798180,2026-09-30T16:13:37.000Z,en,0,0,0.44
self-improving-agent,https://x.com/i/status/2105322811526947195,2026-09-30T15:44:07.000Z,en,0,0,0.57
self-improving-agent,https://x.com/i/status/2105299154482184388,2026-09-30T14:10:07.000Z,en,1,0,0.64
self-improving-agent,https://x.com/i/status/2105295684488556591,2026-09-30T13:56:20.000Z,en,8,0,0.73
self-improving-agent,https://x.com/i/status/2105293968724332550,2026-09-30T13:49:31.000Z,en,220,2,0.09
self-improving-agent,https://x.com/i/status/2105260380675010939,2026-09-30T11:36:03.000Z,en,0,0,0.62
self-improving-agent,https://x.com/i/status/2105252015014314490,2026-09-30T11:02:48.000Z,en,1,0,0.82
self-improving-agent,https://x.com/i/status/2105138062389116995,2026-09-30T03:30:00.000Z,ja,2,0,0.77
self-improving-agent,https://x.com/i/status/2104989302870708642,2026-09-29T17:38:53.000Z,en,0,0,0.67
self-improving-agent,https://x.com/i/status/2104948973845029046,2026-09-29T14:58:38.000Z,en,1,0,0.65
self-improving-agent,https://x.com/i/status/2104940456459063533,2026-09-29T14:24:47.000Z,en,44,16,0.82
self-improving-agent,https://x.com/i/status/2104931665097130492,2026-09-29T13:49:51.000Z,en,1,0,0.8
self-improving-agent,https://x.com/i/status/2104922238105305135,2026-09-29T13:12:23.000Z,en,0,0,0.77
self-improving-agent,https://x.com/i/status/2104915621880442907,2026-09-29T12:46:06.000Z,en,0,0,0.68
self-improving-agent,https://x.com/i/status/2104913792584855720,2026-09-29T12:38:50.000Z,en,1,0,0.73
self-improving-agent,https://x.com/i/status/2104892464389919186,2026-09-29T11:14:05.000Z,en,1,0,0.72
self-improving-agent,https://x.com/i/status/2104890403736695182,2026-09-29T11:05:53.000Z,en,9,0,0.26
self-improving-agent,https://x.com/i/status/2104884953679094251,2026-09-29T10:44:14.000Z,en,0,0,0.68
self-improving-agent,https://x.com/i/status/2104883317866913798,2026-09-29T10:37:44.000Z,en,1,0,0.73
self-improving-agent,https://x.com/i/status/2104881339048542355,2026-09-29T10:29:52.000Z,en,0,0,0.77
self-improving-agent,https://x.com/i/status/2104880415165042787,2026-09-29T10:26:12.000Z,en,0,0,0.73
self-improving-agent,https://x.com/i/status/2104829075235971416,2026-09-29T07:02:12.000Z,en,0,0,0.71
self-improving-agent,https://x.com/i/status/2104828634418819140,2026-09-29T07:00:26.000Z,en,2,0,0.76
self-improving-agent,https://x.com/i/status/2104822642729771390,2026-09-29T06:36:38.000Z,en,0,0,0.49
self-improving-agent,https://x.com/i/status/2104811776852574701,2026-09-29T05:53:27.000Z,en,2,0,0.16
self-improving-agent,https://x.com/i/status/2104668090084810781,2026-09-28T20:22:30.000Z,en,2,0,0.74
self-improving-agent,https://x.com/i/status/2104625409669443826,2026-09-28T17:32:54.000Z,en,5,0,0.75
self-improving-agent,https://x.com/i/status/2104623970662371472,2026-09-28T17:27:11.000Z,en,215,19,0.77
self-improving-agent,https://x.com/i/status/2104602311368610093,2026-09-28T16:01:07.000Z,en,22,0,0.32
self-improving-agent,https://x.com/i/status/2104598769245515910,2026-09-28T15:47:02.000Z,en,1,0,0.78
self-improving-agent,https://x.com/i/status/2104597759005434149,2026-09-28T15:43:01.000Z,en,6,0,0.84
self-improving-agent,https://x.com/i/status/2104313886648271011,2026-09-27T20:55:01.000Z,en,0,0,0.79
self-improving-agent,https://x.com/i/status/2104266663751291135,2026-09-27T17:47:22.000Z,en,116,14,0.8
self-improving-agent,https://x.com/i/status/2104261227950346470,2026-09-27T17:25:46.000Z,en,1,0,0.77
self-improving-agent,https://x.com/i/status/2104196198416421112,2026-09-27T13:07:22.000Z,en,1,0,0.78
self-improving-agent,https://x.com/i/status/2104059601091985761,2026-09-27T04:04:35.000Z,en,13,4,0.6
self-improving-agent,https://x.com/i/status/2103798983227560292,2026-09-26T10:48:58.000Z,en,13,9,0.7
self-improving-agent,https://x.com/i/status/2103772145713049936,2026-09-26T09:02:20.000Z,en,178,21,0.36
self-improving-agent,https://x.com/i/status/2103590883819958779,2026-09-25T21:02:04.000Z,en,15,1,0.73
self-improving-agent,https://x.com/i/status/2103499096019628218,2026-09-25T14:57:20.000Z,zxx,8,1,0.11
self-improving-agent,https://x.com/i/status/2103484677864730691,2026-09-25T14:00:02.000Z,en,33,3,0.09
self-improving-agent,https://x.com/i/status/2103477899814924357,2026-09-25T13:33:06.000Z,en,0,0,0.66
self-improving-agent,https://x.com/i/status/2103465675813445978,2026-09-25T12:44:32.000Z,en,0,0,0.8
self-improving-agent,https://x.com/i/status/2103444406887997532,2026-09-25T11:20:01.000Z,en,1,0,0.76
self-improving-agent,https://x.com/i/status/2103439402122784900,2026-09-25T11:00:08.000Z,en,0,0,0.78
self-improving-agent,https://x.com/i/status/2103429303056670910,2026-09-25T10:20:00.000Z,en,8,2,0.63
self-improving-agent,https://x.com/i/status/2103363719417774148,2026-09-25T05:59:23.000Z,en,45,5,0.17
self-improving-agent,https://x.com/i/status/2103222236790587902,2026-09-24T20:37:11.000Z,en,1,0,0.74
self-improving-agent,https://x.com/i/status/2103154792210026721,2026-09-24T16:09:11.000Z,en,1,0,0.16
self-improving-agent,https://x.com/i/status/2103086812642300188,2026-09-24T11:39:04.000Z,en,0,0,0.58
self-improving-agent,https://x.com/i/status/2103007148959805785,2026-09-24T06:22:30.000Z,zxx,101,0,0.14
grill-me,https://x.com/i/status/2105438157970018367,2026-09-30T23:22:28.000Z,zh,1,0,0.9
grill-me,https://x.com/i/status/2105377325735178464,2026-09-30T19:20:45.000Z,en,3,0,0.94
grill-me,https://x.com/i/status/2105376620618166346,2026-09-30T19:17:57.000Z,en,5,0,0.93
grill-me,https://x.com/i/status/2105361164179996960,2026-09-30T18:16:31.000Z,en,1,0,0.04
grill-me,https://x.com/i/status/2105337458183602447,2026-09-30T16:42:19.000Z,en,0,0,0.91
grill-me,https://x.com/i/status/2105298456478925173,2026-09-30T14:07:21.000Z,en,0,0,0.9
grill-me,https://x.com/i/status/2105294890808574083,2026-09-30T13:53:11.000Z,en,1,0,0.68
grill-me,https://x.com/i/status/2105208969790734717,2026-09-30T08:11:45.000Z,zh,9,1,0.09
grill-me,https://x.com/i/status/2105208960890368374,2026-09-30T08:11:43.000Z,en,2,0,0.91
grill-me,https://x.com/i/status/2105205279621292464,2026-09-30T07:57:06.000Z,ja,0,0,0.88
grill-me,https://x.com/i/status/2105188593161630143,2026-09-30T06:50:47.000Z,en,3,0,0.92
grill-me,https://x.com/i/status/2105147128255598917,2026-09-30T04:06:01.000Z,zh,675,83,0.86
grill-me,https://x.com/i/status/2105126922699059427,2026-09-30T02:45:44.000Z,en,23,1,0.89
grill-me,https://x.com/i/status/2105087893035430090,2026-09-30T00:10:38.000Z,en,4,0,0.85
grill-me,https://x.com/i/status/2105069980849197432,2026-09-29T22:59:28.000Z,ja,0,0,0.87
grill-me,https://x.com/i/status/2105047743567929765,2026-09-29T21:31:06.000Z,zh,3,2,0.92
grill-me,https://x.com/i/status/2104983411521642780,2026-09-29T17:15:28.000Z,en,7,1,0.7
grill-me,https://x.com/i/status/2104965968527000013,2026-09-29T16:06:09.000Z,en,1,1,0.88
grill-me,https://x.com/i/status/2104915923681579051,2026-09-29T12:47:18.000Z,zh,9,2,0.93
grill-me,https://x.com/i/status/2104832500002353471,2026-09-29T07:15:48.000Z,en,0,0,0.85
grill-me,https://x.com/i/status/2104789418427007136,2026-09-29T04:24:37.000Z,en,11,0,0.94
grill-me,https://x.com/i/status/2104782317310906702,2026-09-29T03:56:24.000Z,en,75,14,0.26
grill-me,https://x.com/i/status/2104754306478133439,2026-09-29T02:05:05.000Z,en,5,0,0.9
grill-me,https://x.com/i/status/2104711629829222545,2026-09-28T23:15:30.000Z,en,0,0,0.88
grill-me,https://x.com/i/status/2104629707887329518,2026-09-28T17:49:59.000Z,en,45,10,0.26
grill-me,https://x.com/i/status/2104620344430440620,2026-09-28T17:12:46.000Z,en,4,0,0.28
grill-me,https://x.com/i/status/2104539089072722358,2026-09-28T11:49:53.000Z,zh,104,7,0.81
grill-me,https://x.com/i/status/2104507881802674520,2026-09-28T09:45:53.000Z,en,0,0,0.9
grill-me,https://x.com/i/status/2104503688580448609,2026-09-28T09:29:13.000Z,zxx,7,0,0.13
grill-me,https://x.com/i/status/2104502618127249655,2026-09-28T09:24:58.000Z,ja,1,0,0.93
grill-me,https://x.com/i/status/2104444645963182298,2026-09-28T05:34:36.000Z,en,0,0,0.86
grill-me,https://x.com/i/status/2104443873665634360,2026-09-28T05:31:32.000Z,en,3,0,0.05
grill-me,https://x.com/i/status/2104416896070320549,2026-09-28T03:44:20.000Z,zxx,193,36,0.13
grill-me,https://x.com/i/status/2104405786613166494,2026-09-28T03:00:12.000Z,en,0,0,0.86
grill-me,https://x.com/i/status/2104401426806149203,2026-09-28T02:42:52.000Z,zh,3,0,0.96
grill-me,https://x.com/i/status/2104339996081836268,2026-09-27T22:38:46.000Z,zxx,9,0,0.11
grill-me,https://x.com/i/status/2104319462140776496,2026-09-27T21:17:10.000Z,en,1,0,0.86
grill-me,https://x.com/i/status/2104313274292486274,2026-09-27T20:52:35.000Z,en,1,0,0.87
grill-me,https://x.com/i/status/2104304755220656605,2026-09-27T20:18:44.000Z,en,1,0,0.84
grill-me,https://x.com/i/status/2104243660023857663,2026-09-27T16:15:58.000Z,en,1,0,0.85
grill-me,https://x.com/i/status/2104234506131828914,2026-09-27T15:39:35.000Z,zh,1,0,0.92
grill-me,https://x.com/i/status/2104224132082852106,2026-09-27T14:58:22.000Z,de,0,0,0.89
grill-me,https://x.com/i/status/2104215466939945452,2026-09-27T14:23:56.000Z,en,4,0,0.73
grill-me,https://x.com/i/status/2104212807528902733,2026-09-27T14:13:22.000Z,en,2,0,0.73
grill-me,https://x.com/i/status/2104144094704423011,2026-09-27T09:40:19.000Z,en,0,0,0.1
grill-me,https://x.com/i/status/2104113813406486581,2026-09-27T07:40:00.000Z,en,216,57,0.24
grill-me,https://x.com/i/status/2104083690834035081,2026-09-27T05:40:18.000Z,en,0,0,0.8
grill-me,https://x.com/i/status/2104075521105461511,2026-09-27T05:07:50.000Z,en,7,0,0.91
grill-me,https://x.com/i/status/2104051834315030977,2026-09-27T03:33:43.000Z,en,7,0,0.78
grill-me,https://x.com/i/status/2104014253908787701,2026-09-27T01:04:23.000Z,en,1,0,0.81
grill-me,https://x.com/i/status/2104006832645706034,2026-09-27T00:34:54.000Z,en,0,0,0.92
grill-me,https://x.com/i/status/2103926345130443140,2026-09-26T19:15:04.000Z,en,3,0,0.94
grill-me,https://x.com/i/status/2103916566991757822,2026-09-26T18:36:13.000Z,en,2,0,0.69
grill-me,https://x.com/i/status/2103896851233612205,2026-09-26T17:17:52.000Z,de,2,0,0.7
grill-me,https://x.com/i/status/2103870400270909539,2026-09-26T15:32:46.000Z,en,1,0,0.93
grill-me,https://x.com/i/status/2103809399126962497,2026-09-26T11:30:22.000Z,zh,287,33,0.78
grill-me,https://x.com/i/status/2103804285838643517,2026-09-26T11:10:03.000Z,en,5,0,0.92
grill-me,https://x.com/i/status/2103787901196571004,2026-09-26T10:04:56.000Z,ja,10,4,0.82
grill-me,https://x.com/i/status/2103779891191963870,2026-09-26T09:33:07.000Z,en,0,0,0.83
grill-me,https://x.com/i/status/2103771655294329321,2026-09-26T09:00:23.000Z,ja,5,0,0.07
grill-me,https://x.com/i/status/2103752503854809232,2026-09-26T07:44:17.000Z,fr,0,0,0.73
grill-me,https://x.com/i/status/2103748233251918253,2026-09-26T07:27:19.000Z,en,0,0,0.64
grill-me,https://x.com/i/status/2103741651139355122,2026-09-26T07:01:09.000Z,zxx,3,1,0.13
grill-me,https://x.com/i/status/2103733839960924640,2026-09-26T06:30:07.000Z,en,1,0,0.25
grill-me,https://x.com/i/status/2103705885579358223,2026-09-26T04:39:02.000Z,en,0,0,0.95
grill-me,https://x.com/i/status/2103684261899309413,2026-09-26T03:13:07.000Z,en,1,0,0.95
grill-me,https://x.com/i/status/2103653652200350096,2026-09-26T01:11:29.000Z,en,0,0,0.93
grill-me,https://x.com/i/status/2103530565735424441,2026-09-25T17:02:23.000Z,en,4,0,0.77
grill-me,https://x.com/i/status/2103515659309093303,2026-09-25T16:03:09.000Z,en,0,0,0.94
grill-me,https://x.com/i/status/2103512023346864227,2026-09-25T15:48:42.000Z,en,1,0,0.93
grill-me,https://x.com/i/status/2103502494592578034,2026-09-25T15:10:50.000Z,pt,0,0,0.84
grill-me,https://x.com/i/status/2103495223233982928,2026-09-25T14:41:56.000Z,zh,2,0,0.93
grill-me,https://x.com/i/status/2103484677864730691,2026-09-25T14:00:02.000Z,en,33,3,0.07
grill-me,https://x.com/i/status/2103463363535679646,2026-09-25T12:35:20.000Z,en,1,0,0.94
grill-me,https://x.com/i/status/2103455766115996010,2026-09-25T12:05:09.000Z,en,0,0,0.83
grill-me,https://x.com/i/status/2103418702276313438,2026-09-25T09:37:52.000Z,ja,15,0,0.86
grill-me,https://x.com/i/status/2103389305473257742,2026-09-25T07:41:04.000Z,en,3,0,0.86
grill-me,https://x.com/i/status/2103369382499856874,2026-09-25T06:21:54.000Z,fa,0,0,0.76
grill-me,https://x.com/i/status/2103353556262961308,2026-09-25T05:19:00.000Z,en,2,0,0.89
grill-me,https://x.com/i/status/2103260497529479191,2026-09-24T23:09:13.000Z,en,0,0,0.87
grill-me,https://x.com/i/status/2103230290411786558,2026-09-24T21:09:12.000Z,en,0,0,0.64
grill-me,https://x.com/i/status/2103185038271484355,2026-09-24T18:09:23.000Z,en,8,0,0.05
grill-me,https://x.com/i/status/2103174794984526094,2026-09-24T17:28:40.000Z,en,0,0,0.82
grill-me,https://x.com/i/status/2103159304844923125,2026-09-24T16:27:07.000Z,en,45,1,0.05
grill-me,https://x.com/i/status/2103153718611034317,2026-09-24T16:04:55.000Z,en,0,0,0.83
grill-me,https://x.com/i/status/2103144820588032389,2026-09-24T15:29:34.000Z,en,0,0,0.81
grill-me,https://x.com/i/status/2103128445664342282,2026-09-24T14:24:30.000Z,en,0,0,0.8
grill-me,https://x.com/i/status/2103107681141788836,2026-09-24T13:01:59.000Z,en,1,0,0.85
grill-me,https://x.com/i/status/2103103787326185766,2026-09-24T12:46:31.000Z,zh,1,0,0.81
grill-me,https://x.com/i/status/2103097499942605194,2026-09-24T12:21:32.000Z,zxx,1,1,0.15
grill-me,https://x.com/i/status/2103090153162166756,2026-09-24T11:52:20.000Z,en,0,0,0.89
grill-me,https://x.com/i/status/2103081165515022468,2026-09-24T11:16:37.000Z,en,2,0,0.68
grill-me,https://x.com/i/status/2103065007856697782,2026-09-24T10:12:25.000Z,en,0,0,0.81
grill-me,https://x.com/i/status/2103029415659581906,2026-09-24T07:50:59.000Z,en,1,0,0.94
grill-me,https://x.com/i/status/2102981013098090687,2026-09-24T04:38:39.000Z,en,0,0,0.94
grill-me,https://x.com/i/status/2102963013120889289,2026-09-24T03:27:08.000Z,zxx,18,4,0.16
grill-me,https://x.com/i/status/2102950621116862939,2026-09-24T02:37:53.000Z,en,0,0,0.87
grill-me,https://x.com/i/status/2102931089732051333,2026-09-24T01:20:17.000Z,en,4,0,0.95
grill-me,https://x.com/i/status/2102929525634158864,2026-09-24T01:14:04.000Z,en,0,0,0.9
grill-me,https://x.com/i/status/2102926470339293578,2026-09-24T01:01:55.000Z,en,3,0,0.94
grill-with-docs,https://x.com/i/status/2105346893572108783,2026-09-30T17:19:49.000Z,es,2,0,0.94
grill-with-docs,https://x.com/i/status/2105254329561076185,2026-09-30T11:12:00.000Z,en,0,0,0.96
grill-with-docs,https://x.com/i/status/2105160829934919994,2026-09-30T05:00:28.000Z,en,2,0,0.91
grill-with-docs,https://x.com/i/status/2104915923681579051,2026-09-29T12:47:18.000Z,zh,9,2,0.92
grill-with-docs,https://x.com/i/status/2104592439969255887,2026-09-28T15:21:53.000Z,en,0,0,0.95
grill-with-docs,https://x.com/i/status/2104525219406688718,2026-09-28T10:54:47.000Z,ar,35,6,0.19
grill-with-docs,https://x.com/i/status/2104464190320853104,2026-09-28T06:52:16.000Z,en,1,0,0.95
grill-with-docs,https://x.com/i/status/2104360486758203829,2026-09-28T00:00:11.000Z,en,0,0,0.92
grill-with-docs,https://x.com/i/status/2103848219956449649,2026-09-26T14:04:37.000Z,en,7,0,0.96
grill-with-docs,https://x.com/i/status/2103842825544884437,2026-09-26T13:43:11.000Z,zh,4,0,0.93
grill-with-docs,https://x.com/i/status/2103820379898728510,2026-09-26T12:14:00.000Z,ja,19,2,0.92
grill-with-docs,https://x.com/i/status/2103809399126962497,2026-09-26T11:30:22.000Z,zh,287,33,0.97
grill-with-docs,https://x.com/i/status/2103472142570721756,2026-09-25T13:10:14.000Z,en,0,0,0.89
grill-with-docs,https://x.com/i/status/2103230049872642553,2026-09-24T21:08:14.000Z,en,1,0,0.94
grill-with-docs,https://x.com/i/status/2103219355756396589,2026-09-24T20:25:44.000Z,en,0,0,0.97
grill-with-docs,https://x.com/i/status/2102961685111668927,2026-09-24T03:21:51.000Z,pt,0,0,0.93
self-improving,https://x.com/i/status/2105456735188136300,2026-10-01T00:36:17.000Z,en,1,1,0.89
self-improving,https://x.com/i/status/2105425052967764402,2026-09-30T22:30:24.000Z,en,0,0,0.12
self-improving,https://x.com/i/status/2105414692223263152,2026-09-30T21:49:13.000Z,en,2,0,0.8
self-improving,https://x.com/i/status/2105408797477077412,2026-09-30T21:25:48.000Z,en,3,1,0.32
self-improving,https://x.com/i/status/2105394164519112845,2026-09-30T20:27:39.000Z,en,49,11,0.92
self-improving,https://x.com/i/status/2105390603546886178,2026-09-30T20:13:30.000Z,en,13,1,0.85
self-improving,https://x.com/i/status/2105390361711653193,2026-09-30T20:12:33.000Z,en,0,0,0.95
self-improving,https://x.com/i/status/2105357569514463295,2026-09-30T18:02:14.000Z,en,0,0,0.94
self-improving,https://x.com/i/status/2105355019348222045,2026-09-30T17:52:06.000Z,zxx,123,16,0.2
self-improving,https://x.com/i/status/2105342585124593766,2026-09-30T17:02:42.000Z,en,12,0,0.9
self-improving,https://x.com/i/status/2105338552728916027,2026-09-30T16:46:40.000Z,en,4,0,0.86
self-improving,https://x.com/i/status/2105330652732125602,2026-09-30T16:15:17.000Z,zxx,28,1,0.16
self-improving,https://x.com/i/status/2105330233729798180,2026-09-30T16:13:37.000Z,en,0,0,0.83
self-improving,https://x.com/i/status/2105326415730344176,2026-09-30T15:58:27.000Z,en,1,0,0.82
self-improving,https://x.com/i/status/2105325826174787941,2026-09-30T15:56:06.000Z,en,13,4,0.9
self-improving,https://x.com/i/status/2105324217147256894,2026-09-30T15:49:43.000Z,en,4,0,0.06
self-improving,https://x.com/i/status/2105323051596562451,2026-09-30T15:45:05.000Z,en,0,0,0.91
self-improving,https://x.com/i/status/2105322811526947195,2026-09-30T15:44:07.000Z,en,0,0,0.93
self-improving,https://x.com/i/status/2105320562994323945,2026-09-30T15:35:11.000Z,zh,12,2,0.15
self-improving,https://x.com/i/status/2105304383122538996,2026-09-30T14:30:54.000Z,en,10,1,0.86
self-improving,https://x.com/i/status/2105299154482184388,2026-09-30T14:10:07.000Z,en,1,0,0.89
self-improving,https://x.com/i/status/2105298847924903947,2026-09-30T14:08:54.000Z,zxx,7,0,0.25
self-improving,https://x.com/i/status/2105295684488556591,2026-09-30T13:56:20.000Z,en,8,0,0.91
self-improving,https://x.com/i/status/2105293968724332550,2026-09-30T13:49:31.000Z,en,220,2,0.11
self-improving,https://x.com/i/status/2105289055772549124,2026-09-30T13:29:59.000Z,en,363,28,0.17
self-improving,https://x.com/i/status/2105285755346239881,2026-09-30T13:16:53.000Z,en,0,0,0.34
self-improving,https://x.com/i/status/2105261824065368468,2026-09-30T11:41:47.000Z,en,1,1,0.08
self-improving,https://x.com/i/status/2105261205292208220,2026-09-30T11:39:19.000Z,en,0,0,0.91
self-improving,https://x.com/i/status/2105260380675010939,2026-09-30T11:36:03.000Z,en,0,0,0.91
self-improving,https://x.com/i/status/2105260069369602402,2026-09-30T11:34:49.000Z,en,1,0,0.22
self-improving,https://x.com/i/status/2105258987331420584,2026-09-30T11:30:31.000Z,en,0,0,0.33
self-improving,https://x.com/i/status/2105256077600190737,2026-09-30T11:18:57.000Z,zxx,1,0,0.21
self-improving,https://x.com/i/status/2105252015014314490,2026-09-30T11:02:48.000Z,en,1,0,0.92
self-improving,https://x.com/i/status/2105251149901422601,2026-09-30T10:59:22.000Z,en,1,0,0.9
self-improving,https://x.com/i/status/2105193577412448415,2026-09-30T07:10:36.000Z,en,0,0,0.84
self-improving,https://x.com/i/status/2105193116659540412,2026-09-30T07:08:46.000Z,zxx,1,0,0.23
self-improving,https://x.com/i/status/2105183239052874104,2026-09-30T06:29:31.000Z,en,36,13,0.81
self-improving,https://x.com/i/status/2105173280348832206,2026-09-30T05:49:56.000Z,en,110,24,0.07
self-improving,https://x.com/i/status/2105160456033755321,2026-09-30T04:58:59.000Z,en,5,0,0.28
self-improving,https://x.com/i/status/2105150560521576881,2026-09-30T04:19:40.000Z,en,0,0,0.79
self-improving,https://x.com/i/status/2105138062389116995,2026-09-30T03:30:00.000Z,ja,2,0,0.87
self-improving,https://x.com/i/status/2105136702922916347,2026-09-30T03:24:36.000Z,en,65,11,0.36
self-improving,https://x.com/i/status/2105124779976012150,2026-09-30T02:37:13.000Z,en,1,0,0.58
self-improving,https://x.com/i/status/2105122337897304202,2026-09-30T02:27:31.000Z,en,147,63,0.4
self-improving,https://x.com/i/status/2105102845636657158,2026-09-30T01:10:03.000Z,en,0,0,0.9
self-improving,https://x.com/i/status/2105043704163799331,2026-09-29T21:15:03.000Z,en,0,0,0.59
self-improving,https://x.com/i/status/2105033096487972867,2026-09-29T20:32:54.000Z,en,0,0,0.91
self-improving,https://x.com/i/status/2105023021098344779,2026-09-29T19:52:52.000Z,en,6,0,0.49
self-improving,https://x.com/i/status/2105017773663371422,2026-09-29T19:32:01.000Z,zxx,2,1,0.26
self-improving,https://x.com/i/status/2105012917640798655,2026-09-29T19:12:43.000Z,en,0,0,0.93
self-improving,https://x.com/i/status/2105008985803743271,2026-09-29T18:57:06.000Z,en,37,5,0.92
self-improving,https://x.com/i/status/2105008863866970565,2026-09-29T18:56:36.000Z,en,0,0,0.84
self-improving,https://x.com/i/status/2105005691643519476,2026-09-29T18:44:00.000Z,en,1,0,0.92
self-improving,https://x.com/i/status/2105000277552283911,2026-09-29T18:22:29.000Z,en,35,20,0.85
self-improving,https://x.com/i/status/2104989302870708642,2026-09-29T17:38:53.000Z,en,0,0,0.9
self-improving,https://x.com/i/status/2104987906427273510,2026-09-29T17:33:20.000Z,en,31,7,0.89
self-improving,https://x.com/i/status/2104987635492282641,2026-09-29T17:32:15.000Z,en,60,17,0.95
self-improving,https://x.com/i/status/2104986820823912755,2026-09-29T17:29:01.000Z,en,1,0,0.89
self-improving,https://x.com/i/status/2104986205880287372,2026-09-29T17:26:34.000Z,en,43,2,0.79
self-improving,https://x.com/i/status/2104982407942483997,2026-09-29T17:11:29.000Z,en,0,0,0.87
self-improving,https://x.com/i/status/2104981132349432244,2026-09-29T17:06:25.000Z,en,0,0,0.86
self-improving,https://x.com/i/status/2104977274164367757,2026-09-29T16:51:05.000Z,zxx,63,1,0.22
self-improving,https://x.com/i/status/2104976635145728086,2026-09-29T16:48:33.000Z,en,16,9,0.92
self-improving,https://x.com/i/status/2104974232086040857,2026-09-29T16:39:00.000Z,en,7,0,0.21
self-improving,https://x.com/i/status/2104971005865427434,2026-09-29T16:26:10.000Z,en,63,4,0.15
self-improving,https://x.com/i/status/2104968434761220352,2026-09-29T16:15:57.000Z,en,1,0,0.9
self-improving,https://x.com/i/status/2104964447110582594,2026-09-29T16:00:07.000Z,en,2,1,0.04
self-improving,https://x.com/i/status/2104954411290431599,2026-09-29T15:20:14.000Z,en,0,0,0.9
self-improving,https://x.com/i/status/2104952750115299712,2026-09-29T15:13:38.000Z,en,1,1,0.09
self-improving,https://x.com/i/status/2104948973845029046,2026-09-29T14:58:38.000Z,en,1,0,0.92
self-improving,https://x.com/i/status/2104948212326928567,2026-09-29T14:55:36.000Z,en,0,0,0.94
self-improving,https://x.com/i/status/2104940456459063533,2026-09-29T14:24:47.000Z,en,44,16,0.92
self-improving,https://x.com/i/status/2104934625789546886,2026-09-29T14:01:37.000Z,en,0,0,0.84
self-improving,https://x.com/i/status/2104933950749831228,2026-09-29T13:58:56.000Z,en,3,2,0.88
self-improving,https://x.com/i/status/2104931665097130492,2026-09-29T13:49:51.000Z,en,1,0,0.92
self-improving,https://x.com/i/status/2104931610260902158,2026-09-29T13:49:38.000Z,en,0,0,0.83
self-improving,https://x.com/i/status/2104929130147922065,2026-09-29T13:39:46.000Z,en,123,20,0.92
self-improving,https://x.com/i/status/2104929126981513727,2026-09-29T13:39:46.000Z,en,2,0,0.09
self-improving,https://x.com/i/status/2104928691964780785,2026-09-29T13:38:02.000Z,en,40,1,0.87
self-improving,https://x.com/i/status/2104927371665219854,2026-09-29T13:32:47.000Z,en,1,0,0.71
self-improving,https://x.com/i/status/2104926371256439094,2026-09-29T13:28:49.000Z,en,13,0,0.86
self-improving,https://x.com/i/status/2104924792704872751,2026-09-29T13:22:32.000Z,en,1,0,0.06
self-improving,https://x.com/i/status/2104923249096147450,2026-09-29T13:16:24.000Z,en,0,0,0.88
self-improving,https://x.com/i/status/2104922238105305135,2026-09-29T13:12:23.000Z,en,0,0,0.91
self-improving,https://x.com/i/status/2104915621880442907,2026-09-29T12:46:06.000Z,en,0,0,0.88
self-improving,https://x.com/i/status/2104914924921295264,2026-09-29T12:43:20.000Z,en,2,1,0.89
self-improving,https://x.com/i/status/2104913792584855720,2026-09-29T12:38:50.000Z,en,1,0,0.88
self-improving,https://x.com/i/status/2104911497281593679,2026-09-29T12:29:42.000Z,en,0,0,0.85
self-improving,https://x.com/i/status/2104910776742134183,2026-09-29T12:26:51.000Z,en,16,11,0.91
self-improving,https://x.com/i/status/2104907873985642985,2026-09-29T12:15:19.000Z,en,19,0,0.92
self-improving,https://x.com/i/status/2104904521864667399,2026-09-29T12:01:59.000Z,en,0,0,0.05
self-improving,https://x.com/i/status/2104903826134499572,2026-09-29T11:59:14.000Z,en,1,0,0.83
self-improving,https://x.com/i/status/2104898804340461667,2026-09-29T11:39:16.000Z,en,0,0,0.9
self-improving,https://x.com/i/status/2104892464389919186,2026-09-29T11:14:05.000Z,en,1,0,0.83
self-improving,https://x.com/i/status/2104892348010541203,2026-09-29T11:13:37.000Z,en,1,0,0.9
self-improving,https://x.com/i/status/2104892166694949200,2026-09-29T11:12:54.000Z,en,0,0,0.91
self-improving,https://x.com/i/status/2104891884934185449,2026-09-29T11:11:47.000Z,en,0,0,0.88
self-improving,https://x.com/i/status/2104890403736695182,2026-09-29T11:05:53.000Z,en,9,0,0.27
self-improving,https://x.com/i/status/2104890366495498688,2026-09-29T11:05:45.000Z,en,0,0,0.91
self-improving,https://x.com/i/status/2104890066027810831,2026-09-29T11:04:33.000Z,en,0,0,0.84
improve-codebase-architecture,https://x.com/i/status/2105346893572108783,2026-09-30T17:19:49.000Z,es,2,0,0.96
improve-codebase-architecture,https://x.com/i/status/2105254332081877141,2026-09-30T11:12:01.000Z,en,0,0,0.96
improve-codebase-architecture,https://x.com/i/status/2104950533173707172,2026-09-29T15:04:49.000Z,en,146,9,0.95
improve-codebase-architecture,https://x.com/i/status/2104921015537074682,2026-09-29T13:07:32.000Z,ru,189,11,0.15
improve-codebase-architecture,https://x.com/i/status/2104264258900963625,2026-09-27T17:37:49.000Z,en,0,0,0.95
improve-codebase-architecture,https://x.com/i/status/2103689454657687818,2026-09-26T03:33:45.000Z,en,0,0,0.96
improve-codebase-architecture,https://x.com/i/status/2103174519657836848,2026-09-24T17:27:35.000Z,en,3,0,0.18
github,https://x.com/i/status/2105460398824767628,2026-10-01T00:50:51.000Z,en,0,0,0.13
github,https://x.com/i/status/2105460284349460962,2026-10-01T00:50:24.000Z,en,0,0,0.06
github,https://x.com/i/status/2105460221820944405,2026-10-01T00:50:09.000Z,en,3,0,0.09
github,https://x.com/i/status/2105460003830157313,2026-10-01T00:49:17.000Z,ja,0,0,0.16
github,https://x.com/i/status/2105459072460103859,2026-10-01T00:45:35.000Z,en,0,0,0.09
github,https://x.com/i/status/2105458906235302089,2026-10-01T00:44:55.000Z,en,0,0,0.07
github,https://x.com/i/status/2105458442219704344,2026-10-01T00:43:04.000Z,en,0,0,0.1
github,https://x.com/i/status/2105458194885869958,2026-10-01T00:42:05.000Z,en,0,0,0.11
github,https://x.com/i/status/2105457788466127222,2026-10-01T00:40:28.000Z,ja,0,0,0.19
github,https://x.com/i/status/2105457212869234860,2026-10-01T00:38:11.000Z,ja,0,0,0.16
github,https://x.com/i/status/2105455814488252832,2026-10-01T00:32:38.000Z,en,1,0,0.1
github,https://x.com/i/status/2105455672351662356,2026-10-01T00:32:04.000Z,en,2,0,0.08
github,https://x.com/i/status/2105455452804845999,2026-10-01T00:31:12.000Z,en,1,0,0.1
github,https://x.com/i/status/2105455365538398368,2026-10-01T00:30:51.000Z,en,1,0,0.16
github,https://x.com/i/status/2105455221354700870,2026-10-01T00:30:16.000Z,en,0,0,0.14
github,https://x.com/i/status/2105455075212599481,2026-10-01T00:29:42.000Z,en,1,0,0.08
github,https://x.com/i/status/2105454904378564810,2026-10-01T00:29:01.000Z,en,4,1,0.13
github,https://x.com/i/status/2105454795616329810,2026-10-01T00:28:35.000Z,zxx,1,0,0.08
github,https://x.com/i/status/2105454596600562081,2026-10-01T00:27:47.000Z,en,0,0,0.12
github,https://x.com/i/status/2105454557266403391,2026-10-01T00:27:38.000Z,en,0,0,0.1
github,https://x.com/i/status/2105453894554001782,2026-10-01T00:25:00.000Z,en,10,1,0.11
github,https://x.com/i/status/2105453883703345233,2026-10-01T00:24:57.000Z,en,1,0,0.22
github,https://x.com/i/status/2105453277643211214,2026-10-01T00:22:33.000Z,zxx,1,0,0.08
github,https://x.com/i/status/2105452342976111102,2026-10-01T00:18:50.000Z,zh,1,0,0.06
github,https://x.com/i/status/2105452051337457867,2026-10-01T00:17:41.000Z,fr,0,0,0.04
github,https://x.com/i/status/2105451715004944820,2026-10-01T00:16:20.000Z,en,1,0,0.16
github,https://x.com/i/status/2105450168187552222,2026-10-01T00:10:12.000Z,zxx,7,1,0.08
github,https://x.com/i/status/2105449867531227150,2026-10-01T00:09:00.000Z,zh,0,0,0.1
github,https://x.com/i/status/2105449708965535956,2026-10-01T00:08:22.000Z,en,0,0,0.07
github,https://x.com/i/status/2105449380224614538,2026-10-01T00:07:04.000Z,en,0,0,0.05
github,https://x.com/i/status/2105449194127593700,2026-10-01T00:06:19.000Z,zh,1,0,0.21
github,https://x.com/i/status/2105449046483853606,2026-10-01T00:05:44.000Z,en,0,0,0.08
github,https://x.com/i/status/2105448952506257771,2026-10-01T00:05:22.000Z,zxx,0,0,0.08
github,https://x.com/i/status/2105448314455933265,2026-10-01T00:02:50.000Z,en,1,0,0.1
github,https://x.com/i/status/2105448059031220660,2026-10-01T00:01:49.000Z,zh,0,0,0.07
github,https://x.com/i/status/2105447601780723982,2026-10-01T00:00:00.000Z,zh,0,0,0.09
github,https://x.com/i/status/2105447252772688352,2026-09-30T23:58:37.000Z,en,8,3,0.12
github,https://x.com/i/status/2105445338924343646,2026-09-30T23:51:00.000Z,en,0,0,0.2
github,https://x.com/i/status/2105444590258151901,2026-09-30T23:48:02.000Z,en,2,0,0.14
github,https://x.com/i/status/2105444189584666788,2026-09-30T23:46:26.000Z,en,20,2,0.13
github,https://x.com/i/status/2105443422861742467,2026-09-30T23:43:23.000Z,ja,0,0,0.14
github,https://x.com/i/status/2105443277193498750,2026-09-30T23:42:49.000Z,ja,0,0,0.15
github,https://x.com/i/status/2105443198856520170,2026-09-30T23:42:30.000Z,zxx,0,0,0.08
github,https://x.com/i/status/2105443179164283199,2026-09-30T23:42:25.000Z,zxx,0,0,0.09
github,https://x.com/i/status/2105442518641062146,2026-09-30T23:39:48.000Z,en,1,0,0.07
github,https://x.com/i/status/2105442320284099065,2026-09-30T23:39:01.000Z,en,4,1,0.08
github,https://x.com/i/status/2105442280396218377,2026-09-30T23:38:51.000Z,zh,0,0,0.08
github,https://x.com/i/status/2105441933585957034,2026-09-30T23:37:28.000Z,en,8,2,0.11
github,https://x.com/i/status/2105440932443394461,2026-09-30T23:33:30.000Z,en,4,0,0.12
github,https://x.com/i/status/2105439684029755561,2026-09-30T23:28:32.000Z,en,1,0,0.08
github,https://x.com/i/status/2105439546041368646,2026-09-30T23:27:59.000Z,ja,0,0,0.13
github,https://x.com/i/status/2105439342764200371,2026-09-30T23:27:11.000Z,en,0,0,0.18
github,https://x.com/i/status/2105438735135363334,2026-09-30T23:24:46.000Z,pt,0,0,0.19
github,https://x.com/i/status/2105438505006731685,2026-09-30T23:23:51.000Z,en,0,0,0.12
github,https://x.com/i/status/2105438397242466686,2026-09-30T23:23:25.000Z,en,0,0,0.07
github,https://x.com/i/status/2105438217470435531,2026-09-30T23:22:42.000Z,ko,0,0,0.08
github,https://x.com/i/status/2105437309202292986,2026-09-30T23:19:06.000Z,en,8,1,0.08
github,https://x.com/i/status/2105435326126625038,2026-09-30T23:11:13.000Z,zxx,2,1,0.09
github,https://x.com/i/status/2105435028285239638,2026-09-30T23:10:02.000Z,qme,0,1,0.11
github,https://x.com/i/status/2105434504655426000,2026-09-30T23:07:57.000Z,en,3,0,0.1
github,https://x.com/i/status/2105434463543181747,2026-09-30T23:07:47.000Z,en,8,0,0.13
github,https://x.com/i/status/2105433905663021371,2026-09-30T23:05:34.000Z,en,1,0,0.11
github,https://x.com/i/status/2105433827434971619,2026-09-30T23:05:16.000Z,zxx,1,0,0.1
github,https://x.com/i/status/2105433607619965128,2026-09-30T23:04:23.000Z,en,0,0,0.15
github,https://x.com/i/status/2105433239729107303,2026-09-30T23:02:56.000Z,en,1,0,0.07
github,https://x.com/i/status/2105433068815499585,2026-09-30T23:02:15.000Z,ja,1,0,0.11
github,https://x.com/i/status/2105433016923234801,2026-09-30T23:02:02.000Z,ko,10,4,0.05
github,https://x.com/i/status/2105433005980254601,2026-09-30T23:02:00.000Z,en,0,0,0.12
github,https://x.com/i/status/2105432933339410635,2026-09-30T23:01:43.000Z,zh,0,0,0.14
github,https://x.com/i/status/2105432735577931862,2026-09-30T23:00:55.000Z,en,0,0,0.13
github,https://x.com/i/status/2105432599149646044,2026-09-30T23:00:23.000Z,pt,0,0,0.2
github,https://x.com/i/status/2105432539347443921,2026-09-30T23:00:09.000Z,ja,1,0,0.05
github,https://x.com/i/status/2105432531386655147,2026-09-30T23:00:07.000Z,ja,4,0,0.25
github,https://x.com/i/status/2105432448607662224,2026-09-30T22:59:47.000Z,en,9,6,0.2
github,https://x.com/i/status/2105432430664700029,2026-09-30T22:59:43.000Z,en,1,0,0.08
github,https://x.com/i/status/2105431385901265095,2026-09-30T22:55:34.000Z,ja,1,0,0.14
github,https://x.com/i/status/2105430983331795041,2026-09-30T22:53:58.000Z,zxx,38,14,0.09
github,https://x.com/i/status/2105430961509069055,2026-09-30T22:53:52.000Z,en,0,0,0.1
github,https://x.com/i/status/2105430667806879807,2026-09-30T22:52:42.000Z,en,0,0,0.08
github,https://x.com/i/status/2105430329830101231,2026-09-30T22:51:22.000Z,en,0,0,0.06
github,https://x.com/i/status/2105430244865753414,2026-09-30T22:51:02.000Z,en,2,1,0.08
github,https://x.com/i/status/2105430027508805965,2026-09-30T22:50:10.000Z,en,0,0,0.31
github,https://x.com/i/status/2105430004222087350,2026-09-30T22:50:04.000Z,en,0,0,0.26
github,https://x.com/i/status/2105429980809474508,2026-09-30T22:49:59.000Z,en,0,0,0.18
github,https://x.com/i/status/2105429402960224269,2026-09-30T22:47:41.000Z,en,0,0,0.14
github,https://x.com/i/status/2105429015670776179,2026-09-30T22:46:08.000Z,ja,1,0,0.23
github,https://x.com/i/status/2105428955859697680,2026-09-30T22:45:54.000Z,en,0,0,0.14
github,https://x.com/i/status/2105428193305883092,2026-09-30T22:42:52.000Z,en,0,0,0.13
github,https://x.com/i/status/2105427720792334431,2026-09-30T22:41:00.000Z,en,0,0,0.1
github,https://x.com/i/status/2105427588973994229,2026-09-30T22:40:28.000Z,en,5,4,0.12
github,https://x.com/i/status/2105426633255793010,2026-09-30T22:36:40.000Z,zxx,1,0,0.09
github,https://x.com/i/status/2105425828330783132,2026-09-30T22:33:29.000Z,en,6,0,0.06
github,https://x.com/i/status/2105425687234609391,2026-09-30T22:32:55.000Z,en,0,0,0.12
github,https://x.com/i/status/2105425358170517596,2026-09-30T22:31:36.000Z,ja,0,0,0.05
github,https://x.com/i/status/2105425335810470391,2026-09-30T22:31:31.000Z,en,3,0,0.12
github,https://x.com/i/status/2105425169896653011,2026-09-30T22:30:52.000Z,en,2,0,0.12
github,https://x.com/i/status/2105424533897531840,2026-09-30T22:28:20.000Z,ja,2,0,0.13
github,https://x.com/i/status/2105423671703826943,2026-09-30T22:24:54.000Z,ja,1,0,0.11
github,https://x.com/i/status/2105423415137959992,2026-09-30T22:23:53.000Z,en,1,0,0.25
github,https://x.com/i/status/2105422850115219815,2026-09-30T22:21:38.000Z,zxx,3,0,0.09
tdd,https://x.com/i/status/2105401230835187769,2026-09-30T20:55:44.000Z,zh,0,0,0.34
tdd,https://x.com/i/status/2105348884704923849,2026-09-30T17:27:44.000Z,en,0,0,0.79
tdd,https://x.com/i/status/2105293207521091832,2026-09-30T13:46:29.000Z,en,57,22,0.74
tdd,https://x.com/i/status/2105284536284090435,2026-09-30T13:12:02.000Z,en,1,1,0.57
tdd,https://x.com/i/status/2105254330626351118,2026-09-30T11:12:00.000Z,en,0,0,0.86
tdd,https://x.com/i/status/2105252564623311263,2026-09-30T11:04:59.000Z,en,0,0,0.92
tdd,https://x.com/i/status/2105252031564804209,2026-09-30T11:02:52.000Z,en,0,0,0.9
tdd,https://x.com/i/status/2105248152022610164,2026-09-30T10:47:27.000Z,zh,0,0,0.81
tdd,https://x.com/i/status/2105161961998533052,2026-09-30T05:04:58.000Z,tr,0,0,0.3
tdd,https://x.com/i/status/2105125983099732112,2026-09-30T02:42:00.000Z,zh,3,0,0.13
tdd,https://x.com/i/status/2105124806559752650,2026-09-30T02:37:19.000Z,zh,0,0,0.3
tdd,https://x.com/i/status/2105111280759533832,2026-09-30T01:43:35.000Z,en,0,0,0.63
tdd,https://x.com/i/status/2105096577563955431,2026-09-30T00:45:09.000Z,en,1,0,0.92
tdd,https://x.com/i/status/2105010792110100706,2026-09-29T19:04:16.000Z,en,1,0,0.45
tdd,https://x.com/i/status/2104948862708318549,2026-09-29T14:58:11.000Z,en,0,0,0.03
tdd,https://x.com/i/status/2104917617337135509,2026-09-29T12:54:02.000Z,en,2,0,0.15
tdd,https://x.com/i/status/2104913641426301092,2026-09-29T12:38:14.000Z,en,4,0,0.35
tdd,https://x.com/i/status/2104910287971233902,2026-09-29T12:24:54.000Z,pt,4,0,0.57
tdd,https://x.com/i/status/2104851423959851119,2026-09-29T08:31:00.000Z,en,318,25,0.52
tdd,https://x.com/i/status/2104804347788058745,2026-09-29T05:23:56.000Z,en,2,0,0.13
tdd,https://x.com/i/status/2104779003915825451,2026-09-29T03:43:14.000Z,ja,0,0,0.48
tdd,https://x.com/i/status/2104714012495884369,2026-09-28T23:24:58.000Z,en,0,0,0.54
tdd,https://x.com/i/status/2104602063959175263,2026-09-28T16:00:08.000Z,en,0,0,0.46
tdd,https://x.com/i/status/2104586196206997592,2026-09-28T14:57:05.000Z,en,3,0,0.43
tdd,https://x.com/i/status/2104548793572008375,2026-09-28T12:28:27.000Z,en,1,0,0.3
tdd,https://x.com/i/status/2104462246688788879,2026-09-28T06:44:33.000Z,en,0,0,0.51
tdd,https://x.com/i/status/2104253427622768670,2026-09-27T16:54:46.000Z,en,45,1,0.89
tdd,https://x.com/i/status/2104247974977306788,2026-09-27T16:33:06.000Z,en,0,0,0.76
tdd,https://x.com/i/status/2104235653802459475,2026-09-27T15:44:09.000Z,en,3,0,0.83
tdd,https://x.com/i/status/2104202743762100310,2026-09-27T13:33:22.000Z,fr,2,0,0.67
tdd,https://x.com/i/status/2104184919513510397,2026-09-27T12:22:33.000Z,en,0,0,0.41
tdd,https://x.com/i/status/2104144094704423011,2026-09-27T09:40:19.000Z,en,0,0,0.11
tdd,https://x.com/i/status/2104099730544583107,2026-09-27T06:44:02.000Z,en,3,5,0.06
tdd,https://x.com/i/status/2103984534702157836,2026-09-26T23:06:17.000Z,es,0,0,0.79
tdd,https://x.com/i/status/2103951344675496141,2026-09-26T20:54:24.000Z,en,0,0,0.92
tdd,https://x.com/i/status/2103888335509016868,2026-09-26T16:44:02.000Z,en,1,0,0.48
tdd,https://x.com/i/status/2103877386882146548,2026-09-26T16:00:31.000Z,en,12,4,0.88
tdd,https://x.com/i/status/2103873439765242269,2026-09-26T15:44:50.000Z,pt,0,0,0.07
tdd,https://x.com/i/status/2103857066725286280,2026-09-26T14:39:47.000Z,zxx,2,0,0.11
tdd,https://x.com/i/status/2103845309545693538,2026-09-26T13:53:04.000Z,en,44,9,0.31
tdd,https://x.com/i/status/2103834270095827317,2026-09-26T13:09:11.000Z,en,3,0,0.11
tdd,https://x.com/i/status/2103816870587715846,2026-09-26T12:00:03.000Z,en,5,0,0.5
tdd,https://x.com/i/status/2103764437643472938,2026-09-26T08:31:42.000Z,en,0,0,0.37
tdd,https://x.com/i/status/2103725752009044013,2026-09-26T05:57:59.000Z,en,96,6,0.03
tdd,https://x.com/i/status/2103718365894213923,2026-09-26T05:28:38.000Z,en,0,0,0.61
tdd,https://x.com/i/status/2103687573948235923,2026-09-26T03:26:16.000Z,en,6,0,0.17
tdd,https://x.com/i/status/2103651219713691668,2026-09-26T01:01:49.000Z,ja,70,10,0.89
tdd,https://x.com/i/status/2103606451625402430,2026-09-25T22:03:55.000Z,en,1,0,0.95
tdd,https://x.com/i/status/2103526385465921983,2026-09-25T16:45:46.000Z,en,0,0,0.2
tdd,https://x.com/i/status/2103492883479196064,2026-09-25T14:32:39.000Z,en,1,0,0.76
tdd,https://x.com/i/status/2103492506013077652,2026-09-25T14:31:09.000Z,ja,1,0,0.88
tdd,https://x.com/i/status/2103477321697280173,2026-09-25T13:30:48.000Z,en,1,0,0.6
tdd,https://x.com/i/status/2103462008821514716,2026-09-25T12:29:57.000Z,en,0,0,0.89
tdd,https://x.com/i/status/2103443217912152554,2026-09-25T11:15:17.000Z,en,0,0,0.5
tdd,https://x.com/i/status/2103433581292900553,2026-09-25T10:37:00.000Z,ja,6,0,0.68
tdd,https://x.com/i/status/2103433480919240915,2026-09-25T10:36:36.000Z,en,1,0,0.61
tdd,https://x.com/i/status/2103353556262961308,2026-09-25T05:19:00.000Z,en,2,0,0.8
tdd,https://x.com/i/status/2103310499526197703,2026-09-25T02:27:55.000Z,en,43,4,0.17
tdd,https://x.com/i/status/2103287635196424403,2026-09-25T00:57:04.000Z,en,0,0,0.4
tdd,https://x.com/i/status/2103260323075469582,2026-09-24T23:08:32.000Z,en,153,3,0.11
tdd,https://x.com/i/status/2103199126729175072,2026-09-24T19:05:22.000Z,en,1,1,0.75
tdd,https://x.com/i/status/2103178759755243865,2026-09-24T17:44:26.000Z,tr,6,1,0.11
tdd,https://x.com/i/status/2103140455911440423,2026-09-24T15:12:13.000Z,en,1,0,0.68
tdd,https://x.com/i/status/2103111307545198779,2026-09-24T13:16:24.000Z,en,0,0,0.83
tdd,https://x.com/i/status/2103099606858928281,2026-09-24T12:29:54.000Z,en,8,0,0.45
tdd,https://x.com/i/status/2103097499942605194,2026-09-24T12:21:32.000Z,zxx,1,1,0.09
tdd,https://x.com/i/status/2103091775410000279,2026-09-24T11:58:47.000Z,en,46,12,0.09
tdd,https://x.com/i/status/2103088051542974772,2026-09-24T11:43:59.000Z,en,8,4,0.08
tdd,https://x.com/i/status/2103064649969111380,2026-09-24T10:11:00.000Z,en,1,0,0.17
tdd,https://x.com/i/status/2103049602664386868,2026-09-24T09:11:12.000Z,en,1,0,0.53
tdd,https://x.com/i/status/2103018313777283255,2026-09-24T07:06:52.000Z,en,0,0,0.11
tdd,https://x.com/i/status/2103006085833433256,2026-09-24T06:18:17.000Z,tr,2,1,0.79
tdd,https://x.com/i/status/2102969795738255363,2026-09-24T03:54:05.000Z,zxx,0,0,0.15
tdd,https://x.com/i/status/2102967237082841092,2026-09-24T03:43:55.000Z,zh,29,1,0.49
ontology,https://x.com/i/status/2105455419191689352,2026-10-01T00:31:04.000Z,en,0,0,0.03
ontology,https://x.com/i/status/2105454618176102414,2026-10-01T00:27:53.000Z,en,0,0,0.04
ontology,https://x.com/i/status/2105454334876246028,2026-10-01T00:26:45.000Z,zxx,1,0,0.08
ontology,https://x.com/i/status/2105411651671404906,2026-09-30T21:37:09.000Z,en,0,0,0.11
ontology,https://x.com/i/status/2105388643649040562,2026-09-30T20:05:43.000Z,en,2,0,0.46
ontology,https://x.com/i/status/2105359365418979648,2026-09-30T18:09:23.000Z,en,0,0,0.08
ontology,https://x.com/i/status/2105358058365067351,2026-09-30T18:04:11.000Z,en,4,0,0.68
ontology,https://x.com/i/status/2105356570586386908,2026-09-30T17:58:16.000Z,en,0,0,0.1
ontology,https://x.com/i/status/2105317759135498291,2026-09-30T15:24:03.000Z,en,19,1,0.08
ontology,https://x.com/i/status/2105316503453127140,2026-09-30T15:19:03.000Z,en,0,0,0.15
ontology,https://x.com/i/status/2105293838533394939,2026-09-30T13:49:00.000Z,en,0,0,0.51
ontology,https://x.com/i/status/2105250710602568106,2026-09-30T10:57:37.000Z,en,2,0,0.24
ontology,https://x.com/i/status/2105159806612816091,2026-09-30T04:56:24.000Z,en,3,0,0.64
ontology,https://x.com/i/status/2105109877437960568,2026-09-30T01:38:00.000Z,zh,13,6,0.64
ontology,https://x.com/i/status/2105107361908064589,2026-09-30T01:28:00.000Z,en,1,0,0.14
ontology,https://x.com/i/status/2105087277450076646,2026-09-30T00:08:12.000Z,en,3,0,0.6
ontology,https://x.com/i/status/2105080278763098551,2026-09-29T23:40:23.000Z,en,1,0,0.63
ontology,https://x.com/i/status/2105055542074904995,2026-09-29T22:02:05.000Z,en,0,0,0.13
ontology,https://x.com/i/status/2105018610628407703,2026-09-29T19:35:20.000Z,en,0,0,0.04
ontology,https://x.com/i/status/2105017148552704252,2026-09-29T19:29:32.000Z,en,0,0,0.06
ontology,https://x.com/i/status/2104992519234654483,2026-09-29T17:51:40.000Z,en,1,0,0.38
ontology,https://x.com/i/status/2104984983118950763,2026-09-29T17:21:43.000Z,en,0,0,0.06
ontology,https://x.com/i/status/2104956935678181497,2026-09-29T15:30:16.000Z,en,80,7,0.07
ontology,https://x.com/i/status/2104950282727600566,2026-09-29T15:03:50.000Z,en,0,0,0.58
ontology,https://x.com/i/status/2104919817702527402,2026-09-29T13:02:46.000Z,en,0,0,0.06
ontology,https://x.com/i/status/2104919778846552069,2026-09-29T13:02:37.000Z,en,1,0,0.06
ontology,https://x.com/i/status/2104902412808954251,2026-09-29T11:53:37.000Z,en,0,0,0.13
ontology,https://x.com/i/status/2104853924851445954,2026-09-29T08:40:56.000Z,ja,0,0,0.67
ontology,https://x.com/i/status/2104847380814401687,2026-09-29T08:14:56.000Z,ja,11,1,0.43
ontology,https://x.com/i/status/2104837713736159676,2026-09-29T07:36:31.000Z,en,11,8,0.52
ontology,https://x.com/i/status/2104833570342658151,2026-09-29T07:20:03.000Z,en,6,0,0.37
ontology,https://x.com/i/status/2104821319443661262,2026-09-29T06:31:22.000Z,en,2,1,0.63
ontology,https://x.com/i/status/2104773845622378660,2026-09-29T03:22:44.000Z,ja,6,3,0.55
ontology,https://x.com/i/status/2104771066145259965,2026-09-29T03:11:41.000Z,zxx,0,0,0.14
ontology,https://x.com/i/status/2104754715359903762,2026-09-29T02:06:43.000Z,zxx,2,1,0.15
ontology,https://x.com/i/status/2104739506893271353,2026-09-29T01:06:17.000Z,zxx,10,2,0.14
ontology,https://x.com/i/status/2104697069302870045,2026-09-28T22:17:39.000Z,en,1,0,0.66
ontology,https://x.com/i/status/2104695604085666188,2026-09-28T22:11:50.000Z,en,1,0,0.61
ontology,https://x.com/i/status/2104675604406628825,2026-09-28T20:52:21.000Z,en,1,0,0.65
ontology,https://x.com/i/status/2104655248044544051,2026-09-28T19:31:28.000Z,en,3,0,0.21
ontology,https://x.com/i/status/2104641093036118325,2026-09-28T18:35:13.000Z,en,0,1,0.05
ontology,https://x.com/i/status/2104632936511475792,2026-09-28T18:02:48.000Z,en,0,0,0.8
ontology,https://x.com/i/status/2104632588279415180,2026-09-28T18:01:25.000Z,en,2,0,0.37
ontology,https://x.com/i/status/2104628914647937474,2026-09-28T17:46:50.000Z,en,0,0,0.77
ontology,https://x.com/i/status/2104624788023198042,2026-09-28T17:30:26.000Z,en,1,0,0.65
ontology,https://x.com/i/status/2104623068194672739,2026-09-28T17:23:36.000Z,en,1,0,0.06
ontology,https://x.com/i/status/2104615324855517343,2026-09-28T16:52:49.000Z,en,1,0,0.74
ontology,https://x.com/i/status/2104613637533089984,2026-09-28T16:46:07.000Z,en,10,7,0.39
ontology,https://x.com/i/status/2104606560726978785,2026-09-28T16:18:00.000Z,en,1,0,0.11
ontology,https://x.com/i/status/2104604060825367006,2026-09-28T16:08:04.000Z,en,12,0,0.68
ontology,https://x.com/i/status/2104598883498094958,2026-09-28T15:47:30.000Z,en,1,0,0.1
ontology,https://x.com/i/status/2104586572100448446,2026-09-28T14:58:34.000Z,en,0,0,0.05
ontology,https://x.com/i/status/2104545453035471141,2026-09-28T12:15:11.000Z,en,0,0,0.16
ontology,https://x.com/i/status/2104542893700440304,2026-09-28T12:05:01.000Z,en,0,0,0.14
ontology,https://x.com/i/status/2104540551072604214,2026-09-28T11:55:42.000Z,en,0,0,0.17
ontology,https://x.com/i/status/2104539662526108032,2026-09-28T11:52:10.000Z,en,0,0,0.11
ontology,https://x.com/i/status/2104537912683479453,2026-09-28T11:45:13.000Z,en,0,0,0.17
ontology,https://x.com/i/status/2104536955459453437,2026-09-28T11:41:25.000Z,en,0,0,0.09
ontology,https://x.com/i/status/2104530096975647175,2026-09-28T11:14:10.000Z,en,1,0,0.78
ontology,https://x.com/i/status/2104496428861313521,2026-09-28T09:00:22.000Z,ja,0,0,0.33
ontology,https://x.com/i/status/2104490892979818723,2026-09-28T08:38:23.000Z,zxx,1,0,0.12
ontology,https://x.com/i/status/2104490498987905095,2026-09-28T08:36:49.000Z,en,3,0,0.56
ontology,https://x.com/i/status/2104480802868478109,2026-09-28T07:58:17.000Z,zxx,0,1,0.18
ontology,https://x.com/i/status/2104473957701214461,2026-09-28T07:31:05.000Z,en,4,0,0.54
ontology,https://x.com/i/status/2104469919563673708,2026-09-28T07:15:02.000Z,en,3,0,0.56
ontology,https://x.com/i/status/2104468940394987671,2026-09-28T07:11:09.000Z,en,3,0,0.61
ontology,https://x.com/i/status/2104460110512750854,2026-09-28T06:36:03.000Z,en,0,0,0.71
ontology,https://x.com/i/status/2104446683950301213,2026-09-28T05:42:42.000Z,zh,8,3,0.51
ontology,https://x.com/i/status/2104442723944329385,2026-09-28T05:26:58.000Z,zh,52,40,0.53
ontology,https://x.com/i/status/2104442556083794155,2026-09-28T05:26:18.000Z,en,4,0,0.64
ontology,https://x.com/i/status/2104423177317142626,2026-09-28T04:09:18.000Z,en,1,1,0.05
ontology,https://x.com/i/status/2104404443668021728,2026-09-28T02:54:51.000Z,en,1,0,0.05
ontology,https://x.com/i/status/2104366327834309091,2026-09-28T00:23:24.000Z,en,2,0,0.11
ontology,https://x.com/i/status/2104313578257858848,2026-09-27T20:53:47.000Z,en,2,1,0.05
ontology,https://x.com/i/status/2104263416252625124,2026-09-27T17:34:28.000Z,zxx,146,20,0.11
ontology,https://x.com/i/status/2104260245346193728,2026-09-27T17:21:52.000Z,en,1,0,0.05
ontology,https://x.com/i/status/2104219802558505000,2026-09-27T14:41:10.000Z,en,1,0,0.42
ontology,https://x.com/i/status/2104215466939945452,2026-09-27T14:23:56.000Z,en,4,0,0.69
ontology,https://x.com/i/status/2104213422841921554,2026-09-27T14:15:49.000Z,en,1,0,0.7
ontology,https://x.com/i/status/2104212807528902733,2026-09-27T14:13:22.000Z,en,2,0,0.64
ontology,https://x.com/i/status/2104212206095110180,2026-09-27T14:10:58.000Z,en,24,4,0.09
ontology,https://x.com/i/status/2104206006938956194,2026-09-27T13:46:20.000Z,en,1,0,0.14
ontology,https://x.com/i/status/2104203116560499005,2026-09-27T13:34:51.000Z,en,1,0,0.57
ontology,https://x.com/i/status/2104200799207202964,2026-09-27T13:25:39.000Z,en,5,0,0.1
ontology,https://x.com/i/status/2104172198537855432,2026-09-27T11:32:00.000Z,en,6,0,0.13
ontology,https://x.com/i/status/2104165160260673853,2026-09-27T11:04:02.000Z,en,1,0,0.68
ontology,https://x.com/i/status/2104161063444881654,2026-09-27T10:47:45.000Z,en,0,0,0.73
ontology,https://x.com/i/status/2104160128220184921,2026-09-27T10:44:02.000Z,zh,48,43,0.11
ontology,https://x.com/i/status/2104089267601555585,2026-09-27T06:02:28.000Z,en,1,1,0.73
ontology,https://x.com/i/status/2104087992126029844,2026-09-27T05:57:24.000Z,en,2,0,0.49
ontology,https://x.com/i/status/2104051088043159630,2026-09-27T03:30:45.000Z,en,0,0,0.09
ontology,https://x.com/i/status/2104048416854798706,2026-09-27T03:20:08.000Z,en,1,0,0.07
ontology,https://x.com/i/status/2104037079323983950,2026-09-27T02:35:05.000Z,en,3,0,0.56
ontology,https://x.com/i/status/2104029375528132762,2026-09-27T02:04:28.000Z,en,1,0,0.66
ontology,https://x.com/i/status/2104012708790350083,2026-09-27T00:58:15.000Z,en,0,0,0.1
ontology,https://x.com/i/status/2104010538602873129,2026-09-27T00:49:37.000Z,en,39,1,0.56
ontology,https://x.com/i/status/2104002964956598428,2026-09-27T00:19:31.000Z,en,2,0,0.41
ontology,https://x.com/i/status/2104002563733618733,2026-09-27T00:17:56.000Z,zxx,0,0,0.12
ontology,https://x.com/i/status/2103996037451198934,2026-09-26T23:52:00.000Z,en,2,0,0.69
ontology,https://x.com/i/status/2103995235378278813,2026-09-26T23:48:49.000Z,en,0,0,0.09
agent-browser,https://x.com/i/status/2105444050505805980,2026-09-30T23:45:53.000Z,en,1,0,0.95
agent-browser,https://x.com/i/status/2105399638773866637,2026-09-30T20:49:24.000Z,en,1,0,0.77
agent-browser,https://x.com/i/status/2105397167267500099,2026-09-30T20:39:35.000Z,en,35,1,0.8
agent-browser,https://x.com/i/status/2105377879613702400,2026-09-30T19:22:57.000Z,en,0,0,0.83
agent-browser,https://x.com/i/status/2105374220280860889,2026-09-30T19:08:24.000Z,en,0,0,0.18
agent-browser,https://x.com/i/status/2105359494741970978,2026-09-30T18:09:53.000Z,en,0,0,0.97
agent-browser,https://x.com/i/status/2105298467601965496,2026-09-30T14:07:23.000Z,en,0,0,0.13
agent-browser,https://x.com/i/status/2105294182533480867,2026-09-30T13:50:22.000Z,en,0,0,0.27
agent-browser,https://x.com/i/status/2105281421078319213,2026-09-30T12:59:39.000Z,en,5,0,0.91
agent-browser,https://x.com/i/status/2105275246588887293,2026-09-30T12:35:07.000Z,zh,0,0,0.95
agent-browser,https://x.com/i/status/2105274006269997538,2026-09-30T12:30:11.000Z,en,0,0,0.9
agent-browser,https://x.com/i/status/2105273832156344683,2026-09-30T12:29:30.000Z,en,1,0,0.11
agent-browser,https://x.com/i/status/2105273449010635052,2026-09-30T12:27:58.000Z,en,0,0,0.08
agent-browser,https://x.com/i/status/2105266321193889902,2026-09-30T11:59:39.000Z,zh,0,0,0.93
agent-browser,https://x.com/i/status/2105242194110017808,2026-09-30T10:23:47.000Z,en,0,0,0.52
agent-browser,https://x.com/i/status/2105241336269942927,2026-09-30T10:20:22.000Z,en,2,0,0.77
agent-browser,https://x.com/i/status/2105240639848022463,2026-09-30T10:17:36.000Z,en,2,0,0.82
agent-browser,https://x.com/i/status/2105228660189925401,2026-09-30T09:30:00.000Z,tr,1,0,0.15
agent-browser,https://x.com/i/status/2105217594768896412,2026-09-30T08:46:02.000Z,en,37,2,0.95
agent-browser,https://x.com/i/status/2105202835134857560,2026-09-30T07:47:23.000Z,zh,3,0,0.91
agent-browser,https://x.com/i/status/2105192359403131321,2026-09-30T07:05:45.000Z,en,3,2,0.9
agent-browser,https://x.com/i/status/2105189734377267290,2026-09-30T06:55:19.000Z,en,1,0,0.36
agent-browser,https://x.com/i/status/2105179993185583531,2026-09-30T06:16:37.000Z,en,4,0,0.37
agent-browser,https://x.com/i/status/2105158594316693883,2026-09-30T04:51:35.000Z,en,0,0,0.8
agent-browser,https://x.com/i/status/2105149339068743881,2026-09-30T04:14:48.000Z,en,0,0,0.92
agent-browser,https://x.com/i/status/2105146145899221335,2026-09-30T04:02:07.000Z,en,1,0,0.87
agent-browser,https://x.com/i/status/2105140515377205252,2026-09-30T03:39:45.000Z,en,1,0,0.72
agent-browser,https://x.com/i/status/2105110242967310391,2026-09-30T01:39:27.000Z,en,0,0,0.18
agent-browser,https://x.com/i/status/2105097831769923828,2026-09-30T00:50:08.000Z,en,1,0,0.89
agent-browser,https://x.com/i/status/2105013625924583424,2026-09-29T19:15:32.000Z,en,3,0,0.37
agent-browser,https://x.com/i/status/2104990403736809669,2026-09-29T17:43:15.000Z,en,11,1,0.11
agent-browser,https://x.com/i/status/2104989512174866509,2026-09-29T17:39:43.000Z,en,9,0,0.33
agent-browser,https://x.com/i/status/2104976851974447612,2026-09-29T16:49:24.000Z,en,4,0,0.88
agent-browser,https://x.com/i/status/2104970808389251483,2026-09-29T16:25:23.000Z,zh,0,0,0.95
agent-browser,https://x.com/i/status/2104946662984782095,2026-09-29T14:49:27.000Z,en,0,0,0.95
agent-browser,https://x.com/i/status/2104937707243807062,2026-09-29T14:13:51.000Z,en,1,0,0.31
agent-browser,https://x.com/i/status/2104933954705105259,2026-09-29T13:58:57.000Z,en,2,1,0.62
agent-browser,https://x.com/i/status/2104933563976360121,2026-09-29T13:57:24.000Z,en,2,0,0.23
agent-browser,https://x.com/i/status/2104928025234350083,2026-09-29T13:35:23.000Z,zh,1,0,0.94
agent-browser,https://x.com/i/status/2104923533184839952,2026-09-29T13:17:32.000Z,en,6,2,0.09
agent-browser,https://x.com/i/status/2104916799091593709,2026-09-29T12:50:47.000Z,zh,19,0,0.95
agent-browser,https://x.com/i/status/2104899742044131422,2026-09-29T11:43:00.000Z,ja,2,0,0.93
agent-browser,https://x.com/i/status/2104882814361509968,2026-09-29T10:35:44.000Z,en,0,0,0.81
agent-browser,https://x.com/i/status/2104877875463627143,2026-09-29T10:16:06.000Z,en,1,0,0.85
agent-browser,https://x.com/i/status/2104851675085488622,2026-09-29T08:32:00.000Z,zh,0,0,0.95
agent-browser,https://x.com/i/status/2104802609009762598,2026-09-29T05:17:01.000Z,es,0,0,0.93
agent-browser,https://x.com/i/status/2104739995017760942,2026-09-29T01:08:13.000Z,en,0,0,0.47
agent-browser,https://x.com/i/status/2104739919100813531,2026-09-29T01:07:55.000Z,en,0,0,0.47
agent-browser,https://x.com/i/status/2104737211417584066,2026-09-29T00:57:09.000Z,en,0,0,0.89
agent-browser,https://x.com/i/status/2104699390682341791,2026-09-28T22:26:52.000Z,en,8,1,0.38
agent-browser,https://x.com/i/status/2104676521311187023,2026-09-28T20:56:00.000Z,en,0,0,0.18
agent-browser,https://x.com/i/status/2104666456000700826,2026-09-28T20:16:00.000Z,en,2,1,0.89
agent-browser,https://x.com/i/status/2104647375298154893,2026-09-28T19:00:11.000Z,en,0,0,0.94
agent-browser,https://x.com/i/status/2104645818896814514,2026-09-28T18:54:00.000Z,en,2,0,0.24
agent-browser,https://x.com/i/status/2104628127167107543,2026-09-28T17:43:42.000Z,en,0,0,0.22
agent-browser,https://x.com/i/status/2104601024195358990,2026-09-28T15:56:00.000Z,en,2,0,0.79
agent-browser,https://x.com/i/status/2104600737644794162,2026-09-28T15:54:52.000Z,pt,1,0,0.95
agent-browser,https://x.com/i/status/2104589196736266567,2026-09-28T15:09:00.000Z,en,4,1,0.78
agent-browser,https://x.com/i/status/2104587888054984876,2026-09-28T15:03:48.000Z,en,1,0,0.84
agent-browser,https://x.com/i/status/2104578281274220877,2026-09-28T14:25:38.000Z,en,1,0,0.94
agent-browser,https://x.com/i/status/2104556004252008510,2026-09-28T12:57:06.000Z,zxx,7,5,0.15
agent-browser,https://x.com/i/status/2104549000443482380,2026-09-28T12:29:16.000Z,en,0,0,0.96
agent-browser,https://x.com/i/status/2104541288850731447,2026-09-28T11:58:38.000Z,en,0,0,0.94
agent-browser,https://x.com/i/status/2104534850413936893,2026-09-28T11:33:03.000Z,en,0,0,0.92
agent-browser,https://x.com/i/status/2104511862096249128,2026-09-28T10:01:42.000Z,en,0,0,0.85
agent-browser,https://x.com/i/status/2104511844421366134,2026-09-28T10:01:38.000Z,en,0,0,0.77
agent-browser,https://x.com/i/status/2104481297783468431,2026-09-28T08:00:15.000Z,en,2,0,0.86
agent-browser,https://x.com/i/status/2104477444371521549,2026-09-28T07:44:56.000Z,en,172,14,0.04
agent-browser,https://x.com/i/status/2104476922344587654,2026-09-28T07:42:52.000Z,zh,1,0,0.23
agent-browser,https://x.com/i/status/2104473590733140088,2026-09-28T07:29:37.000Z,en,2,0,0.92
agent-browser,https://x.com/i/status/2104421925455909102,2026-09-28T04:04:19.000Z,en,0,0,0.23
agent-browser,https://x.com/i/status/2104406990520725729,2026-09-28T03:04:59.000Z,en,2,0,0.19
agent-browser,https://x.com/i/status/2104406847218401362,2026-09-28T03:04:25.000Z,pt,2,0,0.19
agent-browser,https://x.com/i/status/2104378928148390192,2026-09-28T01:13:28.000Z,en,1,0,0.71
agent-browser,https://x.com/i/status/2104366707145920779,2026-09-28T00:24:54.000Z,en,28,3,0.35
agent-browser,https://x.com/i/status/2104356285726773472,2026-09-27T23:43:30.000Z,en,1,0,0.92
agent-browser,https://x.com/i/status/2104292523573383474,2026-09-27T19:30:08.000Z,en,4,0,0.83
agent-browser,https://x.com/i/status/2104269187078308329,2026-09-27T17:57:24.000Z,en,0,0,0.94
agent-browser,https://x.com/i/status/2104268037348364377,2026-09-27T17:52:50.000Z,en,1,0,0.1
agent-browser,https://x.com/i/status/2104229110189011324,2026-09-27T15:18:09.000Z,ja,2,0,0.93
agent-browser,https://x.com/i/status/2104228950616748088,2026-09-27T15:17:31.000Z,zh,17,0,0.09
agent-browser,https://x.com/i/status/2104223730234757350,2026-09-27T14:56:46.000Z,pt,0,0,0.78
agent-browser,https://x.com/i/status/2104214756731261011,2026-09-27T14:21:07.000Z,zh,0,0,0.83
agent-browser,https://x.com/i/status/2104213171603202346,2026-09-27T14:14:49.000Z,en,1,0,0.95
agent-browser,https://x.com/i/status/2104196609445597611,2026-09-27T13:09:00.000Z,en,1,0,0.17
agent-browser,https://x.com/i/status/2104165278284153181,2026-09-27T11:04:30.000Z,en,1,0,0.95
agent-browser,https://x.com/i/status/2104158860068175886,2026-09-27T10:39:00.000Z,en,2,0,0.92
agent-browser,https://x.com/i/status/2104113499630944284,2026-09-27T07:38:45.000Z,ja,3,1,0.05
agent-browser,https://x.com/i/status/2104031620768694438,2026-09-27T02:13:24.000Z,pt,1,0,0.96
agent-browser,https://x.com/i/status/2103950056332447850,2026-09-26T20:49:17.000Z,en,2,1,0.11
agent-browser,https://x.com/i/status/2103904144289390899,2026-09-26T17:46:51.000Z,zxx,40,3,0.17
agent-browser,https://x.com/i/status/2103899324811972778,2026-09-26T17:27:42.000Z,en,0,0,0.75
agent-browser,https://x.com/i/status/2103880490910372234,2026-09-26T16:12:51.000Z,en,0,0,0.88
agent-browser,https://x.com/i/status/2103808885777997982,2026-09-26T11:28:19.000Z,en,0,0,0.88
agent-browser,https://x.com/i/status/2103799045865218283,2026-09-26T10:49:13.000Z,en,3,0,0.87
agent-browser,https://x.com/i/status/2103795253299794050,2026-09-26T10:34:09.000Z,en,0,0,0.82
agent-browser,https://x.com/i/status/2103745081987772846,2026-09-26T07:14:47.000Z,en,1,0,0.93
agent-browser,https://x.com/i/status/2103727197253194194,2026-09-26T06:03:43.000Z,ja,0,0,0.94
agent-browser,https://x.com/i/status/2103687543564927358,2026-09-26T03:26:09.000Z,en,6,0,0.9
agent-browser,https://x.com/i/status/2103680962022248520,2026-09-26T03:00:00.000Z,en,0,0,0.81
gog,https://x.com/i/status/2105318438537154565,2026-09-30T15:26:45.000Z,en,2,1,0.19
gog,https://x.com/i/status/2105222922239422727,2026-09-30T09:07:12.000Z,en,0,0,0.02
gog,https://x.com/i/status/2105149126086402368,2026-09-30T04:13:58.000Z,en,3,0,0.02
gog,https://x.com/i/status/2104690664927793451,2026-09-28T21:52:12.000Z,en,25,0,0.03
gog,https://x.com/i/status/2104468565554503766,2026-09-28T07:09:39.000Z,en,0,0,0.11
gog,https://x.com/i/status/2104466369802547222,2026-09-28T07:00:56.000Z,en,0,0,0.02
gog,https://x.com/i/status/2104256401291792721,2026-09-27T17:06:35.000Z,en,2,0,0.02
gog,https://x.com/i/status/2104242885088698383,2026-09-27T16:12:53.000Z,en,0,0,0.8
gog,https://x.com/i/status/2104144976318017584,2026-09-27T09:43:50.000Z,en,0,0,0.03
gog,https://x.com/i/status/2103455156117397664,2026-09-25T12:02:44.000Z,en,0,0,0.02
gog,https://x.com/i/status/2103197257487294688,2026-09-24T18:57:56.000Z,en,0,0,0.67
gog,https://x.com/i/status/2103082451115421837,2026-09-24T11:21:44.000Z,en,1,0,0.04
frontend-design,https://x.com/i/status/2105418408208544085,2026-09-30T22:03:59.000Z,en,1,0,0.84
frontend-design,https://x.com/i/status/2105386370500034987,2026-09-30T19:56:41.000Z,zxx,0,0,0.14
frontend-design,https://x.com/i/status/2105372308722331985,2026-09-30T19:00:48.000Z,en,0,0,0.03
frontend-design,https://x.com/i/status/2105358650650890634,2026-09-30T18:06:32.000Z,en,2,0,0.82
frontend-design,https://x.com/i/status/2105355010355896755,2026-09-30T17:52:04.000Z,en,0,0,0.92
frontend-design,https://x.com/i/status/2105311836190978392,2026-09-30T15:00:31.000Z,zxx,12,1,0.26
frontend-design,https://x.com/i/status/2105281344834040199,2026-09-30T12:59:21.000Z,zxx,13,5,0.29
frontend-design,https://x.com/i/status/2105258083609985101,2026-09-30T11:26:55.000Z,und,0,0,0.09
frontend-design,https://x.com/i/status/2105073010713764251,2026-09-29T23:11:30.000Z,en,5,0,0.46
frontend-design,https://x.com/i/status/2105060379868979492,2026-09-29T22:21:19.000Z,pt,0,0,0.94
frontend-design,https://x.com/i/status/2105040956886004131,2026-09-29T21:04:08.000Z,en,0,0,0.85
frontend-design,https://x.com/i/status/2105040505000034809,2026-09-29T21:02:20.000Z,en,0,0,0.55
frontend-design,https://x.com/i/status/2105002654003028313,2026-09-29T18:31:56.000Z,ja,1,0,0.9
frontend-design,https://x.com/i/status/2104934232036434078,2026-09-29T14:00:03.000Z,en,16,2,0.37
frontend-design,https://x.com/i/status/2104853185127227484,2026-09-29T08:38:00.000Z,zh,2,0,0.93
frontend-design,https://x.com/i/status/2104768267600408770,2026-09-29T03:00:34.000Z,en,0,0,0.39
frontend-design,https://x.com/i/status/2104768266237329445,2026-09-29T03:00:34.000Z,en,1,0,0.97
frontend-design,https://x.com/i/status/2104678279651434659,2026-09-28T21:02:59.000Z,en,1,0,0.56
frontend-design,https://x.com/i/status/2104654059982487962,2026-09-28T19:26:45.000Z,en,1,0,0.44
frontend-design,https://x.com/i/status/2104636759753867431,2026-09-28T18:18:00.000Z,en,1,0,0.42
frontend-design,https://x.com/i/status/2104633022926450842,2026-09-28T18:03:09.000Z,en,0,0,0.27
frontend-design,https://x.com/i/status/2104618101514125578,2026-09-28T17:03:51.000Z,en,0,0,0.97
frontend-design,https://x.com/i/status/2104593356332343470,2026-09-28T15:25:32.000Z,zxx,17,0,0.24
frontend-design,https://x.com/i/status/2104591270568206487,2026-09-28T15:17:14.000Z,ja,0,0,0.95
frontend-design,https://x.com/i/status/2104586920361590907,2026-09-28T14:59:57.000Z,zxx,30,1,0.27
frontend-design,https://x.com/i/status/2104585635772211225,2026-09-28T14:54:51.000Z,en,0,0,0.74
frontend-design,https://x.com/i/status/2104568262042464460,2026-09-28T13:45:49.000Z,ja,1,0,0.97
frontend-design,https://x.com/i/status/2104526951973109852,2026-09-28T11:01:40.000Z,ja,484,32,0.97
frontend-design,https://x.com/i/status/2104495157315854556,2026-09-28T08:55:19.000Z,en,86,28,0.81
frontend-design,https://x.com/i/status/2104494230072676842,2026-09-28T08:51:38.000Z,en,0,0,0.47
frontend-design,https://x.com/i/status/2104434677108912380,2026-09-28T04:55:00.000Z,en,8,0,0.58
frontend-design,https://x.com/i/status/2104427842901532929,2026-09-28T04:27:50.000Z,zh,17,5,0.12
frontend-design,https://x.com/i/status/2104259423690481921,2026-09-27T17:18:36.000Z,es,7,0,0.95
frontend-design,https://x.com/i/status/2104239732850831612,2026-09-27T16:00:21.000Z,en,1,0,0.95
frontend-design,https://x.com/i/status/2104224767075106977,2026-09-27T15:00:53.000Z,en,18,0,0.37
frontend-design,https://x.com/i/status/2104209657447215469,2026-09-27T14:00:51.000Z,en,2,0,0.17
frontend-design,https://x.com/i/status/2104194211826561439,2026-09-27T12:59:28.000Z,ja,0,0,0.95
frontend-design,https://x.com/i/status/2104157087315980673,2026-09-27T10:31:57.000Z,en,0,0,0.03
frontend-design,https://x.com/i/status/2104051834315030977,2026-09-27T03:33:43.000Z,en,7,0,0.93
frontend-design,https://x.com/i/status/2103873769165185377,2026-09-26T15:46:09.000Z,ja,0,0,0.76
frontend-design,https://x.com/i/status/2103820696736469350,2026-09-26T12:15:15.000Z,pt,0,0,0.95
frontend-design,https://x.com/i/status/2103815749756465414,2026-09-26T11:55:36.000Z,zh,0,0,0.97
frontend-design,https://x.com/i/status/2103815389499322650,2026-09-26T11:54:10.000Z,zh,0,0,0.97
frontend-design,https://x.com/i/status/2103804098537476502,2026-09-26T11:09:18.000Z,en,1,0,0.39
frontend-design,https://x.com/i/status/2103731345830912444,2026-09-26T06:20:12.000Z,en,0,0,0.97
frontend-design,https://x.com/i/status/2103657805899280822,2026-09-26T01:27:59.000Z,ja,8,0,0.44
frontend-design,https://x.com/i/status/2103643887784833325,2026-09-26T00:32:41.000Z,en,1,0,0.97
frontend-design,https://x.com/i/status/2103613019658092928,2026-09-25T22:30:01.000Z,ja,5,0,0.95
frontend-design,https://x.com/i/status/2103498327216337330,2026-09-25T14:54:16.000Z,zh,82,20,0.1
frontend-design,https://x.com/i/status/2103498051365249325,2026-09-25T14:53:11.000Z,en,0,0,0.94
frontend-design,https://x.com/i/status/2103477121876418668,2026-09-25T13:30:01.000Z,en,5,0,0.02
frontend-design,https://x.com/i/status/2103446413661405368,2026-09-25T11:27:59.000Z,zxx,1,0,0.21
frontend-design,https://x.com/i/status/2103412945552326983,2026-09-25T09:15:00.000Z,en,70,1,0.44
frontend-design,https://x.com/i/status/2103387401179795464,2026-09-25T07:33:30.000Z,th,56,40,0.14
frontend-design,https://x.com/i/status/2103346015659065689,2026-09-25T04:49:03.000Z,en,1,0,0.96
frontend-design,https://x.com/i/status/2103287431164473554,2026-09-25T00:56:15.000Z,en,0,0,0.9
frontend-design,https://x.com/i/status/2103216652213240028,2026-09-24T20:15:00.000Z,en,187,10,0.16
frontend-design,https://x.com/i/status/2103200079951929390,2026-09-24T19:09:09.000Z,en,34,2,0.23
frontend-design,https://x.com/i/status/2103188137220427958,2026-09-24T18:21:41.000Z,en,736,37,0.81
frontend-design,https://x.com/i/status/2103129404914413831,2026-09-24T14:28:19.000Z,zxx,14,1,0.25
frontend-design,https://x.com/i/status/2103121398273278385,2026-09-24T13:56:30.000Z,en,4,0,0.94
frontend-design,https://x.com/i/status/2103099753370464292,2026-09-24T12:30:29.000Z,ja,0,0,0.41
frontend-design,https://x.com/i/status/2103097499942605194,2026-09-24T12:21:32.000Z,zxx,1,1,0.24
frontend-design,https://x.com/i/status/2103092368786485408,2026-09-24T12:01:08.000Z,en,1,0,0.44
frontend-design,https://x.com/i/status/2103092093698678965,2026-09-24T12:00:03.000Z,en,49,4,0.03
frontend-design,https://x.com/i/status/2103088598425711085,2026-09-24T11:46:10.000Z,en,1,0,0.11
frontend-design,https://x.com/i/status/2103083755003060451,2026-09-24T11:26:55.000Z,zxx,2,0,0.19
frontend-design,https://x.com/i/status/2103050810624036980,2026-09-24T09:16:00.000Z,zh,0,0,0.23
frontend-design,https://x.com/i/status/2103043406549364891,2026-09-24T08:46:35.000Z,en,23,1,0.94
frontend-design,https://x.com/i/status/2103042548973687139,2026-09-24T08:43:10.000Z,en,595,68,0.87
frontend-design,https://x.com/i/status/2102952404811661507,2026-09-24T02:44:58.000Z,en,6,1,0.09
setup-matt-pocock-skills,https://x.com/i/status/2103809399126962497,2026-09-26T11:30:22.000Z,zh,287,33,0.95
setup-matt-pocock-skills,https://x.com/i/status/2103097499942605194,2026-09-24T12:21:32.000Z,zxx,1,1,0.4
proactive-agent,https://x.com/i/status/2105395240886833554,2026-09-30T20:31:56.000Z,en,1,0,0.91
proactive-agent,https://x.com/i/status/2105354966256730228,2026-09-30T17:51:54.000Z,en,25,2,0.54
proactive-agent,https://x.com/i/status/2105351394832400806,2026-09-30T17:37:42.000Z,en,0,0,0.86
proactive-agent,https://x.com/i/status/2105342467675726089,2026-09-30T17:02:14.000Z,en,3,1,0.77
proactive-agent,https://x.com/i/status/2105334231304155144,2026-09-30T16:29:30.000Z,en,0,0,0.91
proactive-agent,https://x.com/i/status/2105305274236154172,2026-09-30T14:34:26.000Z,en,11,0,0.76
proactive-agent,https://x.com/i/status/2105282237608391077,2026-09-30T13:02:54.000Z,en,0,0,0.85
proactive-agent,https://x.com/i/status/2105279650784297450,2026-09-30T12:52:37.000Z,ja,0,0,0.1
proactive-agent,https://x.com/i/status/2105240296405733549,2026-09-30T10:16:14.000Z,en,1,0,0.85
proactive-agent,https://x.com/i/status/2105210325914308950,2026-09-30T08:17:09.000Z,en,87,4,0.89
proactive-agent,https://x.com/i/status/2105201331216478413,2026-09-30T07:41:24.000Z,en,10,0,0.51
proactive-agent,https://x.com/i/status/2105172279521083660,2026-09-30T05:45:58.000Z,en,1,0,0.9
proactive-agent,https://x.com/i/status/2105161143128142264,2026-09-30T05:01:43.000Z,en,2,0,0.89
proactive-agent,https://x.com/i/status/2105160927343677779,2026-09-30T05:00:51.000Z,en,0,0,0.91
proactive-agent,https://x.com/i/status/2105159985713864712,2026-09-30T04:57:07.000Z,en,0,0,0.84
proactive-agent,https://x.com/i/status/2105125686851829912,2026-09-30T02:40:49.000Z,en,1,0,0.92
proactive-agent,https://x.com/i/status/2105116304198049981,2026-09-30T02:03:32.000Z,en,2,0,0.81
proactive-agent,https://x.com/i/status/2105103350425341995,2026-09-30T01:12:04.000Z,en,150,9,0.89
proactive-agent,https://x.com/i/status/2105083519429193892,2026-09-29T23:53:16.000Z,en,9,0,0.91
proactive-agent,https://x.com/i/status/2105075862727016875,2026-09-29T23:22:50.000Z,en,10,2,0.88
proactive-agent,https://x.com/i/status/2105023512259809352,2026-09-29T19:54:49.000Z,en,2,0,0.91
proactive-agent,https://x.com/i/status/2105007132147855426,2026-09-29T18:49:44.000Z,en,0,0,0.94
proactive-agent,https://x.com/i/status/2104994303596519608,2026-09-29T17:58:45.000Z,en,0,0,0.93
proactive-agent,https://x.com/i/status/2104985953248989551,2026-09-29T17:25:34.000Z,en,1,0,0.89
proactive-agent,https://x.com/i/status/2104981638748701148,2026-09-29T17:08:26.000Z,en,51,0,0.88
proactive-agent,https://x.com/i/status/2104963543766565197,2026-09-29T15:56:31.000Z,zh,1,0,0.81
proactive-agent,https://x.com/i/status/2104955629630828614,2026-09-29T15:25:04.000Z,en,1,0,0.88
proactive-agent,https://x.com/i/status/2104938507441717388,2026-09-29T14:17:02.000Z,en,0,0,0.88
proactive-agent,https://x.com/i/status/2104922679841116591,2026-09-29T13:14:09.000Z,en,4,0,0.9
proactive-agent,https://x.com/i/status/2104886517000818775,2026-09-29T10:50:27.000Z,en,2,1,0.88
proactive-agent,https://x.com/i/status/2104871611232903549,2026-09-29T09:51:13.000Z,en,0,0,0.71
proactive-agent,https://x.com/i/status/2104860361404878955,2026-09-29T09:06:31.000Z,en,0,0,0.86
proactive-agent,https://x.com/i/status/2104859553821249770,2026-09-29T09:03:18.000Z,zh,0,0,0.89
proactive-agent,https://x.com/i/status/2104825299213099332,2026-09-29T06:47:11.000Z,en,181,15,0.81
proactive-agent,https://x.com/i/status/2104782954853720151,2026-09-29T03:58:56.000Z,en,0,0,0.91
proactive-agent,https://x.com/i/status/2104782712381071381,2026-09-29T03:57:58.000Z,en,3,0,0.88
proactive-agent,https://x.com/i/status/2104620653211251143,2026-09-28T17:14:00.000Z,en,2,0,0.78
proactive-agent,https://x.com/i/status/2104321773667770396,2026-09-27T21:26:21.000Z,en,2,0,0.89
proactive-agent,https://x.com/i/status/2104283793767252187,2026-09-27T18:55:26.000Z,en,1,0,0.68
proactive-agent,https://x.com/i/status/2104181398013673872,2026-09-27T12:08:33.000Z,en,1,0,0.9
proactive-agent,https://x.com/i/status/2104172204913307687,2026-09-27T11:32:01.000Z,en,1,0,0.9
proactive-agent,https://x.com/i/status/2104171698866008064,2026-09-27T11:30:01.000Z,en,0,0,0.86
proactive-agent,https://x.com/i/status/2103982766865948812,2026-09-26T22:59:16.000Z,en,1,0,0.51
proactive-agent,https://x.com/i/status/2103830452956185046,2026-09-26T12:54:01.000Z,en,0,0,0.92
proactive-agent,https://x.com/i/status/2103749227201314935,2026-09-26T07:31:16.000Z,en,4,0,0.17
proactive-agent,https://x.com/i/status/2103679848145191107,2026-09-26T02:55:34.000Z,en,1,0,0.54
proactive-agent,https://x.com/i/status/2103668051468300701,2026-09-26T02:08:42.000Z,en,1623,121,0.37
proactive-agent,https://x.com/i/status/2103639484374098095,2026-09-26T00:15:11.000Z,en,0,0,0.92
proactive-agent,https://x.com/i/status/2103627361971274056,2026-09-25T23:27:01.000Z,en,0,0,0.33
proactive-agent,https://x.com/i/status/2103593550118338571,2026-09-25T21:12:39.000Z,en,4,0,0.92
proactive-agent,https://x.com/i/status/2103592773848862783,2026-09-25T21:09:34.000Z,en,3,0,0.65
proactive-agent,https://x.com/i/status/2103568950214959206,2026-09-25T19:34:54.000Z,en,7,1,0.57
proactive-agent,https://x.com/i/status/2103546687889547513,2026-09-25T18:06:27.000Z,en,0,0,0.78
proactive-agent,https://x.com/i/status/2103543045450805601,2026-09-25T17:51:58.000Z,en,1,0,0.84
proactive-agent,https://x.com/i/status/2103541136409424064,2026-09-25T17:44:23.000Z,en,1,0,0.08
proactive-agent,https://x.com/i/status/2103531728451289109,2026-09-25T17:07:00.000Z,en,0,0,0.71
proactive-agent,https://x.com/i/status/2103528500733137081,2026-09-25T16:54:10.000Z,en,3,0,0.92
proactive-agent,https://x.com/i/status/2103516244586422507,2026-09-25T16:05:28.000Z,en,4,0,0.73
proactive-agent,https://x.com/i/status/2103427290520756281,2026-09-25T10:12:00.000Z,en,179,11,0.85
proactive-agent,https://x.com/i/status/2103266249031737792,2026-09-24T23:32:05.000Z,en,12,0,0.83
proactive-agent,https://x.com/i/status/2103244820064195023,2026-09-24T22:06:56.000Z,en,1,0,0.88
proactive-agent,https://x.com/i/status/2103188031477871054,2026-09-24T18:21:16.000Z,en,3,0,0.46
proactive-agent,https://x.com/i/status/2103182092570132814,2026-09-24T17:57:40.000Z,en,1,0,0.84
proactive-agent,https://x.com/i/status/2103173370934436305,2026-09-24T17:23:01.000Z,en,0,0,0.69
proactive-agent,https://x.com/i/status/2103162697311494376,2026-09-24T16:40:36.000Z,en,0,0,0.86
proactive-agent,https://x.com/i/status/2103099692833726515,2026-09-24T12:30:15.000Z,en,0,0,0.91
proactive-agent,https://x.com/i/status/2103023876141969423,2026-09-24T07:28:59.000Z,en,0,0,0.83
proactive-agent,https://x.com/i/status/2102981856887263450,2026-09-24T04:42:00.000Z,en,0,0,0.78
proactive-agent,https://x.com/i/status/2102942622687875354,2026-09-24T02:06:06.000Z,en,0,0,0.85
handoff,https://x.com/i/status/2105460082876223692,2026-10-01T00:49:35.000Z,en,0,0,0.89
handoff,https://x.com/i/status/2105459975988617485,2026-10-01T00:49:10.000Z,en,0,0,0.72
handoff,https://x.com/i/status/2105455154044731612,2026-10-01T00:30:00.000Z,en,0,0,0.11
handoff,https://x.com/i/status/2105447627982860595,2026-10-01T00:00:06.000Z,en,0,0,0.8
handoff,https://x.com/i/status/2105447615920050611,2026-10-01T00:00:03.000Z,en,1,0,0.82
handoff,https://x.com/i/status/2105446990343700899,2026-09-30T23:57:34.000Z,en,0,0,0.37
handoff,https://x.com/i/status/2105446750207287615,2026-09-30T23:56:37.000Z,en,0,0,0.68
handoff,https://x.com/i/status/2105445929302343897,2026-09-30T23:53:21.000Z,en,0,0,0.97
handoff,https://x.com/i/status/2105445726855782669,2026-09-30T23:52:33.000Z,en,0,0,0.96
handoff,https://x.com/i/status/2105444590258151901,2026-09-30T23:48:02.000Z,en,2,0,0.11
handoff,https://x.com/i/status/2105436277512261819,2026-09-30T23:15:00.000Z,en,0,0,0.08
handoff,https://x.com/i/status/2105436271266963889,2026-09-30T23:14:58.000Z,en,0,0,0.6
handoff,https://x.com/i/status/2105435683192279170,2026-09-30T23:12:38.000Z,en,4,1,0.06
handoff,https://x.com/i/status/2105435326126625038,2026-09-30T23:11:13.000Z,zxx,2,1,0.11
handoff,https://x.com/i/status/2105434062676431306,2026-09-30T23:06:12.000Z,en,43,3,0.1
handoff,https://x.com/i/status/2105433636757758193,2026-09-30T23:04:30.000Z,en,0,0,0.85
handoff,https://x.com/i/status/2105433480536711362,2026-09-30T23:03:53.000Z,ja,0,0,0.4
handoff,https://x.com/i/status/2105432662831661138,2026-09-30T23:00:38.000Z,en,0,0,0.02
handoff,https://x.com/i/status/2105426762209599953,2026-09-30T22:37:11.000Z,en,0,0,0.87
handoff,https://x.com/i/status/2105426124268609602,2026-09-30T22:34:39.000Z,en,1,0,0.79
handoff,https://x.com/i/status/2105424786264666485,2026-09-30T22:29:20.000Z,zxx,0,0,0.16
handoff,https://x.com/i/status/2105421116932276597,2026-09-30T22:14:45.000Z,en,0,0,0.44
handoff,https://x.com/i/status/2105419703699349675,2026-09-30T22:09:08.000Z,zxx,22,1,0.14
handoff,https://x.com/i/status/2105415045136220480,2026-09-30T21:50:38.000Z,zxx,1,0,0.15
handoff,https://x.com/i/status/2105413651649728861,2026-09-30T21:45:05.000Z,en,0,0,0.38
handoff,https://x.com/i/status/2105412954736758793,2026-09-30T21:42:19.000Z,en,0,0,0.31
handoff,https://x.com/i/status/2105412830145237258,2026-09-30T21:41:50.000Z,en,0,0,0.61
handoff,https://x.com/i/status/2105412077770928177,2026-09-30T21:38:50.000Z,en,0,0,0.59
handoff,https://x.com/i/status/2105411276180447688,2026-09-30T21:35:39.000Z,en,1,0,0.42
handoff,https://x.com/i/status/2105409093837942935,2026-09-30T21:26:59.000Z,en,0,0,0.69
handoff,https://x.com/i/status/2105408396736225332,2026-09-30T21:24:13.000Z,en,2,0,0.03
handoff,https://x.com/i/status/2105403993535181240,2026-09-30T21:06:43.000Z,en,0,0,0.76
handoff,https://x.com/i/status/2105403585790169251,2026-09-30T21:05:06.000Z,en,0,0,0.66
handoff,https://x.com/i/status/2105403531918238166,2026-09-30T21:04:53.000Z,tl,1,1,0.11
handoff,https://x.com/i/status/2105402945315692612,2026-09-30T21:02:33.000Z,en,1,0,0.58
handoff,https://x.com/i/status/2105402648984011045,2026-09-30T21:01:22.000Z,en,28,7,0.26
handoff,https://x.com/i/status/2105401617272983935,2026-09-30T20:57:16.000Z,en,0,0,0.74
handoff,https://x.com/i/status/2105401535358288384,2026-09-30T20:56:57.000Z,en,1,0,0.65
handoff,https://x.com/i/status/2105399787143250312,2026-09-30T20:50:00.000Z,en,0,0,0.43
handoff,https://x.com/i/status/2105399774870409591,2026-09-30T20:49:57.000Z,zxx,2,0,0.14
handoff,https://x.com/i/status/2105397073436610890,2026-09-30T20:39:13.000Z,en,0,0,0.73
handoff,https://x.com/i/status/2105396488243433789,2026-09-30T20:36:53.000Z,en,1,0,0.26
handoff,https://x.com/i/status/2105394068784398344,2026-09-30T20:27:16.000Z,en,10,0,0.08
handoff,https://x.com/i/status/2105391276166094885,2026-09-30T20:16:11.000Z,en,0,0,0.39
handoff,https://x.com/i/status/2105390021482017178,2026-09-30T20:11:12.000Z,en,1,0,0.2
handoff,https://x.com/i/status/2105384552294453481,2026-09-30T19:49:28.000Z,en,0,0,0.04
handoff,https://x.com/i/status/2105384137880445369,2026-09-30T19:47:49.000Z,en,12,2,0.18
handoff,https://x.com/i/status/2105383228274274560,2026-09-30T19:44:12.000Z,en,2,1,0.03
handoff,https://x.com/i/status/2105381488577405334,2026-09-30T19:37:17.000Z,en,0,1,0.31
handoff,https://x.com/i/status/2105380766301683903,2026-09-30T19:34:25.000Z,en,0,0,0.63
handoff,https://x.com/i/status/2105375283327160612,2026-09-30T19:12:38.000Z,en,0,0,0.67
handoff,https://x.com/i/status/2105375124950323611,2026-09-30T19:12:00.000Z,en,0,0,0.4
handoff,https://x.com/i/status/2105375011045605680,2026-09-30T19:11:33.000Z,en,1,0,0.65
handoff,https://x.com/i/status/2105369965746651310,2026-09-30T18:51:30.000Z,en,0,0,0.8
handoff,https://x.com/i/status/2105369756933186002,2026-09-30T18:50:40.000Z,zxx,2,2,0.12
handoff,https://x.com/i/status/2105368935797547447,2026-09-30T18:47:24.000Z,en,0,0,0.75
handoff,https://x.com/i/status/2105367227675353119,2026-09-30T18:40:37.000Z,en,15,0,0.36
handoff,https://x.com/i/status/2105363835288760399,2026-09-30T18:27:08.000Z,en,0,0,0.79
handoff,https://x.com/i/status/2105363351366975605,2026-09-30T18:25:13.000Z,en,0,0,0.78
handoff,https://x.com/i/status/2105361612769210768,2026-09-30T18:18:18.000Z,en,1,0,0.68
handoff,https://x.com/i/status/2105360908906348768,2026-09-30T18:15:31.000Z,en,0,0,0.63
handoff,https://x.com/i/status/2105360591066181881,2026-09-30T18:14:15.000Z,en,0,0,0.86
handoff,https://x.com/i/status/2105360562498801687,2026-09-30T18:14:08.000Z,en,1,0,0.62
handoff,https://x.com/i/status/2105359435187228822,2026-09-30T18:09:39.000Z,en,0,0,0.86
handoff,https://x.com/i/status/2105358210831921247,2026-09-30T18:04:47.000Z,en,1,0,0.03
handoff,https://x.com/i/status/2105358141017956620,2026-09-30T18:04:31.000Z,zxx,1,0,0.09
handoff,https://x.com/i/status/2105355634057380272,2026-09-30T17:54:33.000Z,zxx,31,3,0.16
handoff,https://x.com/i/status/2105343669196726754,2026-09-30T17:07:00.000Z,en,0,0,0.4
handoff,https://x.com/i/status/2105343596774015015,2026-09-30T17:06:43.000Z,zxx,26,9,0.16
handoff,https://x.com/i/status/2105341317710561507,2026-09-30T16:57:40.000Z,zxx,0,0,0.13
handoff,https://x.com/i/status/2105339831383634090,2026-09-30T16:51:45.000Z,es,0,0,0.89
handoff,https://x.com/i/status/2105336283878826025,2026-09-30T16:37:39.000Z,en,3,0,0.09
handoff,https://x.com/i/status/2105336226572370193,2026-09-30T16:37:26.000Z,en,0,0,0.83
handoff,https://x.com/i/status/2105335798308778141,2026-09-30T16:35:44.000Z,en,0,0,0.78
handoff,https://x.com/i/status/2105335797583151459,2026-09-30T16:35:44.000Z,en,0,0,0.79
handoff,https://x.com/i/status/2105335380241186958,2026-09-30T16:34:04.000Z,en,0,0,0.83
handoff,https://x.com/i/status/2105334200698069157,2026-09-30T16:29:23.000Z,en,1,0,0.92
handoff,https://x.com/i/status/2105333617916522564,2026-09-30T16:27:04.000Z,en,0,0,0.93
handoff,https://x.com/i/status/2105332548054511896,2026-09-30T16:22:49.000Z,en,0,0,0.65
handoff,https://x.com/i/status/2105332520866939024,2026-09-30T16:22:42.000Z,en,5,2,0.76
handoff,https://x.com/i/status/2105332375274020954,2026-09-30T16:22:08.000Z,en,12,0,0.69
handoff,https://x.com/i/status/2105332336287945111,2026-09-30T16:21:58.000Z,en,1,0,0.94
handoff,https://x.com/i/status/2105330637108371803,2026-09-30T16:15:13.000Z,en,0,0,0.63
handoff,https://x.com/i/status/2105327524192395590,2026-09-30T16:02:51.000Z,en,0,0,0.67
handoff,https://x.com/i/status/2105327416126415278,2026-09-30T16:02:25.000Z,en,0,0,0.79
handoff,https://x.com/i/status/2105327238656688366,2026-09-30T16:01:43.000Z,en,0,0,0.59
handoff,https://x.com/i/status/2105326942551474463,2026-09-30T16:00:32.000Z,en,0,0,0.53
handoff,https://x.com/i/status/2105326815997034498,2026-09-30T16:00:02.000Z,en,0,0,0.77
handoff,https://x.com/i/status/2105324243101921725,2026-09-30T15:49:49.000Z,en,0,0,0.81
handoff,https://x.com/i/status/2105323856273772663,2026-09-30T15:48:17.000Z,en,0,0,0.75
handoff,https://x.com/i/status/2105323785763357153,2026-09-30T15:48:00.000Z,en,0,0,0.68
handoff,https://x.com/i/status/2105323505017405441,2026-09-30T15:46:53.000Z,en,0,0,0.02
handoff,https://x.com/i/status/2105321770865881145,2026-09-30T15:39:59.000Z,zxx,0,0,0.09
handoff,https://x.com/i/status/2105321255746379827,2026-09-30T15:37:57.000Z,en,0,0,0.76
handoff,https://x.com/i/status/2105319699546292332,2026-09-30T15:31:45.000Z,en,0,0,0.16
handoff,https://x.com/i/status/2105318584205652348,2026-09-30T15:27:20.000Z,en,0,0,0.73
handoff,https://x.com/i/status/2105316999329169684,2026-09-30T15:21:02.000Z,en,0,0,0.87
handoff,https://x.com/i/status/2105316783200534957,2026-09-30T15:20:10.000Z,en,0,0,0.85
handoff,https://x.com/i/status/2105313185364381867,2026-09-30T15:05:52.000Z,zxx,1,0,0.09
handoff,https://x.com/i/status/2105312993076810142,2026-09-30T15:05:07.000Z,en,0,0,0.2
weather,https://x.com/i/status/2105451075675340942,2026-10-01T00:13:48.000Z,en,2,0,0.03
weather,https://x.com/i/status/2105437011054039137,2026-09-30T23:17:55.000Z,en,1,0,0.03
weather,https://x.com/i/status/2105436291215069676,2026-09-30T23:15:03.000Z,en,4,2,0.03
weather,https://x.com/i/status/2105433391328043490,2026-09-30T23:03:32.000Z,en,1,0,0.04
weather,https://x.com/i/status/2105430469160685823,2026-09-30T22:51:55.000Z,en,0,0,0.04
weather,https://x.com/i/status/2105423026158240127,2026-09-30T22:22:20.000Z,en,0,0,0.04
weather,https://x.com/i/status/2105419994565955806,2026-09-30T22:10:18.000Z,en,0,0,0.03
weather,https://x.com/i/status/2105419725111005532,2026-09-30T22:09:13.000Z,en,0,0,0.03
weather,https://x.com/i/status/2105415691553624571,2026-09-30T21:53:12.000Z,en,0,0,0.04
weather,https://x.com/i/status/2105415689569698158,2026-09-30T21:53:11.000Z,en,0,0,0.03
weather,https://x.com/i/status/2105412845827678330,2026-09-30T21:41:53.000Z,en,0,0,0.3
weather,https://x.com/i/status/2105410602248306899,2026-09-30T21:32:58.000Z,en,3,0,0.04
weather,https://x.com/i/status/2105408105010155775,2026-09-30T21:23:03.000Z,en,0,0,0.03
weather,https://x.com/i/status/2105405666097831961,2026-09-30T21:13:22.000Z,en,0,0,0.35
weather,https://x.com/i/status/2105404426534244389,2026-09-30T21:08:26.000Z,en,0,0,0.81
weather,https://x.com/i/status/2105402835462651952,2026-09-30T21:02:07.000Z,en,5,1,0.03
weather,https://x.com/i/status/2105394992420212815,2026-09-30T20:30:57.000Z,en,3,0,0.04
weather,https://x.com/i/status/2105393429077197049,2026-09-30T20:24:44.000Z,en,0,0,0.04
weather,https://x.com/i/status/2105390923953963140,2026-09-30T20:14:47.000Z,en,2,1,0.04
weather,https://x.com/i/status/2105388328556089636,2026-09-30T20:04:28.000Z,en,1,0,0.03
weather,https://x.com/i/status/2105387060639211905,2026-09-30T19:59:26.000Z,en,0,0,0.04
weather,https://x.com/i/status/2105382647228768732,2026-09-30T19:41:53.000Z,en,1,0,0.03
weather,https://x.com/i/status/2105377219061395841,2026-09-30T19:20:19.000Z,en,88,1,0.03
weather,https://x.com/i/status/2105375236828835916,2026-09-30T19:12:27.000Z,en,2,1,0.02
weather,https://x.com/i/status/2105375204981506288,2026-09-30T19:12:19.000Z,en,6,0,0.02
weather,https://x.com/i/status/2105369756933186002,2026-09-30T18:50:40.000Z,zxx,2,2,0.06
weather,https://x.com/i/status/2105366622089429140,2026-09-30T18:38:13.000Z,zxx,1,0,0.08
weather,https://x.com/i/status/2105364531417653526,2026-09-30T18:29:54.000Z,en,0,0,0.66
weather,https://x.com/i/status/2105363346392232288,2026-09-30T18:25:12.000Z,en,0,0,0.07
weather,https://x.com/i/status/2105360933036200395,2026-09-30T18:15:36.000Z,en,2,1,0.07
weather,https://x.com/i/status/2105356394476265776,2026-09-30T17:57:34.000Z,zxx,62,11,0.09
weather,https://x.com/i/status/2105353703590940943,2026-09-30T17:46:53.000Z,en,0,0,0.04
weather,https://x.com/i/status/2105352253456753108,2026-09-30T17:41:07.000Z,en,0,0,0.02
weather,https://x.com/i/status/2105352069800657109,2026-09-30T17:40:23.000Z,en,2,2,0.02
weather,https://x.com/i/status/2105352048715706820,2026-09-30T17:40:18.000Z,en,3,0,0.03
weather,https://x.com/i/status/2105347999857521083,2026-09-30T17:24:13.000Z,en,4,0,0.03
weather,https://x.com/i/status/2105347807506727363,2026-09-30T17:23:27.000Z,en,2,0,0.04
weather,https://x.com/i/status/2105347773977526444,2026-09-30T17:23:19.000Z,en,3,0,0.03
weather,https://x.com/i/status/2105347743950483621,2026-09-30T17:23:12.000Z,en,4,0,0.03
weather,https://x.com/i/status/2105347712434556931,2026-09-30T17:23:04.000Z,en,1,0,0.03
weather,https://x.com/i/status/2105347680171901212,2026-09-30T17:22:57.000Z,en,4,0,0.03
weather,https://x.com/i/status/2105347644780314650,2026-09-30T17:22:48.000Z,en,2,0,0.03
weather,https://x.com/i/status/2105347611729215883,2026-09-30T17:22:40.000Z,en,1,0,0.03
weather,https://x.com/i/status/2105347568687276140,2026-09-30T17:22:30.000Z,en,2,0,0.03
weather,https://x.com/i/status/2105347516627636568,2026-09-30T17:22:18.000Z,en,1,0,0.03
weather,https://x.com/i/status/2105347488135651703,2026-09-30T17:22:11.000Z,en,2,0,0.03
weather,https://x.com/i/status/2105347459832549760,2026-09-30T17:22:04.000Z,en,2,0,0.03
weather,https://x.com/i/status/2105347407873544630,2026-09-30T17:21:52.000Z,en,2,0,0.03
weather,https://x.com/i/status/2105345810728673673,2026-09-30T17:15:31.000Z,en,0,0,0.03
weather,https://x.com/i/status/2105332720121606532,2026-09-30T16:23:30.000Z,en,7,0,0.03
weather,https://x.com/i/status/2105328285559189589,2026-09-30T16:05:53.000Z,en,0,0,0.04
weather,https://x.com/i/status/2105319641367065017,2026-09-30T15:31:32.000Z,zxx,5,2,0.06
weather,https://x.com/i/status/2105313064950333678,2026-09-30T15:05:24.000Z,en,0,0,0.32
weather,https://x.com/i/status/2105312640943710474,2026-09-30T15:03:43.000Z,zxx,366,37,0.08
weather,https://x.com/i/status/2105311959512129734,2026-09-30T15:01:00.000Z,en,1,1,0.05
weather,https://x.com/i/status/2105311836190978392,2026-09-30T15:00:31.000Z,zxx,12,1,0.09
weather,https://x.com/i/status/2105311780088217606,2026-09-30T15:00:17.000Z,en,3,0,0.19
weather,https://x.com/i/status/2105311605613322657,2026-09-30T14:59:36.000Z,en,1,1,0.04
weather,https://x.com/i/status/2105305670820200885,2026-09-30T14:36:01.000Z,en,0,0,0.19
weather,https://x.com/i/status/2105304512487469389,2026-09-30T14:31:25.000Z,en,25,3,0.05
weather,https://x.com/i/status/2105299568145354786,2026-09-30T14:11:46.000Z,en,0,0,0.03
weather,https://x.com/i/status/2105298847924903947,2026-09-30T14:08:54.000Z,zxx,7,0,0.08
weather,https://x.com/i/status/2105296779998544270,2026-09-30T14:00:41.000Z,zxx,3,2,0.08
weather,https://x.com/i/status/2105296769680650469,2026-09-30T14:00:39.000Z,zxx,2,2,0.08
weather,https://x.com/i/status/2105296757554827499,2026-09-30T14:00:36.000Z,zxx,2,2,0.09
weather,https://x.com/i/status/2105292921591226722,2026-09-30T13:45:21.000Z,zxx,3,1,0.09
weather,https://x.com/i/status/2105290405801595172,2026-09-30T13:35:21.000Z,en,1,0,0.22
weather,https://x.com/i/status/2105289702668664871,2026-09-30T13:32:34.000Z,en,5,1,0.57
weather,https://x.com/i/status/2105280502357709118,2026-09-30T12:56:00.000Z,en,16,3,0.08
weather,https://x.com/i/status/2105280041143656615,2026-09-30T12:54:10.000Z,en,30,8,0.03
weather,https://x.com/i/status/2105279344255910051,2026-09-30T12:51:24.000Z,en,0,0,0.03
weather,https://x.com/i/status/2105278627982274853,2026-09-30T12:48:33.000Z,zxx,0,0,0.06
weather,https://x.com/i/status/2105266465628725583,2026-09-30T12:00:14.000Z,en,1,0,0.02
weather,https://x.com/i/status/2105263192528269348,2026-09-30T11:47:13.000Z,en,0,0,0.14
weather,https://x.com/i/status/2105261475564581000,2026-09-30T11:40:24.000Z,en,36,3,0.02
weather,https://x.com/i/status/2105261331666665538,2026-09-30T11:39:49.000Z,en,0,0,0.37
weather,https://x.com/i/status/2105259073595695364,2026-09-30T11:30:51.000Z,en,2,0,0.16
weather,https://x.com/i/status/2105252762741010711,2026-09-30T11:05:46.000Z,zxx,2,2,0.09
weather,https://x.com/i/status/2105251633785450774,2026-09-30T11:01:17.000Z,en,1,0,0.03
weather,https://x.com/i/status/2105249439363313934,2026-09-30T10:52:34.000Z,en,1,0,0.08
weather,https://x.com/i/status/2105246485109444699,2026-09-30T10:40:50.000Z,en,3,0,0.05
weather,https://x.com/i/status/2105246045282197707,2026-09-30T10:39:05.000Z,en,0,0,0.02
weather,https://x.com/i/status/2105243658375049598,2026-09-30T10:29:36.000Z,en,0,0,0.04
weather,https://x.com/i/status/2105241828333162561,2026-09-30T10:22:20.000Z,en,1,1,0.02
weather,https://x.com/i/status/2105238088117342320,2026-09-30T10:07:28.000Z,en,0,0,0.02
weather,https://x.com/i/status/2105215312551661815,2026-09-30T08:36:58.000Z,en,37,6,0.04
weather,https://x.com/i/status/2105215122083864886,2026-09-30T08:36:12.000Z,pt,13,1,0.08
weather,https://x.com/i/status/2105212661780607267,2026-09-30T08:26:26.000Z,en,0,0,0.03
weather,https://x.com/i/status/2105212327708545287,2026-09-30T08:25:06.000Z,en,1,0,0.04
weather,https://x.com/i/status/2105198429827936453,2026-09-30T07:29:53.000Z,en,0,0,0.19
weather,https://x.com/i/status/2105188563851882753,2026-09-30T06:50:40.000Z,en,0,0,0.05
weather,https://x.com/i/status/2105185782302691708,2026-09-30T06:39:37.000Z,en,0,0,0.29
weather,https://x.com/i/status/2105183371424833794,2026-09-30T06:30:02.000Z,en,0,0,0.03
weather,https://x.com/i/status/2105180333511495811,2026-09-30T06:17:58.000Z,en,0,0,0.05
weather,https://x.com/i/status/2105177835681783939,2026-09-30T06:08:02.000Z,en,0,0,0.06
weather,https://x.com/i/status/2105173849423942063,2026-09-30T05:52:12.000Z,en,4,0,0.24
weather,https://x.com/i/status/2105172020946190836,2026-09-30T05:44:56.000Z,en,0,0,0.04
weather,https://x.com/i/status/2105168689666437247,2026-09-30T05:31:42.000Z,en,43,5,0.02
weather,https://x.com/i/status/2105167531581571524,2026-09-30T05:27:06.000Z,en,93,0,0.06
weather,https://x.com/i/status/2105154287579942930,2026-09-30T04:34:28.000Z,en,0,0,0.03
triage,https://x.com/i/status/2105455286836424966,2026-10-01T00:30:32.000Z,en,0,0,0.06
triage,https://x.com/i/status/2105455201545318526,2026-10-01T00:30:12.000Z,zxx,1,0,0.07
triage,https://x.com/i/status/2105451195158450597,2026-10-01T00:14:16.000Z,en,0,0,0.62
triage,https://x.com/i/status/2105447652158529798,2026-10-01T00:00:12.000Z,en,0,0,0.64
triage,https://x.com/i/status/2105443733747683371,2026-09-30T23:44:38.000Z,en,1,0,0.06
triage,https://x.com/i/status/2105438342716535153,2026-09-30T23:23:12.000Z,en,6,0,0.51
triage,https://x.com/i/status/2105434078875193569,2026-09-30T23:06:16.000Z,en,0,0,0.08
triage,https://x.com/i/status/2105431360500301981,2026-09-30T22:55:28.000Z,en,11,0,0.06
triage,https://x.com/i/status/2105425011775308054,2026-09-30T22:30:14.000Z,en,0,0,0.55
triage,https://x.com/i/status/2105417292775412210,2026-09-30T21:59:34.000Z,en,0,0,0.56
triage,https://x.com/i/status/2105415045136220480,2026-09-30T21:50:38.000Z,zxx,1,0,0.11
triage,https://x.com/i/status/2105406015042715850,2026-09-30T21:14:45.000Z,en,1,0,0.55
triage,https://x.com/i/status/2105403119030898963,2026-09-30T21:03:14.000Z,en,0,0,0.05
triage,https://x.com/i/status/2105390809528807614,2026-09-30T20:14:19.000Z,en,1,0,0.67
triage,https://x.com/i/status/2105389680359338353,2026-09-30T20:09:50.000Z,en,0,0,0.76
triage,https://x.com/i/status/2105387059330298043,2026-09-30T19:59:25.000Z,en,7,2,0.1
triage,https://x.com/i/status/2105375464260804949,2026-09-30T19:13:21.000Z,zxx,3,0,0.12
triage,https://x.com/i/status/2105374120871698625,2026-09-30T19:08:01.000Z,en,37,7,0.16
triage,https://x.com/i/status/2105373129614971230,2026-09-30T19:04:04.000Z,en,1,0,0.53
triage,https://x.com/i/status/2105367117981995028,2026-09-30T18:40:11.000Z,en,1,0,0.17
triage,https://x.com/i/status/2105366402677035140,2026-09-30T18:37:20.000Z,en,0,0,0.15
triage,https://x.com/i/status/2105365466852086184,2026-09-30T18:33:37.000Z,en,1,0,0.64
triage,https://x.com/i/status/2105364606503797150,2026-09-30T18:30:12.000Z,en,0,0,0.14
triage,https://x.com/i/status/2105363408212386171,2026-09-30T18:25:26.000Z,en,3,2,0.14
triage,https://x.com/i/status/2105360933036200395,2026-09-30T18:15:36.000Z,en,2,1,0.04
triage,https://x.com/i/status/2105359018386678095,2026-09-30T18:08:00.000Z,en,48,5,0.21
triage,https://x.com/i/status/2105358302141972706,2026-09-30T18:05:09.000Z,en,0,0,0.31
triage,https://x.com/i/status/2105357281739325611,2026-09-30T18:01:06.000Z,en,0,0,0.57
triage,https://x.com/i/status/2105356094180905009,2026-09-30T17:56:23.000Z,en,3,0,0.61
triage,https://x.com/i/status/2105355019348222045,2026-09-30T17:52:06.000Z,zxx,123,16,0.12
triage,https://x.com/i/status/2105350547058663546,2026-09-30T17:34:20.000Z,en,0,0,0.9
triage,https://x.com/i/status/2105333439427965275,2026-09-30T16:26:21.000Z,en,2,0,0.56
triage,https://x.com/i/status/2105332201508454781,2026-09-30T16:21:26.000Z,en,0,0,0.63
triage,https://x.com/i/status/2105329748784365568,2026-09-30T16:11:41.000Z,en,63,8,0.12
triage,https://x.com/i/status/2105326722170192089,2026-09-30T15:59:40.000Z,zxx,0,0,0.1
triage,https://x.com/i/status/2105318750723670315,2026-09-30T15:27:59.000Z,en,0,0,0.06
triage,https://x.com/i/status/2105317776391106908,2026-09-30T15:24:07.000Z,en,0,0,0.55
triage,https://x.com/i/status/2105314764582699204,2026-09-30T15:12:09.000Z,en,1,0,0.09
triage,https://x.com/i/status/2105314648513724496,2026-09-30T15:11:41.000Z,en,0,0,0.16
triage,https://x.com/i/status/2105313216784117879,2026-09-30T15:06:00.000Z,en,34,5,0.39
triage,https://x.com/i/status/2105308359943499807,2026-09-30T14:46:42.000Z,en,1,0,0.45
triage,https://x.com/i/status/2105301878489899181,2026-09-30T14:20:57.000Z,en,1,0,0.54
triage,https://x.com/i/status/2105298847924903947,2026-09-30T14:08:54.000Z,zxx,7,0,0.1
triage,https://x.com/i/status/2105297125861110220,2026-09-30T14:02:03.000Z,zxx,0,0,0.12
triage,https://x.com/i/status/2105295909865062769,2026-09-30T13:57:14.000Z,zxx,13,0,0.11
triage,https://x.com/i/status/2105292921591226722,2026-09-30T13:45:21.000Z,zxx,3,1,0.1
triage,https://x.com/i/status/2105292880797483484,2026-09-30T13:45:11.000Z,en,81,12,0.05
triage,https://x.com/i/status/2105291167332270435,2026-09-30T13:38:23.000Z,zxx,0,0,0.12
triage,https://x.com/i/status/2105290389934784599,2026-09-30T13:35:18.000Z,en,4,0,0.72
triage,https://x.com/i/status/2105288419727520052,2026-09-30T13:27:28.000Z,en,1,1,0.8
triage,https://x.com/i/status/2105288113170141681,2026-09-30T13:26:15.000Z,en,0,0,0.64
triage,https://x.com/i/status/2105285977128534095,2026-09-30T13:17:45.000Z,en,20,2,0.25
triage,https://x.com/i/status/2105282385956803027,2026-09-30T13:03:29.000Z,en,14,0,0.21
triage,https://x.com/i/status/2105277088404050403,2026-09-30T12:42:26.000Z,en,0,0,0.13
triage,https://x.com/i/status/2105277060478382207,2026-09-30T12:42:20.000Z,zxx,71,2,0.1
triage,https://x.com/i/status/2105273734504358019,2026-09-30T12:29:07.000Z,en,37,4,0.61
triage,https://x.com/i/status/2105273182357762228,2026-09-30T12:26:55.000Z,zxx,46,2,0.1
triage,https://x.com/i/status/2105270054711349340,2026-09-30T12:14:29.000Z,ar,34,7,0.76
triage,https://x.com/i/status/2105253909551804919,2026-09-30T11:10:20.000Z,en,2,0,0.02
triage,https://x.com/i/status/2105253640281735465,2026-09-30T11:09:16.000Z,en,0,0,0.12
triage,https://x.com/i/status/2105246522267045964,2026-09-30T10:40:59.000Z,en,2,0,0.09
triage,https://x.com/i/status/2105246076089294859,2026-09-30T10:39:12.000Z,en,8,5,0.27
triage,https://x.com/i/status/2105243381186109446,2026-09-30T10:28:30.000Z,en,1,1,0.34
triage,https://x.com/i/status/2105242145678655691,2026-09-30T10:23:35.000Z,en,1,0,0.19
triage,https://x.com/i/status/2105241246054711764,2026-09-30T10:20:01.000Z,en,153,14,0.48
triage,https://x.com/i/status/2105226177660993616,2026-09-30T09:20:08.000Z,en,1,0,0.81
triage,https://x.com/i/status/2105224711902986384,2026-09-30T09:14:19.000Z,en,3,0,0.29
triage,https://x.com/i/status/2105224240039596425,2026-09-30T09:12:26.000Z,en,4,1,0.68
triage,https://x.com/i/status/2105220181463069150,2026-09-30T08:56:19.000Z,en,59,30,0.77
triage,https://x.com/i/status/2105215600742076418,2026-09-30T08:38:06.000Z,en,0,0,0.72
triage,https://x.com/i/status/2105214623033229789,2026-09-30T08:34:13.000Z,zxx,5,0,0.16
triage,https://x.com/i/status/2105206865215013248,2026-09-30T08:03:24.000Z,en,0,0,0.35
triage,https://x.com/i/status/2105206689054200061,2026-09-30T08:02:42.000Z,en,0,0,0.73
triage,https://x.com/i/status/2105195712237482091,2026-09-30T07:19:05.000Z,en,1,0,0.65
triage,https://x.com/i/status/2105189730581434618,2026-09-30T06:55:18.000Z,en,3,0,0.45
triage,https://x.com/i/status/2105182972261347491,2026-09-30T06:28:27.000Z,en,0,0,0.11
triage,https://x.com/i/status/2105180469625295205,2026-09-30T06:18:30.000Z,en,1,0,0.71
triage,https://x.com/i/status/2105153161832874138,2026-09-30T04:30:00.000Z,en,3,0,0.1
triage,https://x.com/i/status/2105134288635400690,2026-09-30T03:15:00.000Z,en,2,0,0.16
triage,https://x.com/i/status/2105133461472157702,2026-09-30T03:11:43.000Z,en,0,0,0.73
triage,https://x.com/i/status/2105121800757694802,2026-09-30T02:25:23.000Z,en,2,0,0.67
triage,https://x.com/i/status/2105120427605729601,2026-09-30T02:19:55.000Z,en,6,0,0.63
triage,https://x.com/i/status/2105118376024568275,2026-09-30T02:11:46.000Z,en,4,0,0.33
triage,https://x.com/i/status/2105115739870965859,2026-09-30T02:01:18.000Z,en,2,0,0.14
triage,https://x.com/i/status/2105101320692940824,2026-09-30T01:04:00.000Z,en,1,0,0.49
triage,https://x.com/i/status/2105090248032076157,2026-09-30T00:20:00.000Z,en,0,0,0.08
triage,https://x.com/i/status/2105075756548472931,2026-09-29T23:22:25.000Z,ja,0,0,0.77
triage,https://x.com/i/status/2105065420856422490,2026-09-29T22:41:21.000Z,en,34,0,0.28
triage,https://x.com/i/status/2105065358038360334,2026-09-29T22:41:06.000Z,zxx,42,5,0.13
triage,https://x.com/i/status/2105062672320352336,2026-09-29T22:30:25.000Z,en,0,0,0.67
triage,https://x.com/i/status/2105057519517450507,2026-09-29T22:09:57.000Z,en,2,0,0.89
triage,https://x.com/i/status/2105057517164278122,2026-09-29T22:09:56.000Z,en,1,0,0.5
triage,https://x.com/i/status/2105057515503284565,2026-09-29T22:09:56.000Z,en,1,0,0.91
triage,https://x.com/i/status/2105040669807165640,2026-09-29T21:03:00.000Z,en,0,0,0.62
triage,https://x.com/i/status/2105029769511481356,2026-09-29T20:19:41.000Z,zxx,0,0,0.12
triage,https://x.com/i/status/2105025679263752496,2026-09-29T20:03:26.000Z,en,1,0,0.59
triage,https://x.com/i/status/2105022300496011687,2026-09-29T19:50:00.000Z,en,0,0,0.14
triage,https://x.com/i/status/2105016034742665596,2026-09-29T19:25:06.000Z,en,0,0,0.35
triage,https://x.com/i/status/2105015179855704164,2026-09-29T19:21:42.000Z,en,24,1,0.25
triage,https://x.com/i/status/2105011187259674738,2026-09-29T19:05:50.000Z,en,2,0,0.09
prototype,https://x.com/i/status/2105433553609634041,2026-09-30T23:04:10.000Z,en,1,0,0.08
prototype,https://x.com/i/status/2105428336281632971,2026-09-30T22:43:26.000Z,en,2,0,0.16
prototype,https://x.com/i/status/2105415537870225871,2026-09-30T21:52:35.000Z,en,0,0,0.1
prototype,https://x.com/i/status/2105408287646867758,2026-09-30T21:23:47.000Z,en,0,0,0.08
prototype,https://x.com/i/status/2105404947106075038,2026-09-30T21:10:30.000Z,en,46,14,0.1
prototype,https://x.com/i/status/2105400727606902934,2026-09-30T20:53:44.000Z,en,0,0,0.15
prototype,https://x.com/i/status/2105394841257742635,2026-09-30T20:30:21.000Z,en,0,0,0.1
prototype,https://x.com/i/status/2105394654996763036,2026-09-30T20:29:36.000Z,en,2,0,0.19
prototype,https://x.com/i/status/2105394103840100502,2026-09-30T20:27:25.000Z,en,0,0,0.07
prototype,https://x.com/i/status/2105381827385217477,2026-09-30T19:38:38.000Z,en,0,0,0.26
prototype,https://x.com/i/status/2105370763692020210,2026-09-30T18:54:40.000Z,en,0,0,0.06
prototype,https://x.com/i/status/2105369085207003596,2026-09-30T18:48:00.000Z,en,2,1,0.22
prototype,https://x.com/i/status/2105364960360710339,2026-09-30T18:31:36.000Z,en,1,0,0.09
prototype,https://x.com/i/status/2105358277450109010,2026-09-30T18:05:03.000Z,en,6,0,0.08
prototype,https://x.com/i/status/2105357047395127686,2026-09-30T18:00:10.000Z,en,31,9,0.05
prototype,https://x.com/i/status/2105354185944203356,2026-09-30T17:48:48.000Z,en,3,1,0.23
prototype,https://x.com/i/status/2105340601143116054,2026-09-30T16:54:49.000Z,en,0,0,0.21
prototype,https://x.com/i/status/2105339635803005020,2026-09-30T16:50:59.000Z,en,2,0,0.22
prototype,https://x.com/i/status/2105336775560274283,2026-09-30T16:39:37.000Z,en,34,5,0.1
prototype,https://x.com/i/status/2105329111292101107,2026-09-30T16:09:09.000Z,en,0,0,0.32
prototype,https://x.com/i/status/2105323138670342323,2026-09-30T15:45:25.000Z,en,0,0,0.18
prototype,https://x.com/i/status/2105322137212821866,2026-09-30T15:41:27.000Z,en,0,0,0.13
prototype,https://x.com/i/status/2105319004961419433,2026-09-30T15:29:00.000Z,en,0,0,0.06
prototype,https://x.com/i/status/2105317759135498291,2026-09-30T15:24:03.000Z,en,19,1,0.07
prototype,https://x.com/i/status/2105316613704589663,2026-09-30T15:19:30.000Z,en,1,0,0.13
prototype,https://x.com/i/status/2105310404868296994,2026-09-30T14:54:49.000Z,en,4,0,0.12
prototype,https://x.com/i/status/2105296547197989315,2026-09-30T13:59:46.000Z,zxx,18,5,0.09
prototype,https://x.com/i/status/2105294930293686338,2026-09-30T13:53:20.000Z,en,0,0,0.11
prototype,https://x.com/i/status/2105293379772789141,2026-09-30T13:47:10.000Z,en,71,5,0.13
prototype,https://x.com/i/status/2105292880797483484,2026-09-30T13:45:11.000Z,en,81,12,0.06
prototype,https://x.com/i/status/2105287243745099840,2026-09-30T13:22:47.000Z,en,4,0,0.07
prototype,https://x.com/i/status/2105278095733272652,2026-09-30T12:46:26.000Z,en,14,0,0.17
prototype,https://x.com/i/status/2105277493402021895,2026-09-30T12:44:03.000Z,en,0,0,0.24
prototype,https://x.com/i/status/2105277409188614494,2026-09-30T12:43:43.000Z,en,9,3,0.06
prototype,https://x.com/i/status/2105276665559482560,2026-09-30T12:40:45.000Z,en,1,1,0.05
prototype,https://x.com/i/status/2105275807975297287,2026-09-30T12:37:21.000Z,en,0,0,0.09
prototype,https://x.com/i/status/2105274281110196509,2026-09-30T12:31:17.000Z,zxx,107,8,0.07
prototype,https://x.com/i/status/2105270353228357908,2026-09-30T12:15:40.000Z,en,12,0,0.05
prototype,https://x.com/i/status/2105266909532803580,2026-09-30T12:01:59.000Z,en,1,0,0.07
prototype,https://x.com/i/status/2105266480783004003,2026-09-30T12:00:17.000Z,en,5,0,0.09
prototype,https://x.com/i/status/2105264036245844232,2026-09-30T11:50:34.000Z,en,0,0,0.05
prototype,https://x.com/i/status/2105260729699901458,2026-09-30T11:37:26.000Z,en,1,0,0.09
prototype,https://x.com/i/status/2105259058676871194,2026-09-30T11:30:48.000Z,en,1,0,0.79
prototype,https://x.com/i/status/2105254510608498811,2026-09-30T11:12:43.000Z,zxx,1,0,0.12
prototype,https://x.com/i/status/2105253909551804919,2026-09-30T11:10:20.000Z,en,2,0,0.04
prototype,https://x.com/i/status/2105253354397909010,2026-09-30T11:08:08.000Z,en,1,0,0.12
prototype,https://x.com/i/status/2105246178984054981,2026-09-30T10:39:37.000Z,en,1,0,0.33
prototype,https://x.com/i/status/2105224299334578486,2026-09-30T09:12:40.000Z,en,0,0,0.16
prototype,https://x.com/i/status/2105223419985891590,2026-09-30T09:09:11.000Z,en,0,0,0.11
prototype,https://x.com/i/status/2105210301230817444,2026-09-30T08:17:03.000Z,en,0,0,0.25
prototype,https://x.com/i/status/2105207741581267000,2026-09-30T08:06:53.000Z,en,0,0,0.27
prototype,https://x.com/i/status/2105205579736363390,2026-09-30T07:58:17.000Z,en,29,0,0.19
prototype,https://x.com/i/status/2105195260154696102,2026-09-30T07:17:17.000Z,zxx,11,0,0.09
prototype,https://x.com/i/status/2105182429279662413,2026-09-30T06:26:18.000Z,en,0,0,0.13
prototype,https://x.com/i/status/2105182264116306204,2026-09-30T06:25:38.000Z,en,10,2,0.11
prototype,https://x.com/i/status/2105173523866243555,2026-09-30T05:50:54.000Z,en,2,0,0.18
prototype,https://x.com/i/status/2105172692240380173,2026-09-30T05:47:36.000Z,en,1,0,0.08
prototype,https://x.com/i/status/2105171154885304611,2026-09-30T05:41:30.000Z,en,3,0,0.06
prototype,https://x.com/i/status/2105170392738304067,2026-09-30T05:38:28.000Z,en,1,0,0.08
prototype,https://x.com/i/status/2105161097842221560,2026-09-30T05:01:32.000Z,en,9,3,0.08
prototype,https://x.com/i/status/2105158249599426630,2026-09-30T04:50:13.000Z,en,4,0,0.05
prototype,https://x.com/i/status/2105148324864983230,2026-09-30T04:10:47.000Z,en,1,0,0.09
prototype,https://x.com/i/status/2105147333260501472,2026-09-30T04:06:50.000Z,ja,0,0,0.63
prototype,https://x.com/i/status/2105146831575580983,2026-09-30T04:04:51.000Z,ko,10,1,0.08
prototype,https://x.com/i/status/2105144489035932045,2026-09-30T03:55:32.000Z,en,0,0,0.12
prototype,https://x.com/i/status/2105140632066867560,2026-09-30T03:40:12.000Z,en,0,0,0.12
prototype,https://x.com/i/status/2105127966112162096,2026-09-30T02:49:53.000Z,en,214,88,0.03
prototype,https://x.com/i/status/2105126922699059427,2026-09-30T02:45:44.000Z,en,23,1,0.2
prototype,https://x.com/i/status/2105122965666885751,2026-09-30T02:30:00.000Z,en,60,19,0.1
prototype,https://x.com/i/status/2105096363595981215,2026-09-30T00:44:18.000Z,en,0,0,0.08
prototype,https://x.com/i/status/2105088519815450752,2026-09-30T00:13:08.000Z,en,9,2,0.1
prototype,https://x.com/i/status/2105087287562543131,2026-09-30T00:08:14.000Z,en,0,0,0.14
prototype,https://x.com/i/status/2105073302511210554,2026-09-29T23:12:40.000Z,fr,0,0,0.04
prototype,https://x.com/i/status/2105071561648885905,2026-09-29T23:05:45.000Z,en,18,0,0.25
prototype,https://x.com/i/status/2105064939975266661,2026-09-29T22:39:26.000Z,zxx,1,1,0.13
prototype,https://x.com/i/status/2105064440441774542,2026-09-29T22:37:27.000Z,en,7,0,0.11
prototype,https://x.com/i/status/2105062659641180505,2026-09-29T22:30:22.000Z,en,0,0,0.1
prototype,https://x.com/i/status/2105057853392466240,2026-09-29T22:11:16.000Z,en,0,0,0.08
prototype,https://x.com/i/status/2105053756702576952,2026-09-29T21:55:00.000Z,en,2,0,0.1
prototype,https://x.com/i/status/2105051544307839317,2026-09-29T21:46:12.000Z,zxx,3,1,0.09
prototype,https://x.com/i/status/2105049529053827090,2026-09-29T21:38:12.000Z,en,0,0,0.24
prototype,https://x.com/i/status/2105046434768941566,2026-09-29T21:25:54.000Z,en,0,0,0.13
prototype,https://x.com/i/status/2105040093367189944,2026-09-29T21:00:42.000Z,en,159,23,0.14
prototype,https://x.com/i/status/2105039716697710758,2026-09-29T20:59:12.000Z,en,0,0,0.73
prototype,https://x.com/i/status/2105025848965292194,2026-09-29T20:04:06.000Z,en,1,0,0.09
prototype,https://x.com/i/status/2105024084539285593,2026-09-29T19:57:05.000Z,zxx,4,0,0.1
prototype,https://x.com/i/status/2105023299042632021,2026-09-29T19:53:58.000Z,en,0,0,0.1
prototype,https://x.com/i/status/2105019707585618233,2026-09-29T19:39:42.000Z,en,13,0,0.09
prototype,https://x.com/i/status/2105017931117842855,2026-09-29T19:32:38.000Z,ja,2,0,0.09
prototype,https://x.com/i/status/2105011644581445949,2026-09-29T19:07:39.000Z,en,7,0,0.1
prototype,https://x.com/i/status/2104997311768076434,2026-09-29T18:10:42.000Z,en,0,0,0.05
prototype,https://x.com/i/status/2104990709183136060,2026-09-29T17:44:28.000Z,th,0,1,0.09
prototype,https://x.com/i/status/2104988063315177610,2026-09-29T17:33:57.000Z,en,2,0,0.16
prototype,https://x.com/i/status/2104985692095090776,2026-09-29T17:24:32.000Z,en,0,0,0.18
prototype,https://x.com/i/status/2104984079892709571,2026-09-29T17:18:08.000Z,ja,0,0,0.04
prototype,https://x.com/i/status/2104983198736470315,2026-09-29T17:14:37.000Z,en,2,0,0.17
prototype,https://x.com/i/status/2104982890295759305,2026-09-29T17:13:24.000Z,en,2,0,0.1
prototype,https://x.com/i/status/2104980941970047011,2026-09-29T17:05:39.000Z,en,14,0,0.12
prototype,https://x.com/i/status/2104979726460985764,2026-09-29T17:00:50.000Z,vi,1,0,0.57
prototype,https://x.com/i/status/2104979163228868885,2026-09-29T16:58:35.000Z,en,50,9,0.25
grilling,https://x.com/i/status/2105398078236664128,2026-09-30T20:43:12.000Z,en,1,0,0.03
grilling,https://x.com/i/status/2105386425139036319,2026-09-30T19:56:54.000Z,en,0,0,0.03
grilling,https://x.com/i/status/2105283353935040943,2026-09-30T13:07:20.000Z,en,0,0,0.04
grilling,https://x.com/i/status/2105265392356868160,2026-09-30T11:55:58.000Z,en,1,0,0.03
grilling,https://x.com/i/status/2105208969790734717,2026-09-30T08:11:45.000Z,zh,9,1,0.07
grilling,https://x.com/i/status/2105139774642159723,2026-09-30T03:36:48.000Z,en,1,0,0.03
grilling,https://x.com/i/status/2105135032214159604,2026-09-30T03:17:57.000Z,en,2,0,0.04
grilling,https://x.com/i/status/2105069980849197432,2026-09-29T22:59:28.000Z,ja,0,0,0.77
grilling,https://x.com/i/status/2104969629680418912,2026-09-29T16:20:42.000Z,en,0,0,0.81
grilling,https://x.com/i/status/2104950533173707172,2026-09-29T15:04:49.000Z,en,146,9,0.84
grilling,https://x.com/i/status/2104780084397871511,2026-09-29T03:47:31.000Z,en,195,28,0.03
grilling,https://x.com/i/status/2104694921898684634,2026-09-28T22:09:07.000Z,en,2,0,0.85
grilling,https://x.com/i/status/2104672520154894571,2026-09-28T20:40:06.000Z,en,0,0,0.9
grilling,https://x.com/i/status/2104644903179563391,2026-09-28T18:50:21.000Z,en,2,0,0.04
grilling,https://x.com/i/status/2104522508288602115,2026-09-28T10:44:00.000Z,in,3,0,0.9
grilling,https://x.com/i/status/2104519949330903228,2026-09-28T10:33:50.000Z,en,10,0,0.04
grilling,https://x.com/i/status/2104473012544360626,2026-09-28T07:27:20.000Z,en,0,0,0.96
grilling,https://x.com/i/status/2104401426806149203,2026-09-28T02:42:52.000Z,zh,3,0,0.79
grilling,https://x.com/i/status/2104386149271965815,2026-09-28T01:42:10.000Z,en,1,0,0.03
grilling,https://x.com/i/status/2104216203858428003,2026-09-27T14:26:52.000Z,en,0,0,0.95
grilling,https://x.com/i/status/2104147133632782822,2026-09-27T09:52:24.000Z,en,20,1,0.04
grilling,https://x.com/i/status/2104135188938940423,2026-09-27T09:04:56.000Z,fr,0,0,0.57
grilling,https://x.com/i/status/2104098944603308223,2026-09-27T06:40:55.000Z,en,0,0,0.04
grilling,https://x.com/i/status/2104051638608744918,2026-09-27T03:32:56.000Z,en,8,0,0.03
grilling,https://x.com/i/status/2103976671128814058,2026-09-26T22:35:03.000Z,en,1,0,0.83
grilling,https://x.com/i/status/2103938738971930926,2026-09-26T20:04:19.000Z,en,1,0,0.91
grilling,https://x.com/i/status/2103917889078317391,2026-09-26T18:41:28.000Z,en,1,0,0.04
grilling,https://x.com/i/status/2103877386882146548,2026-09-26T16:00:31.000Z,en,12,4,0.21
grilling,https://x.com/i/status/2103817129644507350,2026-09-26T12:01:05.000Z,en,2,0,0.05
grilling,https://x.com/i/status/2103804285838643517,2026-09-26T11:10:03.000Z,en,5,0,0.87
grilling,https://x.com/i/status/2103776240184578376,2026-09-26T09:18:36.000Z,en,0,0,0.1
grilling,https://x.com/i/status/2103524092658028769,2026-09-25T16:36:39.000Z,en,0,0,0.07
grilling,https://x.com/i/status/2103410670595194982,2026-09-25T09:05:58.000Z,en,1,0,0.06
grilling,https://x.com/i/status/2103325697934762069,2026-09-25T03:28:18.000Z,ja,0,0,0.91
grilling,https://x.com/i/status/2103287358191796648,2026-09-25T00:55:58.000Z,en,5,0,0.09
grilling,https://x.com/i/status/2103217221854257425,2026-09-24T20:17:16.000Z,en,0,0,0.07
grilling,https://x.com/i/status/2103216905968329049,2026-09-24T20:16:00.000Z,en,3,1,0.02
grilling,https://x.com/i/status/2103160141243646417,2026-09-24T16:30:27.000Z,en,0,1,0.02
grilling,https://x.com/i/status/2103119035802234943,2026-09-24T13:47:06.000Z,en,1,0,0.94
grilling,https://x.com/i/status/2103068099088195762,2026-09-24T10:24:42.000Z,ja,0,0,0.9
grilling,https://x.com/i/status/2103066905678315940,2026-09-24T10:19:58.000Z,en,0,0,0.9
grilling,https://x.com/i/status/2103004344887152873,2026-09-24T06:11:22.000Z,zh,95,12,0.9
grilling,https://x.com/i/status/2102981013098090687,2026-09-24T04:38:39.000Z,en,0,0,0.87
grilling,https://x.com/i/status/2102976170090447063,2026-09-24T04:19:25.000Z,en,1,0,0.96
grilling,https://x.com/i/status/2102962917243314382,2026-09-24T03:26:45.000Z,en,1,0,0.95
vercel-react-best-practices,https://x.com/i/status/2104960643829010775,2026-09-29T15:45:00.000Z,en,216,27,0.06
vercel-react-best-practices,https://x.com/i/status/2104840846516338946,2026-09-29T07:48:58.000Z,en,0,0,0.83
humanizer,https://x.com/i/status/2105449571295912155,2026-10-01T00:07:49.000Z,en,2,1,0.96
humanizer,https://x.com/i/status/2105444712807284953,2026-09-30T23:48:31.000Z,en,1,0,0.02
humanizer,https://x.com/i/status/2105355010355896755,2026-09-30T17:52:04.000Z,en,0,0,0.94
humanizer,https://x.com/i/status/2105323681065177216,2026-09-30T15:47:35.000Z,en,1,0,0.4
humanizer,https://x.com/i/status/2105311718825947418,2026-09-30T15:00:03.000Z,en,1035,113,0.1
humanizer,https://x.com/i/status/2105293150923472971,2026-09-30T13:46:16.000Z,en,0,0,0.96
humanizer,https://x.com/i/status/2105248514594713730,2026-09-30T10:48:54.000Z,zxx,24,1,0.2
humanizer,https://x.com/i/status/2105227281425961362,2026-09-30T09:24:31.000Z,en,119,4,0.96
humanizer,https://x.com/i/status/2105226374210601362,2026-09-30T09:20:55.000Z,qme,0,0,0.18
humanizer,https://x.com/i/status/2105183362444915120,2026-09-30T06:30:00.000Z,zh,12,0,0.96
humanizer,https://x.com/i/status/2105104022147305809,2026-09-30T01:14:44.000Z,en,5,0,0.49
humanizer,https://x.com/i/status/2105072559926505650,2026-09-29T23:09:43.000Z,en,0,0,0.93
humanizer,https://x.com/i/status/2105070367022715219,2026-09-29T23:01:00.000Z,zh,0,0,0.97
humanizer,https://x.com/i/status/2105006196558356521,2026-09-29T18:46:01.000Z,zh,1,0,0.77
humanizer,https://x.com/i/status/2104924174917509155,2026-09-29T13:20:05.000Z,en,0,0,0.95
humanizer,https://x.com/i/status/2104922894803628120,2026-09-29T13:15:00.000Z,en,2,0,0.65
humanizer,https://x.com/i/status/2104915923681579051,2026-09-29T12:47:18.000Z,zh,9,2,0.06
humanizer,https://x.com/i/status/2104896529660022786,2026-09-29T11:30:14.000Z,en,1,0,0.32
humanizer,https://x.com/i/status/2104867961945375158,2026-09-29T09:36:43.000Z,zh,0,0,0.9
humanizer,https://x.com/i/status/2104782317310906702,2026-09-29T03:56:24.000Z,en,75,14,0.48
humanizer,https://x.com/i/status/2104681725557379319,2026-09-28T21:16:41.000Z,en,3,0,0.93
humanizer,https://x.com/i/status/2104629707887329518,2026-09-28T17:49:59.000Z,en,45,10,0.93
humanizer,https://x.com/i/status/2104595391526424989,2026-09-28T15:33:37.000Z,en,35,25,0.92
humanizer,https://x.com/i/status/2104593356332343470,2026-09-28T15:25:32.000Z,zxx,17,0,0.2
humanizer,https://x.com/i/status/2104579035938369892,2026-09-28T14:28:38.000Z,zxx,0,0,0.22
humanizer,https://x.com/i/status/2104531176933445884,2026-09-28T11:18:27.000Z,ru,0,0,0.81
humanizer,https://x.com/i/status/2104487048958648690,2026-09-28T08:23:06.000Z,en,0,0,0.67
humanizer,https://x.com/i/status/2104482320753528968,2026-09-28T08:04:19.000Z,en,0,0,0.94
humanizer,https://x.com/i/status/2104468905347752030,2026-09-28T07:11:00.000Z,en,0,0,0.87
humanizer,https://x.com/i/status/2104310932671451636,2026-09-27T20:43:17.000Z,zxx,2,1,0.21
humanizer,https://x.com/i/status/2104274665820790992,2026-09-27T18:19:10.000Z,zh,433,42,0.97
humanizer,https://x.com/i/status/2104268689776509401,2026-09-27T17:55:25.000Z,en,71,47,0.93
humanizer,https://x.com/i/status/2104232273549660604,2026-09-27T15:30:43.000Z,en,0,0,0.91
humanizer,https://x.com/i/status/2104232272152981691,2026-09-27T15:30:43.000Z,en,1,0,0.96
humanizer,https://x.com/i/status/2104180687574282311,2026-09-27T12:05:44.000Z,en,1,0,0.91
humanizer,https://x.com/i/status/2104148795109847211,2026-09-27T09:59:00.000Z,en,0,0,0.97
humanizer,https://x.com/i/status/2104137681215078881,2026-09-27T09:14:50.000Z,en,0,0,0.9
humanizer,https://x.com/i/status/2104114543463190699,2026-09-27T07:42:54.000Z,ko,467,142,0.87
humanizer,https://x.com/i/status/2104113813406486581,2026-09-27T07:40:00.000Z,en,216,57,0.91
humanizer,https://x.com/i/status/2103965357447028781,2026-09-26T21:50:05.000Z,en,1,0,0.1
humanizer,https://x.com/i/status/2103884982204719442,2026-09-26T16:30:42.000Z,en,2,0,0.98
humanizer,https://x.com/i/status/2103862474084872409,2026-09-26T15:01:16.000Z,en,1,0,0.96
humanizer,https://x.com/i/status/2103862178130657609,2026-09-26T15:00:05.000Z,en,103,15,0.08
humanizer,https://x.com/i/status/2103841668256444839,2026-09-26T13:38:35.000Z,en,0,0,0.92
humanizer,https://x.com/i/status/2103733839960924640,2026-09-26T06:30:07.000Z,en,1,0,0.92
humanizer,https://x.com/i/status/2103536436326912454,2026-09-25T17:25:42.000Z,pt,0,0,0.95
humanizer,https://x.com/i/status/2103530976659812777,2026-09-25T17:04:01.000Z,zh,5,1,0.06
humanizer,https://x.com/i/status/2103482005023506504,2026-09-25T13:49:25.000Z,en,63,36,0.2
humanizer,https://x.com/i/status/2103258058063499382,2026-09-24T22:59:32.000Z,zh,0,0,0.94
humanizer,https://x.com/i/status/2103243304964182281,2026-09-24T22:00:54.000Z,ja,6,0,0.86
humanizer,https://x.com/i/status/2103182796621525379,2026-09-24T18:00:28.000Z,en,3,2,0.07
humanizer,https://x.com/i/status/2103160016845103245,2026-09-24T16:29:57.000Z,en,1,0,0.54
humanizer,https://x.com/i/status/2103159914671858084,2026-09-24T16:29:33.000Z,en,1,0,0.63
humanizer,https://x.com/i/status/2103159902571229553,2026-09-24T16:29:30.000Z,en,21,10,0.59
humanizer,https://x.com/i/status/2103131272868425820,2026-09-24T14:35:44.000Z,zh,41,8,0.93
humanizer,https://x.com/i/status/2103122510258540562,2026-09-24T14:00:55.000Z,fr,7,0,0.94
humanizer,https://x.com/i/status/2103115364292821237,2026-09-24T13:32:31.000Z,en,5,2,0.12
humanizer,https://x.com/i/status/2103098161892139207,2026-09-24T12:24:10.000Z,en,10,0,0.15
humanizer,https://x.com/i/status/2103097499942605194,2026-09-24T12:21:32.000Z,zxx,1,1,0.15
humanizer,https://x.com/i/status/2103079171744272449,2026-09-24T11:08:42.000Z,zh,0,0,0.93
humanizer,https://x.com/i/status/2103031862696313323,2026-09-24T08:00:43.000Z,zh,0,0,0.09
humanizer,https://x.com/i/status/2102999648667418920,2026-09-24T05:52:42.000Z,ja,3,0,0.05
humanizer,https://x.com/i/status/2102999645488054378,2026-09-24T05:52:41.000Z,ja,137,12,0.06
humanizer,https://x.com/i/status/2102986125572727251,2026-09-24T04:58:58.000Z,zh,330,90,0.94
video-edit,https://x.com/i/status/2105376679619408224,2026-09-30T19:18:11.000Z,tr,0,0,0.46
video-edit,https://x.com/i/status/2105196757617377536,2026-09-30T07:23:14.000Z,en,4,0,0.55
video-edit,https://x.com/i/status/2105078050647851234,2026-09-29T23:31:32.000Z,en,0,0,0.16
video-edit,https://x.com/i/status/2104931208530465273,2026-09-29T13:48:02.000Z,en,0,0,0.05
video-edit,https://x.com/i/status/2104913198461641187,2026-09-29T12:36:28.000Z,en,3,0,0.07
video-edit,https://x.com/i/status/2104874415066354027,2026-09-29T10:02:21.000Z,en,2,0,0.76
video-edit,https://x.com/i/status/2104727128377872710,2026-09-29T00:17:06.000Z,en,0,0,0.65
video-edit,https://x.com/i/status/2104656297522024814,2026-09-28T19:35:38.000Z,tr,45,1,0.74
video-edit,https://x.com/i/status/2104578017276084408,2026-09-28T14:24:35.000Z,en,7,0,0.75
video-edit,https://x.com/i/status/2104550741126111664,2026-09-28T12:36:12.000Z,en,1,0,0.03
video-edit,https://x.com/i/status/2104297787894775927,2026-09-27T19:51:03.000Z,en,0,0,0.06
video-edit,https://x.com/i/status/2104264015593816449,2026-09-27T17:36:51.000Z,en,4,0,0.21
video-edit,https://x.com/i/status/2104208100463186367,2026-09-27T13:54:40.000Z,en,3,0,0.14
video-edit,https://x.com/i/status/2103780460728115230,2026-09-26T09:35:22.000Z,en,11,1,0.72
video-edit,https://x.com/i/status/2103776467356115357,2026-09-26T09:19:30.000Z,zxx,197,19,0.1
video-edit,https://x.com/i/status/2103622015991337080,2026-09-25T23:05:46.000Z,en,11,0,0.43
video-edit,https://x.com/i/status/2103584624807145601,2026-09-25T20:37:11.000Z,en,0,0,0.47
video-edit,https://x.com/i/status/2103507217848967404,2026-09-25T15:29:36.000Z,en,0,0,0.37
video-edit,https://x.com/i/status/2103482768269185034,2026-09-25T13:52:27.000Z,en,0,0,0.75
video-edit,https://x.com/i/status/2103205411566604623,2026-09-24T19:30:20.000Z,en,0,0,0.76
video-edit,https://x.com/i/status/2103175373005709449,2026-09-24T17:30:58.000Z,en,4,1,0.46
video-edit,https://x.com/i/status/2103150026583154738,2026-09-24T15:50:15.000Z,en,0,0,0.67
ai-video-generation,https://x.com/i/status/2105414902282387661,2026-09-30T21:50:04.000Z,en,80,5,0.41
ai-video-generation,https://x.com/i/status/2105358388125225457,2026-09-30T18:05:30.000Z,en,23,6,0.44
ai-video-generation,https://x.com/i/status/2105297398578774089,2026-09-30T14:03:09.000Z,en,8,8,0.04
ai-video-generation,https://x.com/i/status/2105228663923130849,2026-09-30T09:30:01.000Z,en,1,0,0.08
ai-video-generation,https://x.com/i/status/2105213951227343251,2026-09-30T08:31:33.000Z,en,73,48,0.05
ai-video-generation,https://x.com/i/status/2105190642351759658,2026-09-30T06:58:56.000Z,en,13,2,0.07
ai-video-generation,https://x.com/i/status/2105154924145181132,2026-09-30T04:37:00.000Z,en,92,39,0.04
ai-video-generation,https://x.com/i/status/2104955265649201603,2026-09-29T15:23:38.000Z,en,127,59,0.05
ai-video-generation,https://x.com/i/status/2104951180753580398,2026-09-29T15:07:24.000Z,en,12,0,0.05
ai-video-generation,https://x.com/i/status/2104900135805395049,2026-09-29T11:44:34.000Z,zxx,2,0,0.09
ai-video-generation,https://x.com/i/status/2104850432690676073,2026-09-29T08:27:04.000Z,en,57,35,0.19
ai-video-generation,https://x.com/i/status/2104758125383573793,2026-09-29T02:20:16.000Z,en,2,0,0.04
ai-video-generation,https://x.com/i/status/2104599423716384801,2026-09-28T15:49:38.000Z,en,27,19,0.05
ai-video-generation,https://x.com/i/status/2104560346564591875,2026-09-28T13:14:22.000Z,en,0,0,0.57
ai-video-generation,https://x.com/i/status/2104537385442959594,2026-09-28T11:43:07.000Z,en,33,14,0.06
ai-video-generation,https://x.com/i/status/2104319167314657541,2026-09-27T21:16:00.000Z,zh,1,0,0.68
ai-video-generation,https://x.com/i/status/2104175942104973742,2026-09-27T11:46:52.000Z,en,45,33,0.06
ai-video-generation,https://x.com/i/status/2104157206925222207,2026-09-27T10:32:26.000Z,en,28,24,0.05
ai-video-generation,https://x.com/i/status/2104141550984790490,2026-09-27T09:30:13.000Z,en,1,2,0.02
ai-video-generation,https://x.com/i/status/2104074275481436648,2026-09-27T05:02:53.000Z,en,537,141,0.06
ai-video-generation,https://x.com/i/status/2103898454707568792,2026-09-26T17:24:14.000Z,en,2,0,0.49
ai-video-generation,https://x.com/i/status/2103844131566936478,2026-09-26T13:48:23.000Z,en,0,0,0.28
ai-video-generation,https://x.com/i/status/2103840861926916452,2026-09-26T13:35:23.000Z,en,15,13,0.04
ai-video-generation,https://x.com/i/status/2103829250390278320,2026-09-26T12:49:15.000Z,en,78,34,0.64
ai-video-generation,https://x.com/i/status/2103805274280640981,2026-09-26T11:13:58.000Z,en,94,5,0.32
ai-video-generation,https://x.com/i/status/2103603611456397505,2026-09-25T21:52:38.000Z,en,1,1,0.57
ai-video-generation,https://x.com/i/status/2103534825617662400,2026-09-25T17:19:18.000Z,en,80,46,0.11
ai-video-generation,https://x.com/i/status/2103502304574058522,2026-09-25T15:10:05.000Z,en,2,0,0.26
ai-video-generation,https://x.com/i/status/2103449307613417717,2026-09-25T11:39:29.000Z,en,1,0,0.34
ai-video-generation,https://x.com/i/status/2103423260688015810,2026-09-25T09:55:59.000Z,en,7,1,0.59
ai-video-generation,https://x.com/i/status/2103421275784007794,2026-09-25T09:48:06.000Z,zh,3,1,0.94
ai-video-generation,https://x.com/i/status/2103318107460919453,2026-09-25T02:58:09.000Z,en,88,38,0.06
ai-video-generation,https://x.com/i/status/2103299022631154025,2026-09-25T01:42:19.000Z,en,31,15,0.05
ai-video-generation,https://x.com/i/status/2103237690523300136,2026-09-24T21:38:36.000Z,en,7,4,0.21
ai-video-generation,https://x.com/i/status/2103132206986400125,2026-09-24T14:39:27.000Z,en,5,0,0.1
ai-video-generation,https://x.com/i/status/2103107316933628409,2026-09-24T13:00:32.000Z,en,1,1,0.51
ai-video-generation,https://x.com/i/status/2103100360105906189,2026-09-24T12:32:54.000Z,en,28,14,0.08
ai-video-generation,https://x.com/i/status/2103065610007814425,2026-09-24T10:14:49.000Z,en,2,0,0.16
ai-video-generation,https://x.com/i/status/2103059862792151135,2026-09-24T09:51:58.000Z,en,40,29,0.13
ai-video-generation,https://x.com/i/status/2103016650329194647,2026-09-24T07:00:16.000Z,en,5,4,0.33
ai-video-generation,https://x.com/i/status/2103012422734754182,2026-09-24T06:43:28.000Z,en,0,0,0.59
ai-video-generation,https://x.com/i/status/2103000692407382380,2026-09-24T05:56:51.000Z,en,120,58,0.15
obsidian,https://x.com/i/status/2105461331604492474,2026-10-01T00:54:33.000Z,zxx,0,0,0.29
obsidian,https://x.com/i/status/2105461277296660803,2026-10-01T00:54:20.000Z,zxx,0,0,0.26
obsidian,https://x.com/i/status/2105459681615286550,2026-10-01T00:48:00.000Z,en,1,0,0.15
obsidian,https://x.com/i/status/2105458973981692268,2026-10-01T00:45:11.000Z,en,1,0,0.08
obsidian,https://x.com/i/status/2105453277643211214,2026-10-01T00:22:33.000Z,zxx,1,0,0.24
obsidian,https://x.com/i/status/2105449194127593700,2026-10-01T00:06:19.000Z,zh,1,0,0.63
obsidian,https://x.com/i/status/2105441455229878738,2026-09-30T23:35:34.000Z,zh,0,0,0.06
obsidian,https://x.com/i/status/2105436878312722440,2026-09-30T23:17:23.000Z,en,1,0,0.04
obsidian,https://x.com/i/status/2105433172636991706,2026-09-30T23:02:40.000Z,en,1,0,0.04
obsidian,https://x.com/i/status/2105432601959780428,2026-09-30T23:00:24.000Z,pt,0,0,0.78
obsidian,https://x.com/i/status/2105431278657192083,2026-09-30T22:55:08.000Z,ja,0,0,0.09
obsidian,https://x.com/i/status/2105430058747969546,2026-09-30T22:50:17.000Z,zh,3,0,0.03
obsidian,https://x.com/i/status/2105426935421776198,2026-09-30T22:37:53.000Z,ja,0,0,0.12
obsidian,https://x.com/i/status/2105425052967764402,2026-09-30T22:30:24.000Z,en,0,0,0.06
obsidian,https://x.com/i/status/2105422889314898387,2026-09-30T22:21:48.000Z,en,2,0,0.3
obsidian,https://x.com/i/status/2105421331714146452,2026-09-30T22:15:36.000Z,en,0,0,0.29
obsidian,https://x.com/i/status/2105419191658348946,2026-09-30T22:07:06.000Z,en,0,0,0.39
obsidian,https://x.com/i/status/2105417277135090114,2026-09-30T21:59:30.000Z,zxx,8,0,0.25
obsidian,https://x.com/i/status/2105415557902377253,2026-09-30T21:52:40.000Z,en,0,0,0.3
obsidian,https://x.com/i/status/2105407448744075613,2026-09-30T21:20:27.000Z,ja,6,1,0.09
obsidian,https://x.com/i/status/2105406586768494750,2026-09-30T21:17:01.000Z,en,1,0,0.21
obsidian,https://x.com/i/status/2105405887255068929,2026-09-30T21:14:14.000Z,pt,0,0,0.14
obsidian,https://x.com/i/status/2105401250305257572,2026-09-30T20:55:49.000Z,en,0,0,0.07
obsidian,https://x.com/i/status/2105400425948258710,2026-09-30T20:52:32.000Z,ja,1,0,0.42
obsidian,https://x.com/i/status/2105393835538825237,2026-09-30T20:26:21.000Z,tr,0,0,0.27
obsidian,https://x.com/i/status/2105393512543928429,2026-09-30T20:25:04.000Z,en,1,0,0.31
obsidian,https://x.com/i/status/2105387205988323649,2026-09-30T20:00:00.000Z,en,0,0,0.23
obsidian,https://x.com/i/status/2105385161336508836,2026-09-30T19:51:53.000Z,en,0,0,0.03
obsidian,https://x.com/i/status/2105384262296043646,2026-09-30T19:48:18.000Z,en,3,0,0.33
obsidian,https://x.com/i/status/2105377592954032396,2026-09-30T19:21:48.000Z,en,3,0,0.3
obsidian,https://x.com/i/status/2105374620920557577,2026-09-30T19:10:00.000Z,zh,2,3,0.05
obsidian,https://x.com/i/status/2105371856744182224,2026-09-30T18:59:01.000Z,en,0,0,0.54
obsidian,https://x.com/i/status/2105366488547021016,2026-09-30T18:37:41.000Z,en,1,0,0.37
obsidian,https://x.com/i/status/2105357508441407589,2026-09-30T18:02:00.000Z,zh,28,0,0.65
obsidian,https://x.com/i/status/2105354729177948208,2026-09-30T17:50:57.000Z,en,0,0,0.05
obsidian,https://x.com/i/status/2105347885042979242,2026-09-30T17:23:45.000Z,zh,0,0,0.24
obsidian,https://x.com/i/status/2105341910432825645,2026-09-30T17:00:01.000Z,en,0,0,0.37
obsidian,https://x.com/i/status/2105339099414716709,2026-09-30T16:48:51.000Z,en,0,0,0.43
obsidian,https://x.com/i/status/2105339067651014856,2026-09-30T16:48:43.000Z,en,0,0,0.59
obsidian,https://x.com/i/status/2105337017169313806,2026-09-30T16:40:34.000Z,en,9,7,0.23
obsidian,https://x.com/i/status/2105332205593461003,2026-09-30T16:21:27.000Z,en,4,1,0.06
obsidian,https://x.com/i/status/2105328819892867328,2026-09-30T16:08:00.000Z,en,4,0,0.19
obsidian,https://x.com/i/status/2105323985009349050,2026-09-30T15:48:47.000Z,en,0,0,0.11
obsidian,https://x.com/i/status/2105321671427068126,2026-09-30T15:39:36.000Z,en,1,0,0.04
obsidian,https://x.com/i/status/2105320349432946749,2026-09-30T15:34:20.000Z,zh,16,2,0.12
obsidian,https://x.com/i/status/2105297538295431401,2026-09-30T14:03:42.000Z,zh,14,1,0.06
obsidian,https://x.com/i/status/2105296969732366788,2026-09-30T14:01:26.000Z,es,0,0,0.29
obsidian,https://x.com/i/status/2105296873519259719,2026-09-30T14:01:03.000Z,es,80,24,0.18
obsidian,https://x.com/i/status/2105294741739020443,2026-09-30T13:52:35.000Z,ja,0,0,0.33
obsidian,https://x.com/i/status/2105292612643303801,2026-09-30T13:44:07.000Z,zxx,1,0,0.23
obsidian,https://x.com/i/status/2105292357201477914,2026-09-30T13:43:07.000Z,fr,5,0,0.25
obsidian,https://x.com/i/status/2105289704707072213,2026-09-30T13:32:34.000Z,en,61,17,0.17
obsidian,https://x.com/i/status/2105284794477330621,2026-09-30T13:13:03.000Z,ja,1,0,0.22
obsidian,https://x.com/i/status/2105281955243651364,2026-09-30T13:01:47.000Z,fr,1,0,0.1
obsidian,https://x.com/i/status/2105280672763965665,2026-09-30T12:56:41.000Z,zxx,6,0,0.23
obsidian,https://x.com/i/status/2105277821967065221,2026-09-30T12:45:21.000Z,ja,6,0,0.2
obsidian,https://x.com/i/status/2105271724371833174,2026-09-30T12:21:07.000Z,ja,2,0,0.07
obsidian,https://x.com/i/status/2105267462086304096,2026-09-30T12:04:11.000Z,ja,6,1,0.24
obsidian,https://x.com/i/status/2105267163523322244,2026-09-30T12:03:00.000Z,zh,1,0,0.15
obsidian,https://x.com/i/status/2105260886948782129,2026-09-30T11:38:03.000Z,zh,4,0,0.72
obsidian,https://x.com/i/status/2105252939388629364,2026-09-30T11:06:29.000Z,zxx,27,2,0.26
obsidian,https://x.com/i/status/2105251415312761064,2026-09-30T11:00:25.000Z,ja,5,1,0.36
obsidian,https://x.com/i/status/2105246308097466452,2026-09-30T10:40:08.000Z,zh,171,44,0.18
obsidian,https://x.com/i/status/2105246275352551787,2026-09-30T10:40:00.000Z,zh,36,6,0.16
obsidian,https://x.com/i/status/2105244561463541805,2026-09-30T10:33:11.000Z,en,2,2,0.05
obsidian,https://x.com/i/status/2105243200440918091,2026-09-30T10:27:47.000Z,en,3,0,0.28
obsidian,https://x.com/i/status/2105232528588374073,2026-09-30T09:45:22.000Z,es,30,4,0.32
obsidian,https://x.com/i/status/2105232404017492113,2026-09-30T09:44:53.000Z,ja,0,0,0.11
obsidian,https://x.com/i/status/2105232072172355647,2026-09-30T09:43:33.000Z,ja,0,0,0.44
obsidian,https://x.com/i/status/2105230707488698592,2026-09-30T09:38:08.000Z,zh,408,85,0.31
obsidian,https://x.com/i/status/2105219092903075952,2026-09-30T08:51:59.000Z,pt,0,0,0.27
obsidian,https://x.com/i/status/2105217575902982531,2026-09-30T08:45:57.000Z,en,5,0,0.31
obsidian,https://x.com/i/status/2105216428454400432,2026-09-30T08:41:24.000Z,zh,0,0,0.63
obsidian,https://x.com/i/status/2105214907402572252,2026-09-30T08:35:21.000Z,en,0,0,0.18
obsidian,https://x.com/i/status/2105211428282171568,2026-09-30T08:21:32.000Z,en,1,0,0.15
obsidian,https://x.com/i/status/2105208537542717662,2026-09-30T08:10:02.000Z,fr,18,1,0.31
obsidian,https://x.com/i/status/2105206765469978861,2026-09-30T08:03:00.000Z,zh,1,0,0.73
obsidian,https://x.com/i/status/2105204414005096799,2026-09-30T07:53:39.000Z,ja,0,0,0.59
obsidian,https://x.com/i/status/2105198576225628180,2026-09-30T07:30:27.000Z,en,3,0,0.69
obsidian,https://x.com/i/status/2105197702887743913,2026-09-30T07:26:59.000Z,zh,0,0,0.21
obsidian,https://x.com/i/status/2105191423968673845,2026-09-30T07:02:02.000Z,zxx,0,0,0.24
obsidian,https://x.com/i/status/2105189188148801559,2026-09-30T06:53:09.000Z,en,0,0,0.67
obsidian,https://x.com/i/status/2105184191537451099,2026-09-30T06:33:18.000Z,zh,0,0,0.09
obsidian,https://x.com/i/status/2105183829396771063,2026-09-30T06:31:52.000Z,fr,26,1,0.28
obsidian,https://x.com/i/status/2105180915299479799,2026-09-30T06:20:17.000Z,ja,0,0,0.06
obsidian,https://x.com/i/status/2105179276710682865,2026-09-30T06:13:46.000Z,zxx,2,0,0.2
obsidian,https://x.com/i/status/2105178236644945951,2026-09-30T06:09:38.000Z,en,3,1,0.41
obsidian,https://x.com/i/status/2105177960231883010,2026-09-30T06:08:32.000Z,en,1,0,0.41
obsidian,https://x.com/i/status/2105175615125279074,2026-09-30T05:59:13.000Z,ja,0,0,0.36
obsidian,https://x.com/i/status/2105166481554317612,2026-09-30T05:22:55.000Z,ja,0,0,0.16
obsidian,https://x.com/i/status/2105162875744788877,2026-09-30T05:08:36.000Z,ja,0,0,0.17
obsidian,https://x.com/i/status/2105160852085088324,2026-09-30T05:00:33.000Z,en,0,0,0.05
obsidian,https://x.com/i/status/2105157624073429010,2026-09-30T04:47:44.000Z,ja,0,0,0.12
obsidian,https://x.com/i/status/2105157573213343831,2026-09-30T04:47:32.000Z,zxx,1,0,0.25
obsidian,https://x.com/i/status/2105155570965864682,2026-09-30T04:39:34.000Z,es,0,0,0.59
obsidian,https://x.com/i/status/2105149611677802621,2026-09-30T04:15:53.000Z,en,0,0,0.54
obsidian,https://x.com/i/status/2105146754681491664,2026-09-30T04:04:32.000Z,ja,0,0,0.66
obsidian,https://x.com/i/status/2105146272789536779,2026-09-30T04:02:37.000Z,en,0,0,0.53
obsidian,https://x.com/i/status/2105144252426756246,2026-09-30T03:54:36.000Z,en,2,0,0.6
obsidian,https://x.com/i/status/2105143850591539609,2026-09-30T03:53:00.000Z,en,2,0,0.61
ai-music,https://x.com/i/status/2105399676564562069,2026-09-30T20:49:33.000Z,en,0,0,0.45
ai-music,https://x.com/i/status/2105393703649165763,2026-09-30T20:25:49.000Z,en,2,0,0.1
ai-music,https://x.com/i/status/2105387514945044537,2026-09-30T20:01:14.000Z,en,0,0,0.51
ai-music,https://x.com/i/status/2105346874681287110,2026-09-30T17:19:45.000Z,en,1,0,0.49
ai-music,https://x.com/i/status/2105335043371495721,2026-09-30T16:32:44.000Z,en,0,0,0.57
ai-music,https://x.com/i/status/2105310906066387440,2026-09-30T14:56:49.000Z,en,0,0,0.41
ai-music,https://x.com/i/status/2105297398578774089,2026-09-30T14:03:09.000Z,en,8,8,0.04
ai-music,https://x.com/i/status/2105288317751431678,2026-09-30T13:27:03.000Z,en,40,16,0.08
ai-music,https://x.com/i/status/2105287285646532857,2026-09-30T13:22:57.000Z,en,0,0,0.56
ai-music,https://x.com/i/status/2105278671544328403,2026-09-30T12:48:44.000Z,en,0,0,0.42
ai-music,https://x.com/i/status/2105260782644772899,2026-09-30T11:37:39.000Z,en,17,7,0.32
ai-music,https://x.com/i/status/2105215628525367608,2026-09-30T08:38:13.000Z,en,29,4,0.34
ai-music,https://x.com/i/status/2105213951227343251,2026-09-30T08:31:33.000Z,en,73,48,0.06
ai-music,https://x.com/i/status/2105213696964235586,2026-09-30T08:30:32.000Z,zxx,103,0,0.09
ai-music,https://x.com/i/status/2105188107276751321,2026-09-30T06:48:51.000Z,in,0,0,0.06
ai-music,https://x.com/i/status/2105154924145181132,2026-09-30T04:37:00.000Z,en,92,39,0.05
ai-music,https://x.com/i/status/2105144541497983325,2026-09-30T03:55:45.000Z,en,0,0,0.55
ai-music,https://x.com/i/status/2105142861046112416,2026-09-30T03:49:04.000Z,en,1,0,0.39
ai-music,https://x.com/i/status/2105142853420925185,2026-09-30T03:49:02.000Z,en,3,0,0.48
ai-music,https://x.com/i/status/2105093115484778871,2026-09-30T00:31:24.000Z,en,1,0,0.31
ai-music,https://x.com/i/status/2105084365265137949,2026-09-29T23:56:37.000Z,en,892,247,0.34
ai-music,https://x.com/i/status/2105076499762274641,2026-09-29T23:25:22.000Z,en,0,0,0.35
ai-music,https://x.com/i/status/2105059351853752819,2026-09-29T22:17:14.000Z,zxx,3,1,0.08
ai-music,https://x.com/i/status/2105053309455241235,2026-09-29T21:53:13.000Z,en,5,0,0.5
ai-music,https://x.com/i/status/2105043163312521483,2026-09-29T21:12:54.000Z,en,0,0,0.41
ai-music,https://x.com/i/status/2105031586173387007,2026-09-29T20:26:54.000Z,en,47,8,0.26
ai-music,https://x.com/i/status/2105015365658886431,2026-09-29T19:22:27.000Z,en,0,0,0.32
ai-music,https://x.com/i/status/2105015123874357675,2026-09-29T19:21:29.000Z,en,0,0,0.56
ai-music,https://x.com/i/status/2105011559756181620,2026-09-29T19:07:19.000Z,en,387,30,0.34
ai-music,https://x.com/i/status/2104999116220555302,2026-09-29T18:17:52.000Z,en,2,0,0.39
ai-music,https://x.com/i/status/2104981249286959500,2026-09-29T17:06:53.000Z,en,24,3,0.53
ai-music,https://x.com/i/status/2104979485397541233,2026-09-29T16:59:52.000Z,en,5,0,0.41
ai-music,https://x.com/i/status/2104978474662281607,2026-09-29T16:55:51.000Z,zxx,2,0,0.09
ai-music,https://x.com/i/status/2104966832637796410,2026-09-29T16:09:35.000Z,en,0,0,0.52
ai-music,https://x.com/i/status/2104956386350440655,2026-09-29T15:28:05.000Z,en,1,0,0.6
ai-music,https://x.com/i/status/2104955265649201603,2026-09-29T15:23:38.000Z,en,127,59,0.04
ai-music,https://x.com/i/status/2104936940718141697,2026-09-29T14:10:49.000Z,en,19,14,0.09
ai-music,https://x.com/i/status/2104924792704872751,2026-09-29T13:22:32.000Z,en,1,0,0.05
ai-music,https://x.com/i/status/2104924684819304938,2026-09-29T13:22:07.000Z,en,32,21,0.14
ai-music,https://x.com/i/status/2104904549324431545,2026-09-29T12:02:06.000Z,en,34,2,0.1
ai-music,https://x.com/i/status/2104902579306332574,2026-09-29T11:54:16.000Z,en,77,65,0.07
ai-music,https://x.com/i/status/2104890403736695182,2026-09-29T11:05:53.000Z,en,9,0,0.05
ai-music,https://x.com/i/status/2104822166378406109,2026-09-29T06:34:44.000Z,ja,0,0,0.58
ai-music,https://x.com/i/status/2104746714611536383,2026-09-29T01:34:55.000Z,en,2,0,0.34
ai-music,https://x.com/i/status/2104727579551055900,2026-09-29T00:18:53.000Z,en,30,21,0.06
ai-music,https://x.com/i/status/2104718182804320518,2026-09-28T23:41:33.000Z,en,1,0,0.55
ai-music,https://x.com/i/status/2104681794499231752,2026-09-28T21:16:57.000Z,en,2,1,0.58
ai-music,https://x.com/i/status/2104643575761805467,2026-09-28T18:45:05.000Z,de,0,0,0.06
ai-music,https://x.com/i/status/2104614016538628422,2026-09-28T16:47:38.000Z,en,0,0,0.38
ai-music,https://x.com/i/status/2104608140683788609,2026-09-28T16:24:17.000Z,en,2,0,0.59
ai-music,https://x.com/i/status/2104599423716384801,2026-09-28T15:49:38.000Z,en,27,19,0.05
ai-music,https://x.com/i/status/2104595739615584534,2026-09-28T15:35:00.000Z,en,3,0,0.04
ai-music,https://x.com/i/status/2104570416178078028,2026-09-28T13:54:22.000Z,en,1,0,0.05
ai-music,https://x.com/i/status/2104537385442959594,2026-09-28T11:43:07.000Z,en,33,14,0.04
ai-music,https://x.com/i/status/2104536199214088496,2026-09-28T11:38:24.000Z,en,647,52,0.7
ai-music,https://x.com/i/status/2104491822642794764,2026-09-28T08:42:04.000Z,en,12,1,0.39
ai-music,https://x.com/i/status/2104468448331829389,2026-09-28T07:09:11.000Z,zxx,78,9,0.11
ai-music,https://x.com/i/status/2104445144854569455,2026-09-28T05:36:35.000Z,en,0,0,0.54
ai-music,https://x.com/i/status/2104363572243620163,2026-09-28T00:12:27.000Z,en,28,19,0.06
ai-music,https://x.com/i/status/2104353196613243114,2026-09-27T23:31:13.000Z,en,1,0,0.2
ai-music,https://x.com/i/status/2104324299481862612,2026-09-27T21:36:24.000Z,en,1,0,0.46
ai-music,https://x.com/i/status/2104301868759364034,2026-09-27T20:07:16.000Z,en,1,0,0.41
ai-music,https://x.com/i/status/2104233532302283206,2026-09-27T15:35:43.000Z,en,0,0,0.44
ai-music,https://x.com/i/status/2104215739175522760,2026-09-27T14:25:01.000Z,en,1,0,0.07
ai-music,https://x.com/i/status/2104204626098855938,2026-09-27T13:40:51.000Z,en,0,0,0.57
ai-music,https://x.com/i/status/2104178501200802062,2026-09-27T11:57:03.000Z,en,2,0,0.41
ai-music,https://x.com/i/status/2104175942104973742,2026-09-27T11:46:52.000Z,en,45,33,0.04
ai-music,https://x.com/i/status/2104157206925222207,2026-09-27T10:32:26.000Z,en,28,24,0.04
ai-music,https://x.com/i/status/2104152019548450841,2026-09-27T10:11:49.000Z,en,38,21,0.05
ai-music,https://x.com/i/status/2104142903501283838,2026-09-27T09:35:35.000Z,en,1,0,0.23
ai-music,https://x.com/i/status/2104074275481436648,2026-09-27T05:02:53.000Z,en,537,141,0.07
ai-music,https://x.com/i/status/2104039708237959228,2026-09-27T02:45:32.000Z,en,83,0,0.38
ai-music,https://x.com/i/status/2104029879792807982,2026-09-27T02:06:28.000Z,en,11,0,0.46
ai-music,https://x.com/i/status/2103925514947666367,2026-09-26T19:11:46.000Z,en,7,0,0.62
ai-music,https://x.com/i/status/2103923724319879526,2026-09-26T19:04:39.000Z,en,7,0,0.7
ai-music,https://x.com/i/status/2103810766583287822,2026-09-26T11:35:48.000Z,zxx,402,14,0.11
ai-music,https://x.com/i/status/2103799941441163525,2026-09-26T10:52:47.000Z,en,1,0,0.71
ai-music,https://x.com/i/status/2103785157383815334,2026-09-26T09:54:02.000Z,en,0,0,0.42
ai-music,https://x.com/i/status/2103736412189417841,2026-09-26T06:40:20.000Z,en,187,4,0.77
ai-music,https://x.com/i/status/2103682875195277811,2026-09-26T03:07:36.000Z,en,0,0,0.46
ai-music,https://x.com/i/status/2103549456662852008,2026-09-25T18:17:27.000Z,zxx,12,0,0.1
ai-music,https://x.com/i/status/2103534825617662400,2026-09-25T17:19:18.000Z,en,80,46,0.08
ai-music,https://x.com/i/status/2103468005216936272,2026-09-25T12:53:47.000Z,en,2278,185,0.7
ai-music,https://x.com/i/status/2103318107460919453,2026-09-25T02:58:09.000Z,en,88,38,0.05
ai-music,https://x.com/i/status/2103299022631154025,2026-09-25T01:42:19.000Z,en,31,15,0.05
ai-music,https://x.com/i/status/2103184120289620063,2026-09-24T18:05:44.000Z,en,0,0,0.62
ai-music,https://x.com/i/status/2103124322621477293,2026-09-24T14:08:07.000Z,en,1,0,0.02
ai-music,https://x.com/i/status/2103107332813009124,2026-09-24T13:00:36.000Z,en,148,6,0.64
ai-music,https://x.com/i/status/2103100360105906189,2026-09-24T12:32:54.000Z,en,28,14,0.08
ai-music,https://x.com/i/status/2103059862792151135,2026-09-24T09:51:58.000Z,en,40,29,0.07
ai-music,https://x.com/i/status/2103040223831630290,2026-09-24T08:33:56.000Z,en,0,0,0.07
ai-music,https://x.com/i/status/2103025558330425538,2026-09-24T07:35:40.000Z,en,30,3,0.06
ai-music,https://x.com/i/status/2103000692407382380,2026-09-24T05:56:51.000Z,en,120,58,0.07
image-to-video,https://x.com/i/status/2105375296669319518,2026-09-30T19:12:41.000Z,en,203,11,0.31
image-to-video,https://x.com/i/status/2105369756933186002,2026-09-30T18:50:40.000Z,zxx,2,2,0.09
image-to-video,https://x.com/i/status/2105274698397270130,2026-09-30T12:32:56.000Z,en,73,5,0.03
image-to-video,https://x.com/i/status/2105268066670239934,2026-09-30T12:06:35.000Z,en,394,38,0.3
image-to-video,https://x.com/i/status/2105238395777925123,2026-09-30T10:08:41.000Z,ja,65,6,0.24
image-to-video,https://x.com/i/status/2105198147366797450,2026-09-30T07:28:45.000Z,en,0,0,0.24
image-to-video,https://x.com/i/status/2105180366311166283,2026-09-30T06:18:06.000Z,en,7,3,0.55
image-to-video,https://x.com/i/status/2105001961825456444,2026-09-29T18:29:11.000Z,zxx,16,2,0.11
image-to-video,https://x.com/i/status/2104931208530465273,2026-09-29T13:48:02.000Z,en,0,0,0.08
image-to-video,https://x.com/i/status/2104915487129739450,2026-09-29T12:45:34.000Z,en,2,0,0.05
image-to-video,https://x.com/i/status/2104879514018844793,2026-09-29T10:22:37.000Z,en,0,0,0.03
image-to-video,https://x.com/i/status/2104850750618870221,2026-09-29T08:28:19.000Z,en,1,0,0.45
image-to-video,https://x.com/i/status/2104849091398135955,2026-09-29T08:21:44.000Z,en,0,0,0.27
image-to-video,https://x.com/i/status/2104682803174453603,2026-09-28T21:20:58.000Z,en,112,6,0.04
image-to-video,https://x.com/i/status/2104650831379218689,2026-09-28T19:13:55.000Z,en,11,0,0.05
image-to-video,https://x.com/i/status/2104633295841472661,2026-09-28T18:04:14.000Z,en,4,0,0.18
image-to-video,https://x.com/i/status/2104595739615584534,2026-09-28T15:35:00.000Z,en,3,0,0.04
image-to-video,https://x.com/i/status/2104571946989985812,2026-09-28T14:00:27.000Z,en,0,0,0.15
image-to-video,https://x.com/i/status/2104551944631017703,2026-09-28T12:40:58.000Z,en,0,0,0.22
image-to-video,https://x.com/i/status/2104549525557842398,2026-09-28T12:31:22.000Z,en,0,0,0.26
image-to-video,https://x.com/i/status/2104507469229924704,2026-09-28T09:44:15.000Z,en,50,33,0.06
image-to-video,https://x.com/i/status/2104498092284235949,2026-09-28T09:06:59.000Z,en,52,2,0.05
image-to-video,https://x.com/i/status/2104490497310162968,2026-09-28T08:36:48.000Z,en,1,0,0.36
image-to-video,https://x.com/i/status/2104427916029522419,2026-09-28T04:28:08.000Z,en,4,1,0.34
image-to-video,https://x.com/i/status/2104364097353683219,2026-09-28T00:14:32.000Z,zxx,68,8,0.16
image-to-video,https://x.com/i/status/2104306146299511049,2026-09-27T20:24:16.000Z,en,0,0,0.1
image-to-video,https://x.com/i/status/2104263656556929148,2026-09-27T17:35:25.000Z,en,6,2,0.06
image-to-video,https://x.com/i/status/2104215997238665627,2026-09-27T14:26:02.000Z,en,166,32,0.05
image-to-video,https://x.com/i/status/2104179215159448057,2026-09-27T11:59:53.000Z,en,17,1,0.16
image-to-video,https://x.com/i/status/2104163924031770901,2026-09-27T10:59:07.000Z,en,1,0,0.55
image-to-video,https://x.com/i/status/2104163515221377246,2026-09-27T10:57:30.000Z,en,2,0,0.23
image-to-video,https://x.com/i/status/2104070401945149454,2026-09-27T04:47:30.000Z,zxx,1,0,0.13
image-to-video,https://x.com/i/status/2103961765667311943,2026-09-26T21:35:49.000Z,en,8,2,0.08
image-to-video,https://x.com/i/status/2103945889169526829,2026-09-26T20:32:44.000Z,en,50,3,0.24
image-to-video,https://x.com/i/status/2103945856789676490,2026-09-26T20:32:36.000Z,en,116,2,0.43
image-to-video,https://x.com/i/status/2103894315109843175,2026-09-26T17:07:47.000Z,zxx,58,1,0.11
image-to-video,https://x.com/i/status/2103882274626248720,2026-09-26T16:19:57.000Z,en,3,0,0.17
image-to-video,https://x.com/i/status/2103815242174370281,2026-09-26T11:53:35.000Z,zxx,4,0,0.12
image-to-video,https://x.com/i/status/2103796876017557769,2026-09-26T10:40:36.000Z,en,41,10,0.03
image-to-video,https://x.com/i/status/2103634152658440531,2026-09-25T23:54:00.000Z,zh,0,0,0.33
image-to-video,https://x.com/i/status/2103571372236784125,2026-09-25T19:44:32.000Z,en,0,0,0.53
image-to-video,https://x.com/i/status/2103467101474508821,2026-09-25T12:50:12.000Z,en,11,0,0.08
image-to-video,https://x.com/i/status/2103448780045488505,2026-09-25T11:37:24.000Z,zxx,6,0,0.11
image-to-video,https://x.com/i/status/2103196765906432078,2026-09-24T18:55:59.000Z,en,34,9,0.05
image-to-video,https://x.com/i/status/2103190227770659049,2026-09-24T18:30:00.000Z,en,6,0,0.44
image-to-video,https://x.com/i/status/2103063159062016379,2026-09-24T10:05:04.000Z,en,1,0,0.29
nano-banana-pro,https://x.com/i/status/2105415455662117010,2026-09-30T21:52:16.000Z,zxx,0,0,0.19
nano-banana-pro,https://x.com/i/status/2105399071066493140,2026-09-30T20:47:09.000Z,ja,4,2,0.06
nano-banana-pro,https://x.com/i/status/2105323095825219607,2026-09-30T15:45:15.000Z,es,0,0,0.9
nano-banana-pro,https://x.com/i/status/2105176148233826485,2026-09-30T06:01:20.000Z,en,0,0,0.92
nano-banana-pro,https://x.com/i/status/2105166877035253836,2026-09-30T05:24:30.000Z,en,1,0,0.69
nano-banana-pro,https://x.com/i/status/2105134539773280503,2026-09-30T03:16:00.000Z,en,85,22,0.65
nano-banana-pro,https://x.com/i/status/2105039924395221377,2026-09-29T21:00:02.000Z,ja,5,1,0.9
nano-banana-pro,https://x.com/i/status/2105001961825456444,2026-09-29T18:29:11.000Z,zxx,16,2,0.2
nano-banana-pro,https://x.com/i/status/2104977276567769444,2026-09-29T16:51:05.000Z,en,3,0,0.92
nano-banana-pro,https://x.com/i/status/2104976946350223417,2026-09-29T16:49:47.000Z,en,1,0,0.85
nano-banana-pro,https://x.com/i/status/2104906579288154499,2026-09-29T12:10:10.000Z,en,4,0,0.91
nano-banana-pro,https://x.com/i/status/2104893809293447565,2026-09-29T11:19:25.000Z,en,0,0,0.92
nano-banana-pro,https://x.com/i/status/2104805403699880246,2026-09-29T05:28:08.000Z,zxx,58,6,0.18
nano-banana-pro,https://x.com/i/status/2104710496721023058,2026-09-28T23:11:00.000Z,ja,14,1,0.8
nano-banana-pro,https://x.com/i/status/2104701695213396134,2026-09-28T22:36:02.000Z,en,6,1,0.86
nano-banana-pro,https://x.com/i/status/2104672893145899091,2026-09-28T20:41:35.000Z,zxx,3,0,0.18
nano-banana-pro,https://x.com/i/status/2104632355986260395,2026-09-28T18:00:30.000Z,en,27,4,0.86
nano-banana-pro,https://x.com/i/status/2104591824186736804,2026-09-28T15:19:26.000Z,en,10,2,0.89
nano-banana-pro,https://x.com/i/status/2104518983160664199,2026-09-28T10:30:00.000Z,en,1,0,0.1
nano-banana-pro,https://x.com/i/status/2104495332302471649,2026-09-28T08:56:01.000Z,ja,4,1,0.62
nano-banana-pro,https://x.com/i/status/2104468099361837343,2026-09-28T07:07:48.000Z,zh,0,0,0.54
nano-banana-pro,https://x.com/i/status/2104419677774737476,2026-09-28T03:55:24.000Z,en,1,0,0.87
nano-banana-pro,https://x.com/i/status/2104391661648495099,2026-09-28T02:04:04.000Z,zh,17,1,0.09
nano-banana-pro,https://x.com/i/status/2104389405477949560,2026-09-28T01:55:06.000Z,zxx,51,1,0.16
nano-banana-pro,https://x.com/i/status/2104364097353683219,2026-09-28T00:14:32.000Z,zxx,68,8,0.21
nano-banana-pro,https://x.com/i/status/2104314652138393756,2026-09-27T20:58:04.000Z,en,3,0,0.87
nano-banana-pro,https://x.com/i/status/2104262810473787872,2026-09-27T17:32:03.000Z,zxx,320,46,0.21
nano-banana-pro,https://x.com/i/status/2104255107189854408,2026-09-27T17:01:27.000Z,ja,1,0,0.88
nano-banana-pro,https://x.com/i/status/2104253138945311131,2026-09-27T16:53:38.000Z,zxx,35,9,0.18
nano-banana-pro,https://x.com/i/status/2104244128238141554,2026-09-27T16:17:49.000Z,en,750,68,0.08
nano-banana-pro,https://x.com/i/status/2104219326966341987,2026-09-27T14:39:16.000Z,en,0,0,0.09
nano-banana-pro,https://x.com/i/status/2104197474999255136,2026-09-27T13:12:26.000Z,en,1,0,0.87
nano-banana-pro,https://x.com/i/status/2104196089649987671,2026-09-27T13:06:56.000Z,ja,1,1,0.85
nano-banana-pro,https://x.com/i/status/2104190342660510019,2026-09-27T12:44:06.000Z,en,693,37,0.06
nano-banana-pro,https://x.com/i/status/2104132948580573353,2026-09-27T08:56:02.000Z,en,0,0,0.84
nano-banana-pro,https://x.com/i/status/2104110338530476226,2026-09-27T07:26:11.000Z,zh,17,3,0.13
nano-banana-pro,https://x.com/i/status/2104095543962263992,2026-09-27T06:27:24.000Z,en,0,0,0.79
nano-banana-pro,https://x.com/i/status/2104078689654952182,2026-09-27T05:20:26.000Z,en,1,0,0.9
nano-banana-pro,https://x.com/i/status/2104042969682903116,2026-09-27T02:58:29.000Z,en,2,0,0.31
nano-banana-pro,https://x.com/i/status/2104037340746502422,2026-09-27T02:36:07.000Z,en,5,0,0.24
nano-banana-pro,https://x.com/i/status/2104035456967209472,2026-09-27T02:28:38.000Z,en,7,0,0.18
nano-banana-pro,https://x.com/i/status/2103978566916415754,2026-09-26T22:42:35.000Z,en,1,0,0.09
nano-banana-pro,https://x.com/i/status/2103961765667311943,2026-09-26T21:35:49.000Z,en,8,2,0.1
nano-banana-pro,https://x.com/i/status/2103949057895080197,2026-09-26T20:45:19.000Z,en,8,0,0.17
nano-banana-pro,https://x.com/i/status/2103865583519379692,2026-09-26T15:13:37.000Z,en,3,0,0.06
nano-banana-pro,https://x.com/i/status/2103855032198382000,2026-09-26T14:31:42.000Z,en,2,0,0.74
nano-banana-pro,https://x.com/i/status/2103817500085641559,2026-09-26T12:02:33.000Z,zxx,41,2,0.19
nano-banana-pro,https://x.com/i/status/2103806865914388962,2026-09-26T11:20:18.000Z,ja,1,0,0.87
nano-banana-pro,https://x.com/i/status/2103766766753358174,2026-09-26T08:40:57.000Z,in,3,0,0.68
nano-banana-pro,https://x.com/i/status/2103696085411897400,2026-09-26T04:00:06.000Z,zh,102,12,0.34
nano-banana-pro,https://x.com/i/status/2103559855298711612,2026-09-25T18:58:46.000Z,en,0,0,0.85
nano-banana-pro,https://x.com/i/status/2103559392696426857,2026-09-25T18:56:56.000Z,en,8,0,0.41
nano-banana-pro,https://x.com/i/status/2103552919249563691,2026-09-25T18:31:12.000Z,ja,114,6,0.85
nano-banana-pro,https://x.com/i/status/2103547259975557493,2026-09-25T18:08:43.000Z,en,6,0,0.15
nano-banana-pro,https://x.com/i/status/2103534594528272502,2026-09-25T17:18:23.000Z,en,10,1,0.77
nano-banana-pro,https://x.com/i/status/2103482786673836524,2026-09-25T13:52:31.000Z,en,1,0,0.21
nano-banana-pro,https://x.com/i/status/2103476992574111944,2026-09-25T13:29:30.000Z,en,8,0,0.76
nano-banana-pro,https://x.com/i/status/2103433806250492198,2026-09-25T10:37:53.000Z,en,14,0,0.91
nano-banana-pro,https://x.com/i/status/2103402695805501867,2026-09-25T08:34:16.000Z,und,0,0,0.74
nano-banana-pro,https://x.com/i/status/2103365344111063114,2026-09-25T06:05:51.000Z,zxx,11,0,0.16
nano-banana-pro,https://x.com/i/status/2103209903405842923,2026-09-24T19:48:11.000Z,en,1,0,0.93
nano-banana-pro,https://x.com/i/status/2103190227770659049,2026-09-24T18:30:00.000Z,en,6,0,0.86
nano-banana-pro,https://x.com/i/status/2103167129168052593,2026-09-24T16:58:13.000Z,en,17,1,0.8
nano-banana-pro,https://x.com/i/status/2103091255727325469,2026-09-24T11:56:43.000Z,fr,20,0,0.77
nano-banana-pro,https://x.com/i/status/2103086042865877223,2026-09-24T11:36:00.000Z,ja,6,0,0.07
nano-banana-pro,https://x.com/i/status/2103008938723545291,2026-09-24T06:29:37.000Z,zh,33,3,0.11
ai-image-generation,https://x.com/i/status/2105321486122979439,2026-09-30T15:38:51.000Z,en,2,0,0.72
ai-image-generation,https://x.com/i/status/2105297398578774089,2026-09-30T14:03:09.000Z,en,8,8,0.63
ai-image-generation,https://x.com/i/status/2105280315480580589,2026-09-30T12:55:16.000Z,en,2,0,0.31
ai-image-generation,https://x.com/i/status/2105213951227343251,2026-09-30T08:31:33.000Z,en,73,48,0.15
ai-image-generation,https://x.com/i/status/2105190642351759658,2026-09-30T06:58:56.000Z,en,13,2,0.07
ai-image-generation,https://x.com/i/status/2105154924145181132,2026-09-30T04:37:00.000Z,en,92,39,0.55
ai-image-generation,https://x.com/i/status/2105145628690944467,2026-09-30T04:00:04.000Z,en,2,1,0.63
ai-image-generation,https://x.com/i/status/2104955265649201603,2026-09-29T15:23:38.000Z,en,127,59,0.49
ai-image-generation,https://x.com/i/status/2104599423716384801,2026-09-28T15:49:38.000Z,en,27,19,0.51
ai-image-generation,https://x.com/i/status/2104562241282470302,2026-09-28T13:21:53.000Z,en,1,0,0.43
ai-image-generation,https://x.com/i/status/2104537385442959594,2026-09-28T11:43:07.000Z,en,33,14,0.46
ai-image-generation,https://x.com/i/status/2104535049681219800,2026-09-28T11:33:50.000Z,en,66,21,0.06
ai-image-generation,https://x.com/i/status/2104485340736102695,2026-09-28T08:16:19.000Z,en,0,0,0.28
ai-image-generation,https://x.com/i/status/2104439839663989036,2026-09-28T05:15:31.000Z,en,85,25,0.04
ai-image-generation,https://x.com/i/status/2104430780705575376,2026-09-28T04:39:31.000Z,en,0,0,0.27
ai-image-generation,https://x.com/i/status/2104295512275059005,2026-09-27T19:42:00.000Z,en,9,4,0.34
ai-image-generation,https://x.com/i/status/2104175942104973742,2026-09-27T11:46:52.000Z,en,45,33,0.29
ai-image-generation,https://x.com/i/status/2104157206925222207,2026-09-27T10:32:26.000Z,en,28,24,0.44
ai-image-generation,https://x.com/i/status/2104141550984790490,2026-09-27T09:30:13.000Z,en,1,2,0.02
ai-image-generation,https://x.com/i/status/2104074275481436648,2026-09-27T05:02:53.000Z,en,537,141,0.41
ai-image-generation,https://x.com/i/status/2103673411310428313,2026-09-26T02:30:00.000Z,en,358,71,0.04
ai-image-generation,https://x.com/i/status/2103534825617662400,2026-09-25T17:19:18.000Z,en,80,46,0.1
ai-image-generation,https://x.com/i/status/2103421275784007794,2026-09-25T09:48:06.000Z,zh,3,1,0.92
ai-image-generation,https://x.com/i/status/2103318107460919453,2026-09-25T02:58:09.000Z,en,88,38,0.3
ai-image-generation,https://x.com/i/status/2103299022631154025,2026-09-25T01:42:19.000Z,en,31,15,0.39
ai-image-generation,https://x.com/i/status/2103183982838063300,2026-09-24T18:05:11.000Z,en,1,0,0.51
ai-image-generation,https://x.com/i/status/2103059862792151135,2026-09-24T09:51:58.000Z,en,40,29,0.25
ai-image-generation,https://x.com/i/status/2103041276329562412,2026-09-24T08:38:07.000Z,en,1,0,0.29
ai-image-generation,https://x.com/i/status/2103040223831630290,2026-09-24T08:33:56.000Z,en,0,0,0.25
ai-image-generation,https://x.com/i/status/2103020872177160410,2026-09-24T07:17:02.000Z,en,0,0,0.5
ai-image-generation,https://x.com/i/status/2103000692407382380,2026-09-24T05:56:51.000Z,en,120,58,0.21
notion,https://x.com/i/status/2105460284349460962,2026-10-01T00:50:24.000Z,en,0,0,0.06
notion,https://x.com/i/status/2105458527062134906,2026-10-01T00:43:25.000Z,ja,1,0,0.38
notion,https://x.com/i/status/2105456219712565312,2026-10-01T00:34:14.000Z,en,0,0,0.21
notion,https://x.com/i/status/2105455936336961735,2026-10-01T00:33:07.000Z,en,0,0,0.28
notion,https://x.com/i/status/2105454243641688435,2026-10-01T00:26:23.000Z,fr,0,0,0.09
notion,https://x.com/i/status/2105453277643211214,2026-10-01T00:22:33.000Z,zxx,1,0,0.1
notion,https://x.com/i/status/2105451904314806736,2026-10-01T00:17:06.000Z,en,0,0,0.48
notion,https://x.com/i/status/2105451545320132861,2026-10-01T00:15:40.000Z,zh,1,0,0.39
notion,https://x.com/i/status/2105450426405704039,2026-10-01T00:11:13.000Z,ja,1,1,0.25
notion,https://x.com/i/status/2105447931008708906,2026-10-01T00:01:18.000Z,zxx,4,0,0.11
notion,https://x.com/i/status/2105446532829139031,2026-09-30T23:55:45.000Z,ja,1,0,0.28
notion,https://x.com/i/status/2105445856346566749,2026-09-30T23:53:04.000Z,en,7,1,0.03
notion,https://x.com/i/status/2105443940124271041,2026-09-30T23:45:27.000Z,ja,1,0,0.21
notion,https://x.com/i/status/2105440366136807439,2026-09-30T23:31:15.000Z,en,0,0,0.08
notion,https://x.com/i/status/2105439907338723505,2026-09-30T23:29:25.000Z,zxx,2,1,0.13
notion,https://x.com/i/status/2105432558930649548,2026-09-30T23:00:13.000Z,ja,96,7,0.4
notion,https://x.com/i/status/2105431623827349937,2026-09-30T22:56:30.000Z,zxx,9,4,0.16
notion,https://x.com/i/status/2105430324775956556,2026-09-30T22:51:21.000Z,en,0,0,0.2
notion,https://x.com/i/status/2105430058747969546,2026-09-30T22:50:17.000Z,zh,3,0,0.03
notion,https://x.com/i/status/2105428846296416598,2026-09-30T22:45:28.000Z,ja,0,0,0.43
notion,https://x.com/i/status/2105425079815553163,2026-09-30T22:30:30.000Z,ja,2,2,0.08
notion,https://x.com/i/status/2105422865055252761,2026-09-30T22:21:42.000Z,en,1,0,0.03
notion,https://x.com/i/status/2105416152184709396,2026-09-30T21:55:02.000Z,en,0,0,0.2
notion,https://x.com/i/status/2105413605600477288,2026-09-30T21:44:54.000Z,fr,0,0,0.05
notion,https://x.com/i/status/2105412592151716074,2026-09-30T21:40:53.000Z,pt,0,0,0.06
notion,https://x.com/i/status/2105409977385152567,2026-09-30T21:30:29.000Z,en,1,0,0.18
notion,https://x.com/i/status/2105400535306432862,2026-09-30T20:52:58.000Z,ja,0,0,0.24
notion,https://x.com/i/status/2105398781235618007,2026-09-30T20:46:00.000Z,zxx,17,5,0.1
notion,https://x.com/i/status/2105393703649165763,2026-09-30T20:25:49.000Z,en,2,0,0.12
notion,https://x.com/i/status/2105392065362395564,2026-09-30T20:19:19.000Z,ja,3,0,0.06
notion,https://x.com/i/status/2105387002267050229,2026-09-30T19:59:12.000Z,en,0,0,0.1
notion,https://x.com/i/status/2105386528591749187,2026-09-30T19:57:19.000Z,de,0,0,0.15
notion,https://x.com/i/status/2105384436007084226,2026-09-30T19:49:00.000Z,zh,1,0,0.09
notion,https://x.com/i/status/2105382139441397945,2026-09-30T19:39:52.000Z,ja,2,0,0.24
notion,https://x.com/i/status/2105378960154530160,2026-09-30T19:27:14.000Z,en,67,2,0.08
notion,https://x.com/i/status/2105376987934060552,2026-09-30T19:19:24.000Z,zh,0,0,0.12
notion,https://x.com/i/status/2105376139615281586,2026-09-30T19:16:02.000Z,fr,4,1,0.03
notion,https://x.com/i/status/2105374370038444237,2026-09-30T19:09:00.000Z,en,1,0,0.06
notion,https://x.com/i/status/2105373570729963728,2026-09-30T19:05:49.000Z,en,0,1,0.61
notion,https://x.com/i/status/2105372351412228322,2026-09-30T19:00:59.000Z,en,0,0,0.03
notion,https://x.com/i/status/2105372140962775110,2026-09-30T19:00:08.000Z,en,6,0,0.03
notion,https://x.com/i/status/2105372107295371707,2026-09-30T19:00:00.000Z,zxx,17,0,0.08
notion,https://x.com/i/status/2105370623266754826,2026-09-30T18:54:07.000Z,en,3,0,0.14
notion,https://x.com/i/status/2105370257606975817,2026-09-30T18:52:39.000Z,en,2,0,0.05
notion,https://x.com/i/status/2105370171888353721,2026-09-30T18:52:19.000Z,en,1,0,0.38
notion,https://x.com/i/status/2105365084331729070,2026-09-30T18:32:06.000Z,en,4,1,0.07
notion,https://x.com/i/status/2105364310746882300,2026-09-30T18:29:02.000Z,en,9,3,0.1
notion,https://x.com/i/status/2105364044525781116,2026-09-30T18:27:58.000Z,pt,0,0,0.08
notion,https://x.com/i/status/2105360111988572669,2026-09-30T18:12:21.000Z,en,1,0,0.48
notion,https://x.com/i/status/2105359413104054346,2026-09-30T18:09:34.000Z,pt,0,0,0.07
notion,https://x.com/i/status/2105356007811711295,2026-09-30T17:56:02.000Z,en,0,1,0.04
notion,https://x.com/i/status/2105354037847863685,2026-09-30T17:48:12.000Z,en,27,3,0.36
notion,https://x.com/i/status/2105353452419227658,2026-09-30T17:45:53.000Z,en,0,0,0.17
notion,https://x.com/i/status/2105353232444727717,2026-09-30T17:45:00.000Z,en,0,0,0.19
notion,https://x.com/i/status/2105349233100374437,2026-09-30T17:29:07.000Z,en,1,0,0.17
notion,https://x.com/i/status/2105349230307299835,2026-09-30T17:29:06.000Z,en,1,0,0.2
notion,https://x.com/i/status/2105348340200374702,2026-09-30T17:25:34.000Z,en,0,0,0.31
notion,https://x.com/i/status/2105346708070879463,2026-09-30T17:19:05.000Z,en,20,0,0.04
notion,https://x.com/i/status/2105345706751836640,2026-09-30T17:15:06.000Z,en,0,0,0.04
notion,https://x.com/i/status/2105345137736143261,2026-09-30T17:12:50.000Z,en,0,0,0.32
notion,https://x.com/i/status/2105343250701660662,2026-09-30T17:05:21.000Z,en,2,0,0.19
notion,https://x.com/i/status/2105341915277430966,2026-09-30T17:00:02.000Z,en,48,4,0.34
notion,https://x.com/i/status/2105339807266472286,2026-09-30T16:51:40.000Z,zh,0,0,0.21
notion,https://x.com/i/status/2105339473064005895,2026-09-30T16:50:20.000Z,fr,1584,58,0.02
notion,https://x.com/i/status/2105339162564198699,2026-09-30T16:49:06.000Z,zh,0,0,0.4
notion,https://x.com/i/status/2105338559339409423,2026-09-30T16:46:42.000Z,en,2,1,0.43
notion,https://x.com/i/status/2105337304500039749,2026-09-30T16:41:43.000Z,zxx,2,0,0.15
notion,https://x.com/i/status/2105336928208126377,2026-09-30T16:40:13.000Z,ja,11,1,0.36
notion,https://x.com/i/status/2105333208317657484,2026-09-30T16:25:26.000Z,en,3,1,0.13
notion,https://x.com/i/status/2105332091206369469,2026-09-30T16:21:00.000Z,en,0,0,0.1
notion,https://x.com/i/status/2105331903272452363,2026-09-30T16:20:15.000Z,ja,0,0,0.25
notion,https://x.com/i/status/2105329056669487115,2026-09-30T16:08:56.000Z,es,0,0,0.34
notion,https://x.com/i/status/2105327686042452256,2026-09-30T16:03:30.000Z,zxx,0,0,0.12
notion,https://x.com/i/status/2105326809977958432,2026-09-30T16:00:01.000Z,en,2,0,0.38
notion,https://x.com/i/status/2105326335346233553,2026-09-30T15:58:08.000Z,en,1,0,0.28
notion,https://x.com/i/status/2105326322641703159,2026-09-30T15:58:05.000Z,en,0,0,0.35
notion,https://x.com/i/status/2105322709773107289,2026-09-30T15:43:43.000Z,en,0,0,0.1
notion,https://x.com/i/status/2105321519899725937,2026-09-30T15:38:59.000Z,ja,3,0,0.37
notion,https://x.com/i/status/2105321361757368419,2026-09-30T15:38:22.000Z,zxx,1,0,0.12
notion,https://x.com/i/status/2105320934072865260,2026-09-30T15:36:40.000Z,zh,37,5,0.38
notion,https://x.com/i/status/2105319961350586695,2026-09-30T15:32:48.000Z,fr,0,0,0.21
notion,https://x.com/i/status/2105319828831498707,2026-09-30T15:32:16.000Z,es,1,0,0.17
notion,https://x.com/i/status/2105319043448058064,2026-09-30T15:29:09.000Z,en,6,0,0.19
notion,https://x.com/i/status/2105318844592279657,2026-09-30T15:28:22.000Z,en,2,0,0.03
notion,https://x.com/i/status/2105317743348330556,2026-09-30T15:23:59.000Z,en,6,1,0.27
notion,https://x.com/i/status/2105317739439231298,2026-09-30T15:23:58.000Z,en,149,20,0.31
notion,https://x.com/i/status/2105314808778072275,2026-09-30T15:12:19.000Z,zxx,0,0,0.13
notion,https://x.com/i/status/2105313084352938335,2026-09-30T15:05:28.000Z,zxx,913,110,0.13
notion,https://x.com/i/status/2105312751144821091,2026-09-30T15:04:09.000Z,ja,0,0,0.46
notion,https://x.com/i/status/2105312737777832303,2026-09-30T15:04:06.000Z,en,14,0,0.09
notion,https://x.com/i/status/2105310772012474870,2026-09-30T14:56:17.000Z,en,0,0,0.03
notion,https://x.com/i/status/2105308521763877190,2026-09-30T14:47:20.000Z,fr,2,0,0.13
notion,https://x.com/i/status/2105306928263889066,2026-09-30T14:41:01.000Z,zh,1,0,0.24
notion,https://x.com/i/status/2105304809566064647,2026-09-30T14:32:35.000Z,en,14,5,0.09
notion,https://x.com/i/status/2105304418463973836,2026-09-30T14:31:02.000Z,zxx,17,0,0.11
notion,https://x.com/i/status/2105304358409638094,2026-09-30T14:30:48.000Z,en,0,0,0.28
notion,https://x.com/i/status/2105304350780166419,2026-09-30T14:30:46.000Z,en,0,0,0.55
notion,https://x.com/i/status/2105301387340902495,2026-09-30T14:19:00.000Z,zh,0,0,0.15
notion,https://x.com/i/status/2105298847924903947,2026-09-30T14:08:54.000Z,zxx,7,0,0.14
notion,https://x.com/i/status/2105298554554139030,2026-09-30T14:07:44.000Z,fr,13,0,0.44
hyperframes-cli,https://x.com/i/status/2104707129101988095,2026-09-28T22:57:37.000Z,en,134,18,0.43
hyperframes-cli,https://x.com/i/status/2104247395294814324,2026-09-27T16:30:48.000Z,en,0,0,0.17
hyperframes-cli,https://x.com/i/status/2103934280380411986,2026-09-26T19:46:36.000Z,en,3,0,0.54
hyperframes-cli,https://x.com/i/status/2103688171221565746,2026-09-26T03:28:39.000Z,zxx,5,0,0.19
skill-creator,https://x.com/i/status/2105427825415049503,2026-09-30T22:41:25.000Z,en,3,0,0.71
skill-creator,https://x.com/i/status/2105417447557963872,2026-09-30T22:00:10.000Z,zxx,0,0,0.18
skill-creator,https://x.com/i/status/2105390127602098592,2026-09-30T20:11:37.000Z,en,8,0,0.37
skill-creator,https://x.com/i/status/2105339138287321443,2026-09-30T16:49:00.000Z,en,0,0,0.92
skill-creator,https://x.com/i/status/2105273624613564563,2026-09-30T12:28:40.000Z,en,6,0,0.22
skill-creator,https://x.com/i/status/2105258083609985101,2026-09-30T11:26:55.000Z,und,0,0,0.86
skill-creator,https://x.com/i/status/2105176230995882212,2026-09-30T06:01:40.000Z,zxx,62,8,0.24
skill-creator,https://x.com/i/status/2105056472660939059,2026-09-29T22:05:47.000Z,en,0,0,0.92
skill-creator,https://x.com/i/status/2104956408483725606,2026-09-29T15:28:10.000Z,en,117,74,0.78
skill-creator,https://x.com/i/status/2104948929276121195,2026-09-29T14:58:27.000Z,zxx,7,1,0.18
skill-creator,https://x.com/i/status/2104948197215146003,2026-09-29T14:55:32.000Z,en,79,27,0.42
skill-creator,https://x.com/i/status/2104936513259852221,2026-09-29T14:09:07.000Z,ja,0,0,0.82
skill-creator,https://x.com/i/status/2104928848295211469,2026-09-29T13:38:39.000Z,en,34,6,0.82
skill-creator,https://x.com/i/status/2104915923681579051,2026-09-29T12:47:18.000Z,zh,9,2,0.77
skill-creator,https://x.com/i/status/2104906579288154499,2026-09-29T12:10:10.000Z,en,4,0,0.7
skill-creator,https://x.com/i/status/2104858848851054788,2026-09-29T09:00:30.000Z,ja,7,0,0.09
skill-creator,https://x.com/i/status/2104813734237528106,2026-09-29T06:01:14.000Z,en,0,0,0.63
skill-creator,https://x.com/i/status/2104729561808400875,2026-09-29T00:26:46.000Z,zxx,0,0,0.2
skill-creator,https://x.com/i/status/2104665570465677423,2026-09-28T20:12:29.000Z,en,0,0,0.79
skill-creator,https://x.com/i/status/2104605560041595102,2026-09-28T16:14:01.000Z,en,17,0,0.17
skill-creator,https://x.com/i/status/2104605232454160795,2026-09-28T16:12:43.000Z,en,0,0,0.43
skill-creator,https://x.com/i/status/2104587086334693544,2026-09-28T15:00:37.000Z,en,698,38,0.35
skill-creator,https://x.com/i/status/2104573348844077270,2026-09-28T14:06:02.000Z,ja,2,0,0.73
skill-creator,https://x.com/i/status/2104526951973109852,2026-09-28T11:01:40.000Z,ja,484,32,0.48
skill-creator,https://x.com/i/status/2104449368325779838,2026-09-28T05:53:22.000Z,en,1,1,0.03
skill-creator,https://x.com/i/status/2104409512769966526,2026-09-28T03:15:00.000Z,en,2,0,0.53
skill-creator,https://x.com/i/status/2104397848699666767,2026-09-28T02:28:39.000Z,en,0,0,0.7
skill-creator,https://x.com/i/status/2104266406401634523,2026-09-27T17:46:21.000Z,zh,0,0,0.84
skill-creator,https://x.com/i/status/2104224565257961538,2026-09-27T15:00:05.000Z,en,125,16,0.23
skill-creator,https://x.com/i/status/2104194216176025691,2026-09-27T12:59:29.000Z,ja,0,0,0.78
skill-creator,https://x.com/i/status/2104179828991680531,2026-09-27T12:02:19.000Z,ar,0,0,0.14
skill-creator,https://x.com/i/status/2104169555287285854,2026-09-27T11:21:30.000Z,en,0,0,0.16
skill-creator,https://x.com/i/status/2104143636829200496,2026-09-27T09:38:30.000Z,ja,9,2,0.05
skill-creator,https://x.com/i/status/2104039176282988809,2026-09-27T02:43:25.000Z,zh,116,16,0.06
skill-creator,https://x.com/i/status/2103978065877680151,2026-09-26T22:40:35.000Z,ja,0,0,0.64
skill-creator,https://x.com/i/status/2103779902298509664,2026-09-26T09:33:09.000Z,en,0,0,0.7
skill-creator,https://x.com/i/status/2103619659685892302,2026-09-25T22:56:24.000Z,zxx,103,11,0.19
skill-creator,https://x.com/i/status/2103499833059500425,2026-09-25T15:00:15.000Z,en,195,25,0.55
skill-creator,https://x.com/i/status/2103498327216337330,2026-09-25T14:54:16.000Z,zh,82,20,0.63
skill-creator,https://x.com/i/status/2103336203315487059,2026-09-25T04:10:03.000Z,zxx,0,0,0.2
skill-creator,https://x.com/i/status/2103248205253382222,2026-09-24T22:20:23.000Z,ja,0,0,0.8
skill-creator,https://x.com/i/status/2103145064373575998,2026-09-24T15:30:32.000Z,en,0,0,0.82
skill-creator,https://x.com/i/status/2103125936598110257,2026-09-24T14:14:32.000Z,zxx,0,0,0.23
skill-creator,https://x.com/i/status/2103098161892139207,2026-09-24T12:24:10.000Z,en,10,0,0.39
skill-creator,https://x.com/i/status/2103097499942605194,2026-09-24T12:21:32.000Z,zxx,1,1,0.17
skill-creator,https://x.com/i/status/2103044333821997318,2026-09-24T08:50:16.000Z,zxx,6,0,0.18
skill-creator,https://x.com/i/status/2103024242040115354,2026-09-24T07:30:26.000Z,en,0,0,0.83
skill-creator,https://x.com/i/status/2103024022799679564,2026-09-24T07:29:33.000Z,en,0,0,0.77
skill-creator,https://x.com/i/status/2103007519669170357,2026-09-24T06:23:59.000Z,en,1,0,0.31
skill-creator,https://x.com/i/status/2102958550347894965,2026-09-24T03:09:24.000Z,zxx,4,0,0.17
lark-doc,https://x.com/i/status/2103004389153903097,2026-09-24T06:11:32.000Z,zxx,0,0,0.26
lark-base,https://x.com/i/status/2104898798489387470,2026-09-29T11:39:15.000Z,en,22,2,0.06
auto-updater,https://x.com/i/status/2105262995446145054,2026-09-30T11:46:26.000Z,en,3,0,0.02
auto-updater,https://x.com/i/status/2104253317241098511,2026-09-27T16:54:20.000Z,en,309,19,0.02
lark-drive,https://x.com/i/status/2103004389153903097,2026-09-24T06:11:32.000Z,zxx,0,0,0.24
word-docx,https://x.com/i/status/2104854375038697979,2026-09-29T08:42:43.000Z,zxx,14,2,0.18
word-docx,https://x.com/i/status/2104303476859957290,2026-09-27T20:13:39.000Z,en,64,29,0.22
word-docx,https://x.com/i/status/2103421589744226428,2026-09-25T09:49:21.000Z,en,0,0,0.53
lark-shared,https://x.com/i/status/2103004389153903097,2026-09-24T06:11:32.000Z,zxx,0,0,0.17
lark-im,https://x.com/i/status/2103004389153903097,2026-09-24T06:11:32.000Z,zxx,0,0,0.22
evolver,https://x.com/i/status/2104850403062104482,2026-09-29T08:26:56.000Z,zh,42,8,0.17
evolver,https://x.com/i/status/2103101005370216861,2026-09-24T12:35:28.000Z,en,14,0,0.09
evolver,https://x.com/i/status/2102931463524216929,2026-09-24T01:21:46.000Z,zh,3,0,0.22
