skill_key,tweet_url,created_at,lang,favorites,retweets,relevance
find-skills,https://x.com/i/status/2102488861255307302,2026-09-22T20:03:01.000Z,en,12,11,0.75
find-skills,https://x.com/i/status/2102450782100713530,2026-09-22T17:31:42.000Z,en,12,12,0.62
find-skills,https://x.com/i/status/2102422120529891620,2026-09-22T15:37:49.000Z,en,1,0,0.86
find-skills,https://x.com/i/status/2102422052661502449,2026-09-22T15:37:33.000Z,en,4,1,0.15
find-skills,https://x.com/i/status/2102235824704336011,2026-09-22T03:17:32.000Z,en,0,0,0.85
find-skills,https://x.com/i/status/2102095481153483067,2026-09-21T17:59:52.000Z,en,1,0,0.45
find-skills,https://x.com/i/status/2102092467394724071,2026-09-21T17:47:53.000Z,ar,3,0,0.89
find-skills,https://x.com/i/status/2101761885079298142,2026-09-20T19:54:16.000Z,en,0,0,0.06
find-skills,https://x.com/i/status/2101249953138184265,2026-09-19T10:00:02.000Z,en,3,0,0.85
find-skills,https://x.com/i/status/2100833660240867721,2026-09-18T06:25:50.000Z,en,2,0,0.7
find-skills,https://x.com/i/status/2100769082920538475,2026-09-18T02:09:14.000Z,zxx,1,0,0.26
find-skills,https://x.com/i/status/2100718510565368008,2026-09-17T22:48:17.000Z,en,0,0,0.35
find-skills,https://x.com/i/status/2100478002098561087,2026-09-17T06:52:35.000Z,ja,10,1,0.33
find-skills,https://x.com/i/status/2100284169071034795,2026-09-16T18:02:21.000Z,en,20,2,0.2
find-skills,https://x.com/i/status/2100269064962588935,2026-09-16T17:02:20.000Z,en,4,0,0.39
find-skills,https://x.com/i/status/2100247411734061364,2026-09-16T15:36:18.000Z,en,0,0,0.33
find-skills,https://x.com/i/status/2100213255176081607,2026-09-16T13:20:34.000Z,en,1,0,0.54
find-skills,https://x.com/i/status/2100155712051822743,2026-09-16T09:31:55.000Z,ja,22,0,0.93
self-improving-agent,https://x.com/i/status/2102580647843987925,2026-09-23T02:07:45.000Z,en,0,0,0.77
self-improving-agent,https://x.com/i/status/2102580039305089529,2026-09-23T02:05:20.000Z,en,2,0,0.7
self-improving-agent,https://x.com/i/status/2102484080814403819,2026-09-22T19:44:01.000Z,en,0,0,0.64
self-improving-agent,https://x.com/i/status/2102479343733588083,2026-09-22T19:25:12.000Z,en,0,0,0.73
self-improving-agent,https://x.com/i/status/2102476391501713902,2026-09-22T19:13:28.000Z,en,0,0,0.76
self-improving-agent,https://x.com/i/status/2102462320761069687,2026-09-22T18:17:33.000Z,en,94,13,0.83
self-improving-agent,https://x.com/i/status/2102443375601541145,2026-09-22T17:02:16.000Z,en,0,0,0.77
self-improving-agent,https://x.com/i/status/2102433399034257726,2026-09-22T16:22:38.000Z,en,0,0,0.79
self-improving-agent,https://x.com/i/status/2102418994510639280,2026-09-22T15:25:24.000Z,en,71,5,0.85
self-improving-agent,https://x.com/i/status/2102405656783491170,2026-09-22T14:32:24.000Z,en,56,35,0.64
self-improving-agent,https://x.com/i/status/2102356550639653135,2026-09-22T11:17:16.000Z,en,3,6,0.2
self-improving-agent,https://x.com/i/status/2102248829592703229,2026-09-22T04:09:13.000Z,en,4,0,0.76
self-improving-agent,https://x.com/i/status/2102131271568703643,2026-09-21T20:22:05.000Z,en,10,0,0.73
self-improving-agent,https://x.com/i/status/2102056108248711525,2026-09-21T15:23:25.000Z,en,0,0,0.25
self-improving-agent,https://x.com/i/status/2102037817182609568,2026-09-21T14:10:44.000Z,en,3,0,0.03
self-improving-agent,https://x.com/i/status/2102021511666180208,2026-09-21T13:05:56.000Z,en,1,0,0.06
self-improving-agent,https://x.com/i/status/2102019641136566772,2026-09-21T12:58:30.000Z,en,4,0,0.43
self-improving-agent,https://x.com/i/status/2101975158227620240,2026-09-21T10:01:45.000Z,en,1,0,0.79
self-improving-agent,https://x.com/i/status/2101954679513198677,2026-09-21T08:40:22.000Z,en,0,0,0.73
self-improving-agent,https://x.com/i/status/2101868240775544983,2026-09-21T02:56:54.000Z,en,0,0,0.75
self-improving-agent,https://x.com/i/status/2101848859496624609,2026-09-21T01:39:53.000Z,zh,3,0,0.75
self-improving-agent,https://x.com/i/status/2101835306953736396,2026-09-21T00:46:02.000Z,en,224,28,0.68
self-improving-agent,https://x.com/i/status/2101748234397917259,2026-09-20T19:00:02.000Z,en,18,0,0.76
self-improving-agent,https://x.com/i/status/2101692877118083279,2026-09-20T15:20:04.000Z,en,24,2,0.69
self-improving-agent,https://x.com/i/status/2101580183857959037,2026-09-20T07:52:15.000Z,en,86,38,0.67
self-improving-agent,https://x.com/i/status/2101577350089744882,2026-09-20T07:41:00.000Z,en,0,0,0.76
self-improving-agent,https://x.com/i/status/2101430325566222829,2026-09-19T21:56:46.000Z,en,0,0,0.07
self-improving-agent,https://x.com/i/status/2101378455028027719,2026-09-19T18:30:40.000Z,en,0,0,0.38
self-improving-agent,https://x.com/i/status/2101361395295997965,2026-09-19T17:22:52.000Z,en,13,1,0.75
self-improving-agent,https://x.com/i/status/2101316151426863260,2026-09-19T14:23:05.000Z,en,9,1,0.64
self-improving-agent,https://x.com/i/status/2101314762600505452,2026-09-19T14:17:34.000Z,en,11,0,0.64
self-improving-agent,https://x.com/i/status/2101306552586265020,2026-09-19T13:44:57.000Z,en,13,1,0.05
self-improving-agent,https://x.com/i/status/2101286975516954949,2026-09-19T12:27:09.000Z,en,16,1,0.69
self-improving-agent,https://x.com/i/status/2101284611850690749,2026-09-19T12:17:46.000Z,en,0,0,0.44
self-improving-agent,https://x.com/i/status/2101237949082009824,2026-09-19T09:12:20.000Z,zh,0,0,0.83
self-improving-agent,https://x.com/i/status/2101237623566258223,2026-09-19T09:11:03.000Z,zh,0,0,0.81
self-improving-agent,https://x.com/i/status/2101112331316899962,2026-09-19T00:53:11.000Z,en,4,0,0.5
self-improving-agent,https://x.com/i/status/2101074950069055755,2026-09-18T22:24:38.000Z,en,1,0,0.69
self-improving-agent,https://x.com/i/status/2101006720868946114,2026-09-18T17:53:31.000Z,en,5,0,0.83
self-improving-agent,https://x.com/i/status/2100984970692960411,2026-09-18T16:27:06.000Z,en,19,0,0.72
self-improving-agent,https://x.com/i/status/2100952891045433854,2026-09-18T14:19:37.000Z,en,205,48,0.72
self-improving-agent,https://x.com/i/status/2100913134118572355,2026-09-18T11:41:38.000Z,en,2,0,0.6
self-improving-agent,https://x.com/i/status/2100619714951086369,2026-09-17T16:15:42.000Z,en,0,0,0.76
self-improving-agent,https://x.com/i/status/2100605650892103707,2026-09-17T15:19:49.000Z,en,0,0,0.04
self-improving-agent,https://x.com/i/status/2100459196948914335,2026-09-17T05:37:51.000Z,en,0,0,0.83
self-improving-agent,https://x.com/i/status/2100400673498309042,2026-09-17T01:45:18.000Z,zxx,4,0,0.1
self-improving-agent,https://x.com/i/status/2100266505250263350,2026-09-16T16:52:10.000Z,zxx,0,0,0.11
self-improving-agent,https://x.com/i/status/2100174103621837268,2026-09-16T10:45:00.000Z,en,71,4,0.72
grill-me,https://x.com/i/status/2102525034728186129,2026-09-22T22:26:45.000Z,en,1,0,0.9
grill-me,https://x.com/i/status/2102514539325722715,2026-09-22T21:45:03.000Z,zxx,2,2,0.16
grill-me,https://x.com/i/status/2102441132454277607,2026-09-22T16:53:22.000Z,en,2,0,0.04
grill-me,https://x.com/i/status/2102370073466065018,2026-09-22T12:11:00.000Z,ja,370,26,0.94
grill-me,https://x.com/i/status/2102218751072678104,2026-09-22T02:09:42.000Z,zh,6,0,0.65
grill-me,https://x.com/i/status/2102155641485983842,2026-09-21T21:58:55.000Z,en,0,0,0.97
grill-me,https://x.com/i/status/2102141368776687778,2026-09-21T21:02:12.000Z,en,4,0,0.06
grill-me,https://x.com/i/status/2102089816217096516,2026-09-21T17:37:21.000Z,en,1,0,0.96
grill-me,https://x.com/i/status/2102073729987547253,2026-09-21T16:33:26.000Z,en,1,0,0.96
grill-me,https://x.com/i/status/2102058362959774191,2026-09-21T15:32:22.000Z,zh,0,0,0.95
grill-me,https://x.com/i/status/2102057282619965829,2026-09-21T15:28:05.000Z,en,2,0,0.96
grill-me,https://x.com/i/status/2102027705562579064,2026-09-21T13:30:33.000Z,en,4,0,0.96
grill-me,https://x.com/i/status/2102012419212259775,2026-09-21T12:29:48.000Z,zh,0,0,0.93
grill-me,https://x.com/i/status/2101902851513413992,2026-09-21T05:14:25.000Z,en,1,0,0.94
grill-me,https://x.com/i/status/2101880274892058738,2026-09-21T03:44:43.000Z,en,0,0,0.91
grill-me,https://x.com/i/status/2101875291216031951,2026-09-21T03:24:55.000Z,zh,257,26,0.97
grill-me,https://x.com/i/status/2101834154367504582,2026-09-21T00:41:27.000Z,zh,3,0,0.08
grill-me,https://x.com/i/status/2101832027955941436,2026-09-21T00:33:00.000Z,zh,5,1,0.97
grill-me,https://x.com/i/status/2101826777706278956,2026-09-21T00:12:08.000Z,en,1,0,0.96
grill-me,https://x.com/i/status/2101771934086414664,2026-09-20T20:34:12.000Z,en,1,0,0.92
grill-me,https://x.com/i/status/2101749830770917842,2026-09-20T19:06:22.000Z,en,2,0,0.97
grill-me,https://x.com/i/status/2101681512215445718,2026-09-20T14:34:54.000Z,zh,1,0,0.83
grill-me,https://x.com/i/status/2101681452119461995,2026-09-20T14:34:40.000Z,zh,0,0,0.82
grill-me,https://x.com/i/status/2101676066968588401,2026-09-20T14:13:16.000Z,en,0,0,0.94
grill-me,https://x.com/i/status/2101634437423202444,2026-09-20T11:27:51.000Z,en,4,0,0.3
grill-me,https://x.com/i/status/2101603122502140289,2026-09-20T09:23:24.000Z,zxx,0,0,0.17
grill-me,https://x.com/i/status/2101571237105504458,2026-09-20T07:16:42.000Z,en,0,0,0.97
grill-me,https://x.com/i/status/2101512117262139703,2026-09-20T03:21:47.000Z,en,2,0,0.94
grill-me,https://x.com/i/status/2101507025649946635,2026-09-20T03:01:33.000Z,zh,0,0,0.92
grill-me,https://x.com/i/status/2101442639094567314,2026-09-19T22:45:42.000Z,en,3,0,0.96
grill-me,https://x.com/i/status/2101331760688890081,2026-09-19T15:25:07.000Z,zh,0,0,0.93
grill-me,https://x.com/i/status/2101300715700568561,2026-09-19T13:21:45.000Z,en,0,0,0.96
grill-me,https://x.com/i/status/2101298139034792256,2026-09-19T13:11:31.000Z,zxx,441,84,0.21
grill-me,https://x.com/i/status/2101292358440792186,2026-09-19T12:48:33.000Z,en,3,0,0.96
grill-me,https://x.com/i/status/2101289732705542542,2026-09-19T12:38:07.000Z,fa,157,9,0.96
grill-me,https://x.com/i/status/2101285779486151091,2026-09-19T12:22:24.000Z,en,1,0,0.97
grill-me,https://x.com/i/status/2101284481302757745,2026-09-19T12:17:14.000Z,ja,27,1,0.94
grill-me,https://x.com/i/status/2101191216285245952,2026-09-19T06:06:38.000Z,en,8,0,0.04
grill-me,https://x.com/i/status/2101163533182615971,2026-09-19T04:16:38.000Z,en,3,0,0.72
grill-me,https://x.com/i/status/2101092381366026265,2026-09-18T23:33:54.000Z,zh,111,15,0.04
grill-me,https://x.com/i/status/2101089989455216978,2026-09-18T23:24:24.000Z,zh,1385,165,0.67
grill-me,https://x.com/i/status/2101068562500878629,2026-09-18T21:59:15.000Z,ja,1,0,0.94
grill-me,https://x.com/i/status/2101033823790104612,2026-09-18T19:41:13.000Z,es,0,0,0.04
grill-me,https://x.com/i/status/2101004165916869050,2026-09-18T17:43:22.000Z,en,0,0,0.97
grill-me,https://x.com/i/status/2100998640697503792,2026-09-18T17:21:25.000Z,zh,1,0,0.05
grill-me,https://x.com/i/status/2100954718809813286,2026-09-18T14:26:53.000Z,en,7,0,0.05
grill-me,https://x.com/i/status/2100952133981921372,2026-09-18T14:16:37.000Z,es,0,0,0.95
grill-me,https://x.com/i/status/2100945716654805168,2026-09-18T13:51:07.000Z,en,20,1,0.68
grill-me,https://x.com/i/status/2100841910747226617,2026-09-18T06:58:37.000Z,en,10,0,0.97
grill-me,https://x.com/i/status/2100826599025496127,2026-09-18T05:57:47.000Z,zh,0,0,0.82
grill-me,https://x.com/i/status/2100825815889887674,2026-09-18T05:54:40.000Z,en,0,0,0.93
grill-me,https://x.com/i/status/2100791959086657600,2026-09-18T03:40:08.000Z,ja,0,0,0.94
grill-me,https://x.com/i/status/2100765551060570352,2026-09-18T01:55:12.000Z,pt,0,0,0.95
grill-me,https://x.com/i/status/2100747201698054557,2026-09-18T00:42:17.000Z,zh,1,0,0.88
grill-me,https://x.com/i/status/2100744599958679892,2026-09-18T00:31:57.000Z,en,0,0,0.15
grill-me,https://x.com/i/status/2100744493624668550,2026-09-18T00:31:31.000Z,zxx,3,0,0.18
grill-me,https://x.com/i/status/2100739622469075161,2026-09-18T00:12:10.000Z,zxx,5,0,0.2
grill-me,https://x.com/i/status/2100731953419055244,2026-09-17T23:41:42.000Z,zh,1,0,0.69
grill-me,https://x.com/i/status/2100731893998338120,2026-09-17T23:41:27.000Z,zxx,3,1,0.24
grill-me,https://x.com/i/status/2100692294576079164,2026-09-17T21:04:06.000Z,en,0,0,0.93
grill-me,https://x.com/i/status/2100675657462362429,2026-09-17T19:58:00.000Z,en,0,0,0.96
grill-me,https://x.com/i/status/2100667742437220848,2026-09-17T19:26:32.000Z,es,4,0,0.07
grill-me,https://x.com/i/status/2100663555301187892,2026-09-17T19:09:54.000Z,en,0,0,0.9
grill-me,https://x.com/i/status/2100630835909042378,2026-09-17T16:59:53.000Z,iw,0,0,0.93
grill-me,https://x.com/i/status/2100628008608444647,2026-09-17T16:48:39.000Z,en,5,0,0.97
grill-me,https://x.com/i/status/2100617691707170930,2026-09-17T16:07:39.000Z,zh,0,0,0.96
grill-me,https://x.com/i/status/2100617127610798543,2026-09-17T16:05:25.000Z,en,109,7,0.05
grill-me,https://x.com/i/status/2100587066169975040,2026-09-17T14:05:58.000Z,en,2,0,0.96
grill-me,https://x.com/i/status/2100573728216318308,2026-09-17T13:12:58.000Z,zxx,104,21,0.32
grill-me,https://x.com/i/status/2100570649068437954,2026-09-17T13:00:44.000Z,en,4,0,0.98
grill-me,https://x.com/i/status/2100567425255129476,2026-09-17T12:47:55.000Z,en,0,0,0.97
grill-me,https://x.com/i/status/2100560279209979934,2026-09-17T12:19:31.000Z,zh,164,38,0.94
grill-me,https://x.com/i/status/2100553340371570731,2026-09-17T11:51:57.000Z,en,8,1,0.98
grill-me,https://x.com/i/status/2100544586129010962,2026-09-17T11:17:10.000Z,en,0,1,0.96
grill-me,https://x.com/i/status/2100537593808945244,2026-09-17T10:49:23.000Z,en,175,4,0.88
grill-me,https://x.com/i/status/2100509534880137457,2026-09-17T08:57:53.000Z,zh,292,29,0.96
grill-me,https://x.com/i/status/2100505847071998325,2026-09-17T08:43:14.000Z,ja,0,0,0.94
grill-me,https://x.com/i/status/2100491393416175699,2026-09-17T07:45:48.000Z,en,1,0,0.95
grill-me,https://x.com/i/status/2100481357084565695,2026-09-17T07:05:55.000Z,zxx,3,1,0.32
grill-me,https://x.com/i/status/2100478002098561087,2026-09-17T06:52:35.000Z,ja,10,1,0.33
grill-me,https://x.com/i/status/2100471662789452231,2026-09-17T06:27:23.000Z,en,1,0,0.96
grill-me,https://x.com/i/status/2100452356563587121,2026-09-17T05:10:40.000Z,en,0,0,0.42
grill-me,https://x.com/i/status/2100411621508325439,2026-09-17T02:28:48.000Z,en,0,0,0.95
grill-me,https://x.com/i/status/2100293954457776616,2026-09-16T18:41:14.000Z,en,2,0,0.97
grill-me,https://x.com/i/status/2100280965570670857,2026-09-16T17:49:38.000Z,en,2,0,0.96
grill-me,https://x.com/i/status/2100224547631116712,2026-09-16T14:05:27.000Z,en,115,3,0.97
grill-me,https://x.com/i/status/2100195494060601474,2026-09-16T12:10:00.000Z,en,5,1,0.96
grill-me,https://x.com/i/status/2100153774698348864,2026-09-16T09:24:13.000Z,en,0,0,0.95
grill-me,https://x.com/i/status/2100131000055390470,2026-09-16T07:53:43.000Z,zxx,766,149,0.29
grill-with-docs,https://x.com/i/status/2102445429921329564,2026-09-22T17:10:26.000Z,en,3,0,0.25
grill-with-docs,https://x.com/i/status/2102445313185448005,2026-09-22T17:09:58.000Z,zxx,3,0,0.2
grill-with-docs,https://x.com/i/status/2102201335437562012,2026-09-22T01:00:30.000Z,zxx,0,0,0.3
grill-with-docs,https://x.com/i/status/2102088767733739931,2026-09-21T17:33:11.000Z,zh,3,0,0.91
grill-with-docs,https://x.com/i/status/2101966598168883539,2026-09-21T09:27:44.000Z,en,0,0,0.74
grill-with-docs,https://x.com/i/status/2101875291216031951,2026-09-21T03:24:55.000Z,zh,257,26,0.97
grill-with-docs,https://x.com/i/status/2101832027955941436,2026-09-21T00:33:00.000Z,zh,5,1,0.96
grill-with-docs,https://x.com/i/status/2101644039455920621,2026-09-20T12:06:00.000Z,ja,16,0,0.04
grill-with-docs,https://x.com/i/status/2101622994824986722,2026-09-20T10:42:22.000Z,zxx,10,3,0.24
grill-with-docs,https://x.com/i/status/2101336828905132188,2026-09-19T15:45:15.000Z,en,1,0,0.98
grill-with-docs,https://x.com/i/status/2101284481302757745,2026-09-19T12:17:14.000Z,ja,27,1,0.93
grill-with-docs,https://x.com/i/status/2101255227232104877,2026-09-19T10:21:00.000Z,ja,41,1,0.96
grill-with-docs,https://x.com/i/status/2101249661516349624,2026-09-19T09:58:53.000Z,en,19,3,0.07
grill-with-docs,https://x.com/i/status/2101162780812603761,2026-09-19T04:13:39.000Z,zh,0,0,0.94
grill-with-docs,https://x.com/i/status/2100878746416996645,2026-09-18T09:25:00.000Z,ja,15,0,0.9
grill-with-docs,https://x.com/i/status/2100766730255466867,2026-09-18T01:59:53.000Z,pt,0,0,0.92
grill-with-docs,https://x.com/i/status/2100739622469075161,2026-09-18T00:12:10.000Z,zxx,5,0,0.26
grill-with-docs,https://x.com/i/status/2100567621666230372,2026-09-17T12:48:42.000Z,en,0,0,0.91
grill-with-docs,https://x.com/i/status/2100559429460709380,2026-09-17T12:16:09.000Z,ja,0,0,0.13
grill-with-docs,https://x.com/i/status/2100546809311719603,2026-09-17T11:26:00.000Z,ja,74,4,0.25
grill-with-docs,https://x.com/i/status/2100521948786667822,2026-09-17T09:47:13.000Z,en,2412,63,0.55
grill-with-docs,https://x.com/i/status/2100364064308510868,2026-09-16T23:19:50.000Z,ja,1,0,0.94
grill-with-docs,https://x.com/i/status/2100314589082857595,2026-09-16T20:03:14.000Z,en,0,0,0.97
grill-with-docs,https://x.com/i/status/2100270859122315500,2026-09-16T17:09:28.000Z,und,0,0,0.93
self-improving,https://x.com/i/status/2102610130907083020,2026-09-23T04:04:54.000Z,en,1,0,0.81
self-improving,https://x.com/i/status/2102600637922124145,2026-09-23T03:27:11.000Z,en,12,3,0.85
self-improving,https://x.com/i/status/2102595654413631874,2026-09-23T03:07:23.000Z,en,10,1,0.09
self-improving,https://x.com/i/status/2102580647843987925,2026-09-23T02:07:45.000Z,en,0,0,0.8
self-improving,https://x.com/i/status/2102580039305089529,2026-09-23T02:05:20.000Z,en,2,0,0.86
self-improving,https://x.com/i/status/2102566818074472528,2026-09-23T01:12:47.000Z,en,87,58,0.73
self-improving,https://x.com/i/status/2102566278468878377,2026-09-23T01:10:39.000Z,en,1,0,0.05
self-improving,https://x.com/i/status/2102545999730274815,2026-09-22T23:50:04.000Z,zxx,89,11,0.12
self-improving,https://x.com/i/status/2102518925628235804,2026-09-22T22:02:29.000Z,en,22,1,0.27
self-improving,https://x.com/i/status/2102517887445692459,2026-09-22T21:58:21.000Z,en,0,0,0.58
self-improving,https://x.com/i/status/2102489139622957535,2026-09-22T20:04:07.000Z,en,0,0,0.78
self-improving,https://x.com/i/status/2102484617630777561,2026-09-22T19:46:09.000Z,zxx,1,0,0.21
self-improving,https://x.com/i/status/2102484080814403819,2026-09-22T19:44:01.000Z,en,0,0,0.74
self-improving,https://x.com/i/status/2102479343733588083,2026-09-22T19:25:12.000Z,en,0,0,0.77
self-improving,https://x.com/i/status/2102477805875511328,2026-09-22T19:19:05.000Z,en,0,0,0.81
self-improving,https://x.com/i/status/2102476391501713902,2026-09-22T19:13:28.000Z,en,0,0,0.76
self-improving,https://x.com/i/status/2102472650241065361,2026-09-22T18:58:36.000Z,en,6,0,0.69
self-improving,https://x.com/i/status/2102465811642569079,2026-09-22T18:31:26.000Z,en,0,0,0.89
self-improving,https://x.com/i/status/2102463914240094253,2026-09-22T18:23:53.000Z,en,0,0,0.85
self-improving,https://x.com/i/status/2102462322304602403,2026-09-22T18:17:34.000Z,en,2,1,0.85
self-improving,https://x.com/i/status/2102462320761069687,2026-09-22T18:17:33.000Z,en,94,13,0.87
self-improving,https://x.com/i/status/2102457068640711142,2026-09-22T17:56:41.000Z,zxx,148,23,0.17
self-improving,https://x.com/i/status/2102453108022403246,2026-09-22T17:40:57.000Z,en,1,0,0.52
self-improving,https://x.com/i/status/2102443375601541145,2026-09-22T17:02:16.000Z,en,0,0,0.82
self-improving,https://x.com/i/status/2102441880076320950,2026-09-22T16:56:20.000Z,zxx,0,0,0.17
self-improving,https://x.com/i/status/2102440209396765128,2026-09-22T16:49:42.000Z,zxx,2,0,0.17
self-improving,https://x.com/i/status/2102435258226426081,2026-09-22T16:30:01.000Z,en,2,0,0.74
self-improving,https://x.com/i/status/2102435043347996895,2026-09-22T16:29:10.000Z,en,25,2,0.78
self-improving,https://x.com/i/status/2102433399034257726,2026-09-22T16:22:38.000Z,en,0,0,0.82
self-improving,https://x.com/i/status/2102430659432354013,2026-09-22T16:11:45.000Z,en,28,6,0.67
self-improving,https://x.com/i/status/2102418994510639280,2026-09-22T15:25:24.000Z,en,71,5,0.89
self-improving,https://x.com/i/status/2102409459238858782,2026-09-22T14:47:30.000Z,en,16,1,0.07
self-improving,https://x.com/i/status/2102405656783491170,2026-09-22T14:32:24.000Z,en,56,35,0.57
self-improving,https://x.com/i/status/2102402551660581352,2026-09-22T14:20:03.000Z,en,22,2,0.67
self-improving,https://x.com/i/status/2102398367943000126,2026-09-22T14:03:26.000Z,en,0,0,0.38
self-improving,https://x.com/i/status/2102397603090702461,2026-09-22T14:00:23.000Z,en,2,0,0.67
self-improving,https://x.com/i/status/2102389724111634649,2026-09-22T13:29:05.000Z,en,2,1,0.73
self-improving,https://x.com/i/status/2102384210438685128,2026-09-22T13:07:10.000Z,en,4,0,0.04
self-improving,https://x.com/i/status/2102382942538309823,2026-09-22T13:02:08.000Z,en,1,0,0.77
self-improving,https://x.com/i/status/2102372685556629683,2026-09-22T12:21:23.000Z,en,55,1,0.71
self-improving,https://x.com/i/status/2102372194659750073,2026-09-22T12:19:26.000Z,en,24,2,0.72
self-improving,https://x.com/i/status/2102371831290142977,2026-09-22T12:17:59.000Z,en,1,0,0.76
self-improving,https://x.com/i/status/2102358397039321295,2026-09-22T11:24:36.000Z,zxx,271,27,0.15
self-improving,https://x.com/i/status/2102356846505837038,2026-09-22T11:18:26.000Z,zxx,1,1,0.17
self-improving,https://x.com/i/status/2102356550639653135,2026-09-22T11:17:16.000Z,en,3,6,0.31
self-improving,https://x.com/i/status/2102352426561110244,2026-09-22T11:00:52.000Z,en,0,0,0.25
self-improving,https://x.com/i/status/2102350915659579883,2026-09-22T10:54:52.000Z,en,0,0,0.81
self-improving,https://x.com/i/status/2102321988371145102,2026-09-22T08:59:55.000Z,en,0,0,0.62
self-improving,https://x.com/i/status/2102316430104695044,2026-09-22T08:37:50.000Z,en,0,0,0.69
self-improving,https://x.com/i/status/2102298269321691510,2026-09-22T07:25:40.000Z,en,3,0,0.22
self-improving,https://x.com/i/status/2102294700791063037,2026-09-22T07:11:30.000Z,en,10,2,0.02
self-improving,https://x.com/i/status/2102293991681363969,2026-09-22T07:08:41.000Z,en,77,1,0.8
self-improving,https://x.com/i/status/2102280094072942994,2026-09-22T06:13:27.000Z,en,19,0,0.03
self-improving,https://x.com/i/status/2102267033568317570,2026-09-22T05:21:33.000Z,en,97,0,0.89
self-improving,https://x.com/i/status/2102254058547642736,2026-09-22T04:30:00.000Z,en,441,75,0.78
self-improving,https://x.com/i/status/2102252568814440670,2026-09-22T04:24:05.000Z,en,73,16,0.1
self-improving,https://x.com/i/status/2102251058596860022,2026-09-22T04:18:04.000Z,en,0,0,0.86
self-improving,https://x.com/i/status/2102248829592703229,2026-09-22T04:09:13.000Z,en,4,0,0.91
self-improving,https://x.com/i/status/2102239067484086726,2026-09-22T03:30:26.000Z,en,107,22,0.03
self-improving,https://x.com/i/status/2102230175295631779,2026-09-22T02:55:05.000Z,en,134,27,0.31
self-improving,https://x.com/i/status/2102222213688725745,2026-09-22T02:23:27.000Z,en,912,143,0.8
self-improving,https://x.com/i/status/2102197938642362385,2026-09-22T00:47:00.000Z,en,10,0,0.84
self-improving,https://x.com/i/status/2102193409175724353,2026-09-22T00:29:00.000Z,en,52,9,0.9
self-improving,https://x.com/i/status/2102185353151234167,2026-09-21T23:56:59.000Z,en,24,20,0.18
self-improving,https://x.com/i/status/2102178756219830289,2026-09-21T23:30:46.000Z,en,19,3,0.32
self-improving,https://x.com/i/status/2102142072547324284,2026-09-21T21:05:00.000Z,en,1,0,0.88
self-improving,https://x.com/i/status/2102136384311951787,2026-09-21T20:42:24.000Z,en,5,0,0.05
self-improving,https://x.com/i/status/2102131271568703643,2026-09-21T20:22:05.000Z,en,10,0,0.73
self-improving,https://x.com/i/status/2102092474911207454,2026-09-21T17:47:55.000Z,en,101,11,0.17
self-improving,https://x.com/i/status/2102080854390665514,2026-09-21T17:01:45.000Z,en,1,0,0.15
self-improving,https://x.com/i/status/2102067948554969120,2026-09-21T16:10:28.000Z,en,35,4,0.35
self-improving,https://x.com/i/status/2102065499614199997,2026-09-21T16:00:44.000Z,en,127,71,0.33
self-improving,https://x.com/i/status/2102062833374560527,2026-09-21T15:50:08.000Z,en,0,0,0.05
self-improving,https://x.com/i/status/2102058425962385914,2026-09-21T15:32:37.000Z,en,0,0,0.88
self-improving,https://x.com/i/status/2102056108248711525,2026-09-21T15:23:25.000Z,en,0,0,0.13
self-improving,https://x.com/i/status/2102052044617965901,2026-09-21T15:07:16.000Z,en,0,0,0.88
self-improving,https://x.com/i/status/2102042382753521822,2026-09-21T14:28:52.000Z,en,0,0,0.8
self-improving,https://x.com/i/status/2102038661546057846,2026-09-21T14:14:05.000Z,en,37,5,0.84
self-improving,https://x.com/i/status/2102038131663053223,2026-09-21T14:11:59.000Z,en,33,4,0.52
self-improving,https://x.com/i/status/2102037817182609568,2026-09-21T14:10:44.000Z,en,3,0,0.03
self-improving,https://x.com/i/status/2102035267372691771,2026-09-21T14:00:36.000Z,en,2,1,0.16
self-improving,https://x.com/i/status/2102035163643588691,2026-09-21T14:00:11.000Z,en,0,0,0.86
self-improving,https://x.com/i/status/2102026748967698796,2026-09-21T13:26:45.000Z,en,0,0,0.83
self-improving,https://x.com/i/status/2102026002134430110,2026-09-21T13:23:47.000Z,en,1,0,0.58
self-improving,https://x.com/i/status/2102021511666180208,2026-09-21T13:05:56.000Z,en,1,0,0.08
self-improving,https://x.com/i/status/2102019641136566772,2026-09-21T12:58:30.000Z,en,4,0,0.65
self-improving,https://x.com/i/status/2102018989320806811,2026-09-21T12:55:55.000Z,en,24,4,0.8
self-improving,https://x.com/i/status/2102014196926042389,2026-09-21T12:36:52.000Z,en,5,2,0.18
self-improving,https://x.com/i/status/2102012368951685163,2026-09-21T12:29:36.000Z,en,14,1,0.83
self-improving,https://x.com/i/status/2102010434005905467,2026-09-21T12:21:55.000Z,en,2,2,0.05
self-improving,https://x.com/i/status/2102009489167884610,2026-09-21T12:18:10.000Z,en,16,3,0.77
self-improving,https://x.com/i/status/2102002199001964688,2026-09-21T11:49:12.000Z,en,1,0,0.91
self-improving,https://x.com/i/status/2101999275605713250,2026-09-21T11:37:35.000Z,zxx,166,36,0.08
self-improving,https://x.com/i/status/2101985304852963607,2026-09-21T10:42:04.000Z,zxx,1,0,0.11
self-improving,https://x.com/i/status/2101983791661081062,2026-09-21T10:36:03.000Z,en,54,10,0.87
self-improving,https://x.com/i/status/2101975158227620240,2026-09-21T10:01:45.000Z,en,1,0,0.86
self-improving,https://x.com/i/status/2101966905556787442,2026-09-21T09:28:57.000Z,en,0,0,0.79
self-improving,https://x.com/i/status/2101966536798040332,2026-09-21T09:27:29.000Z,en,2023,233,0.88
self-improving,https://x.com/i/status/2101954679513198677,2026-09-21T08:40:22.000Z,en,0,0,0.87
self-improving,https://x.com/i/status/2101942480946036991,2026-09-21T07:51:54.000Z,en,14,2,0.61
improve-codebase-architecture,https://x.com/i/status/2101140610258235575,2026-09-19T02:45:33.000Z,en,0,0,0.96
github,https://x.com/i/status/2102631028582166605,2026-09-23T05:27:56.000Z,ja,0,0,0.06
github,https://x.com/i/status/2102630959753449922,2026-09-23T05:27:40.000Z,en,0,0,0.1
github,https://x.com/i/status/2102630476959928410,2026-09-23T05:25:45.000Z,zxx,1,0,0.07
github,https://x.com/i/status/2102628827759345982,2026-09-23T05:19:12.000Z,es,3,3,0.32
github,https://x.com/i/status/2102628166833734041,2026-09-23T05:16:34.000Z,en,0,0,0.09
github,https://x.com/i/status/2102627893662642563,2026-09-23T05:15:29.000Z,en,0,0,0.16
github,https://x.com/i/status/2102627548370751930,2026-09-23T05:14:07.000Z,ja,1,0,0.15
github,https://x.com/i/status/2102627408566456573,2026-09-23T05:13:33.000Z,ja,0,0,0.22
github,https://x.com/i/status/2102627018605256758,2026-09-23T05:12:00.000Z,zxx,0,0,0.08
github,https://x.com/i/status/2102626724655808831,2026-09-23T05:10:50.000Z,en,0,0,0.13
github,https://x.com/i/status/2102626059363529212,2026-09-23T05:08:12.000Z,en,3,1,0.09
github,https://x.com/i/status/2102624751802085620,2026-09-23T05:03:00.000Z,zh,0,0,0.14
github,https://x.com/i/status/2102624181296693383,2026-09-23T05:00:44.000Z,zh,1,0,0.09
github,https://x.com/i/status/2102622320770621714,2026-09-23T04:53:20.000Z,en,7,5,0.1
github,https://x.com/i/status/2102621848320258560,2026-09-23T04:51:28.000Z,en,1,0,0.15
github,https://x.com/i/status/2102621681277620289,2026-09-23T04:50:48.000Z,zh,0,0,0.12
github,https://x.com/i/status/2102620318406000775,2026-09-23T04:45:23.000Z,ja,0,0,0.12
github,https://x.com/i/status/2102620309887345126,2026-09-23T04:45:21.000Z,zxx,0,0,0.1
github,https://x.com/i/status/2102619505440534632,2026-09-23T04:42:09.000Z,fr,0,0,0.12
github,https://x.com/i/status/2102619114124562686,2026-09-23T04:40:36.000Z,zxx,97,7,0.1
github,https://x.com/i/status/2102618704202878982,2026-09-23T04:38:58.000Z,en,3,0,0.14
github,https://x.com/i/status/2102617205015793666,2026-09-23T04:33:01.000Z,en,6,0,0.09
github,https://x.com/i/status/2102615937887399991,2026-09-23T04:27:58.000Z,en,0,0,0.13
github,https://x.com/i/status/2102615628784046514,2026-09-23T04:26:45.000Z,en,3,0,0.1
github,https://x.com/i/status/2102613994733469985,2026-09-23T04:20:15.000Z,zh,0,0,0.14
github,https://x.com/i/status/2102613941440684175,2026-09-23T04:20:02.000Z,zh,3,0,0.34
github,https://x.com/i/status/2102613341671665672,2026-09-23T04:17:39.000Z,en,0,0,0.1
github,https://x.com/i/status/2102612897620959633,2026-09-23T04:15:54.000Z,en,1,0,0.13
github,https://x.com/i/status/2102612580694904962,2026-09-23T04:14:38.000Z,zh,0,0,0.08
github,https://x.com/i/status/2102612171880366467,2026-09-23T04:13:01.000Z,ja,0,0,0.12
github,https://x.com/i/status/2102611623731147001,2026-09-23T04:10:50.000Z,en,0,0,0.17
github,https://x.com/i/status/2102611560565002346,2026-09-23T04:10:35.000Z,zh,1,0,0.11
github,https://x.com/i/status/2102610958501769497,2026-09-23T04:08:11.000Z,zh,0,0,0.1
github,https://x.com/i/status/2102610611720859691,2026-09-23T04:06:49.000Z,zxx,0,0,0.1
github,https://x.com/i/status/2102610411753447877,2026-09-23T04:06:01.000Z,zh,2,0,0.13
github,https://x.com/i/status/2102610187333067000,2026-09-23T04:05:07.000Z,ja,4,0,0.14
github,https://x.com/i/status/2102609945610879294,2026-09-23T04:04:10.000Z,en,0,0,0.31
github,https://x.com/i/status/2102609657462468704,2026-09-23T04:03:01.000Z,zxx,2,0,0.1
github,https://x.com/i/status/2102609070775566651,2026-09-23T04:00:41.000Z,en,0,0,0.09
github,https://x.com/i/status/2102608920162574745,2026-09-23T04:00:05.000Z,zh,20,3,0.12
github,https://x.com/i/status/2102608899690185208,2026-09-23T04:00:00.000Z,en,0,0,0.15
github,https://x.com/i/status/2102608168383901920,2026-09-23T03:57:06.000Z,ja,0,0,0.17
github,https://x.com/i/status/2102606917843722388,2026-09-23T03:52:08.000Z,zh,7,0,0.09
github,https://x.com/i/status/2102606360831840533,2026-09-23T03:49:55.000Z,zh,1,0,0.18
github,https://x.com/i/status/2102605673448267857,2026-09-23T03:47:11.000Z,en,1,1,0.14
github,https://x.com/i/status/2102604984399667438,2026-09-23T03:44:27.000Z,en,0,0,0.13
github,https://x.com/i/status/2102604714290622517,2026-09-23T03:43:23.000Z,en,0,0,0.26
github,https://x.com/i/status/2102604023547527423,2026-09-23T03:40:38.000Z,en,0,0,0.16
github,https://x.com/i/status/2102603491084574726,2026-09-23T03:38:31.000Z,en,0,0,0.14
github,https://x.com/i/status/2102602542438023550,2026-09-23T03:34:45.000Z,en,0,0,0.13
github,https://x.com/i/status/2102602164736840151,2026-09-23T03:33:15.000Z,en,3,0,0.14
github,https://x.com/i/status/2102601977519894735,2026-09-23T03:32:30.000Z,en,0,0,0.09
github,https://x.com/i/status/2102601822695297268,2026-09-23T03:31:53.000Z,fr,0,0,0.08
github,https://x.com/i/status/2102601779439718429,2026-09-23T03:31:43.000Z,pt,1,0,0.08
github,https://x.com/i/status/2102600661187592564,2026-09-23T03:27:16.000Z,en,0,0,0.07
github,https://x.com/i/status/2102600367871852793,2026-09-23T03:26:06.000Z,zh,10,1,0.19
github,https://x.com/i/status/2102599843319283955,2026-09-23T03:24:01.000Z,zxx,0,0,0.09
github,https://x.com/i/status/2102599531896652284,2026-09-23T03:22:47.000Z,ja,2,0,0.08
github,https://x.com/i/status/2102598991921959407,2026-09-23T03:20:38.000Z,en,0,0,0.17
github,https://x.com/i/status/2102598839219941653,2026-09-23T03:20:02.000Z,ja,1,0,0.17
github,https://x.com/i/status/2102598198191886551,2026-09-23T03:17:29.000Z,en,0,0,0.13
github,https://x.com/i/status/2102597605712879979,2026-09-23T03:15:08.000Z,ja,2,0,0.1
github,https://x.com/i/status/2102597572208775677,2026-09-23T03:15:00.000Z,en,67,6,0.21
github,https://x.com/i/status/2102597461592490008,2026-09-23T03:14:33.000Z,zh,0,0,0.38
github,https://x.com/i/status/2102597345162691003,2026-09-23T03:14:06.000Z,en,2,0,0.1
github,https://x.com/i/status/2102596736430604487,2026-09-23T03:11:40.000Z,en,0,0,0.05
github,https://x.com/i/status/2102596726758801911,2026-09-23T03:11:38.000Z,ja,0,0,0.13
github,https://x.com/i/status/2102596406926094838,2026-09-23T03:10:22.000Z,en,0,0,0.24
github,https://x.com/i/status/2102595207758020651,2026-09-23T03:05:36.000Z,en,0,0,0.05
github,https://x.com/i/status/2102595065956999429,2026-09-23T03:05:02.000Z,ja,5,0,0.13
github,https://x.com/i/status/2102594725811511386,2026-09-23T03:03:41.000Z,en,8,3,0.07
github,https://x.com/i/status/2102594610749120550,2026-09-23T03:03:14.000Z,ja,1,0,0.06
github,https://x.com/i/status/2102594457770262832,2026-09-23T03:02:37.000Z,vi,12,0,0.07
github,https://x.com/i/status/2102594368079061023,2026-09-23T03:02:16.000Z,en,0,0,0.12
github,https://x.com/i/status/2102594301142401279,2026-09-23T03:02:00.000Z,zh,1,0,0.11
github,https://x.com/i/status/2102593835838702063,2026-09-23T03:00:09.000Z,en,12,2,0.1
github,https://x.com/i/status/2102592701514371256,2026-09-23T02:55:38.000Z,en,0,0,0.34
github,https://x.com/i/status/2102592260152136059,2026-09-23T02:53:53.000Z,zh,61,3,0.1
github,https://x.com/i/status/2102592126412587502,2026-09-23T02:53:21.000Z,zh,1,0,0.08
github,https://x.com/i/status/2102591012732629041,2026-09-23T02:48:56.000Z,en,0,0,0.05
github,https://x.com/i/status/2102590846784717065,2026-09-23T02:48:16.000Z,en,4,2,0.17
github,https://x.com/i/status/2102590693143396839,2026-09-23T02:47:40.000Z,en,0,0,0.22
github,https://x.com/i/status/2102590528089194904,2026-09-23T02:47:00.000Z,en,48,31,0.18
github,https://x.com/i/status/2102589976492024099,2026-09-23T02:44:49.000Z,zxx,6,0,0.11
github,https://x.com/i/status/2102589797483376719,2026-09-23T02:44:06.000Z,en,1,0,0.18
github,https://x.com/i/status/2102588880839135438,2026-09-23T02:40:28.000Z,en,22,1,0.2
github,https://x.com/i/status/2102588704288346170,2026-09-23T02:39:45.000Z,en,0,0,0.1
github,https://x.com/i/status/2102588494283424207,2026-09-23T02:38:55.000Z,en,2,0,0.05
github,https://x.com/i/status/2102588419851600326,2026-09-23T02:38:38.000Z,zxx,0,0,0.1
github,https://x.com/i/status/2102588122189930615,2026-09-23T02:37:27.000Z,pt,105,3,0.08
github,https://x.com/i/status/2102587971459227857,2026-09-23T02:36:51.000Z,en,0,0,0.1
github,https://x.com/i/status/2102587895412666767,2026-09-23T02:36:33.000Z,zxx,5,2,0.09
github,https://x.com/i/status/2102587515022582225,2026-09-23T02:35:02.000Z,en,2,0,0.09
github,https://x.com/i/status/2102587397951361161,2026-09-23T02:34:34.000Z,en,1,0,0.2
github,https://x.com/i/status/2102587362588954967,2026-09-23T02:34:26.000Z,en,0,0,0.12
github,https://x.com/i/status/2102586303229604099,2026-09-23T02:30:13.000Z,en,0,0,0.06
github,https://x.com/i/status/2102586256828117328,2026-09-23T02:30:02.000Z,en,17,1,0.12
github,https://x.com/i/status/2102586248548188513,2026-09-23T02:30:00.000Z,en,0,0,0.08
github,https://x.com/i/status/2102586247650922850,2026-09-23T02:30:00.000Z,en,25,5,0.07
github,https://x.com/i/status/2102585604781605002,2026-09-23T02:27:26.000Z,ja,1,0,0.11
tdd,https://x.com/i/status/2102622135080349949,2026-09-23T04:52:36.000Z,en,1,0,0.75
tdd,https://x.com/i/status/2102608903284445571,2026-09-23T04:00:01.000Z,en,0,0,0.8
tdd,https://x.com/i/status/2102601972369211573,2026-09-23T03:32:29.000Z,en,0,0,0.22
tdd,https://x.com/i/status/2102584388328599972,2026-09-23T02:22:36.000Z,ko,4,0,0.06
tdd,https://x.com/i/status/2102542938379260188,2026-09-22T23:37:54.000Z,ko,2,0,0.45
tdd,https://x.com/i/status/2102520370976956687,2026-09-22T22:08:14.000Z,zxx,0,0,0.13
tdd,https://x.com/i/status/2102480327364968935,2026-09-22T19:29:06.000Z,en,1,0,0.45
tdd,https://x.com/i/status/2102439504778875336,2026-09-22T16:46:54.000Z,tr,38,2,0.45
tdd,https://x.com/i/status/2102423533129490774,2026-09-22T15:43:26.000Z,en,1,0,0.93
tdd,https://x.com/i/status/2102422115597328685,2026-09-22T15:37:48.000Z,en,1,0,0.2
tdd,https://x.com/i/status/2102420932203839726,2026-09-22T15:33:05.000Z,en,0,0,0.19
tdd,https://x.com/i/status/2102416603631792234,2026-09-22T15:15:53.000Z,en,10,0,0.2
tdd,https://x.com/i/status/2102413499531923784,2026-09-22T15:03:33.000Z,en,1,0,0.75
tdd,https://x.com/i/status/2102409276140450150,2026-09-22T14:46:46.000Z,en,116,6,0.05
tdd,https://x.com/i/status/2102407849880252630,2026-09-22T14:41:06.000Z,ko,19,2,0.13
tdd,https://x.com/i/status/2102387755666088394,2026-09-22T13:21:16.000Z,zh,164,29,0.33
tdd,https://x.com/i/status/2102377548294287804,2026-09-22T12:40:42.000Z,en,0,0,0.49
tdd,https://x.com/i/status/2102339619844960652,2026-09-22T10:09:59.000Z,es,0,0,0.77
tdd,https://x.com/i/status/2102300720636538946,2026-09-22T07:35:25.000Z,en,0,0,0.82
tdd,https://x.com/i/status/2102276456537547104,2026-09-22T05:59:00.000Z,ko,35,10,0.68
tdd,https://x.com/i/status/2102269592345493800,2026-09-22T05:31:43.000Z,en,4,1,0.42
tdd,https://x.com/i/status/2102219011727753280,2026-09-22T02:10:44.000Z,zh,0,0,0.61
tdd,https://x.com/i/status/2102218975870595086,2026-09-22T02:10:35.000Z,zh,0,0,0.41
tdd,https://x.com/i/status/2102218958384611797,2026-09-22T02:10:31.000Z,zh,0,0,0.56
tdd,https://x.com/i/status/2102112823757398054,2026-09-21T19:08:47.000Z,es,301,46,0.3
tdd,https://x.com/i/status/2102079023426015275,2026-09-21T16:54:28.000Z,en,4,0,0.21
tdd,https://x.com/i/status/2102077578416886143,2026-09-21T16:48:44.000Z,en,24,1,0.08
tdd,https://x.com/i/status/2102076519996706891,2026-09-21T16:44:31.000Z,ru,471,28,0.07
tdd,https://x.com/i/status/2102062603615043741,2026-09-21T15:49:13.000Z,en,6,2,0.14
tdd,https://x.com/i/status/2102006814619418957,2026-09-21T12:07:32.000Z,en,5,0,0.92
tdd,https://x.com/i/status/2101950291801186563,2026-09-21T08:22:56.000Z,zxx,2,1,0.18
tdd,https://x.com/i/status/2101945892224082091,2026-09-21T08:05:27.000Z,zh,0,0,0.35
tdd,https://x.com/i/status/2101910545347780943,2026-09-21T05:45:00.000Z,zh,5,0,0.75
tdd,https://x.com/i/status/2101877932817850381,2026-09-21T03:35:24.000Z,en,0,0,0.84
tdd,https://x.com/i/status/2101858022092120475,2026-09-21T02:16:17.000Z,ja,0,0,0.81
tdd,https://x.com/i/status/2101857995831562612,2026-09-21T02:16:11.000Z,en,1,0,0.49
tdd,https://x.com/i/status/2101841586027999259,2026-09-21T01:10:59.000Z,pt,4,1,0.4
tdd,https://x.com/i/status/2101832027955941436,2026-09-21T00:33:00.000Z,zh,5,1,0.91
tdd,https://x.com/i/status/2101825965957497314,2026-09-21T00:08:54.000Z,en,80,3,0.32
tdd,https://x.com/i/status/2101823890880348182,2026-09-21T00:00:40.000Z,ja,0,0,0.65
tdd,https://x.com/i/status/2101823807816392920,2026-09-21T00:00:20.000Z,ja,0,0,0.3
tdd,https://x.com/i/status/2101715300441817395,2026-09-20T16:49:10.000Z,en,291,24,0.33
tdd,https://x.com/i/status/2101675655331283022,2026-09-20T14:11:38.000Z,ja,0,0,0.67
tdd,https://x.com/i/status/2101654341316960260,2026-09-20T12:46:56.000Z,en,2,0,0.12
tdd,https://x.com/i/status/2101622994824986722,2026-09-20T10:42:22.000Z,zxx,10,3,0.14
tdd,https://x.com/i/status/2101514762358259836,2026-09-20T03:32:18.000Z,en,60,4,0.23
tdd,https://x.com/i/status/2101512117262139703,2026-09-20T03:21:47.000Z,en,2,0,0.89
tdd,https://x.com/i/status/2101493948917456960,2026-09-20T02:09:35.000Z,zh,3,1,0.03
tdd,https://x.com/i/status/2101438701050253630,2026-09-19T22:30:03.000Z,ja,0,0,0.73
tdd,https://x.com/i/status/2101431664056598678,2026-09-19T22:02:06.000Z,en,0,0,0.74
tdd,https://x.com/i/status/2101418526661587027,2026-09-19T21:09:53.000Z,zxx,1,0,0.33
tdd,https://x.com/i/status/2101408219713122682,2026-09-19T20:28:56.000Z,en,3,0,0.18
tdd,https://x.com/i/status/2101405366475198549,2026-09-19T20:17:36.000Z,en,1,0,0.02
tdd,https://x.com/i/status/2101324820512231859,2026-09-19T14:57:32.000Z,en,0,0,0.76
tdd,https://x.com/i/status/2101320301695160468,2026-09-19T14:39:35.000Z,en,9,0,0.07
tdd,https://x.com/i/status/2101317894088843407,2026-09-19T14:30:01.000Z,en,59,12,0.27
tdd,https://x.com/i/status/2101288603137749338,2026-09-19T12:33:37.000Z,en,3,0,0.43
tdd,https://x.com/i/status/2101252294234829250,2026-09-19T10:09:20.000Z,en,24,0,0.17
tdd,https://x.com/i/status/2101202267273920532,2026-09-19T06:50:33.000Z,en,2,0,0.47
tdd,https://x.com/i/status/2101191216285245952,2026-09-19T06:06:38.000Z,en,8,0,0.06
tdd,https://x.com/i/status/2101162780812603761,2026-09-19T04:13:39.000Z,zh,0,0,0.84
tdd,https://x.com/i/status/2101146387736142138,2026-09-19T03:08:30.000Z,zh,120,35,0.05
tdd,https://x.com/i/status/2101135766705623482,2026-09-19T02:26:18.000Z,zxx,1,0,0.2
tdd,https://x.com/i/status/2101031198638391747,2026-09-18T19:30:47.000Z,en,0,0,0.24
tdd,https://x.com/i/status/2101021545141350586,2026-09-18T18:52:26.000Z,pt,1,0,0.24
tdd,https://x.com/i/status/2100994564286808413,2026-09-18T17:05:13.000Z,en,2,0,0.7
tdd,https://x.com/i/status/2100994300880322689,2026-09-18T17:04:10.000Z,en,0,0,0.87
tdd,https://x.com/i/status/2100937134739800237,2026-09-18T13:17:01.000Z,es,1,0,0.51
tdd,https://x.com/i/status/2100878627466527135,2026-09-18T09:24:31.000Z,ja,0,0,0.3
tdd,https://x.com/i/status/2100872995052868083,2026-09-18T09:02:09.000Z,en,0,0,0.29
tdd,https://x.com/i/status/2100865409155232121,2026-09-18T08:32:00.000Z,es,39,3,0.16
tdd,https://x.com/i/status/2100860626977669123,2026-09-18T08:13:00.000Z,ja,5,0,0.39
tdd,https://x.com/i/status/2100834129533165729,2026-09-18T06:27:42.000Z,en,0,0,0.09
tdd,https://x.com/i/status/2100812068463280346,2026-09-18T05:00:02.000Z,ja,194,15,0.24
tdd,https://x.com/i/status/2100808941718417822,2026-09-18T04:47:37.000Z,en,3,0,0.22
tdd,https://x.com/i/status/2100739622469075161,2026-09-18T00:12:10.000Z,zxx,5,0,0.22
tdd,https://x.com/i/status/2100723750941700108,2026-09-17T23:09:06.000Z,ja,0,0,0.2
tdd,https://x.com/i/status/2100712729753383397,2026-09-17T22:25:18.000Z,en,3,0,0.23
tdd,https://x.com/i/status/2100652927526273525,2026-09-17T18:27:40.000Z,en,1,0,0.09
tdd,https://x.com/i/status/2100620056665424243,2026-09-17T16:17:03.000Z,en,0,0,0.57
tdd,https://x.com/i/status/2100611856146538736,2026-09-17T15:44:28.000Z,en,0,0,0.25
tdd,https://x.com/i/status/2100567616217653336,2026-09-17T12:48:41.000Z,en,0,0,0.72
tdd,https://x.com/i/status/2100562884925489630,2026-09-17T12:29:52.000Z,zh,0,0,0.7
tdd,https://x.com/i/status/2100560279209979934,2026-09-17T12:19:31.000Z,zh,164,38,0.61
tdd,https://x.com/i/status/2100558851862917454,2026-09-17T12:13:51.000Z,fr,1,0,0.14
tdd,https://x.com/i/status/2100552159217508491,2026-09-17T11:47:15.000Z,en,3,0,0.08
tdd,https://x.com/i/status/2100551678986477957,2026-09-17T11:45:21.000Z,en,0,0,0.25
tdd,https://x.com/i/status/2100549519083499822,2026-09-17T11:36:46.000Z,fr,1,0,0.58
tdd,https://x.com/i/status/2100549218117022176,2026-09-17T11:35:34.000Z,en,1129,92,0.33
tdd,https://x.com/i/status/2100533042460938737,2026-09-17T10:31:17.000Z,ja,0,0,0.46
tdd,https://x.com/i/status/2100532718538744028,2026-09-17T10:30:00.000Z,en,34,3,0.72
tdd,https://x.com/i/status/2100473730510344508,2026-09-17T06:35:36.000Z,en,3,0,0.65
tdd,https://x.com/i/status/2100428393544343641,2026-09-17T03:35:27.000Z,ja,3,0,0.1
tdd,https://x.com/i/status/2100419522125582637,2026-09-17T03:00:12.000Z,zxx,2,0,0.21
tdd,https://x.com/i/status/2100409516345225387,2026-09-17T02:20:27.000Z,zh,1,0,0.09
tdd,https://x.com/i/status/2100362889555296345,2026-09-16T23:15:10.000Z,en,2,0,0.88
tdd,https://x.com/i/status/2100362882282393835,2026-09-16T23:15:08.000Z,en,2,1,0.87
tdd,https://x.com/i/status/2100336177295618248,2026-09-16T21:29:01.000Z,en,3,1,0.28
tdd,https://x.com/i/status/2100332717829185985,2026-09-16T21:15:16.000Z,pt,4,2,0.1
tdd,https://x.com/i/status/2100260798115258417,2026-09-16T16:29:29.000Z,en,2,0,0.17
ontology,https://x.com/i/status/2102596403063312804,2026-09-23T03:10:21.000Z,en,0,0,0.11
ontology,https://x.com/i/status/2102583425106358656,2026-09-23T02:18:47.000Z,en,0,0,0.1
ontology,https://x.com/i/status/2102582976739733531,2026-09-23T02:17:00.000Z,zh,0,0,0.72
ontology,https://x.com/i/status/2102575711462809763,2026-09-23T01:48:08.000Z,ja,10,1,0.69
ontology,https://x.com/i/status/2102550332496621965,2026-09-23T00:07:17.000Z,en,0,0,0.67
ontology,https://x.com/i/status/2102511531489730746,2026-09-22T21:33:06.000Z,zxx,8,1,0.11
ontology,https://x.com/i/status/2102463678490775822,2026-09-22T18:22:57.000Z,en,0,0,0.73
ontology,https://x.com/i/status/2102458755741102081,2026-09-22T18:03:23.000Z,zxx,0,0,0.15
ontology,https://x.com/i/status/2102457343577600197,2026-09-22T17:57:47.000Z,es,0,0,0.59
ontology,https://x.com/i/status/2102454273376202780,2026-09-22T17:45:35.000Z,en,72,9,0.6
ontology,https://x.com/i/status/2102451424076451858,2026-09-22T17:34:15.000Z,en,0,0,0.02
ontology,https://x.com/i/status/2102450604761076198,2026-09-22T17:31:00.000Z,en,0,0,0.02
ontology,https://x.com/i/status/2102449341344669886,2026-09-22T17:25:59.000Z,en,0,0,0.78
ontology,https://x.com/i/status/2102447825087013032,2026-09-22T17:19:57.000Z,en,0,1,0.04
ontology,https://x.com/i/status/2102444353432236425,2026-09-22T17:06:10.000Z,en,97,17,0.03
ontology,https://x.com/i/status/2102437143746621629,2026-09-22T16:37:31.000Z,en,5,1,0.14
ontology,https://x.com/i/status/2102423683252015207,2026-09-22T15:44:01.000Z,en,0,0,0.71
ontology,https://x.com/i/status/2102404919181619467,2026-09-22T14:29:28.000Z,en,0,0,0.82
ontology,https://x.com/i/status/2102357547965702469,2026-09-22T11:21:14.000Z,en,0,0,0.83
ontology,https://x.com/i/status/2102353907561165142,2026-09-22T11:06:46.000Z,zxx,0,0,0.19
ontology,https://x.com/i/status/2102353626861834709,2026-09-22T11:05:39.000Z,en,0,0,0.71
ontology,https://x.com/i/status/2102337968459358651,2026-09-22T10:03:25.000Z,en,1,0,0.85
ontology,https://x.com/i/status/2102306430812672096,2026-09-22T07:58:06.000Z,en,1,0,0.81
ontology,https://x.com/i/status/2102282393365479926,2026-09-22T06:22:35.000Z,en,2,0,0.85
ontology,https://x.com/i/status/2102233651635519842,2026-09-22T03:08:54.000Z,en,2,0,0.9
ontology,https://x.com/i/status/2102230131724923104,2026-09-22T02:54:55.000Z,en,0,0,0.89
ontology,https://x.com/i/status/2102228001719263289,2026-09-22T02:46:27.000Z,en,1,0,0.74
ontology,https://x.com/i/status/2102221399565938708,2026-09-22T02:20:13.000Z,en,0,0,0.85
ontology,https://x.com/i/status/2102218327104127156,2026-09-22T02:08:01.000Z,en,0,0,0.87
ontology,https://x.com/i/status/2102217358253367411,2026-09-22T02:04:10.000Z,en,0,0,0.75
ontology,https://x.com/i/status/2102215344798523776,2026-09-22T01:56:10.000Z,en,0,0,0.85
ontology,https://x.com/i/status/2102204230564188437,2026-09-22T01:12:00.000Z,en,0,0,0.83
ontology,https://x.com/i/status/2102198757785792631,2026-09-22T00:50:15.000Z,en,3,2,0.33
ontology,https://x.com/i/status/2102192671452516802,2026-09-22T00:26:04.000Z,en,2,0,0.6
ontology,https://x.com/i/status/2102192613038411884,2026-09-22T00:25:50.000Z,en,3,0,0.1
ontology,https://x.com/i/status/2102190921442033824,2026-09-22T00:19:07.000Z,en,2,0,0.03
ontology,https://x.com/i/status/2102180826419167673,2026-09-21T23:39:00.000Z,en,8,0,0.47
ontology,https://x.com/i/status/2102166829007323180,2026-09-21T22:43:23.000Z,en,150,9,0.34
ontology,https://x.com/i/status/2102164901468721468,2026-09-21T22:35:43.000Z,en,1,0,0.82
ontology,https://x.com/i/status/2102163599536091529,2026-09-21T22:30:33.000Z,en,1,0,0.03
ontology,https://x.com/i/status/2102161417000432087,2026-09-21T22:21:52.000Z,zxx,2,0,0.09
ontology,https://x.com/i/status/2102159432742207693,2026-09-21T22:13:59.000Z,en,66,12,0.03
ontology,https://x.com/i/status/2102153915643076808,2026-09-21T21:52:04.000Z,zxx,4,3,0.08
ontology,https://x.com/i/status/2102138940237242847,2026-09-21T20:52:33.000Z,en,0,0,0.05
ontology,https://x.com/i/status/2102123711155655063,2026-09-21T19:52:02.000Z,en,0,0,0.81
ontology,https://x.com/i/status/2102122630614843781,2026-09-21T19:47:45.000Z,en,7,0,0.04
ontology,https://x.com/i/status/2102117539841188016,2026-09-21T19:27:31.000Z,en,0,0,0.72
ontology,https://x.com/i/status/2102116295298675148,2026-09-21T19:22:34.000Z,en,0,0,0.49
ontology,https://x.com/i/status/2102108437777908207,2026-09-21T18:51:21.000Z,zh,48,2,0.67
ontology,https://x.com/i/status/2102106093912801673,2026-09-21T18:42:02.000Z,en,16,5,0.03
ontology,https://x.com/i/status/2102104280568352999,2026-09-21T18:34:50.000Z,zh,30,1,0.4
ontology,https://x.com/i/status/2102102684308570130,2026-09-21T18:28:29.000Z,en,0,0,0.2
ontology,https://x.com/i/status/2102099298716660223,2026-09-21T18:15:02.000Z,en,1046,124,0.78
ontology,https://x.com/i/status/2102096552193868088,2026-09-21T18:04:07.000Z,en,8,0,0.18
ontology,https://x.com/i/status/2102094989958545785,2026-09-21T17:57:55.000Z,zxx,0,0,0.13
ontology,https://x.com/i/status/2102087809423302952,2026-09-21T17:29:23.000Z,en,0,0,0.77
ontology,https://x.com/i/status/2102074236957495596,2026-09-21T16:35:27.000Z,en,1,0,0.78
ontology,https://x.com/i/status/2102057663454667153,2026-09-21T15:29:35.000Z,en,19,0,0.53
ontology,https://x.com/i/status/2102035121939558609,2026-09-21T14:00:01.000Z,en,1,0,0.49
ontology,https://x.com/i/status/2102035117934104867,2026-09-21T14:00:00.000Z,en,0,0,0.3
ontology,https://x.com/i/status/2102034611174019225,2026-09-21T13:57:59.000Z,ja,1,0,0.55
ontology,https://x.com/i/status/2102002149773418980,2026-09-21T11:49:00.000Z,en,0,0,0.21
ontology,https://x.com/i/status/2101995687827460493,2026-09-21T11:23:19.000Z,en,42,1,0.1
ontology,https://x.com/i/status/2101993808179413230,2026-09-21T11:15:51.000Z,en,5,1,0.05
ontology,https://x.com/i/status/2101964899832213765,2026-09-21T09:20:59.000Z,en,2,1,0.05
ontology,https://x.com/i/status/2101962387637129221,2026-09-21T09:11:00.000Z,ko,0,0,0.11
ontology,https://x.com/i/status/2101957649638019387,2026-09-21T08:52:10.000Z,en,1,0,0.8
ontology,https://x.com/i/status/2101948810884968481,2026-09-21T08:17:03.000Z,en,10,5,0.79
ontology,https://x.com/i/status/2101948801066106902,2026-09-21T08:17:01.000Z,en,152,22,0.75
ontology,https://x.com/i/status/2101948426757849144,2026-09-21T08:15:31.000Z,en,1,0,0.8
ontology,https://x.com/i/status/2101934365026439369,2026-09-21T07:19:39.000Z,zxx,1,1,0.14
ontology,https://x.com/i/status/2101932642312835529,2026-09-21T07:12:48.000Z,zxx,1,1,0.13
ontology,https://x.com/i/status/2101930598478590124,2026-09-21T07:04:41.000Z,en,0,0,0.8
ontology,https://x.com/i/status/2101925393322091005,2026-09-21T06:44:00.000Z,en,299,46,0.18
ontology,https://x.com/i/status/2101923590467698824,2026-09-21T06:36:50.000Z,en,33,8,0.06
ontology,https://x.com/i/status/2101917493887676570,2026-09-21T06:12:36.000Z,en,11,0,0.51
ontology,https://x.com/i/status/2101902494473580724,2026-09-21T05:13:00.000Z,en,2,0,0.71
ontology,https://x.com/i/status/2101900642419933681,2026-09-21T05:05:39.000Z,en,1,0,0.73
ontology,https://x.com/i/status/2101875793265922328,2026-09-21T03:26:54.000Z,en,1,0,0.4
ontology,https://x.com/i/status/2101851486003363920,2026-09-21T01:50:19.000Z,en,2,0,0.03
ontology,https://x.com/i/status/2101849676060205545,2026-09-21T01:43:07.000Z,en,1,0,0.04
ontology,https://x.com/i/status/2101838624837034157,2026-09-21T00:59:13.000Z,zxx,1,0,0.1
ontology,https://x.com/i/status/2101823198350148026,2026-09-20T23:57:55.000Z,en,1,0,0.08
ontology,https://x.com/i/status/2101785912971792758,2026-09-20T21:29:45.000Z,en,1,0,0.71
ontology,https://x.com/i/status/2101714031044075767,2026-09-20T16:44:07.000Z,zxx,0,0,0.12
ontology,https://x.com/i/status/2101695878105108600,2026-09-20T15:31:59.000Z,en,1,0,0.08
ontology,https://x.com/i/status/2101683809263530256,2026-09-20T14:44:02.000Z,ja,2,0,0.14
ontology,https://x.com/i/status/2101649575878820155,2026-09-20T12:28:00.000Z,en,0,0,0.21
ontology,https://x.com/i/status/2101630244918833637,2026-09-20T11:11:11.000Z,en,2,0,0.07
ontology,https://x.com/i/status/2101599305920332212,2026-09-20T09:08:15.000Z,en,0,0,0.23
ontology,https://x.com/i/status/2101595504832594124,2026-09-20T08:53:08.000Z,ja,6,2,0.57
ontology,https://x.com/i/status/2101554609169010944,2026-09-20T06:10:38.000Z,en,2,0,0.66
ontology,https://x.com/i/status/2101541906937217215,2026-09-20T05:20:10.000Z,en,1,0,0.79
ontology,https://x.com/i/status/2101533464314933460,2026-09-20T04:46:37.000Z,en,2,0,0.7
ontology,https://x.com/i/status/2101528139318850030,2026-09-20T04:25:27.000Z,zxx,55,6,0.16
ontology,https://x.com/i/status/2101514707093909799,2026-09-20T03:32:05.000Z,en,0,1,0.04
ontology,https://x.com/i/status/2101505070827245932,2026-09-20T02:53:47.000Z,zxx,0,0,0.1
ontology,https://x.com/i/status/2101497501333495980,2026-09-20T02:23:42.000Z,zh,2,0,0.59
ontology,https://x.com/i/status/2101493948917456960,2026-09-20T02:09:35.000Z,zh,3,1,0.17
ontology,https://x.com/i/status/2101465116508315911,2026-09-20T00:15:01.000Z,en,6,0,0.09
frontend-design,https://x.com/i/status/2102611426477294009,2026-09-23T04:10:03.000Z,ja,6,0,0.95
frontend-design,https://x.com/i/status/2102601347850006985,2026-09-23T03:30:00.000Z,ja,0,0,0.22
frontend-design,https://x.com/i/status/2102572710018851087,2026-09-23T01:36:12.000Z,zh,6,2,0.08
frontend-design,https://x.com/i/status/2102534665286422911,2026-09-22T23:05:02.000Z,en,0,0,0.88
frontend-design,https://x.com/i/status/2102491702468702487,2026-09-22T20:14:18.000Z,en,0,0,0.89
frontend-design,https://x.com/i/status/2102487030546542627,2026-09-22T19:55:45.000Z,en,0,0,0.87
frontend-design,https://x.com/i/status/2102474897108918698,2026-09-22T19:07:32.000Z,en,0,0,0.19
frontend-design,https://x.com/i/status/2102455554572702104,2026-09-22T17:50:40.000Z,en,4,0,0.17
frontend-design,https://x.com/i/status/2102427793069867022,2026-09-22T16:00:21.000Z,pt,0,0,0.87
frontend-design,https://x.com/i/status/2102413062040941037,2026-09-22T15:01:49.000Z,en,0,0,0.93
frontend-design,https://x.com/i/status/2102397188043121145,2026-09-22T13:58:44.000Z,ru,2,0,0.62
frontend-design,https://x.com/i/status/2102380684690251918,2026-09-22T12:53:10.000Z,en,1,0,0.22
frontend-design,https://x.com/i/status/2102369805688881312,2026-09-22T12:09:56.000Z,tr,0,0,0.9
frontend-design,https://x.com/i/status/2102352710007771219,2026-09-22T11:02:00.000Z,en,2,0,0.12
frontend-design,https://x.com/i/status/2102295582626693502,2026-09-22T07:15:00.000Z,en,157,14,0.19
frontend-design,https://x.com/i/status/2102276722259644715,2026-09-22T06:00:03.000Z,ja,2,0,0.96
frontend-design,https://x.com/i/status/2102276097962643608,2026-09-22T05:57:34.000Z,ja,17,1,0.96
frontend-design,https://x.com/i/status/2102239976587157653,2026-09-22T03:34:02.000Z,zh,360,131,0.22
frontend-design,https://x.com/i/status/2102235832430334005,2026-09-22T03:17:34.000Z,en,1,0,0.88
frontend-design,https://x.com/i/status/2102224747928977764,2026-09-22T02:33:32.000Z,en,50,2,0.03
frontend-design,https://x.com/i/status/2102175751038755299,2026-09-21T23:18:50.000Z,en,7,0,0.21
frontend-design,https://x.com/i/status/2102163474709389562,2026-09-21T22:30:03.000Z,en,848,72,0.17
frontend-design,https://x.com/i/status/2102127296979280152,2026-09-21T20:06:17.000Z,en,0,0,0.76
frontend-design,https://x.com/i/status/2102100799212146720,2026-09-21T18:21:00.000Z,en,505,90,0.21
frontend-design,https://x.com/i/status/2102076034073887125,2026-09-21T16:42:35.000Z,en,151,4,0.87
frontend-design,https://x.com/i/status/2102051788861960244,2026-09-21T15:06:15.000Z,en,0,0,0.26
frontend-design,https://x.com/i/status/2102000837027323970,2026-09-21T11:43:47.000Z,en,316,38,0.79
frontend-design,https://x.com/i/status/2101901485411815795,2026-09-21T05:09:00.000Z,en,2,0,0.63
frontend-design,https://x.com/i/status/2101859371760369799,2026-09-21T02:21:39.000Z,zxx,10,0,0.27
frontend-design,https://x.com/i/status/2101827497834758558,2026-09-21T00:15:00.000Z,en,2,0,0.92
frontend-design,https://x.com/i/status/2101802152532255193,2026-09-20T22:34:17.000Z,en,0,0,0.54
frontend-design,https://x.com/i/status/2101793143267930446,2026-09-20T21:58:29.000Z,en,0,0,0.96
frontend-design,https://x.com/i/status/2101764835658682560,2026-09-20T20:06:00.000Z,zh,116,24,0.96
frontend-design,https://x.com/i/status/2101705110003020283,2026-09-20T16:08:40.000Z,en,0,0,0.4
frontend-design,https://x.com/i/status/2101680624059007347,2026-09-20T14:31:22.000Z,en,1,0,0.96
frontend-design,https://x.com/i/status/2101679719213310267,2026-09-20T14:27:47.000Z,en,1,0,0.96
frontend-design,https://x.com/i/status/2101675420445774134,2026-09-20T14:10:42.000Z,en,0,0,0.97
frontend-design,https://x.com/i/status/2101673001116922140,2026-09-20T14:01:05.000Z,en,8,1,0.78
frontend-design,https://x.com/i/status/2101655522542047595,2026-09-20T12:51:38.000Z,zxx,8,2,0.25
frontend-design,https://x.com/i/status/2101643340211171576,2026-09-20T12:03:13.000Z,en,2,1,0.07
frontend-design,https://x.com/i/status/2101612693186597206,2026-09-20T10:01:26.000Z,en,1,0,0.93
frontend-design,https://x.com/i/status/2101608581309014146,2026-09-20T09:45:06.000Z,fr,0,0,0.94
frontend-design,https://x.com/i/status/2101464805320085661,2026-09-20T00:13:47.000Z,en,0,0,0.89
frontend-design,https://x.com/i/status/2101457811226169570,2026-09-19T23:46:00.000Z,en,1,0,0.62
frontend-design,https://x.com/i/status/2101051982723096740,2026-09-18T20:53:22.000Z,en,0,0,0.96
frontend-design,https://x.com/i/status/2101031650981474496,2026-09-18T19:32:35.000Z,zxx,188,17,0.17
frontend-design,https://x.com/i/status/2100986164484124930,2026-09-18T16:31:50.000Z,en,0,0,0.4
frontend-design,https://x.com/i/status/2100978413825888414,2026-09-18T16:01:02.000Z,en,22,2,0.04
frontend-design,https://x.com/i/status/2100912542281322662,2026-09-18T11:39:17.000Z,en,117,8,0.93
frontend-design,https://x.com/i/status/2100905906716524655,2026-09-18T11:12:55.000Z,en,0,0,0.94
frontend-design,https://x.com/i/status/2100888597612134474,2026-09-18T10:04:08.000Z,nl,2,0,0.88
frontend-design,https://x.com/i/status/2100882266666779074,2026-09-18T09:38:59.000Z,en,0,0,0.93
frontend-design,https://x.com/i/status/2100769275308876073,2026-09-18T02:10:00.000Z,zh,0,0,0.74
frontend-design,https://x.com/i/status/2100769082920538475,2026-09-18T02:09:14.000Z,zxx,1,0,0.25
frontend-design,https://x.com/i/status/2100656811540169023,2026-09-17T18:43:06.000Z,en,3,0,0.88
frontend-design,https://x.com/i/status/2100628418752594319,2026-09-17T16:50:17.000Z,en,1,0,0.69
frontend-design,https://x.com/i/status/2100622293659713993,2026-09-17T16:25:57.000Z,en,0,0,0.94
frontend-design,https://x.com/i/status/2100580906511880513,2026-09-17T13:41:29.000Z,en,1,0,0.92
frontend-design,https://x.com/i/status/2100580893668893172,2026-09-17T13:41:26.000Z,en,23,7,0.92
frontend-design,https://x.com/i/status/2100540244630413731,2026-09-17T10:59:55.000Z,en,2,0,0.25
frontend-design,https://x.com/i/status/2100478002098561087,2026-09-17T06:52:35.000Z,ja,10,1,0.35
frontend-design,https://x.com/i/status/2100445805350117478,2026-09-17T04:44:39.000Z,zxx,3,0,0.24
frontend-design,https://x.com/i/status/2100393045954908394,2026-09-17T01:15:00.000Z,en,0,0,0.89
frontend-design,https://x.com/i/status/2100265351959175206,2026-09-16T16:47:35.000Z,en,1,0,0.27
frontend-design,https://x.com/i/status/2100224547631116712,2026-09-16T14:05:27.000Z,en,115,3,0.11
frontend-design,https://x.com/i/status/2100174261289648329,2026-09-16T10:45:37.000Z,en,4,1,0.03
frontend-design,https://x.com/i/status/2100161179591352491,2026-09-16T09:53:38.000Z,en,28,4,0.17
frontend-design,https://x.com/i/status/2100155712051822743,2026-09-16T09:31:55.000Z,ja,22,0,0.92
frontend-design,https://x.com/i/status/2100094637042208941,2026-09-16T05:29:13.000Z,en,1,0,0.87
gog,https://x.com/i/status/2102588122189930615,2026-09-23T02:37:27.000Z,pt,105,3,0.04
gog,https://x.com/i/status/2102464715578589342,2026-09-22T18:27:04.000Z,en,0,0,0.8
gog,https://x.com/i/status/2102239149747044528,2026-09-22T03:30:45.000Z,en,0,0,0.85
gog,https://x.com/i/status/2102146557546316104,2026-09-21T21:22:49.000Z,en,0,0,0.03
gog,https://x.com/i/status/2102072223305474386,2026-09-21T16:27:27.000Z,en,1,0,0.09
gog,https://x.com/i/status/2101952595342340450,2026-09-21T08:32:05.000Z,en,0,0,0.56
gog,https://x.com/i/status/2101455379595194387,2026-09-19T23:36:20.000Z,ja,1,0,0.88
gog,https://x.com/i/status/2101177216382238870,2026-09-19T05:11:01.000Z,en,1,0,0.07
gog,https://x.com/i/status/2100974714693013719,2026-09-18T15:46:20.000Z,en,0,0,0.02
gog,https://x.com/i/status/2100705935648010428,2026-09-17T21:58:18.000Z,ja,282,13,0.86
gog,https://x.com/i/status/2100210119040741824,2026-09-16T13:08:07.000Z,en,1,0,0.03
gog,https://x.com/i/status/2100197630634811878,2026-09-16T12:18:29.000Z,en,3,0,0.04
agent-browser,https://x.com/i/status/2102607502177116598,2026-09-23T03:54:27.000Z,en,0,0,0.91
agent-browser,https://x.com/i/status/2102606874788983154,2026-09-23T03:51:58.000Z,en,0,0,0.89
agent-browser,https://x.com/i/status/2102591805233807644,2026-09-23T02:52:05.000Z,en,0,0,0.84
agent-browser,https://x.com/i/status/2102577783948115975,2026-09-23T01:56:22.000Z,en,0,0,0.6
agent-browser,https://x.com/i/status/2102549592747237580,2026-09-23T00:04:21.000Z,en,0,0,0.88
agent-browser,https://x.com/i/status/2102549255646818539,2026-09-23T00:03:00.000Z,en,0,0,0.88
agent-browser,https://x.com/i/status/2102534301812474159,2026-09-22T23:03:35.000Z,en,0,0,0.82
agent-browser,https://x.com/i/status/2102518712771170480,2026-09-22T22:01:38.000Z,en,0,0,0.86
agent-browser,https://x.com/i/status/2102518619376857160,2026-09-22T22:01:16.000Z,en,0,0,0.76
agent-browser,https://x.com/i/status/2102503653936451685,2026-09-22T21:01:48.000Z,en,0,0,0.82
agent-browser,https://x.com/i/status/2102490036105257339,2026-09-22T20:07:41.000Z,en,1,0,0.88
agent-browser,https://x.com/i/status/2102489827161624755,2026-09-22T20:06:51.000Z,en,2,0,0.88
agent-browser,https://x.com/i/status/2102473771181572517,2026-09-22T19:03:03.000Z,en,0,0,0.81
agent-browser,https://x.com/i/status/2102468638448267670,2026-09-22T18:42:40.000Z,en,12,0,0.91
agent-browser,https://x.com/i/status/2102460830654791756,2026-09-22T18:11:38.000Z,en,1,0,0.93
agent-browser,https://x.com/i/status/2102460600882254075,2026-09-22T18:10:43.000Z,en,0,0,0.89
agent-browser,https://x.com/i/status/2102458935286411551,2026-09-22T18:04:06.000Z,en,2,0,0.02
agent-browser,https://x.com/i/status/2102453085138264117,2026-09-22T17:40:51.000Z,zh,0,0,0.86
agent-browser,https://x.com/i/status/2102453075273297999,2026-09-22T17:40:49.000Z,en,0,0,0.88
agent-browser,https://x.com/i/status/2102433760168079736,2026-09-22T16:24:04.000Z,en,0,0,0.85
agent-browser,https://x.com/i/status/2102398820768432575,2026-09-22T14:05:14.000Z,en,0,0,0.87
agent-browser,https://x.com/i/status/2102388813666410923,2026-09-22T13:25:28.000Z,en,0,0,0.87
agent-browser,https://x.com/i/status/2102378309027811737,2026-09-22T12:43:43.000Z,en,0,0,0.63
agent-browser,https://x.com/i/status/2102373652620828851,2026-09-22T12:25:13.000Z,en,0,0,0.92
agent-browser,https://x.com/i/status/2102372319553536331,2026-09-22T12:19:55.000Z,en,2,0,0.73
agent-browser,https://x.com/i/status/2102368629283336286,2026-09-22T12:05:15.000Z,en,4,1,0.83
agent-browser,https://x.com/i/status/2102365012375544103,2026-09-22T11:50:53.000Z,en,1,0,0.34
agent-browser,https://x.com/i/status/2102364664583819375,2026-09-22T11:49:30.000Z,en,0,0,0.91
agent-browser,https://x.com/i/status/2102359288156934388,2026-09-22T11:28:08.000Z,en,0,0,0.91
agent-browser,https://x.com/i/status/2102353312934727998,2026-09-22T11:04:24.000Z,en,2,0,0.67
agent-browser,https://x.com/i/status/2102353206496149600,2026-09-22T11:03:58.000Z,en,0,0,0.84
agent-browser,https://x.com/i/status/2102352710007771219,2026-09-22T11:02:00.000Z,en,2,0,0.08
agent-browser,https://x.com/i/status/2102330843922350225,2026-09-22T09:35:07.000Z,und,17,0,0.86
agent-browser,https://x.com/i/status/2102292066806247461,2026-09-22T07:01:02.000Z,en,1,0,0.09
agent-browser,https://x.com/i/status/2102260156109328480,2026-09-22T04:54:13.000Z,en,1,0,0.74
agent-browser,https://x.com/i/status/2102259136016621880,2026-09-22T04:50:10.000Z,en,1,0,0.88
agent-browser,https://x.com/i/status/2102244504929439939,2026-09-22T03:52:02.000Z,en,2,0,0.72
agent-browser,https://x.com/i/status/2102217651787604116,2026-09-22T02:05:20.000Z,en,0,0,0.76
agent-browser,https://x.com/i/status/2102217069123211432,2026-09-22T02:03:01.000Z,en,0,0,0.73
agent-browser,https://x.com/i/status/2102204932468400406,2026-09-22T01:14:47.000Z,en,0,0,0.84
agent-browser,https://x.com/i/status/2102186998886813836,2026-09-22T00:03:31.000Z,en,1,0,0.71
agent-browser,https://x.com/i/status/2102186853738619271,2026-09-22T00:02:57.000Z,en,1,0,0.89
agent-browser,https://x.com/i/status/2102156625133949300,2026-09-21T22:02:50.000Z,en,1,0,0.76
agent-browser,https://x.com/i/status/2102126100688044267,2026-09-21T20:01:32.000Z,en,0,0,0.87
agent-browser,https://x.com/i/status/2102125970236830157,2026-09-21T20:01:01.000Z,en,0,0,0.89
agent-browser,https://x.com/i/status/2102098247041098052,2026-09-21T18:10:51.000Z,en,0,0,0.15
agent-browser,https://x.com/i/status/2102076048846246357,2026-09-21T16:42:39.000Z,en,2,0,0.91
agent-browser,https://x.com/i/status/2102071427054637118,2026-09-21T16:24:17.000Z,en,0,0,0.72
agent-browser,https://x.com/i/status/2102038750171902129,2026-09-21T14:14:26.000Z,en,1,0,0.93
agent-browser,https://x.com/i/status/2102036656589045867,2026-09-21T14:06:07.000Z,en,0,0,0.9
agent-browser,https://x.com/i/status/2102009333441503634,2026-09-21T12:17:33.000Z,en,3,1,0.57
agent-browser,https://x.com/i/status/2101992326163779955,2026-09-21T11:09:58.000Z,en,0,0,0.95
agent-browser,https://x.com/i/status/2101986018903703741,2026-09-21T10:44:54.000Z,en,0,0,0.88
agent-browser,https://x.com/i/status/2101975552156414069,2026-09-21T10:03:19.000Z,en,0,0,0.9
agent-browser,https://x.com/i/status/2101975534473245131,2026-09-21T10:03:14.000Z,en,3,0,0.81
agent-browser,https://x.com/i/status/2101945347043954867,2026-09-21T08:03:17.000Z,en,0,0,0.92
agent-browser,https://x.com/i/status/2101932903307350159,2026-09-21T07:13:50.000Z,en,0,0,0.06
agent-browser,https://x.com/i/status/2101913685576896602,2026-09-21T05:57:28.000Z,en,1,0,0.89
agent-browser,https://x.com/i/status/2101913541338939686,2026-09-21T05:56:54.000Z,en,0,0,0.93
agent-browser,https://x.com/i/status/2101911386721009758,2026-09-21T05:48:20.000Z,en,140,4,0.06
agent-browser,https://x.com/i/status/2101883671372247198,2026-09-21T03:58:13.000Z,en,0,0,0.58
agent-browser,https://x.com/i/status/2101882830536012116,2026-09-21T03:54:52.000Z,zxx,21,1,0.18
agent-browser,https://x.com/i/status/2101882024155840674,2026-09-21T03:51:40.000Z,en,1,0,0.93
agent-browser,https://x.com/i/status/2101860867360825784,2026-09-21T02:27:36.000Z,en,0,0,0.92
agent-browser,https://x.com/i/status/2101851589505904698,2026-09-21T01:50:44.000Z,en,1,0,0.91
agent-browser,https://x.com/i/status/2101790090959688176,2026-09-20T21:46:21.000Z,en,2,0,0.94
agent-browser,https://x.com/i/status/2101782658829443190,2026-09-20T21:16:49.000Z,en,0,0,0.95
agent-browser,https://x.com/i/status/2101775428083941789,2026-09-20T20:48:05.000Z,en,21,0,0.15
agent-browser,https://x.com/i/status/2101773757408850267,2026-09-20T20:41:27.000Z,en,539,20,0.96
agent-browser,https://x.com/i/status/2101759709845843996,2026-09-20T19:45:38.000Z,en,3,0,0.69
agent-browser,https://x.com/i/status/2101748877657305451,2026-09-20T19:02:35.000Z,en,2,0,0.88
agent-browser,https://x.com/i/status/2101746508630778001,2026-09-20T18:53:10.000Z,en,0,0,0.93
agent-browser,https://x.com/i/status/2101744671089451062,2026-09-20T18:45:52.000Z,en,1,0,0.54
agent-browser,https://x.com/i/status/2101720728638808218,2026-09-20T17:10:44.000Z,en,0,0,0.06
agent-browser,https://x.com/i/status/2101718009924506097,2026-09-20T16:59:56.000Z,en,8,0,0.95
agent-browser,https://x.com/i/status/2101574624727253293,2026-09-20T07:30:10.000Z,en,1,0,0.92
agent-browser,https://x.com/i/status/2101569526127018147,2026-09-20T07:09:54.000Z,en,0,0,0.65
agent-browser,https://x.com/i/status/2101530125640880533,2026-09-20T04:33:21.000Z,en,3,1,0.86
agent-browser,https://x.com/i/status/2101509470413295775,2026-09-20T03:11:16.000Z,en,1,0,0.89
agent-browser,https://x.com/i/status/2101505236494151697,2026-09-20T02:54:27.000Z,en,0,0,0.9
agent-browser,https://x.com/i/status/2101492248416293374,2026-09-20T02:02:50.000Z,en,0,0,0.68
agent-browser,https://x.com/i/status/2101490972907483234,2026-09-20T01:57:46.000Z,en,0,0,0.66
agent-browser,https://x.com/i/status/2101487139922104397,2026-09-20T01:42:32.000Z,en,3,3,0.71
agent-browser,https://x.com/i/status/2101480752655343784,2026-09-20T01:17:09.000Z,en,0,0,0.52
agent-browser,https://x.com/i/status/2101474712689779104,2026-09-20T00:53:09.000Z,en,2,0,0.97
agent-browser,https://x.com/i/status/2101452571336696114,2026-09-19T23:25:10.000Z,en,0,0,0.62
agent-browser,https://x.com/i/status/2101452541615890807,2026-09-19T23:25:03.000Z,en,0,0,0.49
agent-browser,https://x.com/i/status/2101448921826668948,2026-09-19T23:10:40.000Z,ja,3,0,0.95
agent-browser,https://x.com/i/status/2101429591134851081,2026-09-19T21:53:51.000Z,en,3,1,0.93
agent-browser,https://x.com/i/status/2101428662125854819,2026-09-19T21:50:10.000Z,en,192,28,0.28
agent-browser,https://x.com/i/status/2101398577729659256,2026-09-19T19:50:37.000Z,en,2,0,0.95
agent-browser,https://x.com/i/status/2101382907818365144,2026-09-19T18:48:21.000Z,en,0,0,0.95
agent-browser,https://x.com/i/status/2101381975479394757,2026-09-19T18:44:39.000Z,ja,0,0,0.88
agent-browser,https://x.com/i/status/2101374501455855746,2026-09-19T18:14:57.000Z,en,0,0,0.93
agent-browser,https://x.com/i/status/2101362418781736988,2026-09-19T17:26:56.000Z,en,4,0,0.93
agent-browser,https://x.com/i/status/2101358032328204750,2026-09-19T17:09:30.000Z,en,2,0,0.42
agent-browser,https://x.com/i/status/2101355546247106823,2026-09-19T16:59:38.000Z,zh,0,0,0.94
agent-browser,https://x.com/i/status/2101352189771862104,2026-09-19T16:46:17.000Z,en,2,0,0.96
agent-browser,https://x.com/i/status/2101343825469821127,2026-09-19T16:13:03.000Z,en,2,0,0.94
agent-browser,https://x.com/i/status/2101339129623519254,2026-09-19T15:54:24.000Z,en,505,18,0.91
setup-matt-pocock-skills,https://x.com/i/status/2101622994824986722,2026-09-20T10:42:22.000Z,zxx,10,3,0.34
proactive-agent,https://x.com/i/status/2102616106339049927,2026-09-23T04:28:39.000Z,en,1,0,0.81
proactive-agent,https://x.com/i/status/2102443892528263257,2026-09-22T17:04:20.000Z,en,0,0,0.54
proactive-agent,https://x.com/i/status/2102440709185757482,2026-09-22T16:51:41.000Z,en,3,0,0.88
proactive-agent,https://x.com/i/status/2102406614632542393,2026-09-22T14:36:12.000Z,en,0,0,0.92
proactive-agent,https://x.com/i/status/2102406414660694123,2026-09-22T14:35:24.000Z,en,0,0,0.83
proactive-agent,https://x.com/i/status/2102383294818263469,2026-09-22T13:03:32.000Z,en,0,0,0.87
proactive-agent,https://x.com/i/status/2102261336487207282,2026-09-22T04:58:55.000Z,en,1,0,0.82
proactive-agent,https://x.com/i/status/2102176627392389419,2026-09-21T23:22:19.000Z,en,0,0,0.85
proactive-agent,https://x.com/i/status/2102175627097100685,2026-09-21T23:18:20.000Z,en,14,1,0.64
proactive-agent,https://x.com/i/status/2102171743884656943,2026-09-21T23:02:54.000Z,en,45,2,0.9
proactive-agent,https://x.com/i/status/2102133619083166132,2026-09-21T20:31:25.000Z,en,1,0,0.75
proactive-agent,https://x.com/i/status/2102084742652764277,2026-09-21T17:17:12.000Z,en,0,0,0.83
proactive-agent,https://x.com/i/status/2102082763541086330,2026-09-21T17:09:20.000Z,en,0,0,0.56
proactive-agent,https://x.com/i/status/2102026096686354633,2026-09-21T13:24:09.000Z,en,0,0,0.87
proactive-agent,https://x.com/i/status/2101983791661081062,2026-09-21T10:36:03.000Z,en,54,10,0.94
proactive-agent,https://x.com/i/status/2101722870678188299,2026-09-20T17:19:15.000Z,en,1,0,0.88
proactive-agent,https://x.com/i/status/2101363896934113472,2026-09-19T17:32:49.000Z,en,3,0,0.85
proactive-agent,https://x.com/i/status/2101321800550428771,2026-09-19T14:45:32.000Z,en,0,0,0.88
proactive-agent,https://x.com/i/status/2101301022224167111,2026-09-19T13:22:58.000Z,en,0,0,0.87
proactive-agent,https://x.com/i/status/2101295180796088354,2026-09-19T12:59:45.000Z,en,0,0,0.88
proactive-agent,https://x.com/i/status/2101239329213514228,2026-09-19T09:17:49.000Z,en,0,0,0.89
proactive-agent,https://x.com/i/status/2101095851414233474,2026-09-18T23:47:42.000Z,en,0,0,0.74
proactive-agent,https://x.com/i/status/2101034104057983091,2026-09-18T19:42:20.000Z,en,1,0,0.89
proactive-agent,https://x.com/i/status/2100995113875083487,2026-09-18T17:07:24.000Z,en,0,0,0.94
proactive-agent,https://x.com/i/status/2100953767248085115,2026-09-18T14:23:06.000Z,en,1,0,0.76
proactive-agent,https://x.com/i/status/2100953128678105432,2026-09-18T14:20:34.000Z,zh,1,0,0.83
proactive-agent,https://x.com/i/status/2100860982126055505,2026-09-18T08:14:24.000Z,en,0,0,0.86
proactive-agent,https://x.com/i/status/2100661552722387054,2026-09-17T19:01:57.000Z,en,3,0,0.8
proactive-agent,https://x.com/i/status/2100655693984358765,2026-09-17T18:38:40.000Z,en,1,0,0.82
proactive-agent,https://x.com/i/status/2100651604714394058,2026-09-17T18:22:25.000Z,en,0,0,0.82
proactive-agent,https://x.com/i/status/2100527185752899960,2026-09-17T10:08:01.000Z,en,0,0,0.69
proactive-agent,https://x.com/i/status/2100445140250669549,2026-09-17T04:42:00.000Z,en,1,0,0.86
proactive-agent,https://x.com/i/status/2100373832745824281,2026-09-16T23:58:39.000Z,en,0,0,0.78
proactive-agent,https://x.com/i/status/2100336164486139997,2026-09-16T21:28:58.000Z,en,0,0,0.88
proactive-agent,https://x.com/i/status/2100290476616069462,2026-09-16T18:27:25.000Z,en,0,0,0.86
proactive-agent,https://x.com/i/status/2100286590748954832,2026-09-16T18:11:59.000Z,en,0,0,0.84
proactive-agent,https://x.com/i/status/2100280034057765119,2026-09-16T17:45:56.000Z,en,0,0,0.83
proactive-agent,https://x.com/i/status/2100279828859724190,2026-09-16T17:45:07.000Z,en,0,0,0.77
proactive-agent,https://x.com/i/status/2100274697162104862,2026-09-16T17:24:43.000Z,en,451,43,0.8
proactive-agent,https://x.com/i/status/2100236014568493317,2026-09-16T14:51:01.000Z,en,0,0,0.86
proactive-agent,https://x.com/i/status/2100193519423889809,2026-09-16T12:02:09.000Z,en,0,0,0.77
proactive-agent,https://x.com/i/status/2100184819124548040,2026-09-16T11:27:35.000Z,en,0,0,0.74
proactive-agent,https://x.com/i/status/2100106003891306941,2026-09-16T06:14:24.000Z,en,0,0,0.08
proactive-agent,https://x.com/i/status/2100105936564339065,2026-09-16T06:14:08.000Z,en,0,0,0.09
handoff,https://x.com/i/status/2102628611459301723,2026-09-23T05:18:20.000Z,en,0,0,0.86
handoff,https://x.com/i/status/2102626016971944109,2026-09-23T05:08:02.000Z,en,0,0,0.95
handoff,https://x.com/i/status/2102624267510993333,2026-09-23T05:01:04.000Z,en,0,0,0.78
handoff,https://x.com/i/status/2102621946072735803,2026-09-23T04:51:51.000Z,ja,0,0,0.81
handoff,https://x.com/i/status/2102618160411381765,2026-09-23T04:36:48.000Z,en,0,0,0.65
handoff,https://x.com/i/status/2102617956815626327,2026-09-23T04:36:00.000Z,en,1,0,0.12
handoff,https://x.com/i/status/2102615004394766453,2026-09-23T04:24:16.000Z,en,0,0,0.93
handoff,https://x.com/i/status/2102615004344160670,2026-09-23T04:24:16.000Z,en,0,0,0.95
handoff,https://x.com/i/status/2102612041433571786,2026-09-23T04:12:29.000Z,en,0,0,0.74
handoff,https://x.com/i/status/2102610783309815883,2026-09-23T04:07:30.000Z,en,0,0,0.95
handoff,https://x.com/i/status/2102610232329253186,2026-09-23T04:05:18.000Z,en,0,0,0.93
handoff,https://x.com/i/status/2102606685365747875,2026-09-23T03:51:12.000Z,en,1,0,0.79
handoff,https://x.com/i/status/2102605839723012556,2026-09-23T03:47:51.000Z,en,0,0,0.85
handoff,https://x.com/i/status/2102605683623608372,2026-09-23T03:47:14.000Z,en,1,0,0.88
handoff,https://x.com/i/status/2102603611964403850,2026-09-23T03:39:00.000Z,en,1,0,0.74
handoff,https://x.com/i/status/2102603163945894260,2026-09-23T03:37:13.000Z,en,1,0,0.89
handoff,https://x.com/i/status/2102602882088632365,2026-09-23T03:36:06.000Z,en,0,0,0.89
handoff,https://x.com/i/status/2102602013217276050,2026-09-23T03:32:39.000Z,en,3,0,0.58
handoff,https://x.com/i/status/2102599478335205740,2026-09-23T03:22:34.000Z,en,1,0,0.95
handoff,https://x.com/i/status/2102599130736644231,2026-09-23T03:21:11.000Z,en,1,0,0.08
handoff,https://x.com/i/status/2102599000826487219,2026-09-23T03:20:40.000Z,en,0,0,0.85
handoff,https://x.com/i/status/2102597358663999864,2026-09-23T03:14:09.000Z,en,1,0,0.72
handoff,https://x.com/i/status/2102596589810573371,2026-09-23T03:11:06.000Z,en,1,0,0.33
handoff,https://x.com/i/status/2102593780994191443,2026-09-23T02:59:56.000Z,en,0,0,0.74
handoff,https://x.com/i/status/2102593543026139266,2026-09-23T02:58:59.000Z,en,0,0,0.91
handoff,https://x.com/i/status/2102593178037895296,2026-09-23T02:57:32.000Z,en,0,0,0.92
handoff,https://x.com/i/status/2102590932944134162,2026-09-23T02:48:37.000Z,en,0,0,0.61
handoff,https://x.com/i/status/2102588513690571224,2026-09-23T02:39:00.000Z,ja,1,0,0.35
handoff,https://x.com/i/status/2102585862261477778,2026-09-23T02:28:28.000Z,ja,1,0,0.61
handoff,https://x.com/i/status/2102585653162623455,2026-09-23T02:27:38.000Z,en,0,0,0.84
handoff,https://x.com/i/status/2102584674346528936,2026-09-23T02:23:45.000Z,en,0,0,0.9
handoff,https://x.com/i/status/2102584462148247915,2026-09-23T02:22:54.000Z,en,1,0,0.91
handoff,https://x.com/i/status/2102584278903091582,2026-09-23T02:22:10.000Z,zxx,1,0,0.09
handoff,https://x.com/i/status/2102582486299529309,2026-09-23T02:15:03.000Z,en,0,0,0.92
handoff,https://x.com/i/status/2102582415914934356,2026-09-23T02:14:46.000Z,zxx,0,0,0.14
handoff,https://x.com/i/status/2102580312261976389,2026-09-23T02:06:25.000Z,zxx,2,0,0.13
handoff,https://x.com/i/status/2102577615156723980,2026-09-23T01:55:42.000Z,en,0,0,0.92
handoff,https://x.com/i/status/2102577203246776499,2026-09-23T01:54:03.000Z,en,4,0,0.08
handoff,https://x.com/i/status/2102574412797190306,2026-09-23T01:42:58.000Z,en,0,0,0.92
handoff,https://x.com/i/status/2102570809243935069,2026-09-23T01:28:39.000Z,en,0,0,0.95
handoff,https://x.com/i/status/2102566612771688496,2026-09-23T01:11:58.000Z,en,0,0,0.94
handoff,https://x.com/i/status/2102566608174813240,2026-09-23T01:11:57.000Z,en,0,0,0.94
handoff,https://x.com/i/status/2102565552032034827,2026-09-23T01:07:46.000Z,ja,1,0,0.51
handoff,https://x.com/i/status/2102564561203437584,2026-09-23T01:03:49.000Z,en,0,0,0.94
handoff,https://x.com/i/status/2102560357491323367,2026-09-23T00:47:07.000Z,en,0,0,0.88
handoff,https://x.com/i/status/2102557922056163758,2026-09-23T00:37:26.000Z,en,0,0,0.89
handoff,https://x.com/i/status/2102557183116251507,2026-09-23T00:34:30.000Z,en,1,0,0.21
handoff,https://x.com/i/status/2102554666198245765,2026-09-23T00:24:30.000Z,en,2,0,0.05
handoff,https://x.com/i/status/2102553813710176455,2026-09-23T00:21:07.000Z,en,0,0,0.91
handoff,https://x.com/i/status/2102550958668403033,2026-09-23T00:09:46.000Z,en,0,0,0.86
handoff,https://x.com/i/status/2102549919316025805,2026-09-23T00:05:38.000Z,en,0,0,
handoff,https://x.com/i/status/2102549115250807230,2026-09-23T00:02:27.000Z,en,0,0,
handoff,https://x.com/i/status/2102542930191794399,2026-09-22T23:37:52.000Z,en,2,0,
handoff,https://x.com/i/status/2102540041348059409,2026-09-22T23:26:23.000Z,zxx,0,0,
handoff,https://x.com/i/status/2102538807556059574,2026-09-22T23:21:29.000Z,en,0,0,
handoff,https://x.com/i/status/2102538373785387129,2026-09-22T23:19:46.000Z,en,0,0,
handoff,https://x.com/i/status/2102537987133517889,2026-09-22T23:18:14.000Z,en,0,0,
handoff,https://x.com/i/status/2102536940763705492,2026-09-22T23:14:04.000Z,en,1,0,
handoff,https://x.com/i/status/2102536336217661536,2026-09-22T23:11:40.000Z,en,1,0,
handoff,https://x.com/i/status/2102535610900877334,2026-09-22T23:08:47.000Z,en,0,0,
handoff,https://x.com/i/status/2102534665286422911,2026-09-22T23:05:02.000Z,en,0,0,
handoff,https://x.com/i/status/2102530601089712461,2026-09-22T22:48:53.000Z,en,1,0,
handoff,https://x.com/i/status/2102526869891670360,2026-09-22T22:34:03.000Z,en,3,0,
handoff,https://x.com/i/status/2102526043429142888,2026-09-22T22:30:46.000Z,en,0,0,
handoff,https://x.com/i/status/2102525901158187276,2026-09-22T22:30:12.000Z,en,0,0,
handoff,https://x.com/i/status/2102525697029771738,2026-09-22T22:29:23.000Z,en,0,0,
handoff,https://x.com/i/status/2102523805658755243,2026-09-22T22:21:52.000Z,en,0,0,
handoff,https://x.com/i/status/2102523243521282377,2026-09-22T22:19:38.000Z,en,0,0,
handoff,https://x.com/i/status/2102522213010182448,2026-09-22T22:15:33.000Z,en,0,0,
handoff,https://x.com/i/status/2102516298890481841,2026-09-22T21:52:03.000Z,zxx,0,0,
handoff,https://x.com/i/status/2102516273724703150,2026-09-22T21:51:57.000Z,en,0,0,
handoff,https://x.com/i/status/2102513024963838091,2026-09-22T21:39:02.000Z,en,1,0,
handoff,https://x.com/i/status/2102512077822722357,2026-09-22T21:35:16.000Z,en,0,0,
handoff,https://x.com/i/status/2102510563125518473,2026-09-22T21:29:15.000Z,en,0,0,
handoff,https://x.com/i/status/2102510418459771292,2026-09-22T21:28:41.000Z,en,0,0,
handoff,https://x.com/i/status/2102510117430145124,2026-09-22T21:27:29.000Z,en,3,1,
handoff,https://x.com/i/status/2102509255701958796,2026-09-22T21:24:03.000Z,en,26,0,
handoff,https://x.com/i/status/2102507204012081390,2026-09-22T21:15:54.000Z,en,0,0,
handoff,https://x.com/i/status/2102507014857613674,2026-09-22T21:15:09.000Z,en,1,1,
handoff,https://x.com/i/status/2102506967323537470,2026-09-22T21:14:58.000Z,en,3,0,
handoff,https://x.com/i/status/2102504054568206819,2026-09-22T21:03:23.000Z,en,0,0,
handoff,https://x.com/i/status/2102502543901294643,2026-09-22T20:57:23.000Z,en,0,0,
handoff,https://x.com/i/status/2102500560159084686,2026-09-22T20:49:30.000Z,en,1,0,
handoff,https://x.com/i/status/2102499764902531552,2026-09-22T20:46:21.000Z,en,0,0,
handoff,https://x.com/i/status/2102499122796208457,2026-09-22T20:43:48.000Z,en,0,0,
handoff,https://x.com/i/status/2102498627578953947,2026-09-22T20:41:50.000Z,en,0,0,
handoff,https://x.com/i/status/2102498099759628375,2026-09-22T20:39:44.000Z,en,0,0,
handoff,https://x.com/i/status/2102497828488790278,2026-09-22T20:38:39.000Z,en,0,1,
handoff,https://x.com/i/status/2102497713908564311,2026-09-22T20:38:12.000Z,en,10,0,
handoff,https://x.com/i/status/2102495990162813389,2026-09-22T20:31:21.000Z,en,1,0,
handoff,https://x.com/i/status/2102495429833408779,2026-09-22T20:29:07.000Z,en,0,0,
handoff,https://x.com/i/status/2102493832898035836,2026-09-22T20:22:46.000Z,en,0,0,
handoff,https://x.com/i/status/2102492223514579332,2026-09-22T20:16:23.000Z,en,0,0,
handoff,https://x.com/i/status/2102490880636563724,2026-09-22T20:11:02.000Z,en,0,0,
handoff,https://x.com/i/status/2102490237339345230,2026-09-22T20:08:29.000Z,zxx,0,0,
handoff,https://x.com/i/status/2102489896317338112,2026-09-22T20:07:08.000Z,en,5,2,
handoff,https://x.com/i/status/2102487400673067306,2026-09-22T19:57:13.000Z,en,3,0,
handoff,https://x.com/i/status/2102485380968698336,2026-09-22T19:49:11.000Z,pt,0,0,
handoff,https://x.com/i/status/2102483256490803292,2026-09-22T19:40:45.000Z,en,0,0,
handoff,https://x.com/i/status/2102481958005829813,2026-09-22T19:35:35.000Z,en,0,0,
weather,https://x.com/i/status/2102631643974631574,2026-09-23T05:30:23.000Z,en,0,0,
weather,https://x.com/i/status/2102627494704611498,2026-09-23T05:13:54.000Z,en,0,0,
weather,https://x.com/i/status/2102623639627497495,2026-09-23T04:58:35.000Z,zxx,0,0,
weather,https://x.com/i/status/2102616228485296628,2026-09-23T04:29:08.000Z,en,0,0,
weather,https://x.com/i/status/2102614096600301822,2026-09-23T04:20:39.000Z,en,1,1,
weather,https://x.com/i/status/2102613426702807275,2026-09-23T04:18:00.000Z,ja,3,1,
weather,https://x.com/i/status/2102611519418847631,2026-09-23T04:10:25.000Z,en,6,0,
weather,https://x.com/i/status/2102591098745209293,2026-09-23T02:49:16.000Z,en,2,2,
weather,https://x.com/i/status/2102582920472846544,2026-09-23T02:16:46.000Z,en,3,0,
weather,https://x.com/i/status/2102582532621369395,2026-09-23T02:15:14.000Z,zxx,4,2,
weather,https://x.com/i/status/2102581870663749677,2026-09-23T02:12:36.000Z,en,0,0,
weather,https://x.com/i/status/2102580249099694216,2026-09-23T02:06:10.000Z,en,0,0,
weather,https://x.com/i/status/2102579314831278294,2026-09-23T02:02:27.000Z,en,2,0,
weather,https://x.com/i/status/2102576766191546435,2026-09-23T01:52:19.000Z,en,0,0,
weather,https://x.com/i/status/2102573265919349148,2026-09-23T01:38:25.000Z,in,161,0,
weather,https://x.com/i/status/2102570943474446729,2026-09-23T01:29:11.000Z,en,7,3,
weather,https://x.com/i/status/2102565108643672130,2026-09-23T01:06:00.000Z,en,0,0,
weather,https://x.com/i/status/2102552776429469831,2026-09-23T00:17:00.000Z,zxx,0,0,
weather,https://x.com/i/status/2102547109459472439,2026-09-22T23:54:28.000Z,zxx,1,0,
weather,https://x.com/i/status/2102540105164767661,2026-09-22T23:26:39.000Z,en,0,0,
weather,https://x.com/i/status/2102533593319002400,2026-09-22T23:00:46.000Z,en,2,0,
weather,https://x.com/i/status/2102533413894795767,2026-09-22T23:00:03.000Z,ja,1,0,
weather,https://x.com/i/status/2102532437678948686,2026-09-22T22:56:10.000Z,en,5,0,
weather,https://x.com/i/status/2102521838933041290,2026-09-22T22:14:04.000Z,en,1,0,
weather,https://x.com/i/status/2102521082607796383,2026-09-22T22:11:03.000Z,en,2,0,
weather,https://x.com/i/status/2102514370924159194,2026-09-22T21:44:23.000Z,en,0,0,
weather,https://x.com/i/status/2102514134818378223,2026-09-22T21:43:27.000Z,en,1,0,
weather,https://x.com/i/status/2102507489086648433,2026-09-22T21:17:02.000Z,en,0,0,
weather,https://x.com/i/status/2102501079493591180,2026-09-22T20:51:34.000Z,en,8,2,
weather,https://x.com/i/status/2102499822842302685,2026-09-22T20:46:34.000Z,en,0,0,
weather,https://x.com/i/status/2102498941648703984,2026-09-22T20:43:04.000Z,en,0,0,
weather,https://x.com/i/status/2102496556108611854,2026-09-22T20:33:36.000Z,en,1,0,
weather,https://x.com/i/status/2102493890771063137,2026-09-22T20:23:00.000Z,en,2,1,
weather,https://x.com/i/status/2102488613481046129,2026-09-22T20:02:02.000Z,en,57,33,
weather,https://x.com/i/status/2102485085325033690,2026-09-22T19:48:01.000Z,zxx,0,0,
weather,https://x.com/i/status/2102484499032420587,2026-09-22T19:45:41.000Z,en,7,1,
weather,https://x.com/i/status/2102482226747523243,2026-09-22T19:36:39.000Z,en,0,0,
weather,https://x.com/i/status/2102477845910204775,2026-09-22T19:19:15.000Z,en,0,0,
weather,https://x.com/i/status/2102477786262737071,2026-09-22T19:19:01.000Z,en,1,0,
weather,https://x.com/i/status/2102474090506576164,2026-09-22T19:04:19.000Z,en,0,0,
weather,https://x.com/i/status/2102469208630255630,2026-09-22T18:44:55.000Z,en,0,0,
weather,https://x.com/i/status/2102466785186373833,2026-09-22T18:35:18.000Z,en,0,0,
weather,https://x.com/i/status/2102463751018405996,2026-09-22T18:23:14.000Z,zxx,0,0,
weather,https://x.com/i/status/2102458755741102081,2026-09-22T18:03:23.000Z,zxx,0,0,
weather,https://x.com/i/status/2102453253900304451,2026-09-22T17:41:32.000Z,en,8,0,
weather,https://x.com/i/status/2102452555498533026,2026-09-22T17:38:45.000Z,en,1,0,
weather,https://x.com/i/status/2102445351529582961,2026-09-22T17:10:08.000Z,en,0,1,
weather,https://x.com/i/status/2102444407278460979,2026-09-22T17:06:22.000Z,en,66,8,
weather,https://x.com/i/status/2102432625810133429,2026-09-22T16:19:33.000Z,en,0,0,
weather,https://x.com/i/status/2102432302089248859,2026-09-22T16:18:16.000Z,zxx,2,2,
weather,https://x.com/i/status/2102430399653687325,2026-09-22T16:10:43.000Z,en,2,0,0.03
weather,https://x.com/i/status/2102429176779419702,2026-09-22T16:05:51.000Z,en,0,0,0.02
weather,https://x.com/i/status/2102421962824020153,2026-09-22T15:37:11.000Z,en,0,1,0.03
weather,https://x.com/i/status/2102421617112715741,2026-09-22T15:35:49.000Z,en,1,0,0.04
weather,https://x.com/i/status/2102420672618410110,2026-09-22T15:32:04.000Z,en,0,0,0.02
weather,https://x.com/i/status/2102420010018935128,2026-09-22T15:29:26.000Z,en,104,46,0.14
weather,https://x.com/i/status/2102417023938547743,2026-09-22T15:17:34.000Z,zxx,10,1,0.06
weather,https://x.com/i/status/2102416318422995308,2026-09-22T15:14:45.000Z,en,0,0,0.66
weather,https://x.com/i/status/2102416173887574519,2026-09-22T15:14:11.000Z,en,1,0,0.05
weather,https://x.com/i/status/2102410351803343027,2026-09-22T14:51:03.000Z,en,1,0,0.07
weather,https://x.com/i/status/2102407920411349459,2026-09-22T14:41:23.000Z,en,189,9,0.12
weather,https://x.com/i/status/2102404199203868900,2026-09-22T14:26:36.000Z,en,1,1,0.07
weather,https://x.com/i/status/2102401558017183836,2026-09-22T14:16:06.000Z,zxx,0,0,0.08
weather,https://x.com/i/status/2102400804317491351,2026-09-22T14:13:07.000Z,en,7,0,0.1
weather,https://x.com/i/status/2102399629849506104,2026-09-22T14:08:27.000Z,en,0,0,0.04
weather,https://x.com/i/status/2102397938072686707,2026-09-22T14:01:43.000Z,en,1,0,0.84
weather,https://x.com/i/status/2102395574104592644,2026-09-22T13:52:20.000Z,en,3,0,0.03
weather,https://x.com/i/status/2102392241054458189,2026-09-22T13:39:05.000Z,en,1,0,0.27
weather,https://x.com/i/status/2102378115343274463,2026-09-22T12:42:57.000Z,en,1,0,0.69
weather,https://x.com/i/status/2102371607738032399,2026-09-22T12:17:06.000Z,en,3,0,0.04
weather,https://x.com/i/status/2102370352357658920,2026-09-22T12:12:06.000Z,en,3,1,0.03
weather,https://x.com/i/status/2102369666588926047,2026-09-22T12:09:23.000Z,en,6,3,0.03
weather,https://x.com/i/status/2102366465210872099,2026-09-22T11:56:40.000Z,en,1,0,0.02
weather,https://x.com/i/status/2102366119214379012,2026-09-22T11:55:17.000Z,zxx,1,0,0.07
weather,https://x.com/i/status/2102362356521037859,2026-09-22T11:40:20.000Z,en,2,1,0.02
weather,https://x.com/i/status/2102358542854267351,2026-09-22T11:25:11.000Z,en,16,11,0.03
weather,https://x.com/i/status/2102358118097457570,2026-09-22T11:23:29.000Z,zxx,180,25,0.08
weather,https://x.com/i/status/2102354160842924053,2026-09-22T11:07:46.000Z,en,0,0,0.09
weather,https://x.com/i/status/2102353907561165142,2026-09-22T11:06:46.000Z,zxx,0,0,0.09
weather,https://x.com/i/status/2102352031432298952,2026-09-22T10:59:18.000Z,en,0,0,0.06
weather,https://x.com/i/status/2102351322716483794,2026-09-22T10:56:29.000Z,en,0,0,0.04
weather,https://x.com/i/status/2102349496755642402,2026-09-22T10:49:14.000Z,en,5,0,0.03
weather,https://x.com/i/status/2102348397860565007,2026-09-22T10:44:52.000Z,en,0,0,0.04
weather,https://x.com/i/status/2102347999963693244,2026-09-22T10:43:17.000Z,en,5,0,0.02
weather,https://x.com/i/status/2102346365137490155,2026-09-22T10:36:47.000Z,zxx,4,1,0.09
weather,https://x.com/i/status/2102344766918648282,2026-09-22T10:30:26.000Z,en,4,2,0.05
weather,https://x.com/i/status/2102344092659134834,2026-09-22T10:27:46.000Z,en,143,40,0.04
weather,https://x.com/i/status/2102339319922864220,2026-09-22T10:08:48.000Z,en,0,0,0.03
weather,https://x.com/i/status/2102333881462460534,2026-09-22T09:47:11.000Z,en,4,0,0.02
weather,https://x.com/i/status/2102332486424342594,2026-09-22T09:41:38.000Z,en,3,0,0.02
weather,https://x.com/i/status/2102331882184556563,2026-09-22T09:39:14.000Z,en,2,0,0.02
weather,https://x.com/i/status/2102329617625313294,2026-09-22T09:30:14.000Z,en,80,1,0.07
weather,https://x.com/i/status/2102327863215047144,2026-09-22T09:23:16.000Z,en,0,0,0.05
weather,https://x.com/i/status/2102324776744239486,2026-09-22T09:11:00.000Z,en,4,0,0.07
weather,https://x.com/i/status/2102318520550015045,2026-09-22T08:46:09.000Z,zxx,1,0,0.1
weather,https://x.com/i/status/2102309802072272956,2026-09-22T08:11:30.000Z,zxx,52,8,0.12
weather,https://x.com/i/status/2102309281584537921,2026-09-22T08:09:26.000Z,en,10,0,0.03
weather,https://x.com/i/status/2102307529300578669,2026-09-22T08:02:28.000Z,en,4,0,0.03
weather,https://x.com/i/status/2102302118933561722,2026-09-22T07:40:58.000Z,en,0,0,0.81
weather,https://x.com/i/status/2102292017145368621,2026-09-22T07:00:50.000Z,en,0,0,0.04
triage,https://x.com/i/status/2102607081836609650,2026-09-23T03:52:47.000Z,en,0,0,0.69
triage,https://x.com/i/status/2102606745159749933,2026-09-23T03:51:27.000Z,en,0,0,0.74
triage,https://x.com/i/status/2102599644102512811,2026-09-23T03:23:14.000Z,en,0,0,0.03
triage,https://x.com/i/status/2102596736430604487,2026-09-23T03:11:40.000Z,en,0,0,0.16
triage,https://x.com/i/status/2102583086647320913,2026-09-23T02:17:26.000Z,en,5,0,0.55
triage,https://x.com/i/status/2102582238973989115,2026-09-23T02:14:04.000Z,en,2,0,0.11
triage,https://x.com/i/status/2102581533706219589,2026-09-23T02:11:16.000Z,en,2,0,0.08
triage,https://x.com/i/status/2102578189260480519,2026-09-23T01:57:58.000Z,en,0,0,0.23
triage,https://x.com/i/status/2102577203246776499,2026-09-23T01:54:03.000Z,en,4,0,0.09
triage,https://x.com/i/status/2102564136974508481,2026-09-23T01:02:08.000Z,en,0,0,0.27
triage,https://x.com/i/status/2102563523213856790,2026-09-23T00:59:42.000Z,en,19,4,0.08
triage,https://x.com/i/status/2102560945184838142,2026-09-23T00:49:27.000Z,en,2,0,0.67
triage,https://x.com/i/status/2102556177846444224,2026-09-23T00:30:31.000Z,en,0,0,0.09
triage,https://x.com/i/status/2102553739072794731,2026-09-23T00:20:49.000Z,en,6,0,0.2
triage,https://x.com/i/status/2102551999778853342,2026-09-23T00:13:54.000Z,en,1,0,0.08
triage,https://x.com/i/status/2102549577601568797,2026-09-23T00:04:17.000Z,en,4,0,0.64
triage,https://x.com/i/status/2102543215513813267,2026-09-22T23:39:00.000Z,en,3,0,0.03
triage,https://x.com/i/status/2102538782943678498,2026-09-22T23:21:23.000Z,en,4,0,0.38
triage,https://x.com/i/status/2102536576647458833,2026-09-22T23:12:37.000Z,en,0,0,0.12
triage,https://x.com/i/status/2102525636245860617,2026-09-22T22:29:09.000Z,en,1,0,0.14
triage,https://x.com/i/status/2102520370976956687,2026-09-22T22:08:14.000Z,zxx,0,0,0.06
triage,https://x.com/i/status/2102519505155174791,2026-09-22T22:04:47.000Z,en,0,0,0.08
triage,https://x.com/i/status/2102516313889386957,2026-09-22T21:52:06.000Z,zxx,0,0,0.07
triage,https://x.com/i/status/2102510117430145124,2026-09-22T21:27:29.000Z,en,3,1,0.09
triage,https://x.com/i/status/2102489315335086554,2026-09-22T20:04:49.000Z,en,0,0,0.62
triage,https://x.com/i/status/2102487659587477773,2026-09-22T19:58:15.000Z,en,0,0,0.24
triage,https://x.com/i/status/2102486609790976368,2026-09-22T19:54:04.000Z,en,1,0,0.07
triage,https://x.com/i/status/2102485847656558745,2026-09-22T19:51:03.000Z,en,1,0,0.43
triage,https://x.com/i/status/2102485379593200054,2026-09-22T19:49:11.000Z,en,3,0,0.08
triage,https://x.com/i/status/2102483823166664774,2026-09-22T19:43:00.000Z,en,2,0,0.23
triage,https://x.com/i/status/2102483666043576634,2026-09-22T19:42:22.000Z,zxx,6,0,0.11
triage,https://x.com/i/status/2102477974000091400,2026-09-22T19:19:45.000Z,en,2,0,0.53
triage,https://x.com/i/status/2102476532430029075,2026-09-22T19:14:02.000Z,en,0,0,0.65
triage,https://x.com/i/status/2102465454224609541,2026-09-22T18:30:00.000Z,en,0,0,0.43
triage,https://x.com/i/status/2102458456364270043,2026-09-22T18:02:12.000Z,en,0,0,0.68
triage,https://x.com/i/status/2102455392035115492,2026-09-22T17:50:01.000Z,en,16,3,0.07
triage,https://x.com/i/status/2102455328738795551,2026-09-22T17:49:46.000Z,en,1,0,0.51
triage,https://x.com/i/status/2102452178384273431,2026-09-22T17:37:15.000Z,zxx,9,0,0.13
triage,https://x.com/i/status/2102451576480887063,2026-09-22T17:34:52.000Z,et,5,1,0.18
triage,https://x.com/i/status/2102447080459632760,2026-09-22T17:17:00.000Z,en,0,0,0.47
triage,https://x.com/i/status/2102446581693964693,2026-09-22T17:15:01.000Z,en,0,0,0.87
triage,https://x.com/i/status/2102441078339367373,2026-09-22T16:53:09.000Z,en,7,2,0.55
triage,https://x.com/i/status/2102435401315066139,2026-09-22T16:30:35.000Z,en,0,0,0.41
triage,https://x.com/i/status/2102434830986473938,2026-09-22T16:28:19.000Z,en,0,0,0.53
triage,https://x.com/i/status/2102430882544173177,2026-09-22T16:12:38.000Z,en,1,0,0.72
triage,https://x.com/i/status/2102430694777455068,2026-09-22T16:11:53.000Z,en,1,0,0.26
triage,https://x.com/i/status/2102429630175076395,2026-09-22T16:07:39.000Z,en,1,0,0.79
triage,https://x.com/i/status/2102428554122182794,2026-09-22T16:03:23.000Z,en,2,0,0.53
triage,https://x.com/i/status/2102427995273335229,2026-09-22T16:01:09.000Z,en,1,0,0.66
triage,https://x.com/i/status/2102422869506396226,2026-09-22T15:40:47.000Z,zxx,2,0,0.11
triage,https://x.com/i/status/2102420970954948815,2026-09-22T15:33:15.000Z,en,113,31,0.86
triage,https://x.com/i/status/2102420553814405236,2026-09-22T15:31:35.000Z,en,5,1,0.28
triage,https://x.com/i/status/2102420192668135751,2026-09-22T15:30:09.000Z,es,1,0,0.23
triage,https://x.com/i/status/2102417141534220565,2026-09-22T15:18:02.000Z,en,39,1,0.92
triage,https://x.com/i/status/2102416379269812660,2026-09-22T15:15:00.000Z,en,287,27,0.12
triage,https://x.com/i/status/2102414807924178959,2026-09-22T15:08:45.000Z,zxx,40,15,0.08
triage,https://x.com/i/status/2102412745505161422,2026-09-22T15:00:34.000Z,zxx,1,0,0.1
triage,https://x.com/i/status/2102409464682860652,2026-09-22T14:47:31.000Z,en,1,0,0.08
triage,https://x.com/i/status/2102408333609128293,2026-09-22T14:43:02.000Z,en,0,0,0.03
triage,https://x.com/i/status/2102407275834925466,2026-09-22T14:38:50.000Z,en,1,0,0.1
triage,https://x.com/i/status/2102407148441670098,2026-09-22T14:38:19.000Z,en,2,1,0.46
triage,https://x.com/i/status/2102405706272154028,2026-09-22T14:32:35.000Z,en,1,0,0.82
triage,https://x.com/i/status/2102402658736779471,2026-09-22T14:20:29.000Z,fr,0,0,0.06
triage,https://x.com/i/status/2102392565840359513,2026-09-22T13:40:22.000Z,en,0,0,0.81
triage,https://x.com/i/status/2102391028493996214,2026-09-22T13:34:16.000Z,en,0,0,0.62
triage,https://x.com/i/status/2102384536621559902,2026-09-22T13:08:28.000Z,zxx,0,0,0.11
triage,https://x.com/i/status/2102378631095841041,2026-09-22T12:45:00.000Z,en,1,0,0.24
triage,https://x.com/i/status/2102377037088338280,2026-09-22T12:38:40.000Z,en,0,0,0.74
triage,https://x.com/i/status/2102375096409292935,2026-09-22T12:30:57.000Z,en,0,0,0.67
triage,https://x.com/i/status/2102373443950055651,2026-09-22T12:24:23.000Z,en,14,0,0.63
triage,https://x.com/i/status/2102367530916487321,2026-09-22T12:00:54.000Z,en,5,0,0.27
triage,https://x.com/i/status/2102367413987577933,2026-09-22T12:00:26.000Z,en,186,7,0.06
triage,https://x.com/i/status/2102366631267582018,2026-09-22T11:57:19.000Z,en,4,0,0.85
triage,https://x.com/i/status/2102360895087390871,2026-09-22T11:34:32.000Z,en,6,2,0.03
triage,https://x.com/i/status/2102356887425393039,2026-09-22T11:18:36.000Z,zxx,2,1,0.12
triage,https://x.com/i/status/2102349444058394672,2026-09-22T10:49:01.000Z,zxx,0,0,0.12
triage,https://x.com/i/status/2102348479494242658,2026-09-22T10:45:11.000Z,zxx,1,0,0.1
triage,https://x.com/i/status/2102346703365869868,2026-09-22T10:38:08.000Z,en,10,0,0.06
triage,https://x.com/i/status/2102343735212200258,2026-09-22T10:26:20.000Z,cs,0,0,0.41
triage,https://x.com/i/status/2102341836916527301,2026-09-22T10:18:48.000Z,en,5,0,0.52
triage,https://x.com/i/status/2102332459203653977,2026-09-22T09:41:32.000Z,en,3,0,0.09
triage,https://x.com/i/status/2102330020039479780,2026-09-22T09:31:50.000Z,en,0,0,0.14
triage,https://x.com/i/status/2102322771988803989,2026-09-22T09:03:02.000Z,en,33,7,0.51
triage,https://x.com/i/status/2102319506223948142,2026-09-22T08:50:04.000Z,zxx,2,1,0.12
triage,https://x.com/i/status/2102319072142615011,2026-09-22T08:48:20.000Z,en,20,2,0.02
triage,https://x.com/i/status/2102313163932983584,2026-09-22T08:24:52.000Z,en,1,1,0.75
triage,https://x.com/i/status/2102299787928260829,2026-09-22T07:31:42.000Z,en,2,0,0.1
triage,https://x.com/i/status/2102281708976607582,2026-09-22T06:19:52.000Z,en,0,0,0.67
triage,https://x.com/i/status/2102278479400083830,2026-09-22T06:07:02.000Z,en,1,0,0.6
triage,https://x.com/i/status/2102250721592680475,2026-09-22T04:16:44.000Z,en,8,3,0.17
triage,https://x.com/i/status/2102246467989868715,2026-09-22T03:59:50.000Z,en,2,0,0.25
triage,https://x.com/i/status/2102237214323396779,2026-09-22T03:23:04.000Z,en,1,0,0.04
triage,https://x.com/i/status/2102234042905379203,2026-09-22T03:10:28.000Z,en,1,0,0.21
triage,https://x.com/i/status/2102227549761753208,2026-09-22T02:44:40.000Z,en,0,0,0.26
triage,https://x.com/i/status/2102226326593941953,2026-09-22T02:39:48.000Z,en,3,0,0.22
triage,https://x.com/i/status/2102223522214867247,2026-09-22T02:28:39.000Z,en,0,0,0.72
triage,https://x.com/i/status/2102222782176313399,2026-09-22T02:25:43.000Z,en,0,0,0.54
triage,https://x.com/i/status/2102221743897342284,2026-09-22T02:21:35.000Z,en,0,0,0.7
triage,https://x.com/i/status/2102204202676314472,2026-09-22T01:11:53.000Z,en,1,0,0.17
triage,https://x.com/i/status/2102187374700900454,2026-09-22T00:05:01.000Z,en,3,1,0.03
prototype,https://x.com/i/status/2102625258998210578,2026-09-23T05:05:01.000Z,en,0,0,0.13
prototype,https://x.com/i/status/2102620964051984829,2026-09-23T04:47:57.000Z,en,1,0,0.18
prototype,https://x.com/i/status/2102618379945390345,2026-09-23T04:37:41.000Z,en,3,0,0.03
prototype,https://x.com/i/status/2102615371274748036,2026-09-23T04:25:43.000Z,en,5,0,0.04
prototype,https://x.com/i/status/2102608174658486383,2026-09-23T03:57:08.000Z,zxx,2,1,0.08
prototype,https://x.com/i/status/2102605561028391056,2026-09-23T03:46:44.000Z,en,5,0,0.07
prototype,https://x.com/i/status/2102601105142407440,2026-09-23T03:29:02.000Z,en,0,0,0.02
prototype,https://x.com/i/status/2102600643496321504,2026-09-23T03:27:12.000Z,en,1,0,0.04
prototype,https://x.com/i/status/2102598573149884861,2026-09-23T03:18:58.000Z,en,2,1,0.27
prototype,https://x.com/i/status/2102593924690854259,2026-09-23T03:00:30.000Z,en,0,0,0.03
prototype,https://x.com/i/status/2102591947265425489,2026-09-23T02:52:39.000Z,en,0,0,0.17
prototype,https://x.com/i/status/2102590679474208847,2026-09-23T02:47:36.000Z,en,0,0,0.23
prototype,https://x.com/i/status/2102588392261448104,2026-09-23T02:38:31.000Z,en,7,0,0.04
prototype,https://x.com/i/status/2102586899089236011,2026-09-23T02:32:35.000Z,en,0,0,0.28
prototype,https://x.com/i/status/2102586800124330285,2026-09-23T02:32:11.000Z,en,7,0,0.11
prototype,https://x.com/i/status/2102581362855465134,2026-09-23T02:10:35.000Z,en,2,0,0.08
prototype,https://x.com/i/status/2102572756353061250,2026-09-23T01:36:23.000Z,zxx,2,0,0.11
prototype,https://x.com/i/status/2102557626840084646,2026-09-23T00:36:16.000Z,zxx,3,0,0.11
prototype,https://x.com/i/status/2102554907572121646,2026-09-23T00:25:28.000Z,en,0,0,0.05
prototype,https://x.com/i/status/2102552885531926914,2026-09-23T00:17:26.000Z,en,298,15,0.16
prototype,https://x.com/i/status/2102548160925102476,2026-09-22T23:58:39.000Z,en,31,7,0.11
prototype,https://x.com/i/status/2102539840470344066,2026-09-22T23:25:35.000Z,en,1,0,0.11
prototype,https://x.com/i/status/2102528060402893299,2026-09-22T22:38:47.000Z,zxx,2,0,0.1
prototype,https://x.com/i/status/2102525034728186129,2026-09-22T22:26:45.000Z,en,1,0,0.08
prototype,https://x.com/i/status/2102523204832985243,2026-09-22T22:19:29.000Z,zxx,2,1,0.12
prototype,https://x.com/i/status/2102522402114584649,2026-09-22T22:16:18.000Z,en,0,0,0.17
prototype,https://x.com/i/status/2102520561889140865,2026-09-22T22:08:59.000Z,en,2,0,0.07
prototype,https://x.com/i/status/2102516209204039930,2026-09-22T21:51:41.000Z,en,1,0,0.18
prototype,https://x.com/i/status/2102512391103942903,2026-09-22T21:36:31.000Z,en,0,0,0.17
prototype,https://x.com/i/status/2102503351166329255,2026-09-22T21:00:36.000Z,en,0,0,0.28
prototype,https://x.com/i/status/2102493638941134999,2026-09-22T20:22:00.000Z,en,0,0,0.04
prototype,https://x.com/i/status/2102487470948470994,2026-09-22T19:57:30.000Z,fr,0,1,0.16
prototype,https://x.com/i/status/2102485093159927964,2026-09-22T19:48:03.000Z,en,1,0,0.23
prototype,https://x.com/i/status/2102483368353149136,2026-09-22T19:41:11.000Z,en,1,0,0.27
prototype,https://x.com/i/status/2102476513837031430,2026-09-22T19:13:57.000Z,en,15,4,0.17
prototype,https://x.com/i/status/2102472785062711424,2026-09-22T18:59:08.000Z,en,1,0,0.09
prototype,https://x.com/i/status/2102472408800047507,2026-09-22T18:57:38.000Z,en,0,0,0.12
prototype,https://x.com/i/status/2102471499839939065,2026-09-22T18:54:02.000Z,zxx,0,0,0.1
prototype,https://x.com/i/status/2102467905434595581,2026-09-22T18:39:45.000Z,en,13,3,0.15
prototype,https://x.com/i/status/2102466786079740363,2026-09-22T18:35:18.000Z,en,67,26,0.13
prototype,https://x.com/i/status/2102461860390027411,2026-09-22T18:15:44.000Z,en,4,0,0.04
prototype,https://x.com/i/status/2102461428904984718,2026-09-22T18:14:01.000Z,en,7,0,0.09
prototype,https://x.com/i/status/2102458385379504621,2026-09-22T18:01:55.000Z,en,1,0,0.25
prototype,https://x.com/i/status/2102455217035878598,2026-09-22T17:49:20.000Z,en,2,0,0.43
prototype,https://x.com/i/status/2102452680459268417,2026-09-22T17:39:15.000Z,ja,0,0,0.23
prototype,https://x.com/i/status/2102451949257761018,2026-09-22T17:36:21.000Z,en,23,8,0.03
prototype,https://x.com/i/status/2102450604761076198,2026-09-22T17:31:00.000Z,en,0,0,0.01
prototype,https://x.com/i/status/2102447324953726998,2026-09-22T17:17:58.000Z,zxx,1,0,0.07
prototype,https://x.com/i/status/2102445072839323678,2026-09-22T17:09:01.000Z,en,8,1,0.07
prototype,https://x.com/i/status/2102443223566446976,2026-09-22T17:01:40.000Z,en,0,0,0.18
prototype,https://x.com/i/status/2102440691477467209,2026-09-22T16:51:36.000Z,en,3,0,
prototype,https://x.com/i/status/2102437015128060126,2026-09-22T16:37:00.000Z,en,17,0,
prototype,https://x.com/i/status/2102433327299039314,2026-09-22T16:22:21.000Z,en,0,0,
prototype,https://x.com/i/status/2102430699081105693,2026-09-22T16:11:54.000Z,en,1,0,
prototype,https://x.com/i/status/2102428517950775392,2026-09-22T16:03:14.000Z,en,0,0,
prototype,https://x.com/i/status/2102428260537917757,2026-09-22T16:02:13.000Z,en,8,0,
prototype,https://x.com/i/status/2102427830353322464,2026-09-22T16:00:30.000Z,en,1,0,
prototype,https://x.com/i/status/2102422480577266173,2026-09-22T15:39:15.000Z,en,0,0,
prototype,https://x.com/i/status/2102419333573963915,2026-09-22T15:26:44.000Z,zxx,1,0,
prototype,https://x.com/i/status/2102417119866769822,2026-09-22T15:17:57.000Z,zxx,24,2,
prototype,https://x.com/i/status/2102416882657644983,2026-09-22T15:17:00.000Z,en,7,2,
prototype,https://x.com/i/status/2102415917439144402,2026-09-22T15:13:10.000Z,en,0,0,
prototype,https://x.com/i/status/2102413771251621919,2026-09-22T15:04:38.000Z,en,27,6,
prototype,https://x.com/i/status/2102407471231054316,2026-09-22T14:39:36.000Z,en,97,16,
prototype,https://x.com/i/status/2102407291513536841,2026-09-22T14:38:53.000Z,en,14,2,
prototype,https://x.com/i/status/2102406355856306312,2026-09-22T14:35:10.000Z,en,0,0,
prototype,https://x.com/i/status/2102401416145088616,2026-09-22T14:15:32.000Z,en,0,0,
prototype,https://x.com/i/status/2102399064033689744,2026-09-22T14:06:12.000Z,en,0,0,
prototype,https://x.com/i/status/2102389954643177629,2026-09-22T13:30:00.000Z,en,1,0,
prototype,https://x.com/i/status/2102384952440660016,2026-09-22T13:10:07.000Z,en,2,0,
prototype,https://x.com/i/status/2102378944536445334,2026-09-22T12:46:15.000Z,en,10,0,
prototype,https://x.com/i/status/2102375891875581966,2026-09-22T12:34:07.000Z,zxx,40,3,
prototype,https://x.com/i/status/2102374734365327518,2026-09-22T12:29:31.000Z,en,0,0,
prototype,https://x.com/i/status/2102372861721653511,2026-09-22T12:22:05.000Z,en,3,0,
prototype,https://x.com/i/status/2102372675704541561,2026-09-22T12:21:20.000Z,en,1,0,
prototype,https://x.com/i/status/2102367137453011395,2026-09-22T11:59:20.000Z,en,5,0,
prototype,https://x.com/i/status/2102366618437423189,2026-09-22T11:57:16.000Z,en,0,0,
prototype,https://x.com/i/status/2102366447498317862,2026-09-22T11:56:35.000Z,en,0,0,
prototype,https://x.com/i/status/2102364670145466682,2026-09-22T11:49:32.000Z,en,10,1,
prototype,https://x.com/i/status/2102363592204911059,2026-09-22T11:45:15.000Z,en,2,0,
prototype,https://x.com/i/status/2102359956968055139,2026-09-22T11:30:48.000Z,zxx,56,10,
prototype,https://x.com/i/status/2102359420613329031,2026-09-22T11:28:40.000Z,en,7,0,
prototype,https://x.com/i/status/2102358959944598010,2026-09-22T11:26:50.000Z,en,0,0,
prototype,https://x.com/i/status/2102357221220778199,2026-09-22T11:19:56.000Z,en,22,6,
prototype,https://x.com/i/status/2102351263283151024,2026-09-22T10:56:15.000Z,en,10,0,
prototype,https://x.com/i/status/2102350008682938622,2026-09-22T10:51:16.000Z,zxx,3,0,
prototype,https://x.com/i/status/2102337895306760417,2026-09-22T10:03:08.000Z,en,0,0,
prototype,https://x.com/i/status/2102336994802376784,2026-09-22T09:59:33.000Z,en,1,0,
prototype,https://x.com/i/status/2102336351320355022,2026-09-22T09:57:00.000Z,en,4,0,
prototype,https://x.com/i/status/2102334556041040207,2026-09-22T09:49:52.000Z,fr,0,0,
prototype,https://x.com/i/status/2102333364925587933,2026-09-22T09:45:08.000Z,zxx,2,0,
prototype,https://x.com/i/status/2102329980894015642,2026-09-22T09:31:41.000Z,en,0,0,
prototype,https://x.com/i/status/2102304701178167724,2026-09-22T07:51:14.000Z,en,0,0,
prototype,https://x.com/i/status/2102298871754051776,2026-09-22T07:28:04.000Z,en,0,0,
prototype,https://x.com/i/status/2102263688287994021,2026-09-22T05:08:16.000Z,en,6,0,
prototype,https://x.com/i/status/2102262118540067103,2026-09-22T05:02:01.000Z,en,1,0,
prototype,https://x.com/i/status/2102259367483724171,2026-09-22T04:51:05.000Z,en,5,0,
prototype,https://x.com/i/status/2102257039615639666,2026-09-22T04:41:50.000Z,en,2,2,
prototype,https://x.com/i/status/2102255677813195221,2026-09-22T04:36:26.000Z,en,28,1,
prototype,https://x.com/i/status/2102250283879604370,2026-09-22T04:15:00.000Z,en,0,0,
grilling,https://x.com/i/status/2102580132212863195,2026-09-23T02:05:42.000Z,en,1,0,0.19
grilling,https://x.com/i/status/2102414148638236794,2026-09-22T15:06:08.000Z,en,1,0,0.8
grilling,https://x.com/i/status/2102405635832725908,2026-09-22T14:32:19.000Z,en,0,0,0.95
grilling,https://x.com/i/status/2102315515259854872,2026-09-22T08:34:12.000Z,zh,0,0,0.86
grilling,https://x.com/i/status/2102140055808626775,2026-09-21T20:56:59.000Z,en,0,0,0.95
grilling,https://x.com/i/status/2102077647257997685,2026-09-21T16:49:00.000Z,en,71,7,0.03
grilling,https://x.com/i/status/2102073729987547253,2026-09-21T16:33:26.000Z,en,1,0,0.95
grilling,https://x.com/i/status/2102012419212259775,2026-09-21T12:29:48.000Z,zh,0,0,0.93
grilling,https://x.com/i/status/2101961042884767982,2026-09-21T09:05:39.000Z,en,1,0,0.92
grilling,https://x.com/i/status/2101805334230630585,2026-09-20T22:46:55.000Z,en,1,0,0.95
grilling,https://x.com/i/status/2101686323820077102,2026-09-20T14:54:01.000Z,pt,148,10,0.42
grilling,https://x.com/i/status/2101408219713122682,2026-09-19T20:28:56.000Z,en,3,0,0.85
grilling,https://x.com/i/status/2101406780555477326,2026-09-19T20:23:13.000Z,en,1,0,0.03
grilling,https://x.com/i/status/2101295841407320438,2026-09-19T13:02:23.000Z,en,1,1,0.96
grilling,https://x.com/i/status/2101289732705542542,2026-09-19T12:38:07.000Z,fa,157,9,0.96
grilling,https://x.com/i/status/2101191216285245952,2026-09-19T06:06:38.000Z,en,8,0,0.05
grilling,https://x.com/i/status/2101180574543266143,2026-09-19T05:24:21.000Z,en,1,0,0.95
grilling,https://x.com/i/status/2101045782132727970,2026-09-18T20:28:44.000Z,en,0,0,0.95
grilling,https://x.com/i/status/2100974790995509449,2026-09-18T15:46:39.000Z,en,2,0,0.04
grilling,https://x.com/i/status/2100967562783883562,2026-09-18T15:17:55.000Z,en,3,0,0.09
grilling,https://x.com/i/status/2100914317973491952,2026-09-18T11:46:21.000Z,en,0,0,0.92
grilling,https://x.com/i/status/2100743493295743359,2026-09-18T00:27:33.000Z,en,3,0,0.94
grilling,https://x.com/i/status/2100643511691596212,2026-09-17T17:50:15.000Z,ja,1,0,0.91
grilling,https://x.com/i/status/2100638599570239609,2026-09-17T17:30:44.000Z,en,1,0,0.83
grilling,https://x.com/i/status/2100525094770475154,2026-09-17T09:59:43.000Z,en,0,0,0.81
grilling,https://x.com/i/status/2100478002098561087,2026-09-17T06:52:35.000Z,ja,10,1,0.43
grilling,https://x.com/i/status/2100281747862614192,2026-09-16T17:52:44.000Z,en,0,0,0.93
grilling,https://x.com/i/status/2100255996744540538,2026-09-16T16:10:25.000Z,en,0,1,0.73
grilling,https://x.com/i/status/2100103275911536788,2026-09-16T06:03:33.000Z,en,1,0,0.44
vercel-react-best-practices,https://x.com/i/status/2100270859122315500,2026-09-16T17:09:28.000Z,und,0,0,0.82
humanizer,https://x.com/i/status/2102607000580563005,2026-09-23T03:52:28.000Z,zh,1,0,0.97
humanizer,https://x.com/i/status/2102590676156432876,2026-09-23T02:47:36.000Z,zh,280,36,0.95
humanizer,https://x.com/i/status/2102548506229751883,2026-09-23T00:00:02.000Z,zh,2,0,0.14
humanizer,https://x.com/i/status/2102473158150242768,2026-09-22T19:00:37.000Z,en,0,0,0.72
humanizer,https://x.com/i/status/2102454030438105231,2026-09-22T17:44:37.000Z,en,1,0,0.95
humanizer,https://x.com/i/status/2102445763280482636,2026-09-22T17:11:46.000Z,zxx,45,4,0.23
humanizer,https://x.com/i/status/2102366678604456353,2026-09-22T11:57:30.000Z,iw,0,0,0.82
humanizer,https://x.com/i/status/2102348713054421032,2026-09-22T10:46:07.000Z,es,0,0,0.9
humanizer,https://x.com/i/status/2102332355037806752,2026-09-22T09:41:07.000Z,en,0,0,0.9
humanizer,https://x.com/i/status/2102298808319438919,2026-09-22T07:27:49.000Z,en,0,0,0.96
humanizer,https://x.com/i/status/2102247251745833307,2026-09-22T04:02:57.000Z,en,1,0,0.56
humanizer,https://x.com/i/status/2102247250089202050,2026-09-22T04:02:56.000Z,en,25,3,0.97
humanizer,https://x.com/i/status/2102206596960940326,2026-09-22T01:21:24.000Z,pt,3,0,0.93
humanizer,https://x.com/i/status/2102141367593861157,2026-09-21T21:02:12.000Z,en,3,0,0.43
humanizer,https://x.com/i/status/2102095392112275959,2026-09-21T17:59:31.000Z,pl,0,0,0.91
humanizer,https://x.com/i/status/2102082726220447990,2026-09-21T17:09:11.000Z,en,75,26,0.16
humanizer,https://x.com/i/status/2102052967180390890,2026-09-21T15:10:56.000Z,en,0,0,0.92
humanizer,https://x.com/i/status/2102035711289401420,2026-09-21T14:02:22.000Z,en,0,0,0.96
humanizer,https://x.com/i/status/2102030234346242417,2026-09-21T13:40:36.000Z,en,287,54,0.19
humanizer,https://x.com/i/status/2101996692627431867,2026-09-21T11:27:19.000Z,bn,0,0,0.07
humanizer,https://x.com/i/status/2101945274574729230,2026-09-21T08:03:00.000Z,zh,5,1,0.97
humanizer,https://x.com/i/status/2101924889871708384,2026-09-21T06:42:00.000Z,zh,1,0,0.94
humanizer,https://x.com/i/status/2101912470008868950,2026-09-21T05:52:39.000Z,in,1,0,0.88
humanizer,https://x.com/i/status/2101884812189684015,2026-09-21T04:02:45.000Z,zxx,429,32,0.24
humanizer,https://x.com/i/status/2101871551255830529,2026-09-21T03:10:03.000Z,ja,572,72,0.13
humanizer,https://x.com/i/status/2101710190169239884,2026-09-20T16:28:51.000Z,en,1,0,0.93
humanizer,https://x.com/i/status/2101708238689272254,2026-09-20T16:21:06.000Z,en,0,1,0.34
humanizer,https://x.com/i/status/2101700967259419022,2026-09-20T15:52:12.000Z,en,4,0,0.04
humanizer,https://x.com/i/status/2101644039384859030,2026-09-20T12:06:00.000Z,zh,5,0,0.94
humanizer,https://x.com/i/status/2101614019685798279,2026-09-20T10:06:43.000Z,ja,7,0,0.05
humanizer,https://x.com/i/status/2101603274839253007,2026-09-20T09:24:01.000Z,zxx,18,6,0.23
humanizer,https://x.com/i/status/2101521191412572577,2026-09-20T03:57:51.000Z,ja,773,81,0.82
humanizer,https://x.com/i/status/2101485544559579377,2026-09-20T01:36:12.000Z,zh,11,0,0.93
humanizer,https://x.com/i/status/2101466103461408801,2026-09-20T00:18:57.000Z,en,3,0,0.64
humanizer,https://x.com/i/status/2101461413805818071,2026-09-20T00:00:18.000Z,en,1,0,0.94
humanizer,https://x.com/i/status/2101446849131339816,2026-09-19T23:02:26.000Z,en,2,0,0.96
humanizer,https://x.com/i/status/2101291779987517631,2026-09-19T12:46:15.000Z,es,54,9,0.97
humanizer,https://x.com/i/status/2101223518570488027,2026-09-19T08:15:00.000Z,en,171,26,0.14
humanizer,https://x.com/i/status/2101198950346678615,2026-09-19T06:37:22.000Z,en,12,2,0.89
humanizer,https://x.com/i/status/2101100389894664366,2026-09-19T00:05:44.000Z,ja,1,0,0.06
humanizer,https://x.com/i/status/2101092134526841195,2026-09-18T23:32:55.000Z,en,0,0,0.96
humanizer,https://x.com/i/status/2101075984506360224,2026-09-18T22:28:45.000Z,en,0,0,0.45
humanizer,https://x.com/i/status/2100988435360026702,2026-09-18T16:40:52.000Z,en,6,1,0.12
humanizer,https://x.com/i/status/2100967660703908072,2026-09-18T15:18:19.000Z,en,743,150,0.13
humanizer,https://x.com/i/status/2100962889490211213,2026-09-18T14:59:21.000Z,en,2,1,0.89
humanizer,https://x.com/i/status/2100946230184411415,2026-09-18T13:53:09.000Z,en,13,4,0.26
humanizer,https://x.com/i/status/2100862522698158502,2026-09-18T08:20:32.000Z,zxx,0,0,0.17
humanizer,https://x.com/i/status/2100841052982653015,2026-09-18T06:55:13.000Z,en,0,0,0.96
humanizer,https://x.com/i/status/2100838927372324936,2026-09-18T06:46:46.000Z,en,0,0,0.16
humanizer,https://x.com/i/status/2100809792931471717,2026-09-18T04:51:00.000Z,en,0,0,0.9
humanizer,https://x.com/i/status/2100650144362307731,2026-09-17T18:16:37.000Z,ru,0,0,0.82
humanizer,https://x.com/i/status/2100647237126599068,2026-09-17T18:05:04.000Z,en,0,0,0.62
humanizer,https://x.com/i/status/2100644556723061091,2026-09-17T17:54:25.000Z,en,1,0,0.45
humanizer,https://x.com/i/status/2100597923751116829,2026-09-17T14:49:06.000Z,en,0,0,0.93
humanizer,https://x.com/i/status/2100545556569625058,2026-09-17T11:21:01.000Z,zh,1,0,0.95
humanizer,https://x.com/i/status/2100494221551763632,2026-09-17T07:57:02.000Z,zh,2,0,0.93
humanizer,https://x.com/i/status/2100477588434997651,2026-09-17T06:50:56.000Z,en,0,0,0.05
humanizer,https://x.com/i/status/2100381965786431929,2026-09-17T00:30:58.000Z,pt,1,0,0.77
humanizer,https://x.com/i/status/2100298701642080709,2026-09-16T19:00:06.000Z,en,1,0,0.65
humanizer,https://x.com/i/status/2100248047720530396,2026-09-16T15:38:49.000Z,zxx,36,3,0.14
humanizer,https://x.com/i/status/2100130929851138188,2026-09-16T07:53:26.000Z,zxx,1,0,0.19
humanizer,https://x.com/i/status/2100095830413701445,2026-09-16T05:33:58.000Z,zh,121,21,0.37
nano-pdf,https://x.com/i/status/2102419537824190600,2026-09-22T15:27:33.000Z,en,0,0,0.83
obsidian,https://x.com/i/status/2102631292911423525,2026-09-23T05:28:59.000Z,ja,0,0,0.21
obsidian,https://x.com/i/status/2102629366991589593,2026-09-23T05:21:20.000Z,zh,0,0,0.66
obsidian,https://x.com/i/status/2102624751802085620,2026-09-23T05:03:00.000Z,zh,0,0,0.78
obsidian,https://x.com/i/status/2102624181296693383,2026-09-23T05:00:44.000Z,zh,1,0,0.14
obsidian,https://x.com/i/status/2102622750020170196,2026-09-23T04:55:03.000Z,en,1,0,0.7
obsidian,https://x.com/i/status/2102621480458785096,2026-09-23T04:50:00.000Z,ja,0,0,0.62
obsidian,https://x.com/i/status/2102613567577231661,2026-09-23T04:18:33.000Z,ja,0,0,0.63
obsidian,https://x.com/i/status/2102611918712082526,2026-09-23T04:12:00.000Z,zh,0,0,0.33
obsidian,https://x.com/i/status/2102607600944582778,2026-09-23T03:54:51.000Z,en,12,9,0.07
obsidian,https://x.com/i/status/2102605297592242677,2026-09-23T03:45:42.000Z,en,0,0,0.5
obsidian,https://x.com/i/status/2102598839219941653,2026-09-23T03:20:02.000Z,ja,1,0,0.17
obsidian,https://x.com/i/status/2102594168350732623,2026-09-23T03:01:28.000Z,en,2,0,0.64
obsidian,https://x.com/i/status/2102590928838083024,2026-09-23T02:48:36.000Z,ja,1,0,0.04
obsidian,https://x.com/i/status/2102590766006894891,2026-09-23T02:47:57.000Z,ja,0,0,0.59
obsidian,https://x.com/i/status/2102589258586636312,2026-09-23T02:41:58.000Z,en,0,0,0.31
obsidian,https://x.com/i/status/2102585136789529032,2026-09-23T02:25:35.000Z,qme,0,0,0.14
obsidian,https://x.com/i/status/2102584388328599972,2026-09-23T02:22:36.000Z,ko,4,0,0.08
obsidian,https://x.com/i/status/2102581130553921709,2026-09-23T02:09:40.000Z,ja,0,0,0.45
obsidian,https://x.com/i/status/2102579589600186781,2026-09-23T02:03:32.000Z,pt,0,0,0.64
obsidian,https://x.com/i/status/2102575306766688458,2026-09-23T01:46:31.000Z,zh,0,0,0.65
obsidian,https://x.com/i/status/2102574359089221976,2026-09-23T01:42:45.000Z,ja,0,0,0.4
obsidian,https://x.com/i/status/2102573241244283075,2026-09-23T01:38:19.000Z,ja,21,0,0.56
obsidian,https://x.com/i/status/2102571612881158246,2026-09-23T01:31:51.000Z,en,0,0,0.73
obsidian,https://x.com/i/status/2102571383339557334,2026-09-23T01:30:56.000Z,ja,0,0,0.49
obsidian,https://x.com/i/status/2102567626602074336,2026-09-23T01:16:00.000Z,zh,53,5,0.44
obsidian,https://x.com/i/status/2102554611491987866,2026-09-23T00:24:17.000Z,en,0,0,0.54
obsidian,https://x.com/i/status/2102554092912447572,2026-09-23T00:22:13.000Z,in,30,3,0.69
obsidian,https://x.com/i/status/2102543057451471115,2026-09-22T23:38:22.000Z,en,3,0,0.65
obsidian,https://x.com/i/status/2102540841466400861,2026-09-22T23:29:34.000Z,en,16,12,0.05
obsidian,https://x.com/i/status/2102533313428918549,2026-09-22T22:59:39.000Z,en,0,0,0.57
obsidian,https://x.com/i/status/2102526129487618111,2026-09-22T22:31:06.000Z,en,2,0,0.12
obsidian,https://x.com/i/status/2102519383289626977,2026-09-22T22:04:18.000Z,en,0,0,0.68
obsidian,https://x.com/i/status/2102513605573022056,2026-09-22T21:41:21.000Z,en,1,0,0.59
obsidian,https://x.com/i/status/2102510752712327345,2026-09-22T21:30:00.000Z,en,1,0,0.8
obsidian,https://x.com/i/status/2102497281240903965,2026-09-22T20:36:29.000Z,en,1,0,0.03
obsidian,https://x.com/i/status/2102486355469279637,2026-09-22T19:53:04.000Z,zxx,1,0,0.12
obsidian,https://x.com/i/status/2102476447235588293,2026-09-22T19:13:41.000Z,en,0,0,0.79
obsidian,https://x.com/i/status/2102475855285117124,2026-09-22T19:11:20.000Z,en,4,0,0.47
obsidian,https://x.com/i/status/2102443188380393934,2026-09-22T17:01:32.000Z,fr,5,0,0.15
obsidian,https://x.com/i/status/2102436256185807121,2026-09-22T16:33:59.000Z,zxx,2,2,0.11
obsidian,https://x.com/i/status/2102433893064560749,2026-09-22T16:24:36.000Z,en,6,1,0.73
obsidian,https://x.com/i/status/2102433153629720756,2026-09-22T16:21:39.000Z,en,1,0,0.78
obsidian,https://x.com/i/status/2102429386532364344,2026-09-22T16:06:41.000Z,ja,0,0,0.75
obsidian,https://x.com/i/status/2102427560378536034,2026-09-22T15:59:26.000Z,en,1,0,0.7
obsidian,https://x.com/i/status/2102420731447705739,2026-09-22T15:32:18.000Z,zxx,1,1,0.13
obsidian,https://x.com/i/status/2102417618162331764,2026-09-22T15:19:55.000Z,en,0,0,0.75
obsidian,https://x.com/i/status/2102417443842847170,2026-09-22T15:19:14.000Z,en,1,1,0.13
obsidian,https://x.com/i/status/2102413340073214341,2026-09-22T15:02:55.000Z,ja,2,0,0.05
obsidian,https://x.com/i/status/2102412516223803816,2026-09-22T14:59:39.000Z,en,1,0,0.58
obsidian,https://x.com/i/status/2102407275834925466,2026-09-22T14:38:50.000Z,en,1,0,0.21
obsidian,https://x.com/i/status/2102398074198880752,2026-09-22T14:02:16.000Z,ja,1,0,0.05
obsidian,https://x.com/i/status/2102393151084519463,2026-09-22T13:42:42.000Z,zh,361,59,0.55
obsidian,https://x.com/i/status/2102392072024240283,2026-09-22T13:38:25.000Z,en,1,0,0.66
obsidian,https://x.com/i/status/2102390422320582816,2026-09-22T13:31:51.000Z,zh,8,0,0.65
obsidian,https://x.com/i/status/2102390287339532754,2026-09-22T13:31:19.000Z,en,0,0,0.04
obsidian,https://x.com/i/status/2102384288809517441,2026-09-22T13:07:29.000Z,en,0,0,0.64
obsidian,https://x.com/i/status/2102381146470314021,2026-09-22T12:55:00.000Z,zh,7,4,0.06
obsidian,https://x.com/i/status/2102378055918592110,2026-09-22T12:42:43.000Z,en,3,0,0.73
obsidian,https://x.com/i/status/2102377418954793250,2026-09-22T12:40:11.000Z,zxx,3,0,0.17
obsidian,https://x.com/i/status/2102375125794341218,2026-09-22T12:31:04.000Z,en,2,0,0.67
obsidian,https://x.com/i/status/2102373393718784336,2026-09-22T12:24:11.000Z,en,931,104,0.47
obsidian,https://x.com/i/status/2102369661627383859,2026-09-22T12:09:22.000Z,ja,0,0,0.67
obsidian,https://x.com/i/status/2102365762996555796,2026-09-22T11:53:52.000Z,ja,0,0,0.49
obsidian,https://x.com/i/status/2102364657050935783,2026-09-22T11:49:28.000Z,ja,4,0,0.11
obsidian,https://x.com/i/status/2102361940060443065,2026-09-22T11:38:41.000Z,ja,14,1,0.76
obsidian,https://x.com/i/status/2102361769541058771,2026-09-22T11:38:00.000Z,ja,24,1,0.76
obsidian,https://x.com/i/status/2102352517631770650,2026-09-22T11:01:14.000Z,en,1,0,0.79
obsidian,https://x.com/i/status/2102349272721264920,2026-09-22T10:48:21.000Z,ja,1,0,0.58
obsidian,https://x.com/i/status/2102343643206217917,2026-09-22T10:25:58.000Z,en,2,0,0.14
obsidian,https://x.com/i/status/2102343342889787700,2026-09-22T10:24:47.000Z,en,2,1,0.14
obsidian,https://x.com/i/status/2102343282638622742,2026-09-22T10:24:32.000Z,en,4,0,0.11
obsidian,https://x.com/i/status/2102340735215480916,2026-09-22T10:14:25.000Z,zh,1,0,0.49
obsidian,https://x.com/i/status/2102340710553047363,2026-09-22T10:14:19.000Z,ja,0,0,0.64
obsidian,https://x.com/i/status/2102337937581150410,2026-09-22T10:03:18.000Z,en,2,0,0.26
obsidian,https://x.com/i/status/2102332084102832231,2026-09-22T09:40:02.000Z,en,4,0,0.74
obsidian,https://x.com/i/status/2102328735580241967,2026-09-22T09:26:44.000Z,zh,2,0,0.53
obsidian,https://x.com/i/status/2102326448338186618,2026-09-22T09:17:39.000Z,ja,4,0,0.55
obsidian,https://x.com/i/status/2102320317985329310,2026-09-22T08:53:17.000Z,zh,0,0,0.68
obsidian,https://x.com/i/status/2102315800828981364,2026-09-22T08:35:20.000Z,es,415,51,0.58
obsidian,https://x.com/i/status/2102314456617460173,2026-09-22T08:30:00.000Z,en,24,1,0.77
obsidian,https://x.com/i/status/2102309802072272956,2026-09-22T08:11:30.000Z,zxx,52,8,0.19
obsidian,https://x.com/i/status/2102305577317875815,2026-09-22T07:54:43.000Z,zh,463,64,0.11
obsidian,https://x.com/i/status/2102305570975883572,2026-09-22T07:54:41.000Z,en,420,45,0.74
obsidian,https://x.com/i/status/2102303383856296206,2026-09-22T07:46:00.000Z,en,274,20,0.76
obsidian,https://x.com/i/status/2102286815315087480,2026-09-22T06:40:10.000Z,fr,0,0,0.76
obsidian,https://x.com/i/status/2102286247859503613,2026-09-22T06:37:54.000Z,ja,0,0,0.62
obsidian,https://x.com/i/status/2102279070847255007,2026-09-22T06:09:23.000Z,en,5,0,0.5
obsidian,https://x.com/i/status/2102276971006722074,2026-09-22T06:01:02.000Z,fr,3,2,0.57
obsidian,https://x.com/i/status/2102272991379796129,2026-09-22T05:45:14.000Z,zh,1,0,0.14
obsidian,https://x.com/i/status/2102266641211969928,2026-09-22T05:20:00.000Z,ru,5,0,0.8
obsidian,https://x.com/i/status/2102261485837967482,2026-09-22T04:59:31.000Z,zh,358,84,0.21
obsidian,https://x.com/i/status/2102247994611445990,2026-09-22T04:05:54.000Z,en,0,0,0.8
obsidian,https://x.com/i/status/2102246509421162967,2026-09-22T04:00:00.000Z,en,1,0,0.85
obsidian,https://x.com/i/status/2102241735682256905,2026-09-22T03:41:02.000Z,zxx,1,0,0.17
obsidian,https://x.com/i/status/2102240100679909577,2026-09-22T03:34:32.000Z,zh,3,0,0.73
obsidian,https://x.com/i/status/2102238692018401776,2026-09-22T03:28:56.000Z,zxx,124,14,0.27
obsidian,https://x.com/i/status/2102236729411506321,2026-09-22T03:21:08.000Z,ja,6,1,0.83
obsidian,https://x.com/i/status/2102236642509812024,2026-09-22T03:20:47.000Z,ja,1,0,0.76
obsidian,https://x.com/i/status/2102236443913642209,2026-09-22T03:20:00.000Z,ja,3,1,0.17
obsidian,https://x.com/i/status/2102234692313555256,2026-09-22T03:13:02.000Z,zh,15,1,0.33
nano-banana-pro,https://x.com/i/status/2102555192042696934,2026-09-23T00:26:36.000Z,und,0,0,0.02
nano-banana-pro,https://x.com/i/status/2102462198765297875,2026-09-22T18:17:04.000Z,en,2,0,0.05
nano-banana-pro,https://x.com/i/status/2102051715667100150,2026-09-21T15:05:57.000Z,fr,5,2,0.09
nano-banana-pro,https://x.com/i/status/2102015167982887040,2026-09-21T12:40:44.000Z,zh,10,1,0.89
nano-banana-pro,https://x.com/i/status/2101980342987214989,2026-09-21T10:22:21.000Z,ja,3,0,0.92
nano-banana-pro,https://x.com/i/status/2101862472370323608,2026-09-21T02:33:58.000Z,zh,66,12,0.69
nano-banana-pro,https://x.com/i/status/2101783177983558120,2026-09-20T21:18:53.000Z,zxx,1,0,0.11
nano-banana-pro,https://x.com/i/status/2101754873046085652,2026-09-20T19:26:25.000Z,en,4,0,0.05
nano-banana-pro,https://x.com/i/status/2101742047158034549,2026-09-20T18:35:27.000Z,zxx,4,1,0.11
nano-banana-pro,https://x.com/i/status/2101668326086983714,2026-09-20T13:42:30.000Z,ja,4,0,0.04
nano-banana-pro,https://x.com/i/status/2101513413046251909,2026-09-20T03:26:56.000Z,en,2,0,0.03
nano-banana-pro,https://x.com/i/status/2101426774425088363,2026-09-19T21:42:40.000Z,ja,43,5,0.73
nano-banana-pro,https://x.com/i/status/2101395038152602052,2026-09-19T19:36:33.000Z,en,4,1,0.15
nano-banana-pro,https://x.com/i/status/2101341133272129650,2026-09-19T16:02:21.000Z,en,1,0,0.92
nano-banana-pro,https://x.com/i/status/2101239686484340879,2026-09-19T09:19:15.000Z,zxx,0,0,0.14
nano-banana-pro,https://x.com/i/status/2101011013109723288,2026-09-18T18:10:35.000Z,en,0,0,0.94
nano-banana-pro,https://x.com/i/status/2100962722271883502,2026-09-18T14:58:41.000Z,en,82,3,0.94
nano-banana-pro,https://x.com/i/status/2100955269782278233,2026-09-18T14:29:04.000Z,ja,3,0,0.94
nano-banana-pro,https://x.com/i/status/2100938810800402843,2026-09-18T13:23:40.000Z,und,0,0,0.91
nano-banana-pro,https://x.com/i/status/2100685096764227896,2026-09-17T20:35:30.000Z,en,10,0,0.92
nano-banana-pro,https://x.com/i/status/2100677733986504711,2026-09-17T20:06:15.000Z,en,2,0,0.05
nano-banana-pro,https://x.com/i/status/2100672898155651235,2026-09-17T19:47:02.000Z,en,5,0,0.89
nano-banana-pro,https://x.com/i/status/2100518757084930338,2026-09-17T09:34:32.000Z,en,6,0,0.05
nano-banana-pro,https://x.com/i/status/2100429707560788051,2026-09-17T03:40:41.000Z,en,1,0,0.9
nano-banana-pro,https://x.com/i/status/2100343432984121638,2026-09-16T21:57:51.000Z,es,0,0,0.95
nano-banana-pro,https://x.com/i/status/2100271709840433240,2026-09-16T17:12:51.000Z,en,5,0,0.06
nano-banana-pro,https://x.com/i/status/2100270536035328316,2026-09-16T17:08:11.000Z,en,1,0,0.93
nano-banana-pro,https://x.com/i/status/2100246359618343001,2026-09-16T15:32:07.000Z,ja,1,0,0.94
nano-banana-pro,https://x.com/i/status/2100145389366087712,2026-09-16T08:50:54.000Z,ar,0,0,0.92
skill-creator,https://x.com/i/status/2102607600944582778,2026-09-23T03:54:51.000Z,en,12,9,0.14
skill-creator,https://x.com/i/status/2102572710018851087,2026-09-23T01:36:12.000Z,zh,6,2,0.46
skill-creator,https://x.com/i/status/2102534668939608420,2026-09-22T23:05:02.000Z,en,0,0,0.89
skill-creator,https://x.com/i/status/2102530318385438931,2026-09-22T22:47:45.000Z,zxx,1,0,0.16
skill-creator,https://x.com/i/status/2102455554572702104,2026-09-22T17:50:40.000Z,en,4,0,0.89
skill-creator,https://x.com/i/status/2102413062040941037,2026-09-22T15:01:49.000Z,en,0,0,0.86
skill-creator,https://x.com/i/status/2102393633144230117,2026-09-22T13:44:37.000Z,en,27,14,0.85
skill-creator,https://x.com/i/status/2102380684690251918,2026-09-22T12:53:10.000Z,en,1,0,0.87
skill-creator,https://x.com/i/status/2102352216833114497,2026-09-22T11:00:02.000Z,en,22,0,0.67
skill-creator,https://x.com/i/status/2102295582626693502,2026-09-22T07:15:00.000Z,en,158,14,0.86
skill-creator,https://x.com/i/status/2102276722259644715,2026-09-22T06:00:03.000Z,ja,2,0,0.88
skill-creator,https://x.com/i/status/2102276456537547104,2026-09-22T05:59:00.000Z,ko,35,10,0.72
skill-creator,https://x.com/i/status/2102273879666466942,2026-09-22T05:48:45.000Z,zxx,33,6,0.2
skill-creator,https://x.com/i/status/2102239976587157653,2026-09-22T03:34:02.000Z,zh,360,131,0.8
skill-creator,https://x.com/i/status/2102167221195673708,2026-09-21T22:44:56.000Z,en,1,0,0.11
skill-creator,https://x.com/i/status/2102112375402832009,2026-09-21T19:07:00.000Z,en,1,0,0.85
skill-creator,https://x.com/i/status/2102111223663743125,2026-09-21T19:02:25.000Z,en,0,0,0.82
skill-creator,https://x.com/i/status/2102100799212146720,2026-09-21T18:21:00.000Z,en,505,90,0.84
skill-creator,https://x.com/i/status/2102039846680400375,2026-09-21T14:18:48.000Z,ja,1,0,0.89
skill-creator,https://x.com/i/status/2102011784140063201,2026-09-21T12:27:17.000Z,en,0,0,0.84
skill-creator,https://x.com/i/status/2101948204736741459,2026-09-21T08:14:38.000Z,en,0,0,0.87
skill-creator,https://x.com/i/status/2101927775426986456,2026-09-21T06:53:28.000Z,en,0,0,0.86
skill-creator,https://x.com/i/status/2101926981172637736,2026-09-21T06:50:18.000Z,en,0,0,0.81
skill-creator,https://x.com/i/status/2101925602945388639,2026-09-21T06:44:50.000Z,en,0,0,0.86
skill-creator,https://x.com/i/status/2101913558393192490,2026-09-21T05:56:58.000Z,en,0,0,0.87
skill-creator,https://x.com/i/status/2101910054559748522,2026-09-21T05:43:03.000Z,en,0,0,0.72
skill-creator,https://x.com/i/status/2101904138913353843,2026-09-21T05:19:32.000Z,en,0,0,0.88
skill-creator,https://x.com/i/status/2101894138836971818,2026-09-21T04:39:48.000Z,en,1,0,0.9
skill-creator,https://x.com/i/status/2101892873289613511,2026-09-21T04:34:46.000Z,en,1,0,0.89
skill-creator,https://x.com/i/status/2101874350370791512,2026-09-21T03:21:10.000Z,en,1,0,0.88
skill-creator,https://x.com/i/status/2101873075910533605,2026-09-21T03:16:06.000Z,en,1,0,0.85
skill-creator,https://x.com/i/status/2101871030524596422,2026-09-21T03:07:59.000Z,en,1,0,0.78
skill-creator,https://x.com/i/status/2101867535708954793,2026-09-21T02:54:05.000Z,en,0,0,0.91
skill-creator,https://x.com/i/status/2101848465810833746,2026-09-21T01:38:19.000Z,en,1300,1,0.69
skill-creator,https://x.com/i/status/2101806627540328451,2026-09-20T22:52:04.000Z,zxx,7,3,0.23
skill-creator,https://x.com/i/status/2101795003089784974,2026-09-20T22:05:52.000Z,ja,1,0,0.62
skill-creator,https://x.com/i/status/2101650563561926920,2026-09-20T12:31:55.000Z,zxx,13,2,0.19
skill-creator,https://x.com/i/status/2101629284955684899,2026-09-20T11:07:22.000Z,en,0,0,0.84
skill-creator,https://x.com/i/status/2101537291558596870,2026-09-20T05:01:49.000Z,en,0,0,0.73
skill-creator,https://x.com/i/status/2101477712359735666,2026-09-20T01:05:04.000Z,zh,0,0,0.92
skill-creator,https://x.com/i/status/2101293313533809066,2026-09-19T12:52:20.000Z,en,1,0,0.35
skill-creator,https://x.com/i/status/2101280905268494634,2026-09-19T12:03:02.000Z,en,2,0,0.82
skill-creator,https://x.com/i/status/2101278660317643093,2026-09-19T11:54:07.000Z,en,4,0,0.47
skill-creator,https://x.com/i/status/2101266842916675974,2026-09-19T11:07:09.000Z,zxx,0,0,0.15
skill-creator,https://x.com/i/status/2101220905393471670,2026-09-19T08:04:37.000Z,en,4,0,0.03
skill-creator,https://x.com/i/status/2101124370181869605,2026-09-19T01:41:01.000Z,en,9,0,0.07
skill-creator,https://x.com/i/status/2101123787718893797,2026-09-19T01:38:42.000Z,ja,23,2,0.8
skill-creator,https://x.com/i/status/2101117087271809046,2026-09-19T01:12:05.000Z,en,0,0,0.76
skill-creator,https://x.com/i/status/2100862522698158502,2026-09-18T08:20:32.000Z,zxx,0,0,0.16
skill-creator,https://x.com/i/status/2100769082920538475,2026-09-18T02:09:14.000Z,zxx,1,0,0.15
skill-creator,https://x.com/i/status/2100751056104026497,2026-09-18T00:57:36.000Z,zh,56,5,0.04
skill-creator,https://x.com/i/status/2100725356533608837,2026-09-17T23:15:29.000Z,en,1,0,0.89
skill-creator,https://x.com/i/status/2100706654274900446,2026-09-17T22:01:10.000Z,zxx,32,3,0.09
skill-creator,https://x.com/i/status/2100692894499967378,2026-09-17T21:06:29.000Z,es,50,4,0.87
skill-creator,https://x.com/i/status/2100680769198837833,2026-09-17T20:18:18.000Z,en,1,0,0.74
skill-creator,https://x.com/i/status/2100679417555300467,2026-09-17T20:12:56.000Z,zxx,3,0,0.15
skill-creator,https://x.com/i/status/2100611492584526104,2026-09-17T15:43:01.000Z,zh,1,0,0.05
skill-creator,https://x.com/i/status/2100600315745845722,2026-09-17T14:58:37.000Z,zh,0,0,0.84
skill-creator,https://x.com/i/status/2100598396260364342,2026-09-17T14:50:59.000Z,zxx,62,14,0.14
skill-creator,https://x.com/i/status/2100580906511880513,2026-09-17T13:41:29.000Z,en,1,0,0.44
skill-creator,https://x.com/i/status/2100580893668893172,2026-09-17T13:41:26.000Z,en,23,7,0.77
skill-creator,https://x.com/i/status/2100546385670283404,2026-09-17T11:24:19.000Z,ja,7,0,0.72
skill-creator,https://x.com/i/status/2100517621057663127,2026-09-17T09:30:01.000Z,ja,3,0,0.75
skill-creator,https://x.com/i/status/2100517229175427288,2026-09-17T09:28:27.000Z,en,0,0,0.88
skill-creator,https://x.com/i/status/2100478735707201709,2026-09-17T06:55:30.000Z,en,0,0,0.79
skill-creator,https://x.com/i/status/2100445805350117478,2026-09-17T04:44:39.000Z,zxx,3,0,0.21
skill-creator,https://x.com/i/status/2100420394264195573,2026-09-17T03:03:40.000Z,en,33,19,0.81
skill-creator,https://x.com/i/status/2100404119043264759,2026-09-17T01:59:00.000Z,ko,41,11,0.44
skill-creator,https://x.com/i/status/2100390623455088640,2026-09-17T01:05:22.000Z,zh,1,0,0.87
skill-creator,https://x.com/i/status/2100370977645367755,2026-09-16T23:47:18.000Z,en,23,6,0.09
skill-creator,https://x.com/i/status/2100265351959175206,2026-09-16T16:47:35.000Z,en,1,0,0.77
skill-creator,https://x.com/i/status/2100237488380117120,2026-09-16T14:56:52.000Z,zxx,155,26,0.17
skill-creator,https://x.com/i/status/2100161179591352491,2026-09-16T09:53:38.000Z,en,28,4,0.61
skill-creator,https://x.com/i/status/2100155712051822743,2026-09-16T09:31:55.000Z,ja,22,0,0.91
pollyreach,https://x.com/i/status/2102396948577964123,2026-09-22T13:57:47.000Z,en,1,0,0.91
pollyreach,https://x.com/i/status/2102380883932328211,2026-09-22T12:53:57.000Z,en,0,0,0.95
pollyreach,https://x.com/i/status/2102376240183480444,2026-09-22T12:35:30.000Z,en,0,0,0.93
pollyreach,https://x.com/i/status/2102373655766544794,2026-09-22T12:25:14.000Z,en,0,0,0.91
pollyreach,https://x.com/i/status/2102371390695645276,2026-09-22T12:16:14.000Z,en,0,0,0.95
pollyreach,https://x.com/i/status/2102368604390121804,2026-09-22T12:05:10.000Z,en,0,0,0.8
auto-updater,https://x.com/i/status/2102453563691524582,2026-09-22T17:42:45.000Z,en,0,0,0.09
auto-updater,https://x.com/i/status/2102439003735687666,2026-09-22T16:44:54.000Z,en,1,1,0.46
lark-wiki,https://x.com/i/status/2100773100875059675,2026-09-18T02:25:12.000Z,zh,0,0,0.62
word-docx,https://x.com/i/status/2102459162081059247,2026-09-22T18:05:00.000Z,ja,0,0,0.04
evolver,https://x.com/i/status/2102241735682256905,2026-09-22T03:41:02.000Z,zxx,1,0,0.22
evolver,https://x.com/i/status/2101843572098035990,2026-09-21T01:18:52.000Z,en,4,0,0.05
evolver,https://x.com/i/status/2101779139426472041,2026-09-20T21:02:50.000Z,en,1,0,0.02
evolver,https://x.com/i/status/2100966179745550714,2026-09-18T15:12:25.000Z,zh,4,1,0.53
evolver,https://x.com/i/status/2100932937323888772,2026-09-18T13:00:20.000Z,en,54,5,0.54
evolver,https://x.com/i/status/2100873558255710596,2026-09-18T09:04:23.000Z,zh,0,0,0.22
evolver,https://x.com/i/status/2100696811438543317,2026-09-17T21:22:03.000Z,en,1,0,0.06
evolver,https://x.com/i/status/2100451395359125991,2026-09-17T05:06:51.000Z,en,26,12,0.06
