skill_key,tweet_url,created_at,lang,favorites,retweets
find-skills,https://x.com/i/status/2092912127501914379,2026-08-27T09:48:30.000Z,zh,0,0
find-skills,https://x.com/i/status/2092911861369053588,2026-08-27T09:47:26.000Z,zh,0,0
find-skills,https://x.com/i/status/2092911783090728991,2026-08-27T09:47:08.000Z,zh,0,0
find-skills,https://x.com/i/status/2092877776063803544,2026-08-27T07:32:00.000Z,zh,6,0
find-skills,https://x.com/i/status/2092811075100254568,2026-08-27T03:06:57.000Z,zh,5,0
find-skills,https://x.com/i/status/2092668577987854662,2026-08-26T17:40:43.000Z,en,0,0
find-skills,https://x.com/i/status/2092668468277506078,2026-08-26T17:40:17.000Z,en,4,0
find-skills,https://x.com/i/status/2092415401749512245,2026-08-26T00:54:41.000Z,en,0,0
find-skills,https://x.com/i/status/2092236466026062089,2026-08-25T13:03:40.000Z,zxx,22,1
find-skills,https://x.com/i/status/2092228979172188321,2026-08-25T12:33:55.000Z,en,0,0
find-skills,https://x.com/i/status/2092213428689522840,2026-08-25T11:32:07.000Z,en,3,2
find-skills,https://x.com/i/status/2092194373329174914,2026-08-25T10:16:24.000Z,zxx,134,24
find-skills,https://x.com/i/status/2092155291681136954,2026-08-25T07:41:06.000Z,en,45,24
find-skills,https://x.com/i/status/2092074463416455666,2026-08-25T02:19:55.000Z,en,32,11
find-skills,https://x.com/i/status/2092024237792153631,2026-08-24T23:00:20.000Z,en,8,7
find-skills,https://x.com/i/status/2091917271052767262,2026-08-24T15:55:18.000Z,en,27,1
find-skills,https://x.com/i/status/2091868583878172710,2026-08-24T12:41:50.000Z,en,54,26
find-skills,https://x.com/i/status/2091813101465379105,2026-08-24T09:01:22.000Z,en,0,0
find-skills,https://x.com/i/status/2091805251712258418,2026-08-24T08:30:10.000Z,en,0,0
find-skills,https://x.com/i/status/2091779929687875991,2026-08-24T06:49:33.000Z,en,646,44
find-skills,https://x.com/i/status/2091207358412128523,2026-08-22T16:54:21.000Z,ar,214,6
find-skills,https://x.com/i/status/2091194923529744557,2026-08-22T16:04:56.000Z,en,31,4
find-skills,https://x.com/i/status/2091179630958907580,2026-08-22T15:04:10.000Z,es,315,78
find-skills,https://x.com/i/status/2091094262037500401,2026-08-22T09:24:57.000Z,en,83,16
find-skills,https://x.com/i/status/2090988029737361563,2026-08-22T02:22:49.000Z,zxx,2,0
find-skills,https://x.com/i/status/2090851702433861989,2026-08-21T17:21:06.000Z,es,326,34
find-skills,https://x.com/i/status/2090838255637766603,2026-08-21T16:27:40.000Z,es,258,41
find-skills,https://x.com/i/status/2090643771025510841,2026-08-21T03:34:51.000Z,ja,2,1
find-skills,https://x.com/i/status/2090583786241323298,2026-08-20T23:36:30.000Z,en,12,0
find-skills,https://x.com/i/status/2090416109229109532,2026-08-20T12:30:13.000Z,ja,1,0
self-improving-agent,https://x.com/i/status/2092783109339242753,2026-08-27T01:15:49.000Z,en,0,0
self-improving-agent,https://x.com/i/status/2092765892170150225,2026-08-27T00:07:25.000Z,en,4,0
self-improving-agent,https://x.com/i/status/2092655210338361521,2026-08-26T16:47:36.000Z,en,30,5
self-improving-agent,https://x.com/i/status/2092634186280841706,2026-08-26T15:24:03.000Z,en,1,0
self-improving-agent,https://x.com/i/status/2092628136517345414,2026-08-26T15:00:01.000Z,en,0,0
self-improving-agent,https://x.com/i/status/2092586595501351198,2026-08-26T12:14:57.000Z,en,2,0
self-improving-agent,https://x.com/i/status/2092340181177335986,2026-08-25T19:55:47.000Z,en,0,0
self-improving-agent,https://x.com/i/status/2092319298811544019,2026-08-25T18:32:48.000Z,en,0,0
self-improving-agent,https://x.com/i/status/2092284353368019014,2026-08-25T16:13:57.000Z,en,20,3
self-improving-agent,https://x.com/i/status/2092265777034347004,2026-08-25T15:00:08.000Z,en,32,1
self-improving-agent,https://x.com/i/status/2092235569413644658,2026-08-25T13:00:06.000Z,en,17,0
self-improving-agent,https://x.com/i/status/2092233766349775210,2026-08-25T12:52:56.000Z,en,63,19
self-improving-agent,https://x.com/i/status/2092178688674795940,2026-08-25T09:14:04.000Z,en,30,3
self-improving-agent,https://x.com/i/status/2092076999745614077,2026-08-25T02:30:00.000Z,en,21,8
self-improving-agent,https://x.com/i/status/2092032702937477379,2026-08-24T23:33:59.000Z,en,7,1
self-improving-agent,https://x.com/i/status/2092028697574293774,2026-08-24T23:18:04.000Z,en,1,0
self-improving-agent,https://x.com/i/status/2091992218232140280,2026-08-24T20:53:06.000Z,zxx,11,3
self-improving-agent,https://x.com/i/status/2091915697282568346,2026-08-24T15:49:02.000Z,en,85,14
self-improving-agent,https://x.com/i/status/2091907294179054066,2026-08-24T15:15:39.000Z,en,85,6
self-improving-agent,https://x.com/i/status/2091821187701883195,2026-08-24T09:33:29.000Z,en,0,0
self-improving-agent,https://x.com/i/status/2091815496479920387,2026-08-24T09:10:53.000Z,en,0,0
self-improving-agent,https://x.com/i/status/2091728192856015130,2026-08-24T03:23:58.000Z,en,1,0
self-improving-agent,https://x.com/i/status/2091683634403328046,2026-08-24T00:26:54.000Z,en,0,0
self-improving-agent,https://x.com/i/status/2091671663431565490,2026-08-23T23:39:20.000Z,en,0,0
self-improving-agent,https://x.com/i/status/2091598410004807810,2026-08-23T18:48:15.000Z,en,4,0
self-improving-agent,https://x.com/i/status/2091573735375454343,2026-08-23T17:10:12.000Z,en,0,0
self-improving-agent,https://x.com/i/status/2091541283286233261,2026-08-23T15:01:15.000Z,en,2,0
self-improving-agent,https://x.com/i/status/2091536268236615815,2026-08-23T14:41:19.000Z,zxx,12,0
self-improving-agent,https://x.com/i/status/2091520454993354984,2026-08-23T13:38:29.000Z,en,16,0
self-improving-agent,https://x.com/i/status/2091505476454281264,2026-08-23T12:38:58.000Z,en,57,9
self-improving-agent,https://x.com/i/status/2091377641274429782,2026-08-23T04:11:00.000Z,zh,106,20
self-improving-agent,https://x.com/i/status/2091208971193286942,2026-08-22T17:00:46.000Z,en,21,0
self-improving-agent,https://x.com/i/status/2091193681764045000,2026-08-22T16:00:00.000Z,en,219,40
self-improving-agent,https://x.com/i/status/2091165517398647134,2026-08-22T14:08:05.000Z,en,11,1
self-improving-agent,https://x.com/i/status/2091141238724465024,2026-08-22T12:31:37.000Z,en,1,0
self-improving-agent,https://x.com/i/status/2090996958114582728,2026-08-22T02:58:18.000Z,zxx,3,1
self-improving-agent,https://x.com/i/status/2090876686296584280,2026-08-21T19:00:23.000Z,en,1,0
self-improving-agent,https://x.com/i/status/2090829631616397505,2026-08-21T15:53:24.000Z,en,7,0
self-improving-agent,https://x.com/i/status/2090807586555822176,2026-08-21T14:25:48.000Z,zxx,0,0
self-improving-agent,https://x.com/i/status/2090786842668925372,2026-08-21T13:03:22.000Z,en,0,0
self-improving-agent,https://x.com/i/status/2090771648710656044,2026-08-21T12:03:00.000Z,en,2,0
self-improving-agent,https://x.com/i/status/2090687144176034134,2026-08-21T06:27:12.000Z,en,3,0
self-improving-agent,https://x.com/i/status/2090683515377709187,2026-08-21T06:12:47.000Z,en,0,0
self-improving-agent,https://x.com/i/status/2090646227272745079,2026-08-21T03:44:37.000Z,en,1,0
self-improving-agent,https://x.com/i/status/2090610058086289812,2026-08-21T01:20:54.000Z,en,0,0
self-improving-agent,https://x.com/i/status/2090591780874195095,2026-08-21T00:08:16.000Z,en,0,0
self-improving-agent,https://x.com/i/status/2090486563998228495,2026-08-20T17:10:10.000Z,en,1,0
self-improving-agent,https://x.com/i/status/2090457639180451982,2026-08-20T15:15:14.000Z,en,1,0
self-improving-agent,https://x.com/i/status/2090440313257009281,2026-08-20T14:06:23.000Z,en,0,0
self-improving-agent,https://x.com/i/status/2090426213030416844,2026-08-20T13:10:22.000Z,en,0,0
self-improving-agent,https://x.com/i/status/2090425201473520042,2026-08-20T13:06:20.000Z,en,4,3
self-improving-agent,https://x.com/i/status/2090403556511658058,2026-08-20T11:40:20.000Z,en,3,1
grill-me,https://x.com/i/status/2092933494515139052,2026-08-27T11:13:24.000Z,en,0,0
grill-me,https://x.com/i/status/2092932640949100645,2026-08-27T11:10:01.000Z,en,0,0
grill-me,https://x.com/i/status/2092930121527386182,2026-08-27T11:00:00.000Z,en,12,1
grill-me,https://x.com/i/status/2092927603594146029,2026-08-27T10:50:00.000Z,es,0,0
grill-me,https://x.com/i/status/2092890095682810159,2026-08-27T08:20:57.000Z,ja,157,14
grill-me,https://x.com/i/status/2092877776063803544,2026-08-27T07:32:00.000Z,zh,6,0
grill-me,https://x.com/i/status/2092874322318655687,2026-08-27T07:18:16.000Z,en,1,0
grill-me,https://x.com/i/status/2092856996089491482,2026-08-27T06:09:25.000Z,en,3,1
grill-me,https://x.com/i/status/2092841166622568498,2026-08-27T05:06:31.000Z,en,1,0
grill-me,https://x.com/i/status/2092815138785247436,2026-08-27T03:23:06.000Z,zxx,40,4
grill-me,https://x.com/i/status/2092785979837071475,2026-08-27T01:27:14.000Z,ja,1,0
grill-me,https://x.com/i/status/2092755968773747159,2026-08-26T23:27:59.000Z,en,0,0
grill-me,https://x.com/i/status/2092717323912356254,2026-08-26T20:54:25.000Z,en,0,1
grill-me,https://x.com/i/status/2092694845080969497,2026-08-26T19:25:06.000Z,en,1,0
grill-me,https://x.com/i/status/2092681586487738578,2026-08-26T18:32:25.000Z,zxx,13,0
grill-me,https://x.com/i/status/2092653074519056572,2026-08-26T16:39:07.000Z,en,2,0
grill-me,https://x.com/i/status/2092644889762599281,2026-08-26T16:06:35.000Z,en,598,77
grill-me,https://x.com/i/status/2092628438586892551,2026-08-26T15:01:13.000Z,en,4,0
grill-me,https://x.com/i/status/2092614050589147503,2026-08-26T14:04:03.000Z,en,0,0
grill-me,https://x.com/i/status/2092601251943084037,2026-08-26T13:13:11.000Z,en,29,1
grill-me,https://x.com/i/status/2092596126793003195,2026-08-26T12:52:49.000Z,ja,1,0
grill-me,https://x.com/i/status/2092580136633741708,2026-08-26T11:49:17.000Z,en,1,0
grill-me,https://x.com/i/status/2092580064290340935,2026-08-26T11:49:00.000Z,zh,5,0
grill-me,https://x.com/i/status/2092557968718090542,2026-08-26T10:21:12.000Z,en,0,0
grill-me,https://x.com/i/status/2092556921899491791,2026-08-26T10:17:02.000Z,zh,0,0
grill-me,https://x.com/i/status/2092533142930300985,2026-08-26T08:42:33.000Z,en,0,0
grill-me,https://x.com/i/status/2092510355201446253,2026-08-26T07:12:00.000Z,zxx,0,0
grill-me,https://x.com/i/status/2092509538159398968,2026-08-26T07:08:45.000Z,zh,2,0
grill-me,https://x.com/i/status/2092506856396902800,2026-08-26T06:58:06.000Z,zh,2,0
grill-me,https://x.com/i/status/2092504302669680781,2026-08-26T06:47:57.000Z,zh,17,5
grill-me,https://x.com/i/status/2092495559743730005,2026-08-26T06:13:12.000Z,zh,120,25
grill-me,https://x.com/i/status/2092445863436026273,2026-08-26T02:55:44.000Z,en,0,0
grill-me,https://x.com/i/status/2092403949181505916,2026-08-26T00:09:11.000Z,en,1038,20
grill-me,https://x.com/i/status/2092396582272729557,2026-08-25T23:39:54.000Z,ja,0,0
grill-me,https://x.com/i/status/2092354654281888005,2026-08-25T20:53:18.000Z,en,2,0
grill-me,https://x.com/i/status/2092339777836306788,2026-08-25T19:54:11.000Z,ja,3,0
grill-me,https://x.com/i/status/2092319346957730177,2026-08-25T18:33:00.000Z,en,1,0
grill-me,https://x.com/i/status/2092317378801488127,2026-08-25T18:25:11.000Z,en,1,0
grill-me,https://x.com/i/status/2092301743623163922,2026-08-25T17:23:03.000Z,es,289,19
grill-me,https://x.com/i/status/2092296333352652927,2026-08-25T17:01:33.000Z,en,3,0
grill-me,https://x.com/i/status/2092245356872429910,2026-08-25T13:38:59.000Z,en,14,3
grill-me,https://x.com/i/status/2092225683401691643,2026-08-25T12:20:49.000Z,en,0,0
grill-me,https://x.com/i/status/2092213475317842104,2026-08-25T11:32:18.000Z,en,0,0
grill-me,https://x.com/i/status/2092213473396887719,2026-08-25T11:32:18.000Z,en,1,0
grill-me,https://x.com/i/status/2092213398494752842,2026-08-25T11:32:00.000Z,zh,10,1
grill-me,https://x.com/i/status/2092186196902625513,2026-08-25T09:43:54.000Z,zh,0,0
grill-me,https://x.com/i/status/2092164743305789573,2026-08-25T08:18:40.000Z,en,0,0
grill-me,https://x.com/i/status/2092155925599805872,2026-08-25T07:43:37.000Z,in,5,2
grill-me,https://x.com/i/status/2092110219518357522,2026-08-25T04:42:00.000Z,in,10,0
grill-me,https://x.com/i/status/2092057296532599063,2026-08-25T01:11:42.000Z,en,1,0
grill-me,https://x.com/i/status/2092056267649163699,2026-08-25T01:07:37.000Z,ja,2,0
grill-me,https://x.com/i/status/2092026333865893946,2026-08-24T23:08:40.000Z,en,1,0
grill-me,https://x.com/i/status/2091994041303040298,2026-08-24T21:00:21.000Z,ja,3,0
grill-me,https://x.com/i/status/2091939061673947305,2026-08-24T17:21:53.000Z,en,0,0
grill-me,https://x.com/i/status/2091933620827037982,2026-08-24T17:00:16.000Z,en,0,0
grill-me,https://x.com/i/status/2091929663589191966,2026-08-24T16:44:32.000Z,en,0,0
grill-me,https://x.com/i/status/2091924194070053136,2026-08-24T16:22:48.000Z,en,0,0
grill-me,https://x.com/i/status/2091909174112252219,2026-08-24T15:23:07.000Z,en,0,0
grill-me,https://x.com/i/status/2091872820586545210,2026-08-24T12:58:40.000Z,en,0,0
grill-me,https://x.com/i/status/2091856501929611273,2026-08-24T11:53:49.000Z,zh,1,0
grill-me,https://x.com/i/status/2091843372520550820,2026-08-24T11:01:39.000Z,en,1,0
grill-me,https://x.com/i/status/2091840666850439293,2026-08-24T10:50:54.000Z,en,0,0
grill-me,https://x.com/i/status/2091833499850613076,2026-08-24T10:22:25.000Z,zh,0,0
grill-me,https://x.com/i/status/2091813256113324043,2026-08-24T09:01:58.000Z,en,0,0
grill-me,https://x.com/i/status/2091808248445681837,2026-08-24T08:42:05.000Z,en,1,0
grill-me,https://x.com/i/status/2091785236371603955,2026-08-24T07:10:38.000Z,zh,68,5
grill-me,https://x.com/i/status/2091779739342041224,2026-08-24T06:48:47.000Z,en,1,0
grill-me,https://x.com/i/status/2091777019164111057,2026-08-24T06:37:59.000Z,zh,1,0
grill-me,https://x.com/i/status/2091766395185017117,2026-08-24T05:55:46.000Z,in,0,0
grill-me,https://x.com/i/status/2091764751965823402,2026-08-24T05:49:14.000Z,en,46,12
grill-me,https://x.com/i/status/2091759990717476875,2026-08-24T05:30:19.000Z,en,3,0
grill-me,https://x.com/i/status/2091676175206695399,2026-08-23T23:57:16.000Z,en,2,0
grill-me,https://x.com/i/status/2091674670999523369,2026-08-23T23:51:17.000Z,in,0,0
grill-me,https://x.com/i/status/2091645845854638580,2026-08-23T21:56:45.000Z,en,0,0
grill-me,https://x.com/i/status/2091642323973165447,2026-08-23T21:42:45.000Z,zh,28,2
grill-me,https://x.com/i/status/2091638542170567117,2026-08-23T21:27:43.000Z,en,0,0
grill-me,https://x.com/i/status/2091610397203648545,2026-08-23T19:35:53.000Z,en,7,0
grill-me,https://x.com/i/status/2091608827045224789,2026-08-23T19:29:39.000Z,en,0,0
grill-me,https://x.com/i/status/2091605283986645241,2026-08-23T19:15:34.000Z,en,16,2
grill-me,https://x.com/i/status/2091593337736212681,2026-08-23T18:28:06.000Z,en,3,0
grill-me,https://x.com/i/status/2091591749642617300,2026-08-23T18:21:47.000Z,zxx,0,0
grill-me,https://x.com/i/status/2091541969143046309,2026-08-23T15:03:59.000Z,en,4,0
grill-me,https://x.com/i/status/2091540813096350032,2026-08-23T14:59:23.000Z,en,197,18
grill-me,https://x.com/i/status/2091538363576668325,2026-08-23T14:49:39.000Z,en,0,0
grill-me,https://x.com/i/status/2091535038613741970,2026-08-23T14:36:26.000Z,zh,1,0
grill-me,https://x.com/i/status/2091526173150806295,2026-08-23T14:01:13.000Z,en,1,0
grill-me,https://x.com/i/status/2091521819962679599,2026-08-23T13:43:55.000Z,ja,1,0
grill-me,https://x.com/i/status/2091508205926973887,2026-08-23T12:49:49.000Z,de,0,0
grill-me,https://x.com/i/status/2091502520967520518,2026-08-23T12:27:13.000Z,zh,59,7
grill-me,https://x.com/i/status/2091476483751686467,2026-08-23T10:43:46.000Z,en,0,0
grill-me,https://x.com/i/status/2091456417567793333,2026-08-23T09:24:01.000Z,en,0,0
grill-me,https://x.com/i/status/2091455816264245705,2026-08-23T09:21:38.000Z,en,1,0
grill-me,https://x.com/i/status/2091449684606783489,2026-08-23T08:57:16.000Z,en,0,0
grill-me,https://x.com/i/status/2091411687756943783,2026-08-23T06:26:17.000Z,en,4,0
grill-me,https://x.com/i/status/2091400933980913881,2026-08-23T05:43:33.000Z,en,2,0
grill-me,https://x.com/i/status/2091383244155424912,2026-08-23T04:33:16.000Z,zh,4,1
grill-me,https://x.com/i/status/2091353561695404171,2026-08-23T02:35:19.000Z,en,0,0
grill-me,https://x.com/i/status/2091260204830605617,2026-08-22T20:24:21.000Z,en,1,0
grill-me,https://x.com/i/status/2091244087772946878,2026-08-22T19:20:18.000Z,en,2,0
grill-me,https://x.com/i/status/2091239524873490750,2026-08-22T19:02:10.000Z,zxx,2,0
grill-with-docs,https://x.com/i/status/2092747983175758206,2026-08-26T22:56:15.000Z,en,1,0
grill-with-docs,https://x.com/i/status/2092681586487738578,2026-08-26T18:32:25.000Z,zxx,13,0
grill-with-docs,https://x.com/i/status/2092495559743730005,2026-08-26T06:13:12.000Z,zh,120,25
grill-with-docs,https://x.com/i/status/2092424722940117151,2026-08-26T01:31:43.000Z,en,3,0
grill-with-docs,https://x.com/i/status/2092188338056806775,2026-08-25T09:52:25.000Z,en,1,0
grill-with-docs,https://x.com/i/status/2092098890111865322,2026-08-25T03:56:59.000Z,en,0,0
grill-with-docs,https://x.com/i/status/2091833499850613076,2026-08-24T10:22:25.000Z,zh,0,0
grill-with-docs,https://x.com/i/status/2091434459220398476,2026-08-23T07:56:46.000Z,zxx,0,0
grill-with-docs,https://x.com/i/status/2091161310255857710,2026-08-22T13:51:22.000Z,en,0,0
grill-with-docs,https://x.com/i/status/2091044566992597114,2026-08-22T06:07:29.000Z,zh,0,0
grill-with-docs,https://x.com/i/status/2091033430737985848,2026-08-22T05:23:14.000Z,zxx,1,0
grill-with-docs,https://x.com/i/status/2091024207081783790,2026-08-22T04:46:34.000Z,ja,2,0
grill-with-docs,https://x.com/i/status/2090766275857248341,2026-08-21T11:41:39.000Z,en,0,0
grill-with-docs,https://x.com/i/status/2090651036080123987,2026-08-21T04:03:44.000Z,en,1,0
grill-with-docs,https://x.com/i/status/2090601527232647370,2026-08-21T00:47:00.000Z,zh,1,0
grill-with-docs,https://x.com/i/status/2090469996720009444,2026-08-20T16:04:20.000Z,en,1,0
grill-with-docs,https://x.com/i/status/2090446876432904646,2026-08-20T14:32:28.000Z,zh,0,1
grill-with-docs,https://x.com/i/status/2090427798674346197,2026-08-20T13:16:40.000Z,en,0,0
grill-with-docs,https://x.com/i/status/2090406896993767646,2026-08-20T11:53:36.000Z,en,0,0
self-improving,https://x.com/i/status/2092929267311272411,2026-08-27T10:56:36.000Z,en,0,0
self-improving,https://x.com/i/status/2092925640605331468,2026-08-27T10:42:12.000Z,en,1,0
self-improving,https://x.com/i/status/2092923525883424872,2026-08-27T10:33:47.000Z,de,0,0
self-improving,https://x.com/i/status/2092920134688243955,2026-08-27T10:20:19.000Z,en,1,1
self-improving,https://x.com/i/status/2092915025707159600,2026-08-27T10:00:01.000Z,en,0,0
self-improving,https://x.com/i/status/2092908677292581326,2026-08-27T09:34:47.000Z,en,6,1
self-improving,https://x.com/i/status/2092904677851484210,2026-08-27T09:18:54.000Z,en,11,1
self-improving,https://x.com/i/status/2092857245805465754,2026-08-27T06:10:25.000Z,en,0,0
self-improving,https://x.com/i/status/2092831975757562308,2026-08-27T04:30:00.000Z,en,8,2
self-improving,https://x.com/i/status/2092828109137703114,2026-08-27T04:14:38.000Z,en,14,0
self-improving,https://x.com/i/status/2092820003359695243,2026-08-27T03:42:26.000Z,en,4,0
self-improving,https://x.com/i/status/2092816489653096669,2026-08-27T03:28:28.000Z,en,119,23
self-improving,https://x.com/i/status/2092810101157671283,2026-08-27T03:03:05.000Z,zxx,0,0
self-improving,https://x.com/i/status/2092809804414910835,2026-08-27T03:01:54.000Z,en,1,0
self-improving,https://x.com/i/status/2092783109339242753,2026-08-27T01:15:49.000Z,en,0,0
self-improving,https://x.com/i/status/2092780179773091915,2026-08-27T01:04:11.000Z,ja,2,0
self-improving,https://x.com/i/status/2092770792086094268,2026-08-27T00:26:53.000Z,en,1,0
self-improving,https://x.com/i/status/2092770540134220152,2026-08-27T00:25:53.000Z,en,1,0
self-improving,https://x.com/i/status/2092765892170150225,2026-08-27T00:07:25.000Z,en,4,0
self-improving,https://x.com/i/status/2092765835446374752,2026-08-27T00:07:11.000Z,zxx,2,0
self-improving,https://x.com/i/status/2092762180169117769,2026-08-26T23:52:40.000Z,en,0,0
self-improving,https://x.com/i/status/2092762056063676747,2026-08-26T23:52:10.000Z,en,20,1
self-improving,https://x.com/i/status/2092757144051593309,2026-08-26T23:32:39.000Z,en,0,0
self-improving,https://x.com/i/status/2092733838065582534,2026-08-26T22:00:02.000Z,en,3,0
self-improving,https://x.com/i/status/2092732751661482032,2026-08-26T21:55:43.000Z,en,117,12
self-improving,https://x.com/i/status/2092731959848116429,2026-08-26T21:52:34.000Z,zxx,55,3
self-improving,https://x.com/i/status/2092720269345616314,2026-08-26T21:06:07.000Z,en,0,0
self-improving,https://x.com/i/status/2092713473943941172,2026-08-26T20:39:07.000Z,en,88,11
self-improving,https://x.com/i/status/2092702097137410477,2026-08-26T19:53:55.000Z,en,107,13
self-improving,https://x.com/i/status/2092698602401599868,2026-08-26T19:40:01.000Z,en,180,29
self-improving,https://x.com/i/status/2092677118576726380,2026-08-26T18:14:39.000Z,en,21,5
self-improving,https://x.com/i/status/2092655210338361521,2026-08-26T16:47:36.000Z,en,30,5
self-improving,https://x.com/i/status/2092643870559608986,2026-08-26T16:02:32.000Z,en,59,4
self-improving,https://x.com/i/status/2092640105676546365,2026-08-26T15:47:35.000Z,en,2,0
self-improving,https://x.com/i/status/2092638189383241823,2026-08-26T15:39:58.000Z,zh,26,8
self-improving,https://x.com/i/status/2092636777337217099,2026-08-26T15:34:21.000Z,en,0,0
self-improving,https://x.com/i/status/2092635918293197210,2026-08-26T15:30:56.000Z,ar,2,1
self-improving,https://x.com/i/status/2092634186280841706,2026-08-26T15:24:03.000Z,en,1,0
self-improving,https://x.com/i/status/2092628136517345414,2026-08-26T15:00:01.000Z,en,0,0
self-improving,https://x.com/i/status/2092600628333666386,2026-08-26T13:10:43.000Z,en,0,0
self-improving,https://x.com/i/status/2092586595501351198,2026-08-26T12:14:57.000Z,en,2,0
self-improving,https://x.com/i/status/2092583960853328040,2026-08-26T12:04:29.000Z,zh,0,0
self-improving,https://x.com/i/status/2092578774944452978,2026-08-26T11:43:52.000Z,en,0,0
self-improving,https://x.com/i/status/2092568628579184644,2026-08-26T11:03:33.000Z,en,0,0
self-improving,https://x.com/i/status/2092552901587570971,2026-08-26T10:01:04.000Z,en,0,0
self-improving,https://x.com/i/status/2092551575378014517,2026-08-26T09:55:47.000Z,en,7,1
self-improving,https://x.com/i/status/2092538153639002448,2026-08-26T09:02:27.000Z,en,0,0
self-improving,https://x.com/i/status/2092528745747755143,2026-08-26T08:25:04.000Z,en,1,0
self-improving,https://x.com/i/status/2092525308075483380,2026-08-26T08:11:25.000Z,ja,1,0
self-improving,https://x.com/i/status/2092519109791740099,2026-08-26T07:46:47.000Z,en,72,17
self-improving,https://x.com/i/status/2092512512868565374,2026-08-26T07:20:34.000Z,en,34,2
self-improving,https://x.com/i/status/2092506568700895492,2026-08-26T06:56:57.000Z,en,154,6
self-improving,https://x.com/i/status/2092491623955395068,2026-08-26T05:57:34.000Z,en,0,0
self-improving,https://x.com/i/status/2092479832059740474,2026-08-26T05:10:43.000Z,zxx,1,0
self-improving,https://x.com/i/status/2092479716301443352,2026-08-26T05:10:15.000Z,en,8,4
self-improving,https://x.com/i/status/2092472320740687977,2026-08-26T04:40:52.000Z,en,0,0
self-improving,https://x.com/i/status/2092469401555742799,2026-08-26T04:29:16.000Z,en,10,0
self-improving,https://x.com/i/status/2092448773469556880,2026-08-26T03:07:18.000Z,en,686,148
self-improving,https://x.com/i/status/2092417888158183762,2026-08-26T01:04:34.000Z,en,1,0
self-improving,https://x.com/i/status/2092411735554830427,2026-08-26T00:40:07.000Z,en,17,1
self-improving,https://x.com/i/status/2092405124601647597,2026-08-26T00:13:51.000Z,en,26,6
self-improving,https://x.com/i/status/2092401659792204074,2026-08-26T00:00:05.000Z,en,0,0
self-improving,https://x.com/i/status/2092395011216490513,2026-08-25T23:33:40.000Z,en,3,1
self-improving,https://x.com/i/status/2092381340968910922,2026-08-25T22:39:20.000Z,en,232,34
self-improving,https://x.com/i/status/2092377627109503038,2026-08-25T22:24:35.000Z,en,160,20
self-improving,https://x.com/i/status/2092372321176605061,2026-08-25T22:03:30.000Z,pt,0,0
self-improving,https://x.com/i/status/2092372282593464731,2026-08-25T22:03:21.000Z,en,1,1
self-improving,https://x.com/i/status/2092372166478348472,2026-08-25T22:02:53.000Z,en,3,0
self-improving,https://x.com/i/status/2092340181177335986,2026-08-25T19:55:47.000Z,en,0,0
self-improving,https://x.com/i/status/2092335890198663370,2026-08-25T19:38:44.000Z,en,224,19
self-improving,https://x.com/i/status/2092330781074944183,2026-08-25T19:18:26.000Z,en,19,1
self-improving,https://x.com/i/status/2092319298811544019,2026-08-25T18:32:48.000Z,en,0,0
self-improving,https://x.com/i/status/2092318029996581065,2026-08-25T18:27:46.000Z,en,2,0
self-improving,https://x.com/i/status/2092314873250365862,2026-08-25T18:15:13.000Z,en,159,21
self-improving,https://x.com/i/status/2092307430151758061,2026-08-25T17:45:39.000Z,zxx,26,1
self-improving,https://x.com/i/status/2092303274556944870,2026-08-25T17:29:08.000Z,en,0,0
self-improving,https://x.com/i/status/2092299232635928882,2026-08-25T17:13:04.000Z,en,23,4
self-improving,https://x.com/i/status/2092294521816293592,2026-08-25T16:54:21.000Z,en,0,0
self-improving,https://x.com/i/status/2092289578560352599,2026-08-25T16:34:43.000Z,en,0,0
self-improving,https://x.com/i/status/2092284353368019014,2026-08-25T16:13:57.000Z,en,20,3
self-improving,https://x.com/i/status/2092284115064180777,2026-08-25T16:13:00.000Z,en,3,1
self-improving,https://x.com/i/status/2092283307530555467,2026-08-25T16:09:47.000Z,en,1,0
self-improving,https://x.com/i/status/2092277813156225450,2026-08-25T15:47:57.000Z,en,13,1
self-improving,https://x.com/i/status/2092276932906029214,2026-08-25T15:44:28.000Z,en,4,2
self-improving,https://x.com/i/status/2092276110579110280,2026-08-25T15:41:12.000Z,en,1,0
self-improving,https://x.com/i/status/2092275205435437450,2026-08-25T15:37:36.000Z,en,2,0
self-improving,https://x.com/i/status/2092271177683313021,2026-08-25T15:21:35.000Z,en,0,0
self-improving,https://x.com/i/status/2092266841058189523,2026-08-25T15:04:22.000Z,en,0,0
self-improving,https://x.com/i/status/2092265777034347004,2026-08-25T15:00:08.000Z,en,32,1
self-improving,https://x.com/i/status/2092260466190106974,2026-08-25T14:39:02.000Z,en,296,31
self-improving,https://x.com/i/status/2092253182013460891,2026-08-25T14:10:05.000Z,en,2,0
self-improving,https://x.com/i/status/2092252932339007586,2026-08-25T14:09:05.000Z,en,0,0
self-improving,https://x.com/i/status/2092252200063959101,2026-08-25T14:06:11.000Z,en,7,0
self-improving,https://x.com/i/status/2092250661266039027,2026-08-25T14:00:04.000Z,en,129,12
self-improving,https://x.com/i/status/2092248043181445436,2026-08-25T13:49:40.000Z,en,19,4
self-improving,https://x.com/i/status/2092244845847023853,2026-08-25T13:36:57.000Z,en,65,0
self-improving,https://x.com/i/status/2092239791198753174,2026-08-25T13:16:52.000Z,en,2,0
self-improving,https://x.com/i/status/2092235569413644658,2026-08-25T13:00:06.000Z,en,17,0
self-improving,https://x.com/i/status/2092233766349775210,2026-08-25T12:52:56.000Z,en,63,19
self-improving,https://x.com/i/status/2092222137926864992,2026-08-25T12:06:43.000Z,en,260,42
frontend-design,https://x.com/i/status/2092886615559663628,2026-08-27T08:07:07.000Z,en,0,0
frontend-design,https://x.com/i/status/2092878827634696326,2026-08-27T07:36:10.000Z,zxx,1,0
frontend-design,https://x.com/i/status/2092827368985395218,2026-08-27T04:11:42.000Z,en,36,0
frontend-design,https://x.com/i/status/2092788357067583924,2026-08-27T01:36:41.000Z,en,0,0
frontend-design,https://x.com/i/status/2092788186485264522,2026-08-27T01:36:00.000Z,en,14,2
frontend-design,https://x.com/i/status/2092728605285716257,2026-08-26T21:39:15.000Z,en,5,0
frontend-design,https://x.com/i/status/2092682235375988810,2026-08-26T18:34:59.000Z,en,52,2
frontend-design,https://x.com/i/status/2092681402193969232,2026-08-26T18:31:41.000Z,en,0,0
frontend-design,https://x.com/i/status/2092628133241307210,2026-08-26T15:00:00.000Z,en,2,0
frontend-design,https://x.com/i/status/2092598914767618517,2026-08-26T13:03:54.000Z,en,0,0
frontend-design,https://x.com/i/status/2092584238084161841,2026-08-26T12:05:35.000Z,en,0,0
frontend-design,https://x.com/i/status/2092582873324806158,2026-08-26T12:00:09.000Z,en,1,0
frontend-design,https://x.com/i/status/2092553718965399931,2026-08-26T10:04:19.000Z,ja,1,0
frontend-design,https://x.com/i/status/2092546291884867632,2026-08-26T09:34:48.000Z,zxx,0,0
frontend-design,https://x.com/i/status/2092444705548288503,2026-08-26T02:51:08.000Z,zh,0,0
frontend-design,https://x.com/i/status/2092444696257937509,2026-08-26T02:51:05.000Z,zh,0,0
frontend-design,https://x.com/i/status/2092416434529816792,2026-08-26T00:58:47.000Z,en,182,14
frontend-design,https://x.com/i/status/2092413972309774339,2026-08-26T00:49:00.000Z,en,1,0
frontend-design,https://x.com/i/status/2092387884967813312,2026-08-25T23:05:21.000Z,en,4,0
frontend-design,https://x.com/i/status/2092308885575020643,2026-08-25T17:51:26.000Z,en,2,0
frontend-design,https://x.com/i/status/2092271529035989172,2026-08-25T15:22:59.000Z,en,1,0
frontend-design,https://x.com/i/status/2092265464626078181,2026-08-25T14:58:53.000Z,zxx,0,1
frontend-design,https://x.com/i/status/2092250905655812121,2026-08-25T14:01:02.000Z,en,5983,344
frontend-design,https://x.com/i/status/2092239038166061529,2026-08-25T13:13:53.000Z,en,1,0
frontend-design,https://x.com/i/status/2092228979172188321,2026-08-25T12:33:55.000Z,en,0,0
frontend-design,https://x.com/i/status/2092197043825689043,2026-08-25T10:27:01.000Z,en,7,2
frontend-design,https://x.com/i/status/2092191011632218388,2026-08-25T10:03:02.000Z,zxx,51,9
frontend-design,https://x.com/i/status/2092163033027994050,2026-08-25T08:11:52.000Z,en,0,0
frontend-design,https://x.com/i/status/2092141538281472187,2026-08-25T06:46:27.000Z,zxx,7,0
frontend-design,https://x.com/i/status/2092087317624414561,2026-08-25T03:11:00.000Z,en,2756,151
frontend-design,https://x.com/i/status/2092044292105601231,2026-08-25T00:20:02.000Z,en,2,0
frontend-design,https://x.com/i/status/2092027653482299455,2026-08-24T23:13:55.000Z,en,118,22
frontend-design,https://x.com/i/status/2092007739937435926,2026-08-24T21:54:47.000Z,en,0,0
frontend-design,https://x.com/i/status/2091925493016592457,2026-08-24T16:27:58.000Z,en,50,0
frontend-design,https://x.com/i/status/2091900124599345559,2026-08-24T14:47:09.000Z,en,73,5
frontend-design,https://x.com/i/status/2091889196453519873,2026-08-24T14:03:44.000Z,en,0,0
frontend-design,https://x.com/i/status/2091875414398717990,2026-08-24T13:08:58.000Z,en,1,0
frontend-design,https://x.com/i/status/2091865968582476213,2026-08-24T12:31:26.000Z,en,24,0
frontend-design,https://x.com/i/status/2091862336130662733,2026-08-24T12:17:00.000Z,en,145,1
frontend-design,https://x.com/i/status/2091860321963012190,2026-08-24T12:09:00.000Z,zh,0,0
frontend-design,https://x.com/i/status/2091853451181592918,2026-08-24T11:41:42.000Z,zxx,0,0
frontend-design,https://x.com/i/status/2091840989677961292,2026-08-24T10:52:11.000Z,zxx,0,0
frontend-design,https://x.com/i/status/2091833499850613076,2026-08-24T10:22:25.000Z,zh,0,0
frontend-design,https://x.com/i/status/2091702081971486837,2026-08-24T01:40:12.000Z,ja,0,0
frontend-design,https://x.com/i/status/2091671145691132174,2026-08-23T23:37:17.000Z,zxx,1,0
frontend-design,https://x.com/i/status/2091670832259223859,2026-08-23T23:36:02.000Z,ja,0,0
frontend-design,https://x.com/i/status/2091659598973546872,2026-08-23T22:51:24.000Z,ja,0,0
frontend-design,https://x.com/i/status/2091597585387491402,2026-08-23T18:44:59.000Z,en,0,0
frontend-design,https://x.com/i/status/2091591299178562023,2026-08-23T18:20:00.000Z,en,41,4
frontend-design,https://x.com/i/status/2091578073431081019,2026-08-23T17:27:27.000Z,en,2,0
frontend-design,https://x.com/i/status/2091575707642069374,2026-08-23T17:18:02.000Z,zxx,5,1
frontend-design,https://x.com/i/status/2091535101171491113,2026-08-23T14:36:41.000Z,pt,2,1
frontend-design,https://x.com/i/status/2091523345762193613,2026-08-23T13:49:58.000Z,en,39,3
frontend-design,https://x.com/i/status/2091520803179561364,2026-08-23T13:39:52.000Z,en,9,1
frontend-design,https://x.com/i/status/2091463239678706147,2026-08-23T09:51:08.000Z,en,0,0
frontend-design,https://x.com/i/status/2091346065815736497,2026-08-23T02:05:32.000Z,zxx,40,1
frontend-design,https://x.com/i/status/2091239797805228212,2026-08-22T19:03:15.000Z,zxx,0,0
frontend-design,https://x.com/i/status/2091187192106471874,2026-08-22T15:34:13.000Z,ja,102,9
frontend-design,https://x.com/i/status/2091185213959196686,2026-08-22T15:26:22.000Z,en,25,5
frontend-design,https://x.com/i/status/2091142373573018054,2026-08-22T12:36:08.000Z,en,1,0
frontend-design,https://x.com/i/status/2090988029737361563,2026-08-22T02:22:49.000Z,zxx,2,0
frontend-design,https://x.com/i/status/2090790300323402225,2026-08-21T13:17:07.000Z,en,0,0
frontend-design,https://x.com/i/status/2090775046877020190,2026-08-21T12:16:30.000Z,en,2,0
frontend-design,https://x.com/i/status/2090765270390292928,2026-08-21T11:37:39.000Z,en,4,0
frontend-design,https://x.com/i/status/2090644876010635319,2026-08-21T03:39:15.000Z,en,81,2
frontend-design,https://x.com/i/status/2090642518409199967,2026-08-21T03:29:53.000Z,zh,0,0
frontend-design,https://x.com/i/status/2090629713500745899,2026-08-21T02:39:00.000Z,zh,33,11
frontend-design,https://x.com/i/status/2090594439219785937,2026-08-21T00:18:50.000Z,zxx,39,4
frontend-design,https://x.com/i/status/2090547264385163441,2026-08-20T21:11:22.000Z,en,2,0
frontend-design,https://x.com/i/status/2090497592622731566,2026-08-20T17:54:00.000Z,en,14,2
frontend-design,https://x.com/i/status/2090399638222500024,2026-08-20T11:24:46.000Z,en,0,0
ontology,https://x.com/i/status/2092845974960177369,2026-08-27T05:25:38.000Z,zh,19,1
ontology,https://x.com/i/status/2092803473045876948,2026-08-27T02:36:45.000Z,en,1,0
ontology,https://x.com/i/status/2092794775988748516,2026-08-27T02:02:11.000Z,en,0,0
ontology,https://x.com/i/status/2092782981866045883,2026-08-27T01:15:19.000Z,en,3,0
ontology,https://x.com/i/status/2092769420875833538,2026-08-27T00:21:26.000Z,en,1,1
ontology,https://x.com/i/status/2092768289856643184,2026-08-27T00:16:56.000Z,en,0,0
ontology,https://x.com/i/status/2092759483982160057,2026-08-26T23:41:57.000Z,en,4,0
ontology,https://x.com/i/status/2092757460004032800,2026-08-26T23:33:54.000Z,zxx,0,0
ontology,https://x.com/i/status/2092727184406499712,2026-08-26T21:33:36.000Z,en,0,0
ontology,https://x.com/i/status/2092723805277843514,2026-08-26T21:20:10.000Z,en,0,0
ontology,https://x.com/i/status/2092644776935878753,2026-08-26T16:06:08.000Z,en,0,0
ontology,https://x.com/i/status/2092641235039301933,2026-08-26T15:52:04.000Z,en,0,0
ontology,https://x.com/i/status/2092628007928103308,2026-08-26T14:59:30.000Z,en,4,1
ontology,https://x.com/i/status/2092613474689986885,2026-08-26T14:01:45.000Z,en,3,0
ontology,https://x.com/i/status/2092611624175632747,2026-08-26T13:54:24.000Z,en,0,0
ontology,https://x.com/i/status/2092585760910373117,2026-08-26T12:11:38.000Z,en,1,1
ontology,https://x.com/i/status/2092558456716767504,2026-08-26T10:23:08.000Z,en,8,0
ontology,https://x.com/i/status/2092558393940615600,2026-08-26T10:22:53.000Z,en,0,0
ontology,https://x.com/i/status/2092557488147042334,2026-08-26T10:19:17.000Z,en,1,0
ontology,https://x.com/i/status/2092460500307300835,2026-08-26T03:53:53.000Z,en,8,3
ontology,https://x.com/i/status/2092460000346268066,2026-08-26T03:51:54.000Z,en,4,0
ontology,https://x.com/i/status/2092416384890515626,2026-08-26T00:58:36.000Z,zxx,4,0
ontology,https://x.com/i/status/2092360896412872867,2026-08-25T21:18:06.000Z,en,8,2
ontology,https://x.com/i/status/2092350947804807504,2026-08-25T20:38:34.000Z,en,0,0
ontology,https://x.com/i/status/2092347689522593993,2026-08-25T20:25:37.000Z,en,0,0
ontology,https://x.com/i/status/2092321764227662133,2026-08-25T18:42:36.000Z,en,0,0
ontology,https://x.com/i/status/2092321208289398784,2026-08-25T18:40:24.000Z,en,2,1
ontology,https://x.com/i/status/2092313765002047967,2026-08-25T18:10:49.000Z,zxx,2,0
ontology,https://x.com/i/status/2092307430151758061,2026-08-25T17:45:39.000Z,zxx,26,1
ontology,https://x.com/i/status/2092280307244216416,2026-08-25T15:57:52.000Z,zxx,0,0
ontology,https://x.com/i/status/2092279727147168027,2026-08-25T15:55:34.000Z,en,10,0
ontology,https://x.com/i/status/2092277953803780579,2026-08-25T15:48:31.000Z,zh,105,123
ontology,https://x.com/i/status/2092274944663298155,2026-08-25T15:36:34.000Z,en,10,0
ontology,https://x.com/i/status/2092273875128389987,2026-08-25T15:32:19.000Z,en,11,0
ontology,https://x.com/i/status/2092271353152094706,2026-08-25T15:22:17.000Z,en,461,266
ontology,https://x.com/i/status/2092267792833696164,2026-08-25T15:08:08.000Z,en,0,0
ontology,https://x.com/i/status/2092266104068473299,2026-08-25T15:01:26.000Z,en,5,1
ontology,https://x.com/i/status/2092265852502716437,2026-08-25T15:00:26.000Z,en,1,0
ontology,https://x.com/i/status/2092248406068772974,2026-08-25T13:51:06.000Z,en,0,0
ontology,https://x.com/i/status/2092235823995613452,2026-08-25T13:01:06.000Z,en,15,4
ontology,https://x.com/i/status/2092230061394919635,2026-08-25T12:38:13.000Z,en,4,0
ontology,https://x.com/i/status/2092227316726288549,2026-08-25T12:27:18.000Z,en,0,0
ontology,https://x.com/i/status/2092226636204974523,2026-08-25T12:24:36.000Z,zxx,53,28
ontology,https://x.com/i/status/2092224603208679741,2026-08-25T12:16:31.000Z,zxx,0,0
ontology,https://x.com/i/status/2092125187298779455,2026-08-25T05:41:29.000Z,en,1,0
ontology,https://x.com/i/status/2092122083220496747,2026-08-25T05:29:09.000Z,en,1,0
ontology,https://x.com/i/status/2092092101848686683,2026-08-25T03:30:00.000Z,ja,18,2
ontology,https://x.com/i/status/2092086334999400932,2026-08-25T03:07:06.000Z,en,0,0
ontology,https://x.com/i/status/2092030269733876016,2026-08-24T23:24:19.000Z,zxx,244,17
ontology,https://x.com/i/status/2092023380157313307,2026-08-24T22:56:56.000Z,en,1,1
ontology,https://x.com/i/status/2091958893815681438,2026-08-24T18:40:41.000Z,zxx,0,0
ontology,https://x.com/i/status/2091951943929536667,2026-08-24T18:13:04.000Z,en,0,0
ontology,https://x.com/i/status/2091925224329470156,2026-08-24T16:26:54.000Z,zxx,1,1
ontology,https://x.com/i/status/2091918139701473308,2026-08-24T15:58:45.000Z,en,1,1
ontology,https://x.com/i/status/2091882898152394862,2026-08-24T13:38:42.000Z,en,0,0
ontology,https://x.com/i/status/2091851013841981807,2026-08-24T11:32:01.000Z,en,0,0
ontology,https://x.com/i/status/2091844758457254047,2026-08-24T11:07:09.000Z,zxx,10,5
ontology,https://x.com/i/status/2091841889372635517,2026-08-24T10:55:45.000Z,zxx,1,1
ontology,https://x.com/i/status/2091828827336929504,2026-08-24T10:03:51.000Z,en,1,0
ontology,https://x.com/i/status/2091828534918434860,2026-08-24T10:02:41.000Z,zxx,0,0
ontology,https://x.com/i/status/2091775958227587486,2026-08-24T06:33:46.000Z,zh,1,0
ontology,https://x.com/i/status/2091767931550261728,2026-08-24T06:01:52.000Z,en,2,1
ontology,https://x.com/i/status/2091755165468840349,2026-08-24T05:11:09.000Z,ja,9,4
ontology,https://x.com/i/status/2091740169888321637,2026-08-24T04:11:33.000Z,en,0,0
ontology,https://x.com/i/status/2091737498422501677,2026-08-24T04:00:56.000Z,en,2,0
ontology,https://x.com/i/status/2091734552574300342,2026-08-24T03:49:14.000Z,zh,0,0
ontology,https://x.com/i/status/2091716781270249701,2026-08-24T02:38:37.000Z,en,1,0
ontology,https://x.com/i/status/2091689206410277333,2026-08-24T00:49:03.000Z,en,0,0
ontology,https://x.com/i/status/2091683344241344591,2026-08-24T00:25:45.000Z,en,0,0
ontology,https://x.com/i/status/2091675568345604294,2026-08-23T23:54:51.000Z,en,1,0
ontology,https://x.com/i/status/2091670163179606071,2026-08-23T23:33:22.000Z,en,55,2
ontology,https://x.com/i/status/2091624630356254842,2026-08-23T20:32:27.000Z,ar,13,1
ontology,https://x.com/i/status/2091606079461261653,2026-08-23T19:18:44.000Z,zxx,0,0
ontology,https://x.com/i/status/2091589362693636324,2026-08-23T18:12:18.000Z,en,3,0
ontology,https://x.com/i/status/2091566890510602276,2026-08-23T16:43:00.000Z,en,0,0
ontology,https://x.com/i/status/2091517123168538981,2026-08-23T13:25:15.000Z,zxx,5,0
ontology,https://x.com/i/status/2091421179089178952,2026-08-23T07:04:00.000Z,en,341,164
ontology,https://x.com/i/status/2091391691043537313,2026-08-23T05:06:49.000Z,zh,36,4
ontology,https://x.com/i/status/2091353230705906054,2026-08-23T02:34:00.000Z,en,4,0
ontology,https://x.com/i/status/2091326204179784141,2026-08-23T00:46:36.000Z,en,0,0
ontology,https://x.com/i/status/2091315994903887963,2026-08-23T00:06:02.000Z,en,1,0
ontology,https://x.com/i/status/2091288632275689794,2026-08-22T22:17:18.000Z,en,1,0
ontology,https://x.com/i/status/2091273637609521580,2026-08-22T21:17:43.000Z,en,1,0
ontology,https://x.com/i/status/2091262563644567947,2026-08-22T20:33:43.000Z,zxx,0,0
ontology,https://x.com/i/status/2091236572117262746,2026-08-22T18:50:26.000Z,en,9,0
ontology,https://x.com/i/status/2091182375568904394,2026-08-22T15:15:05.000Z,en,3,1
ontology,https://x.com/i/status/2091159998139412818,2026-08-22T13:46:10.000Z,ja,0,0
ontology,https://x.com/i/status/2091139896509423782,2026-08-22T12:26:17.000Z,en,0,0
ontology,https://x.com/i/status/2091039365212328212,2026-08-22T05:46:48.000Z,en,1,1
ontology,https://x.com/i/status/2091034908411990394,2026-08-22T05:29:06.000Z,en,0,0
ontology,https://x.com/i/status/2091003201483129166,2026-08-22T03:23:06.000Z,zxx,1,0
ontology,https://x.com/i/status/2090996958114582728,2026-08-22T02:58:18.000Z,zxx,3,1
ontology,https://x.com/i/status/2090972222525497803,2026-08-22T01:20:00.000Z,en,0,0
ontology,https://x.com/i/status/2090957189984989681,2026-08-22T00:20:16.000Z,en,7,2
ontology,https://x.com/i/status/2090910475081171311,2026-08-21T21:14:39.000Z,en,3,0
ontology,https://x.com/i/status/2090907862969000113,2026-08-21T21:04:16.000Z,en,0,0
ontology,https://x.com/i/status/2090902627064377492,2026-08-21T20:43:28.000Z,en,0,0
ontology,https://x.com/i/status/2090893317395652771,2026-08-21T20:06:28.000Z,en,328,16
ontology,https://x.com/i/status/2090863957917696333,2026-08-21T18:09:48.000Z,en,0,0
ontology,https://x.com/i/status/2090858045643358233,2026-08-21T17:46:19.000Z,zxx,2,2
improve-codebase-architecture,https://x.com/i/status/2092295961762525411,2026-08-25T17:00:04.000Z,fa,2,0
improve-codebase-architecture,https://x.com/i/status/2091950919114178879,2026-08-24T18:09:00.000Z,en,2,0
improve-codebase-architecture,https://x.com/i/status/2091861696658776220,2026-08-24T12:14:28.000Z,fr,1,0
improve-codebase-architecture,https://x.com/i/status/2091442379064586721,2026-08-23T08:28:14.000Z,en,4,0
improve-codebase-architecture,https://x.com/i/status/2091421376976724477,2026-08-23T07:04:47.000Z,en,2,0
improve-codebase-architecture,https://x.com/i/status/2091410919905755473,2026-08-23T06:23:14.000Z,en,1,0
improve-codebase-architecture,https://x.com/i/status/2091024207081783790,2026-08-22T04:46:34.000Z,ja,2,0
improve-codebase-architecture,https://x.com/i/status/2090828510743171118,2026-08-21T15:48:57.000Z,en,0,0
improve-codebase-architecture,https://x.com/i/status/2090689104413401146,2026-08-21T06:35:00.000Z,zh,0,0
improve-codebase-architecture,https://x.com/i/status/2090685267464327645,2026-08-21T06:19:45.000Z,en,8,1
improve-codebase-architecture,https://x.com/i/status/2090601527232647370,2026-08-21T00:47:00.000Z,zh,1,0
improve-codebase-architecture,https://x.com/i/status/2090546504465281444,2026-08-20T21:08:21.000Z,en,3,0
improve-codebase-architecture,https://x.com/i/status/2090469996720009444,2026-08-20T16:04:20.000Z,en,1,0
github,https://x.com/i/status/2092937463903715621,2026-08-27T11:29:10.000Z,en,0,0
github,https://x.com/i/status/2092937411227754917,2026-08-27T11:28:58.000Z,en,0,0
github,https://x.com/i/status/2092936920292618625,2026-08-27T11:27:01.000Z,en,0,0
github,https://x.com/i/status/2092936605614969087,2026-08-27T11:25:46.000Z,en,0,0
github,https://x.com/i/status/2092936521200377954,2026-08-27T11:25:26.000Z,en,1,0
github,https://x.com/i/status/2092936281294569880,2026-08-27T11:24:28.000Z,en,0,0
github,https://x.com/i/status/2092936057553846328,2026-08-27T11:23:35.000Z,en,0,0
github,https://x.com/i/status/2092935763826807093,2026-08-27T11:22:25.000Z,zh,0,0
github,https://x.com/i/status/2092935308337906010,2026-08-27T11:20:37.000Z,zh,7,0
github,https://x.com/i/status/2092934915725947225,2026-08-27T11:19:03.000Z,zxx,0,0
github,https://x.com/i/status/2092934904719856097,2026-08-27T11:19:00.000Z,en,6,0
github,https://x.com/i/status/2092934878610526601,2026-08-27T11:18:54.000Z,en,3,0
github,https://x.com/i/status/2092934781512364034,2026-08-27T11:18:31.000Z,en,0,0
github,https://x.com/i/status/2092934478805299278,2026-08-27T11:17:19.000Z,en,12,0
github,https://x.com/i/status/2092934406805545090,2026-08-27T11:17:02.000Z,en,0,0
github,https://x.com/i/status/2092934334097272865,2026-08-27T11:16:44.000Z,en,0,0
github,https://x.com/i/status/2092933790914220312,2026-08-27T11:14:35.000Z,zh,0,0
github,https://x.com/i/status/2092933788640887209,2026-08-27T11:14:34.000Z,zh,1,0
github,https://x.com/i/status/2092933170798674132,2026-08-27T11:12:07.000Z,en,0,0
github,https://x.com/i/status/2092932569511649601,2026-08-27T11:09:44.000Z,es,0,0
github,https://x.com/i/status/2092932461915455728,2026-08-27T11:09:18.000Z,en,0,0
github,https://x.com/i/status/2092932331728248843,2026-08-27T11:08:47.000Z,zh,0,0
github,https://x.com/i/status/2092932247309472197,2026-08-27T11:08:27.000Z,zh,0,0
github,https://x.com/i/status/2092932192053641681,2026-08-27T11:08:14.000Z,zh,0,0
github,https://x.com/i/status/2092931529249005746,2026-08-27T11:05:36.000Z,en,0,0
github,https://x.com/i/status/2092931221886312669,2026-08-27T11:04:22.000Z,ja,0,0
github,https://x.com/i/status/2092931117456490808,2026-08-27T11:03:57.000Z,zh,1,0
github,https://x.com/i/status/2092931098766434703,2026-08-27T11:03:53.000Z,en,0,0
github,https://x.com/i/status/2092931049957593355,2026-08-27T11:03:41.000Z,zh,0,0
github,https://x.com/i/status/2092929830904098920,2026-08-27T10:58:51.000Z,zxx,0,0
github,https://x.com/i/status/2092928875106115761,2026-08-27T10:55:03.000Z,en,0,0
github,https://x.com/i/status/2092928738551804121,2026-08-27T10:54:30.000Z,en,0,0
github,https://x.com/i/status/2092928571316842628,2026-08-27T10:53:50.000Z,en,0,0
github,https://x.com/i/status/2092928293288681846,2026-08-27T10:52:44.000Z,fr,0,0
github,https://x.com/i/status/2092928213110435899,2026-08-27T10:52:25.000Z,en,0,0
github,https://x.com/i/status/2092927993287151956,2026-08-27T10:51:32.000Z,zh,4,2
github,https://x.com/i/status/2092927901855523316,2026-08-27T10:51:11.000Z,ja,2,0
github,https://x.com/i/status/2092927486904635512,2026-08-27T10:49:32.000Z,ja,1,0
github,https://x.com/i/status/2092927221681840447,2026-08-27T10:48:29.000Z,en,2,0
github,https://x.com/i/status/2092927101037121823,2026-08-27T10:48:00.000Z,en,8,0
github,https://x.com/i/status/2092927060427825646,2026-08-27T10:47:50.000Z,zxx,1,0
github,https://x.com/i/status/2092926739269775674,2026-08-27T10:46:33.000Z,en,1,1
github,https://x.com/i/status/2092926492850405814,2026-08-27T10:45:35.000Z,en,0,0
github,https://x.com/i/status/2092925995250860482,2026-08-27T10:43:36.000Z,zh,2,0
github,https://x.com/i/status/2092925965639029194,2026-08-27T10:43:29.000Z,en,1,0
github,https://x.com/i/status/2092924181453402132,2026-08-27T10:36:24.000Z,en,0,0
github,https://x.com/i/status/2092924093427536109,2026-08-27T10:36:03.000Z,zh,1,0
github,https://x.com/i/status/2092924002780230070,2026-08-27T10:35:41.000Z,en,0,0
github,https://x.com/i/status/2092923540886712822,2026-08-27T10:33:51.000Z,es,0,0
github,https://x.com/i/status/2092923374599369003,2026-08-27T10:33:11.000Z,en,0,0
github,https://x.com/i/status/2092922855931646116,2026-08-27T10:31:08.000Z,ja,0,0
github,https://x.com/i/status/2092922628613001403,2026-08-27T10:30:13.000Z,ja,0,0
github,https://x.com/i/status/2092922055071326346,2026-08-27T10:27:57.000Z,en,1,0
github,https://x.com/i/status/2092921919997669391,2026-08-27T10:27:24.000Z,en,0,0
github,https://x.com/i/status/2092921106760142921,2026-08-27T10:24:11.000Z,en,18,6
github,https://x.com/i/status/2092920966552674649,2026-08-27T10:23:37.000Z,en,10,0
github,https://x.com/i/status/2092920573953200436,2026-08-27T10:22:04.000Z,ar,0,0
github,https://x.com/i/status/2092920382189617510,2026-08-27T10:21:18.000Z,zxx,4,2
github,https://x.com/i/status/2092920072457326890,2026-08-27T10:20:04.000Z,ko,1,1
github,https://x.com/i/status/2092919964487373011,2026-08-27T10:19:38.000Z,en,0,0
github,https://x.com/i/status/2092919673407090910,2026-08-27T10:18:29.000Z,zh,1,0
github,https://x.com/i/status/2092918861335003434,2026-08-27T10:15:15.000Z,pt,0,0
github,https://x.com/i/status/2092918452423983363,2026-08-27T10:13:38.000Z,en,31,4
github,https://x.com/i/status/2092916534138261953,2026-08-27T10:06:00.000Z,en,0,0
github,https://x.com/i/status/2092916533030764935,2026-08-27T10:06:00.000Z,en,0,0
github,https://x.com/i/status/2092916532401627609,2026-08-27T10:06:00.000Z,en,0,0
github,https://x.com/i/status/2092916478760865893,2026-08-27T10:05:47.000Z,zh,2,0
github,https://x.com/i/status/2092916313433767988,2026-08-27T10:05:08.000Z,en,1,0
github,https://x.com/i/status/2092915823279247537,2026-08-27T10:03:11.000Z,zh,0,0
github,https://x.com/i/status/2092915606630891564,2026-08-27T10:02:19.000Z,en,4,2
github,https://x.com/i/status/2092914769892430301,2026-08-27T09:59:00.000Z,ko,3,0
github,https://x.com/i/status/2092913763112415341,2026-08-27T09:55:00.000Z,ja,0,0
github,https://x.com/i/status/2092913447961010216,2026-08-27T09:53:45.000Z,ja,34,3
github,https://x.com/i/status/2092913121606463775,2026-08-27T09:52:27.000Z,zxx,0,0
github,https://x.com/i/status/2092912933474873399,2026-08-27T09:51:42.000Z,zh,1,0
github,https://x.com/i/status/2092912679874625729,2026-08-27T09:50:41.000Z,zh,0,0
github,https://x.com/i/status/2092912644965728363,2026-08-27T09:50:33.000Z,zxx,10,2
github,https://x.com/i/status/2092912417298903524,2026-08-27T09:49:39.000Z,zh,0,0
github,https://x.com/i/status/2092912168195051633,2026-08-27T09:48:39.000Z,zxx,0,0
github,https://x.com/i/status/2092912076201292120,2026-08-27T09:48:18.000Z,zh,0,0
github,https://x.com/i/status/2092911645354041842,2026-08-27T09:46:35.000Z,ja,0,0
github,https://x.com/i/status/2092911008561922204,2026-08-27T09:44:03.000Z,en,0,0
github,https://x.com/i/status/2092910857592414685,2026-08-27T09:43:27.000Z,ja,1,0
github,https://x.com/i/status/2092910420034302227,2026-08-27T09:41:43.000Z,en,2,0
github,https://x.com/i/status/2092910143390593051,2026-08-27T09:40:37.000Z,zxx,0,0
github,https://x.com/i/status/2092909743727865878,2026-08-27T09:39:01.000Z,ja,3,1
github,https://x.com/i/status/2092907651646792161,2026-08-27T09:30:43.000Z,zh,39,4
github,https://x.com/i/status/2092907471417569602,2026-08-27T09:30:00.000Z,en,0,0
github,https://x.com/i/status/2092907149194355173,2026-08-27T09:28:43.000Z,en,3,0
github,https://x.com/i/status/2092907050246492292,2026-08-27T09:28:19.000Z,ja,12,1
github,https://x.com/i/status/2092905458378113500,2026-08-27T09:22:00.000Z,en,1,1
github,https://x.com/i/status/2092905281747292459,2026-08-27T09:21:18.000Z,en,5,2
github,https://x.com/i/status/2092905149060825130,2026-08-27T09:20:46.000Z,en,32,10
github,https://x.com/i/status/2092905135647436876,2026-08-27T09:20:43.000Z,zh,1,0
github,https://x.com/i/status/2092905006710345935,2026-08-27T09:20:12.000Z,ja,0,0
github,https://x.com/i/status/2092903455262478523,2026-08-27T09:14:02.000Z,ja,3,0
github,https://x.com/i/status/2092902805841559701,2026-08-27T09:11:27.000Z,zxx,5,1
github,https://x.com/i/status/2092902683053375871,2026-08-27T09:10:58.000Z,zxx,0,0
github,https://x.com/i/status/2092902260376228052,2026-08-27T09:09:17.000Z,en,1,0
tdd,https://x.com/i/status/2092916532401627609,2026-08-27T10:06:00.000Z,en,0,0
tdd,https://x.com/i/status/2092862639172972676,2026-08-27T06:31:51.000Z,en,0,0
tdd,https://x.com/i/status/2092859296879202536,2026-08-27T06:18:34.000Z,ja,6,1
tdd,https://x.com/i/status/2092856999277187333,2026-08-27T06:09:26.000Z,en,0,0
tdd,https://x.com/i/status/2092787251281334593,2026-08-27T01:32:17.000Z,zh,18,1
tdd,https://x.com/i/status/2092751516880760890,2026-08-26T23:10:17.000Z,en,12,1
tdd,https://x.com/i/status/2092749464436187221,2026-08-26T23:02:08.000Z,ja,3,0
tdd,https://x.com/i/status/2092714030427455908,2026-08-26T20:41:20.000Z,en,0,0
tdd,https://x.com/i/status/2092681586487738578,2026-08-26T18:32:25.000Z,zxx,13,0
tdd,https://x.com/i/status/2092671594963390741,2026-08-26T17:52:42.000Z,en,2,0
tdd,https://x.com/i/status/2092638643039154269,2026-08-26T15:41:46.000Z,zh,10,1
tdd,https://x.com/i/status/2092590537245184066,2026-08-26T12:30:37.000Z,en,1,0
tdd,https://x.com/i/status/2092553890839572651,2026-08-26T10:05:00.000Z,en,1,0
tdd,https://x.com/i/status/2092495559743730005,2026-08-26T06:13:12.000Z,zh,120,25
tdd,https://x.com/i/status/2092488002555838493,2026-08-26T05:43:11.000Z,zh,237,50
tdd,https://x.com/i/status/2092455679198105972,2026-08-26T03:34:44.000Z,zh,21,2
tdd,https://x.com/i/status/2092453002548580767,2026-08-26T03:24:06.000Z,ja,29,3
tdd,https://x.com/i/status/2092452419536146710,2026-08-26T03:21:47.000Z,en,3,0
tdd,https://x.com/i/status/2092444705548288503,2026-08-26T02:51:08.000Z,zh,0,0
tdd,https://x.com/i/status/2092444703706980448,2026-08-26T02:51:07.000Z,zh,1,0
tdd,https://x.com/i/status/2092444685285675015,2026-08-26T02:51:03.000Z,zh,1,0
tdd,https://x.com/i/status/2092436179228713122,2026-08-26T02:17:15.000Z,zh,62,6
tdd,https://x.com/i/status/2092424439417704795,2026-08-26T01:30:36.000Z,en,0,0
tdd,https://x.com/i/status/2092401222850658808,2026-08-25T23:58:21.000Z,ja,0,0
tdd,https://x.com/i/status/2092275755388412127,2026-08-25T15:39:47.000Z,en,0,0
tdd,https://x.com/i/status/2092275753136107535,2026-08-25T15:39:46.000Z,en,0,0
tdd,https://x.com/i/status/2092272791361814851,2026-08-25T15:28:00.000Z,en,1,0
tdd,https://x.com/i/status/2092256036233310687,2026-08-25T14:21:25.000Z,zxx,0,0
tdd,https://x.com/i/status/2092230071540994557,2026-08-25T12:38:15.000Z,en,8,1
tdd,https://x.com/i/status/2092215447210889330,2026-08-25T11:40:08.000Z,en,0,0
tdd,https://x.com/i/status/2092213473396887719,2026-08-25T11:32:18.000Z,en,1,0
tdd,https://x.com/i/status/2092209814122467739,2026-08-25T11:17:45.000Z,zxx,2,0
tdd,https://x.com/i/status/2092208335403507898,2026-08-25T11:11:53.000Z,en,0,0
tdd,https://x.com/i/status/2092197827384664355,2026-08-25T10:30:07.000Z,en,0,0
tdd,https://x.com/i/status/2092185139942175129,2026-08-25T09:39:42.000Z,en,5,0
tdd,https://x.com/i/status/2092170304340869494,2026-08-25T08:40:45.000Z,zh,0,0
tdd,https://x.com/i/status/2092106368694325455,2026-08-25T04:26:42.000Z,zxx,0,0
tdd,https://x.com/i/status/2092077512767725684,2026-08-25T02:32:02.000Z,en,1,0
tdd,https://x.com/i/status/2092060489798783244,2026-08-25T01:24:24.000Z,es,16,0
tdd,https://x.com/i/status/2092043134892945830,2026-08-25T00:15:26.000Z,zh,1,0
tdd,https://x.com/i/status/2092033378258219096,2026-08-24T23:36:40.000Z,es,376,31
tdd,https://x.com/i/status/2091983682273718302,2026-08-24T20:19:11.000Z,en,1,0
tdd,https://x.com/i/status/2091971568700137672,2026-08-24T19:31:03.000Z,en,0,0
tdd,https://x.com/i/status/2091950919114178879,2026-08-24T18:09:00.000Z,en,2,0
tdd,https://x.com/i/status/2091948025853943917,2026-08-24T17:57:30.000Z,zxx,21,3
tdd,https://x.com/i/status/2091940368808104405,2026-08-24T17:27:04.000Z,en,1,0
tdd,https://x.com/i/status/2091929191881355463,2026-08-24T16:42:40.000Z,en,1,0
tdd,https://x.com/i/status/2091911809645039969,2026-08-24T15:33:35.000Z,en,23,1
tdd,https://x.com/i/status/2091894779273445411,2026-08-24T14:25:55.000Z,en,0,0
tdd,https://x.com/i/status/2091892708801675562,2026-08-24T14:17:41.000Z,ko,3,0
tdd,https://x.com/i/status/2091886684086444302,2026-08-24T13:53:45.000Z,en,1,1
tdd,https://x.com/i/status/2091858273607786908,2026-08-24T12:00:51.000Z,en,1,0
tdd,https://x.com/i/status/2091833499850613076,2026-08-24T10:22:25.000Z,zh,0,0
tdd,https://x.com/i/status/2091830985864483040,2026-08-24T10:12:26.000Z,ja,1,0
tdd,https://x.com/i/status/2091812035277578556,2026-08-24T08:57:07.000Z,en,1,0
tdd,https://x.com/i/status/2091779739342041224,2026-08-24T06:48:47.000Z,en,1,0
tdd,https://x.com/i/status/2091740520200487300,2026-08-24T04:12:57.000Z,zh,21,1
tdd,https://x.com/i/status/2091731753786581490,2026-08-24T03:38:07.000Z,en,3,1
tdd,https://x.com/i/status/2091646710166814894,2026-08-23T22:00:11.000Z,en,8,1
tdd,https://x.com/i/status/2091577034359099486,2026-08-23T17:23:19.000Z,es,565,86
tdd,https://x.com/i/status/2091564037750378515,2026-08-23T16:31:40.000Z,en,2,0
tdd,https://x.com/i/status/2091551745688338516,2026-08-23T15:42:49.000Z,en,0,0
tdd,https://x.com/i/status/2091526304432799855,2026-08-23T14:01:44.000Z,en,1,0
tdd,https://x.com/i/status/2091502520967520518,2026-08-23T12:27:13.000Z,zh,59,7
tdd,https://x.com/i/status/2091479549993537624,2026-08-23T10:55:57.000Z,zh,2,0
tdd,https://x.com/i/status/2091418118375473516,2026-08-23T06:51:50.000Z,en,104,6
tdd,https://x.com/i/status/2091243911448600926,2026-08-22T19:19:36.000Z,en,2,2
tdd,https://x.com/i/status/2091216329525043679,2026-08-22T17:30:00.000Z,es,0,0
tdd,https://x.com/i/status/2091215953010774247,2026-08-22T17:28:30.000Z,en,23,2
tdd,https://x.com/i/status/2091210357297606659,2026-08-22T17:06:16.000Z,en,10,2
tdd,https://x.com/i/status/2091187225883255108,2026-08-22T15:34:21.000Z,en,0,0
tdd,https://x.com/i/status/2091177719149232170,2026-08-22T14:56:35.000Z,ja,0,0
tdd,https://x.com/i/status/2091168625856327789,2026-08-22T14:20:27.000Z,ja,1,0
tdd,https://x.com/i/status/2091162287239311841,2026-08-22T13:55:15.000Z,en,37,7
tdd,https://x.com/i/status/2091153622633464212,2026-08-22T13:20:50.000Z,en,1,0
tdd,https://x.com/i/status/2091141060613525974,2026-08-22T12:30:55.000Z,ja,2,0
tdd,https://x.com/i/status/2091134835624751401,2026-08-22T12:06:10.000Z,zh,244,40
tdd,https://x.com/i/status/2091107003720757317,2026-08-22T10:15:35.000Z,zh,290,48
tdd,https://x.com/i/status/2091100086667190721,2026-08-22T09:48:06.000Z,tr,0,0
tdd,https://x.com/i/status/2091099308687040577,2026-08-22T09:45:00.000Z,zh,0,0
tdd,https://x.com/i/status/2091088541854171196,2026-08-22T09:02:13.000Z,zh,2,0
tdd,https://x.com/i/status/2091060972907860388,2026-08-22T07:12:40.000Z,en,3,1
tdd,https://x.com/i/status/2091060027440386326,2026-08-22T07:08:55.000Z,en,4,1
tdd,https://x.com/i/status/2091042736287666535,2026-08-22T06:00:12.000Z,en,0,0
tdd,https://x.com/i/status/2091042402350051413,2026-08-22T05:58:53.000Z,zh,27,7
tdd,https://x.com/i/status/2091033430737985848,2026-08-22T05:23:14.000Z,zxx,1,0
tdd,https://x.com/i/status/2091024207081783790,2026-08-22T04:46:34.000Z,ja,2,0
tdd,https://x.com/i/status/2091012125242384724,2026-08-22T03:58:34.000Z,zh,25,1
tdd,https://x.com/i/status/2090988029737361563,2026-08-22T02:22:49.000Z,zxx,2,0
tdd,https://x.com/i/status/2090957698749595881,2026-08-22T00:22:18.000Z,en,2,0
tdd,https://x.com/i/status/2090953445868257514,2026-08-22T00:05:24.000Z,ja,1,0
tdd,https://x.com/i/status/2090911198342733891,2026-08-21T21:17:31.000Z,en,4,0
tdd,https://x.com/i/status/2090906501103943682,2026-08-21T20:58:51.000Z,en,27,2
tdd,https://x.com/i/status/2090867295727833418,2026-08-21T18:23:04.000Z,ar,5,0
tdd,https://x.com/i/status/2090865948584763572,2026-08-21T18:17:43.000Z,en,1,0
tdd,https://x.com/i/status/2090845377108836486,2026-08-21T16:55:58.000Z,en,0,0
tdd,https://x.com/i/status/2090830845368295540,2026-08-21T15:58:13.000Z,en,1,0
tdd,https://x.com/i/status/2090830258576445473,2026-08-21T15:55:54.000Z,en,0,0
tdd,https://x.com/i/status/2090828510743171118,2026-08-21T15:48:57.000Z,en,0,0
tdd,https://x.com/i/status/2090825239718490455,2026-08-21T15:35:57.000Z,es,0,0
gog,https://x.com/i/status/2092765152198168617,2026-08-27T00:04:28.000Z,en,0,0
gog,https://x.com/i/status/2092643235403272699,2026-08-26T16:00:01.000Z,en,1,0
gog,https://x.com/i/status/2092641785092714913,2026-08-26T15:54:15.000Z,zxx,10,3
gog,https://x.com/i/status/2092628800768983388,2026-08-26T15:02:39.000Z,en,0,0
gog,https://x.com/i/status/2092500858667680186,2026-08-26T06:34:16.000Z,en,2,1
gog,https://x.com/i/status/2092363456024588446,2026-08-25T21:28:16.000Z,en,2,0
gog,https://x.com/i/status/2092356914051273190,2026-08-25T21:02:17.000Z,zxx,4,1
gog,https://x.com/i/status/2092347728491872303,2026-08-25T20:25:47.000Z,pl,29,0
gog,https://x.com/i/status/2092344682068013178,2026-08-25T20:13:40.000Z,en,1,0
gog,https://x.com/i/status/2092006174149562437,2026-08-24T21:48:34.000Z,en,1,0
gog,https://x.com/i/status/2091882890938196262,2026-08-24T13:38:41.000Z,en,0,0
gog,https://x.com/i/status/2091879503421198656,2026-08-24T13:25:13.000Z,en,1,0
gog,https://x.com/i/status/2090626953397076331,2026-08-21T02:28:02.000Z,en,1,0
gog,https://x.com/i/status/2090570418314706969,2026-08-20T22:43:23.000Z,en,0,0
gog,https://x.com/i/status/2090545022789648796,2026-08-20T21:02:28.000Z,en,0,0
gog,https://x.com/i/status/2090486864499048729,2026-08-20T17:11:22.000Z,en,1,0
gog,https://x.com/i/status/2090472086741381516,2026-08-20T16:12:39.000Z,en,0,0
gog,https://x.com/i/status/2090456880909009261,2026-08-20T15:12:13.000Z,zh,0,0
agent-browser,https://x.com/i/status/2092937701628551470,2026-08-27T11:30:07.000Z,en,0,0
agent-browser,https://x.com/i/status/2092920134688243955,2026-08-27T10:20:19.000Z,en,1,1
agent-browser,https://x.com/i/status/2092915075556241750,2026-08-27T10:00:13.000Z,en,1,0
agent-browser,https://x.com/i/status/2092915063052972152,2026-08-27T10:00:10.000Z,en,5,0
agent-browser,https://x.com/i/status/2092838193603231891,2026-08-27T04:54:43.000Z,iw,0,0
agent-browser,https://x.com/i/status/2092824875610366392,2026-08-27T04:01:47.000Z,zh,5,0
agent-browser,https://x.com/i/status/2092821544959447522,2026-08-27T03:48:33.000Z,zxx,131,26
agent-browser,https://x.com/i/status/2092767148850778344,2026-08-27T00:12:24.000Z,en,0,0
agent-browser,https://x.com/i/status/2092764452617928789,2026-08-27T00:01:41.000Z,en,1,0
agent-browser,https://x.com/i/status/2092730717377589437,2026-08-26T21:47:38.000Z,en,2,0
agent-browser,https://x.com/i/status/2092714404727132649,2026-08-26T20:42:49.000Z,en,16,1
agent-browser,https://x.com/i/status/2092674303275761712,2026-08-26T18:03:28.000Z,zxx,4,0
agent-browser,https://x.com/i/status/2092652263340654678,2026-08-26T16:35:53.000Z,en,18,1
agent-browser,https://x.com/i/status/2092643917720342992,2026-08-26T16:02:44.000Z,zh,2,1
agent-browser,https://x.com/i/status/2092614314586984845,2026-08-26T14:05:06.000Z,en,12,5
agent-browser,https://x.com/i/status/2092599024251527322,2026-08-26T13:04:20.000Z,en,0,0
agent-browser,https://x.com/i/status/2092595463476117646,2026-08-26T12:50:11.000Z,en,2,0
agent-browser,https://x.com/i/status/2092580064432988660,2026-08-26T11:49:00.000Z,zh,2,0
agent-browser,https://x.com/i/status/2092557318726562286,2026-08-26T10:18:37.000Z,en,0,0
agent-browser,https://x.com/i/status/2092554949511262605,2026-08-26T10:09:12.000Z,zh,0,0
agent-browser,https://x.com/i/status/2092547694699139138,2026-08-26T09:40:22.000Z,zh,499,51
agent-browser,https://x.com/i/status/2092466958608355758,2026-08-26T04:19:33.000Z,en,0,0
agent-browser,https://x.com/i/status/2092465373618860115,2026-08-26T04:13:15.000Z,en,9,0
agent-browser,https://x.com/i/status/2092450602068644335,2026-08-26T03:14:34.000Z,en,3,0
agent-browser,https://x.com/i/status/2092444774771159217,2026-08-26T02:51:24.000Z,en,0,0
agent-browser,https://x.com/i/status/2092422532607410402,2026-08-26T01:23:01.000Z,en,18,3
agent-browser,https://x.com/i/status/2092413440589775182,2026-08-26T00:46:54.000Z,ja,0,0
agent-browser,https://x.com/i/status/2092405830209745080,2026-08-26T00:16:39.000Z,en,2,0
agent-browser,https://x.com/i/status/2092405646301819141,2026-08-26T00:15:55.000Z,pt,5,1
agent-browser,https://x.com/i/status/2092404737132109885,2026-08-26T00:12:18.000Z,en,11,0
agent-browser,https://x.com/i/status/2092396409815507220,2026-08-25T23:39:13.000Z,ja,1,0
agent-browser,https://x.com/i/status/2092330683209265155,2026-08-25T19:18:03.000Z,en,0,0
agent-browser,https://x.com/i/status/2092319210395545951,2026-08-25T18:32:27.000Z,ja,1,1
agent-browser,https://x.com/i/status/2092315619727229049,2026-08-25T18:18:11.000Z,ja,2,0
agent-browser,https://x.com/i/status/2092303508938928187,2026-08-25T17:30:04.000Z,en,15,0
agent-browser,https://x.com/i/status/2092277312733729028,2026-08-25T15:45:58.000Z,en,0,0
agent-browser,https://x.com/i/status/2092276076009390134,2026-08-25T15:41:03.000Z,en,20,3
agent-browser,https://x.com/i/status/2092267175876661261,2026-08-25T15:05:41.000Z,en,1,0
agent-browser,https://x.com/i/status/2092258814200623157,2026-08-25T14:32:28.000Z,en,3,0
agent-browser,https://x.com/i/status/2092249874276503847,2026-08-25T13:56:56.000Z,en,2,0
agent-browser,https://x.com/i/status/2092248697279046143,2026-08-25T13:52:16.000Z,en,0,0
agent-browser,https://x.com/i/status/2092228979172188321,2026-08-25T12:33:55.000Z,en,0,0
agent-browser,https://x.com/i/status/2092228964253069759,2026-08-25T12:33:51.000Z,zxx,31,3
agent-browser,https://x.com/i/status/2092166901623410809,2026-08-25T08:27:14.000Z,en,1,0
agent-browser,https://x.com/i/status/2092165647287583190,2026-08-25T08:22:15.000Z,en,1,0
agent-browser,https://x.com/i/status/2092155291681136954,2026-08-25T07:41:06.000Z,en,45,24
agent-browser,https://x.com/i/status/2092121599772398028,2026-08-25T05:27:13.000Z,en,16,0
agent-browser,https://x.com/i/status/2092115688299405559,2026-08-25T05:03:44.000Z,en,9,0
agent-browser,https://x.com/i/status/2092099863462953358,2026-08-25T04:00:51.000Z,en,13,6
agent-browser,https://x.com/i/status/2092052919080341974,2026-08-25T00:54:19.000Z,en,3,0
agent-browser,https://x.com/i/status/2092024237792153631,2026-08-24T23:00:20.000Z,en,8,7
agent-browser,https://x.com/i/status/2092009581228831187,2026-08-24T22:02:06.000Z,en,1,0
agent-browser,https://x.com/i/status/2092005574216942005,2026-08-24T21:46:11.000Z,en,327,8
agent-browser,https://x.com/i/status/2091935919184199799,2026-08-24T17:09:24.000Z,ja,2,0
agent-browser,https://x.com/i/status/2091926024590348564,2026-08-24T16:30:05.000Z,en,20,0
agent-browser,https://x.com/i/status/2091868583878172710,2026-08-24T12:41:50.000Z,en,54,26
agent-browser,https://x.com/i/status/2091862937497407557,2026-08-24T12:19:23.000Z,en,1,0
agent-browser,https://x.com/i/status/2091827070888218974,2026-08-24T09:56:52.000Z,en,0,0
agent-browser,https://x.com/i/status/2091758062709453044,2026-08-24T05:22:39.000Z,en,0,0
agent-browser,https://x.com/i/status/2091754595861373248,2026-08-24T05:08:53.000Z,en,0,0
agent-browser,https://x.com/i/status/2091737569557926305,2026-08-24T04:01:13.000Z,en,0,0
agent-browser,https://x.com/i/status/2091721019824443570,2026-08-24T02:55:28.000Z,en,0,0
agent-browser,https://x.com/i/status/2091719965871423694,2026-08-24T02:51:16.000Z,zh,73,4
agent-browser,https://x.com/i/status/2091674327553048682,2026-08-23T23:49:55.000Z,en,2,0
agent-browser,https://x.com/i/status/2091653221487902725,2026-08-23T22:26:03.000Z,en,0,0
agent-browser,https://x.com/i/status/2091641105481597292,2026-08-23T21:37:55.000Z,en,4,0
agent-browser,https://x.com/i/status/2091535101171491113,2026-08-23T14:36:41.000Z,pt,2,1
agent-browser,https://x.com/i/status/2091486653953028241,2026-08-23T11:24:10.000Z,en,2,0
agent-browser,https://x.com/i/status/2091427304312565775,2026-08-23T07:28:20.000Z,en,44,16
agent-browser,https://x.com/i/status/2091418118375473516,2026-08-23T06:51:50.000Z,en,104,6
agent-browser,https://x.com/i/status/2091415310330900817,2026-08-23T06:40:41.000Z,en,1,0
agent-browser,https://x.com/i/status/2091407515389235461,2026-08-23T06:09:42.000Z,en,0,0
agent-browser,https://x.com/i/status/2091381632338960563,2026-08-23T04:26:51.000Z,en,1,0
agent-browser,https://x.com/i/status/2091374125487120465,2026-08-23T03:57:02.000Z,en,2,0
agent-browser,https://x.com/i/status/2091232852314583453,2026-08-22T18:35:39.000Z,en,1,0
agent-browser,https://x.com/i/status/2091224512775827725,2026-08-22T18:02:31.000Z,en,0,0
agent-browser,https://x.com/i/status/2091222552907862087,2026-08-22T17:54:44.000Z,en,2,0
agent-browser,https://x.com/i/status/2091215758026330474,2026-08-22T17:27:44.000Z,en,1,0
agent-browser,https://x.com/i/status/2091195009068400965,2026-08-22T16:05:17.000Z,en,0,0
agent-browser,https://x.com/i/status/2091179915542724695,2026-08-22T15:05:18.000Z,en,20,12
agent-browser,https://x.com/i/status/2091179630958907580,2026-08-22T15:04:10.000Z,es,315,78
agent-browser,https://x.com/i/status/2091166938349117934,2026-08-22T14:13:44.000Z,en,0,0
agent-browser,https://x.com/i/status/2091164795869249695,2026-08-22T14:05:13.000Z,en,0,0
agent-browser,https://x.com/i/status/2091159424752578959,2026-08-22T13:43:53.000Z,en,1,0
agent-browser,https://x.com/i/status/2091146172069208363,2026-08-22T12:51:13.000Z,zh,0,0
agent-browser,https://x.com/i/status/2091141666136826204,2026-08-22T12:33:19.000Z,en,0,0
agent-browser,https://x.com/i/status/2091140202769400102,2026-08-22T12:27:30.000Z,ja,1,0
agent-browser,https://x.com/i/status/2091053183363936627,2026-08-22T06:41:43.000Z,en,0,0
agent-browser,https://x.com/i/status/2090989340436660456,2026-08-22T02:28:02.000Z,en,2,0
agent-browser,https://x.com/i/status/2090988029737361563,2026-08-22T02:22:49.000Z,zxx,2,0
agent-browser,https://x.com/i/status/2090983091838021696,2026-08-22T02:03:12.000Z,ja,2,1
agent-browser,https://x.com/i/status/2090929628793962777,2026-08-21T22:30:45.000Z,en,0,0
agent-browser,https://x.com/i/status/2090926506658644119,2026-08-21T22:18:21.000Z,en,2,1
agent-browser,https://x.com/i/status/2090922602961465829,2026-08-21T22:02:50.000Z,ja,1,0
agent-browser,https://x.com/i/status/2090922389937041786,2026-08-21T22:01:59.000Z,en,0,0
agent-browser,https://x.com/i/status/2090921889879511074,2026-08-21T22:00:00.000Z,en,9,4
agent-browser,https://x.com/i/status/2090854614639968599,2026-08-21T17:32:40.000Z,en,3,0
agent-browser,https://x.com/i/status/2090829494747582754,2026-08-21T15:52:51.000Z,en,62,3
agent-browser,https://x.com/i/status/2090827623656198148,2026-08-21T15:45:25.000Z,en,0,0
agent-browser,https://x.com/i/status/2090820011430465600,2026-08-21T15:15:10.000Z,en,1,0
setup-matt-pocock-skills,https://x.com/i/status/2092495559743730005,2026-08-26T06:13:12.000Z,zh,120,25
proactive-agent,https://x.com/i/status/2092863083882389789,2026-08-27T06:33:37.000Z,en,1,0
proactive-agent,https://x.com/i/status/2092789055322763333,2026-08-27T01:39:27.000Z,en,83,0
proactive-agent,https://x.com/i/status/2092705793724305886,2026-08-26T20:08:36.000Z,en,38,1
proactive-agent,https://x.com/i/status/2092683880059027691,2026-08-26T18:41:31.000Z,en,0,0
proactive-agent,https://x.com/i/status/2092663441806991683,2026-08-26T17:20:18.000Z,en,0,0
proactive-agent,https://x.com/i/status/2092592436250087631,2026-08-26T12:38:09.000Z,en,173,49
proactive-agent,https://x.com/i/status/2092591851236679712,2026-08-26T12:35:50.000Z,en,0,0
proactive-agent,https://x.com/i/status/2092591629576327238,2026-08-26T12:34:57.000Z,en,0,0
proactive-agent,https://x.com/i/status/2092589901300867256,2026-08-26T12:28:05.000Z,en,1,0
proactive-agent,https://x.com/i/status/2092494347094966338,2026-08-26T06:08:23.000Z,en,0,0
proactive-agent,https://x.com/i/status/2092426017118028266,2026-08-26T01:36:52.000Z,en,127,4
proactive-agent,https://x.com/i/status/2092306939237867676,2026-08-25T17:43:42.000Z,en,36,2
proactive-agent,https://x.com/i/status/2092249732668436866,2026-08-25T13:56:23.000Z,en,0,0
proactive-agent,https://x.com/i/status/2091903471968497888,2026-08-24T15:00:28.000Z,en,0,0
proactive-agent,https://x.com/i/status/2091890893355925922,2026-08-24T14:10:29.000Z,en,0,0
proactive-agent,https://x.com/i/status/2091880136819745051,2026-08-24T13:27:44.000Z,en,0,0
proactive-agent,https://x.com/i/status/2091216259165610364,2026-08-22T17:29:43.000Z,en,1,0
proactive-agent,https://x.com/i/status/2091185117242830925,2026-08-22T15:25:58.000Z,en,2,0
proactive-agent,https://x.com/i/status/2091031974769021351,2026-08-22T05:17:26.000Z,en,0,0
proactive-agent,https://x.com/i/status/2090902896640663688,2026-08-21T20:44:32.000Z,en,1,0
proactive-agent,https://x.com/i/status/2090642544401187236,2026-08-21T03:29:59.000Z,en,0,0
proactive-agent,https://x.com/i/status/2090627889146560882,2026-08-21T02:31:45.000Z,en,1,0
proactive-agent,https://x.com/i/status/2090609902427275364,2026-08-21T01:20:17.000Z,en,0,0
proactive-agent,https://x.com/i/status/2090569508654321993,2026-08-20T22:39:46.000Z,en,3,0
proactive-agent,https://x.com/i/status/2090558873262231679,2026-08-20T21:57:30.000Z,en,0,0
proactive-agent,https://x.com/i/status/2090530167412359519,2026-08-20T20:03:26.000Z,en,1,0
proactive-agent,https://x.com/i/status/2090530163754979357,2026-08-20T20:03:25.000Z,en,0,0
proactive-agent,https://x.com/i/status/2090530160613429493,2026-08-20T20:03:25.000Z,en,0,0
proactive-agent,https://x.com/i/status/2090502543482778010,2026-08-20T18:13:40.000Z,en,0,0
proactive-agent,https://x.com/i/status/2090491399817105645,2026-08-20T17:29:23.000Z,en,50,10
handoff,https://x.com/i/status/2092936521200377954,2026-08-27T11:25:26.000Z,en,1,0
handoff,https://x.com/i/status/2092936083566719257,2026-08-27T11:23:41.000Z,zxx,1,0
handoff,https://x.com/i/status/2092934913666285646,2026-08-27T11:19:02.000Z,en,1,0
handoff,https://x.com/i/status/2092934724952138047,2026-08-27T11:18:17.000Z,en,0,0
handoff,https://x.com/i/status/2092934445405724781,2026-08-27T11:17:11.000Z,en,0,0
handoff,https://x.com/i/status/2092932461571506393,2026-08-27T11:09:18.000Z,en,0,0
handoff,https://x.com/i/status/2092930948648063110,2026-08-27T11:03:17.000Z,zxx,4,0
handoff,https://x.com/i/status/2092930121527386182,2026-08-27T11:00:00.000Z,en,12,1
handoff,https://x.com/i/status/2092929023768981598,2026-08-27T10:55:38.000Z,en,0,0
handoff,https://x.com/i/status/2092925412095451240,2026-08-27T10:41:17.000Z,en,0,0
handoff,https://x.com/i/status/2092923051981656241,2026-08-27T10:31:54.000Z,en,0,0
handoff,https://x.com/i/status/2092917720547500258,2026-08-27T10:10:43.000Z,zxx,0,0
handoff,https://x.com/i/status/2092914853044273544,2026-08-27T09:59:20.000Z,in,0,0
handoff,https://x.com/i/status/2092912567123341784,2026-08-27T09:50:15.000Z,en,66,1
handoff,https://x.com/i/status/2092908855252619617,2026-08-27T09:35:30.000Z,en,1,0
handoff,https://x.com/i/status/2092902061390135650,2026-08-27T09:08:30.000Z,en,2,1
handoff,https://x.com/i/status/2092900028818051168,2026-08-27T09:00:25.000Z,en,0,0
handoff,https://x.com/i/status/2092900004252070078,2026-08-27T09:00:19.000Z,en,0,0
handoff,https://x.com/i/status/2092897974451941464,2026-08-27T08:52:15.000Z,en,0,0
handoff,https://x.com/i/status/2092889593959813351,2026-08-27T08:18:57.000Z,en,1,0
handoff,https://x.com/i/status/2092888777400406389,2026-08-27T08:15:43.000Z,en,11,0
handoff,https://x.com/i/status/2092887339081023796,2026-08-27T08:10:00.000Z,en,0,0
handoff,https://x.com/i/status/2092886252525883587,2026-08-27T08:05:41.000Z,en,0,0
handoff,https://x.com/i/status/2092885628656717897,2026-08-27T08:03:12.000Z,en,0,0
handoff,https://x.com/i/status/2092884847677079811,2026-08-27T08:00:06.000Z,en,0,0
handoff,https://x.com/i/status/2092877954250592713,2026-08-27T07:32:42.000Z,en,0,0
handoff,https://x.com/i/status/2092876419789373679,2026-08-27T07:26:36.000Z,en,0,0
handoff,https://x.com/i/status/2092869987488637191,2026-08-27T07:01:03.000Z,en,0,0
handoff,https://x.com/i/status/2092869433459171368,2026-08-27T06:58:51.000Z,en,0,0
handoff,https://x.com/i/status/2092869411048972394,2026-08-27T06:58:45.000Z,en,0,0
handoff,https://x.com/i/status/2092868604647575835,2026-08-27T06:55:33.000Z,en,0,0
handoff,https://x.com/i/status/2092867212638056876,2026-08-27T06:50:01.000Z,zxx,53,7
handoff,https://x.com/i/status/2092867170438930695,2026-08-27T06:49:51.000Z,en,0,0
handoff,https://x.com/i/status/2092865809299476767,2026-08-27T06:44:27.000Z,zxx,141,13
handoff,https://x.com/i/status/2092862410562420923,2026-08-27T06:30:56.000Z,en,0,0
handoff,https://x.com/i/status/2092862180769366407,2026-08-27T06:30:02.000Z,en,1,0
handoff,https://x.com/i/status/2092841258674786474,2026-08-27T05:06:53.000Z,en,0,0
handoff,https://x.com/i/status/2092840229631909906,2026-08-27T05:02:48.000Z,en,0,0
handoff,https://x.com/i/status/2092838389644943389,2026-08-27T04:55:29.000Z,en,0,0
handoff,https://x.com/i/status/2092837014332748207,2026-08-27T04:50:01.000Z,en,0,0
handoff,https://x.com/i/status/2092832328116539522,2026-08-27T04:31:24.000Z,en,0,0
handoff,https://x.com/i/status/2092830169488572770,2026-08-27T04:22:49.000Z,en,0,0
handoff,https://x.com/i/status/2092824583401591289,2026-08-27T04:00:38.000Z,en,5,0
handoff,https://x.com/i/status/2092824260389556673,2026-08-27T03:59:21.000Z,en,40,3
handoff,https://x.com/i/status/2092818206100426873,2026-08-27T03:35:17.000Z,en,1,0
handoff,https://x.com/i/status/2092816889617453436,2026-08-27T03:30:03.000Z,en,2,0
handoff,https://x.com/i/status/2092815131571007783,2026-08-27T03:23:04.000Z,en,0,0
handoff,https://x.com/i/status/2092805643870597372,2026-08-27T02:45:22.000Z,en,0,0
handoff,https://x.com/i/status/2092802961684717590,2026-08-27T02:34:43.000Z,en,0,0
handoff,https://x.com/i/status/2092791168014959012,2026-08-27T01:47:51.000Z,en,0,0
handoff,https://x.com/i/status/2092789676696625585,2026-08-27T01:41:55.000Z,en,0,0
handoff,https://x.com/i/status/2092776174275772736,2026-08-27T00:48:16.000Z,zxx,0,0
handoff,https://x.com/i/status/2092775325566390709,2026-08-27T00:44:54.000Z,en,0,0
handoff,https://x.com/i/status/2092773978813469131,2026-08-27T00:39:33.000Z,zxx,0,0
handoff,https://x.com/i/status/2092773796822598029,2026-08-27T00:38:49.000Z,en,0,0
handoff,https://x.com/i/status/2092759448557142377,2026-08-26T23:41:48.000Z,zxx,0,0
handoff,https://x.com/i/status/2092757552870387752,2026-08-26T23:34:16.000Z,en,0,0
handoff,https://x.com/i/status/2092755330841407946,2026-08-26T23:25:27.000Z,en,1,0
handoff,https://x.com/i/status/2092749798738698458,2026-08-26T23:03:28.000Z,en,1,0
handoff,https://x.com/i/status/2092741918908178817,2026-08-26T22:32:09.000Z,en,0,0
handoff,https://x.com/i/status/2092739205231529988,2026-08-26T22:21:22.000Z,zxx,0,0
handoff,https://x.com/i/status/2092737512070394349,2026-08-26T22:14:38.000Z,en,0,0
handoff,https://x.com/i/status/2092737424841478398,2026-08-26T22:14:17.000Z,en,0,0
handoff,https://x.com/i/status/2092736155129422098,2026-08-26T22:09:15.000Z,en,1,0
handoff,https://x.com/i/status/2092735759870484784,2026-08-26T22:07:40.000Z,en,0,0
handoff,https://x.com/i/status/2092733465980445026,2026-08-26T21:58:34.000Z,en,12,1
handoff,https://x.com/i/status/2092730064051777679,2026-08-26T21:45:02.000Z,en,0,0
handoff,https://x.com/i/status/2092728435521269855,2026-08-26T21:38:34.000Z,zxx,21,11
handoff,https://x.com/i/status/2092722702654242890,2026-08-26T21:15:47.000Z,en,0,0
handoff,https://x.com/i/status/2092721790254497904,2026-08-26T21:12:10.000Z,en,2,0
handoff,https://x.com/i/status/2092721053474701413,2026-08-26T21:09:14.000Z,en,0,0
handoff,https://x.com/i/status/2092720737669067235,2026-08-26T21:07:59.000Z,zxx,0,0
handoff,https://x.com/i/status/2092720417714639157,2026-08-26T21:06:43.000Z,en,1,0
handoff,https://x.com/i/status/2092719009548615856,2026-08-26T21:01:07.000Z,en,0,0
handoff,https://x.com/i/status/2092716454777131380,2026-08-26T20:50:58.000Z,en,6,0
handoff,https://x.com/i/status/2092712053769220582,2026-08-26T20:33:28.000Z,en,0,0
handoff,https://x.com/i/status/2092710997098180839,2026-08-26T20:29:17.000Z,en,2452,445
handoff,https://x.com/i/status/2092707121364385882,2026-08-26T20:13:53.000Z,zxx,0,0
handoff,https://x.com/i/status/2092703874662424691,2026-08-26T20:00:58.000Z,en,0,0
handoff,https://x.com/i/status/2092703816714010958,2026-08-26T20:00:45.000Z,en,42,3
handoff,https://x.com/i/status/2092701031612264956,2026-08-26T19:49:41.000Z,en,0,0
handoff,https://x.com/i/status/2092700002095100299,2026-08-26T19:45:35.000Z,en,0,0
handoff,https://x.com/i/status/2092699990988607884,2026-08-26T19:45:32.000Z,en,0,0
handoff,https://x.com/i/status/2092693165207679347,2026-08-26T19:18:25.000Z,en,6,0
handoff,https://x.com/i/status/2092692075238072828,2026-08-26T19:14:05.000Z,en,1,0
handoff,https://x.com/i/status/2092691946712289478,2026-08-26T19:13:35.000Z,en,0,0
handoff,https://x.com/i/status/2092688897558089897,2026-08-26T19:01:28.000Z,en,415,49
handoff,https://x.com/i/status/2092688879451021395,2026-08-26T19:01:23.000Z,en,12,3
handoff,https://x.com/i/status/2092685934932234710,2026-08-26T18:49:41.000Z,en,0,0
handoff,https://x.com/i/status/2092685276720119858,2026-08-26T18:47:04.000Z,en,2,0
handoff,https://x.com/i/status/2092683801658818687,2026-08-26T18:41:13.000Z,en,0,0
handoff,https://x.com/i/status/2092683750400520456,2026-08-26T18:41:00.000Z,en,81,1
handoff,https://x.com/i/status/2092682242518597662,2026-08-26T18:35:01.000Z,en,0,0
handoff,https://x.com/i/status/2092681127911682057,2026-08-26T18:30:35.000Z,en,29,1
handoff,https://x.com/i/status/2092681016414491003,2026-08-26T18:30:09.000Z,en,0,0
handoff,https://x.com/i/status/2092676822206906414,2026-08-26T18:13:29.000Z,en,98,5
handoff,https://x.com/i/status/2092675813925958043,2026-08-26T18:09:28.000Z,en,1,0
handoff,https://x.com/i/status/2092672926038344061,2026-08-26T17:58:00.000Z,en,1,1
handoff,https://x.com/i/status/2092670530880954862,2026-08-26T17:48:29.000Z,zxx,4,0
handoff,https://x.com/i/status/2092667896782598532,2026-08-26T17:38:01.000Z,en,0,0
weather,https://x.com/i/status/2092937743949013243,2026-08-27T11:30:17.000Z,en,2,0
weather,https://x.com/i/status/2092917432478204337,2026-08-27T10:09:35.000Z,en,0,0
weather,https://x.com/i/status/2092913867420561908,2026-08-27T09:55:25.000Z,en,3,1
weather,https://x.com/i/status/2092907658529407339,2026-08-27T09:30:44.000Z,en,3,0
weather,https://x.com/i/status/2092903906837766645,2026-08-27T09:15:50.000Z,en,1,0
weather,https://x.com/i/status/2092895157116903460,2026-08-27T08:41:04.000Z,en,0,0
weather,https://x.com/i/status/2092892657173377086,2026-08-27T08:31:08.000Z,en,1,0
weather,https://x.com/i/status/2092886266639704575,2026-08-27T08:05:44.000Z,en,0,0
weather,https://x.com/i/status/2092877903466008757,2026-08-27T07:32:30.000Z,zxx,1,0
weather,https://x.com/i/status/2092867252777333151,2026-08-27T06:50:11.000Z,en,0,0
weather,https://x.com/i/status/2092866868612587763,2026-08-27T06:48:39.000Z,en,1,0
weather,https://x.com/i/status/2092854460435607794,2026-08-27T05:59:21.000Z,zxx,7,0
weather,https://x.com/i/status/2092831919339958433,2026-08-27T04:29:47.000Z,zxx,0,0
weather,https://x.com/i/status/2092830375722779056,2026-08-27T04:23:39.000Z,en,0,0
weather,https://x.com/i/status/2092829319110537500,2026-08-27T04:19:27.000Z,en,0,0
weather,https://x.com/i/status/2092827559251587427,2026-08-27T04:12:27.000Z,en,0,0
weather,https://x.com/i/status/2092823444312469639,2026-08-27T03:56:06.000Z,en,0,0
weather,https://x.com/i/status/2092820262513176985,2026-08-27T03:43:27.000Z,en,0,0
weather,https://x.com/i/status/2092818145979322399,2026-08-27T03:35:03.000Z,en,7,5
weather,https://x.com/i/status/2092799497243922930,2026-08-27T02:20:57.000Z,en,0,0
weather,https://x.com/i/status/2092794775988748516,2026-08-27T02:02:11.000Z,en,0,0
weather,https://x.com/i/status/2092784927230341422,2026-08-27T01:23:03.000Z,en,1,0
weather,https://x.com/i/status/2092784688574439774,2026-08-27T01:22:06.000Z,en,0,0
weather,https://x.com/i/status/2092784009919303952,2026-08-27T01:19:24.000Z,zxx,1,0
weather,https://x.com/i/status/2092779972956192879,2026-08-27T01:03:22.000Z,en,1,0
weather,https://x.com/i/status/2092777734900535684,2026-08-27T00:54:28.000Z,en,1,0
weather,https://x.com/i/status/2092777714537423082,2026-08-27T00:54:23.000Z,en,1,0
weather,https://x.com/i/status/2092772506012729718,2026-08-27T00:33:41.000Z,en,7,3
weather,https://x.com/i/status/2092765835446374752,2026-08-27T00:07:11.000Z,zxx,2,0
weather,https://x.com/i/status/2092764919594959139,2026-08-27T00:03:33.000Z,en,0,0
weather,https://x.com/i/status/2092762196065317290,2026-08-26T23:52:43.000Z,en,4,0
weather,https://x.com/i/status/2092753658563715220,2026-08-26T23:18:48.000Z,en,0,0
weather,https://x.com/i/status/2092749900911968672,2026-08-26T23:03:52.000Z,en,0,0
weather,https://x.com/i/status/2092743408385245631,2026-08-26T22:38:04.000Z,en,2,0
weather,https://x.com/i/status/2092739348550598761,2026-08-26T22:21:56.000Z,en,0,0
weather,https://x.com/i/status/2092737848403525754,2026-08-26T22:15:58.000Z,en,1,0
weather,https://x.com/i/status/2092737112063782953,2026-08-26T22:13:03.000Z,en,0,0
weather,https://x.com/i/status/2092731664375939303,2026-08-26T21:51:24.000Z,en,7,1
weather,https://x.com/i/status/2092723848688910445,2026-08-26T21:20:21.000Z,en,0,0
weather,https://x.com/i/status/2092720906716278893,2026-08-26T21:08:39.000Z,en,0,0
weather,https://x.com/i/status/2092719410117300451,2026-08-26T21:02:42.000Z,en,16,7
weather,https://x.com/i/status/2092712843237868011,2026-08-26T20:36:37.000Z,en,7,0
weather,https://x.com/i/status/2092709352641847771,2026-08-26T20:22:44.000Z,en,3,0
weather,https://x.com/i/status/2092704887163310323,2026-08-26T20:05:00.000Z,en,1,0
weather,https://x.com/i/status/2092693262582919668,2026-08-26T19:18:48.000Z,en,0,0
weather,https://x.com/i/status/2092688425686340070,2026-08-26T18:59:35.000Z,en,0,0
weather,https://x.com/i/status/2092687913305903172,2026-08-26T18:57:33.000Z,en,0,0
weather,https://x.com/i/status/2092679025567097006,2026-08-26T18:22:14.000Z,en,1,0
weather,https://x.com/i/status/2092677479249088779,2026-08-26T18:16:05.000Z,en,0,1
weather,https://x.com/i/status/2092666809983938705,2026-08-26T17:33:42.000Z,en,3,2
weather,https://x.com/i/status/2092665678780153898,2026-08-26T17:29:12.000Z,zxx,4,0
weather,https://x.com/i/status/2092661662599766409,2026-08-26T17:13:14.000Z,en,12,1
weather,https://x.com/i/status/2092659221577810056,2026-08-26T17:03:32.000Z,en,0,0
weather,https://x.com/i/status/2092658932280086867,2026-08-26T17:02:23.000Z,en,5,2
weather,https://x.com/i/status/2092658593426485674,2026-08-26T17:01:03.000Z,en,1,0
weather,https://x.com/i/status/2092658389880893525,2026-08-26T17:00:14.000Z,en,1,0
weather,https://x.com/i/status/2092656468797382730,2026-08-26T16:52:36.000Z,en,0,0
weather,https://x.com/i/status/2092650780893364649,2026-08-26T16:30:00.000Z,en,0,0
weather,https://x.com/i/status/2092650274171023630,2026-08-26T16:27:59.000Z,zxx,53,24
weather,https://x.com/i/status/2092648559749574865,2026-08-26T16:21:10.000Z,en,0,0
weather,https://x.com/i/status/2092648511837819110,2026-08-26T16:20:59.000Z,zxx,0,0
weather,https://x.com/i/status/2092640532715516383,2026-08-26T15:49:17.000Z,zxx,1,0
weather,https://x.com/i/status/2092638536994587038,2026-08-26T15:41:21.000Z,en,2345,135
weather,https://x.com/i/status/2092635656866459701,2026-08-26T15:29:54.000Z,en,106,7
weather,https://x.com/i/status/2092634663198060577,2026-08-26T15:25:57.000Z,en,0,0
weather,https://x.com/i/status/2092630151138046073,2026-08-26T15:08:01.000Z,en,1,0
weather,https://x.com/i/status/2092623263931183214,2026-08-26T14:40:39.000Z,en,1,0
weather,https://x.com/i/status/2092622618843087210,2026-08-26T14:38:06.000Z,en,3,0
weather,https://x.com/i/status/2092621355975889233,2026-08-26T14:33:04.000Z,en,2,0
weather,https://x.com/i/status/2092617907939217658,2026-08-26T14:19:22.000Z,en,0,0
weather,https://x.com/i/status/2092608943273255349,2026-08-26T13:43:45.000Z,ja,0,0
weather,https://x.com/i/status/2092605554816581816,2026-08-26T13:30:17.000Z,en,30,1
weather,https://x.com/i/status/2092602818393760072,2026-08-26T13:19:25.000Z,en,8,0
weather,https://x.com/i/status/2092602297427657067,2026-08-26T13:17:21.000Z,zxx,1,0
weather,https://x.com/i/status/2092602090698748210,2026-08-26T13:16:31.000Z,zxx,2,0
weather,https://x.com/i/status/2092596415843139920,2026-08-26T12:53:58.000Z,en,0,0
weather,https://x.com/i/status/2092595720444653590,2026-08-26T12:51:12.000Z,en,107,25
weather,https://x.com/i/status/2092591418749657536,2026-08-26T12:34:07.000Z,en,1,0
weather,https://x.com/i/status/2092583807128129657,2026-08-26T12:03:52.000Z,en,0,0
weather,https://x.com/i/status/2092583784839528534,2026-08-26T12:03:47.000Z,en,5,0
weather,https://x.com/i/status/2092583047652635117,2026-08-26T12:00:51.000Z,zxx,2,1
weather,https://x.com/i/status/2092565696643219614,2026-08-26T10:51:54.000Z,en,0,0
weather,https://x.com/i/status/2092557104779333762,2026-08-26T10:17:46.000Z,zxx,2,0
weather,https://x.com/i/status/2092556414665605314,2026-08-26T10:15:01.000Z,zxx,0,0
weather,https://x.com/i/status/2092552740002025930,2026-08-26T10:00:25.000Z,en,0,0
weather,https://x.com/i/status/2092533718434861345,2026-08-26T08:44:50.000Z,en,1,0
weather,https://x.com/i/status/2092529197604364589,2026-08-26T08:26:52.000Z,zxx,0,0
weather,https://x.com/i/status/2092521991266086960,2026-08-26T07:58:14.000Z,en,0,0
weather,https://x.com/i/status/2092520011256758277,2026-08-26T07:50:22.000Z,ja,0,0
weather,https://x.com/i/status/2092518851061727628,2026-08-26T07:45:45.000Z,en,1,0
weather,https://x.com/i/status/2092500026375200779,2026-08-26T06:30:57.000Z,en,0,0
weather,https://x.com/i/status/2092482110351179947,2026-08-26T05:19:46.000Z,en,5,1
weather,https://x.com/i/status/2092481224912847336,2026-08-26T05:16:15.000Z,en,1,0
weather,https://x.com/i/status/2092476007034876068,2026-08-26T04:55:31.000Z,zxx,0,0
weather,https://x.com/i/status/2092472375438725527,2026-08-26T04:41:05.000Z,en,1,0
weather,https://x.com/i/status/2092467531592429717,2026-08-26T04:21:50.000Z,en,1,0
weather,https://x.com/i/status/2092456184939000060,2026-08-26T03:36:45.000Z,en,0,0
weather,https://x.com/i/status/2092448511392456944,2026-08-26T03:06:15.000Z,en,0,0
weather,https://x.com/i/status/2092418801375523176,2026-08-26T01:08:12.000Z,zxx,0,0
triage,https://x.com/i/status/2092937781299327478,2026-08-27T11:30:26.000Z,zxx,0,0
triage,https://x.com/i/status/2092937119182590277,2026-08-27T11:27:48.000Z,en,0,0
triage,https://x.com/i/status/2092936521200377954,2026-08-27T11:25:26.000Z,en,1,0
triage,https://x.com/i/status/2092918633441964253,2026-08-27T10:14:21.000Z,en,1,1
triage,https://x.com/i/status/2092915124726337784,2026-08-27T10:00:24.000Z,en,1,0
triage,https://x.com/i/status/2092912168195051633,2026-08-27T09:48:39.000Z,zxx,0,0
triage,https://x.com/i/status/2092908715041005678,2026-08-27T09:34:56.000Z,en,0,0
triage,https://x.com/i/status/2092908440582496765,2026-08-27T09:33:51.000Z,en,2,0
triage,https://x.com/i/status/2092901868879888826,2026-08-27T09:07:44.000Z,en,18,4
triage,https://x.com/i/status/2092900688603054201,2026-08-27T09:03:03.000Z,zxx,0,0
triage,https://x.com/i/status/2092889670149402971,2026-08-27T08:19:16.000Z,en,7,0
triage,https://x.com/i/status/2092889338883293650,2026-08-27T08:17:57.000Z,en,0,0
triage,https://x.com/i/status/2092886462647689358,2026-08-27T08:06:31.000Z,zxx,5,1
triage,https://x.com/i/status/2092885181090738668,2026-08-27T08:01:25.000Z,en,0,0
triage,https://x.com/i/status/2092880294164701274,2026-08-27T07:42:00.000Z,zxx,1,0
triage,https://x.com/i/status/2092870796481823187,2026-08-27T07:04:16.000Z,en,0,0
triage,https://x.com/i/status/2092865809299476767,2026-08-27T06:44:27.000Z,zxx,142,13
triage,https://x.com/i/status/2092862733737693672,2026-08-27T06:32:13.000Z,en,0,0
triage,https://x.com/i/status/2092861597136072863,2026-08-27T06:27:42.000Z,en,0,0
triage,https://x.com/i/status/2092856818779513325,2026-08-27T06:08:43.000Z,en,0,0
triage,https://x.com/i/status/2092855110787530944,2026-08-27T06:01:56.000Z,th,0,0
triage,https://x.com/i/status/2092842808218702028,2026-08-27T05:13:03.000Z,zh,2,0
triage,https://x.com/i/status/2092840229631909906,2026-08-27T05:02:48.000Z,en,0,0
triage,https://x.com/i/status/2092820689095143668,2026-08-27T03:45:09.000Z,en,0,0
triage,https://x.com/i/status/2092817097306874077,2026-08-27T03:30:53.000Z,en,2,1
triage,https://x.com/i/status/2092814567185527276,2026-08-27T03:20:50.000Z,en,0,0
triage,https://x.com/i/status/2092794225868079448,2026-08-27T02:00:00.000Z,en,6,1
triage,https://x.com/i/status/2092794225565827104,2026-08-27T02:00:00.000Z,en,30,5
triage,https://x.com/i/status/2092779125832630609,2026-08-27T01:00:00.000Z,en,1,0
triage,https://x.com/i/status/2092771309159690301,2026-08-27T00:28:56.000Z,en,0,0
triage,https://x.com/i/status/2092767051156717900,2026-08-27T00:12:01.000Z,en,7,0
triage,https://x.com/i/status/2092764362729812359,2026-08-27T00:01:20.000Z,en,4,0
triage,https://x.com/i/status/2092739127431098413,2026-08-26T22:21:03.000Z,en,0,0
triage,https://x.com/i/status/2092737493112148323,2026-08-26T22:14:34.000Z,en,0,0
triage,https://x.com/i/status/2092727350781763828,2026-08-26T21:34:16.000Z,zxx,0,0
triage,https://x.com/i/status/2092725409745879312,2026-08-26T21:26:33.000Z,en,14,0
triage,https://x.com/i/status/2092721034550255839,2026-08-26T21:09:10.000Z,ja,51,1
triage,https://x.com/i/status/2092720586011402594,2026-08-26T21:07:23.000Z,en,44,4
triage,https://x.com/i/status/2092718095504941171,2026-08-26T20:57:29.000Z,en,3,1
triage,https://x.com/i/status/2092708922788303067,2026-08-26T20:21:02.000Z,zxx,10,1
triage,https://x.com/i/status/2092708876294533514,2026-08-26T20:20:51.000Z,en,2,1
triage,https://x.com/i/status/2092706389604892763,2026-08-26T20:10:58.000Z,en,1,0
triage,https://x.com/i/status/2092704374749303010,2026-08-26T20:02:58.000Z,en,2,0
triage,https://x.com/i/status/2092691928316072132,2026-08-26T19:13:30.000Z,zxx,3,1
triage,https://x.com/i/status/2092690117378888024,2026-08-26T19:06:18.000Z,en,1,0
triage,https://x.com/i/status/2092687570672968073,2026-08-26T18:56:11.000Z,en,1,0
triage,https://x.com/i/status/2092687046900908124,2026-08-26T18:54:06.000Z,en,24,3
triage,https://x.com/i/status/2092684064595845362,2026-08-26T18:42:15.000Z,en,6,0
triage,https://x.com/i/status/2092677118576726380,2026-08-26T18:14:39.000Z,en,21,5
triage,https://x.com/i/status/2092670530880954862,2026-08-26T17:48:29.000Z,zxx,4,0
triage,https://x.com/i/status/2092669125508436316,2026-08-26T17:42:54.000Z,en,1,0
triage,https://x.com/i/status/2092667279196525056,2026-08-26T17:35:33.000Z,en,0,0
triage,https://x.com/i/status/2092663339029569769,2026-08-26T17:19:54.000Z,zxx,9,1
triage,https://x.com/i/status/2092653573729374388,2026-08-26T16:41:06.000Z,en,0,0
triage,https://x.com/i/status/2092645962246496628,2026-08-26T16:10:51.000Z,zxx,7,0
triage,https://x.com/i/status/2092644804500807906,2026-08-26T16:06:15.000Z,en,0,0
triage,https://x.com/i/status/2092643242600788383,2026-08-26T16:00:03.000Z,en,8,1
triage,https://x.com/i/status/2092638882256887872,2026-08-26T15:42:43.000Z,zxx,29,2
triage,https://x.com/i/status/2092635757819146606,2026-08-26T15:30:18.000Z,en,0,0
triage,https://x.com/i/status/2092635688696954916,2026-08-26T15:30:02.000Z,en,0,0
triage,https://x.com/i/status/2092634511934890327,2026-08-26T15:25:21.000Z,zxx,0,0
triage,https://x.com/i/status/2092632122888732972,2026-08-26T15:15:51.000Z,en,161,23
triage,https://x.com/i/status/2092629365045559547,2026-08-26T15:04:54.000Z,zxx,388,27
triage,https://x.com/i/status/2092628007928103308,2026-08-26T14:59:30.000Z,en,4,1
triage,https://x.com/i/status/2092616267307929825,2026-08-26T14:12:51.000Z,zxx,2,0
triage,https://x.com/i/status/2092615278039331259,2026-08-26T14:08:55.000Z,zxx,0,0
triage,https://x.com/i/status/2092612545077252356,2026-08-26T13:58:04.000Z,zxx,0,0
triage,https://x.com/i/status/2092597936580391392,2026-08-26T13:00:01.000Z,en,2,0
triage,https://x.com/i/status/2092593376994660858,2026-08-26T12:41:54.000Z,en,29,5
triage,https://x.com/i/status/2092582808787038683,2026-08-26T11:59:54.000Z,zxx,16,0
triage,https://x.com/i/status/2092581340013011068,2026-08-26T11:54:04.000Z,en,0,0
triage,https://x.com/i/status/2092578123225174297,2026-08-26T11:41:17.000Z,en,14,3
triage,https://x.com/i/status/2092575543950541029,2026-08-26T11:31:02.000Z,en,2,0
triage,https://x.com/i/status/2092574228260282472,2026-08-26T11:25:48.000Z,en,0,0
triage,https://x.com/i/status/2092565723701039269,2026-08-26T10:52:01.000Z,en,1,0
triage,https://x.com/i/status/2092565720261358056,2026-08-26T10:52:00.000Z,en,2,0
triage,https://x.com/i/status/2092561743864066496,2026-08-26T10:36:12.000Z,en,0,0
triage,https://x.com/i/status/2092554437088936086,2026-08-26T10:07:10.000Z,en,0,0
triage,https://x.com/i/status/2092552653846761884,2026-08-26T10:00:05.000Z,en,0,0
triage,https://x.com/i/status/2092552191081083072,2026-08-26T09:58:14.000Z,en,5,0
triage,https://x.com/i/status/2092535999570079961,2026-08-26T08:53:54.000Z,en,1,0
triage,https://x.com/i/status/2092533906369347685,2026-08-26T08:45:35.000Z,ko,0,0
triage,https://x.com/i/status/2092526421650386971,2026-08-26T08:15:50.000Z,en,0,0
triage,https://x.com/i/status/2092523878778036729,2026-08-26T08:05:44.000Z,en,0,0
triage,https://x.com/i/status/2092516331354513779,2026-08-26T07:35:45.000Z,en,1,0
triage,https://x.com/i/status/2092511812164149487,2026-08-26T07:17:47.000Z,en,0,0
triage,https://x.com/i/status/2092503470821494899,2026-08-26T06:44:38.000Z,en,1,0
triage,https://x.com/i/status/2092499854320898057,2026-08-26T06:30:16.000Z,en,2,0
triage,https://x.com/i/status/2092497326388711667,2026-08-26T06:20:13.000Z,en,0,0
triage,https://x.com/i/status/2092495559743730005,2026-08-26T06:13:12.000Z,zh,120,25
triage,https://x.com/i/status/2092485544144166920,2026-08-26T05:33:24.000Z,en,3,0
triage,https://x.com/i/status/2092470664892715448,2026-08-26T04:34:17.000Z,en,0,0
triage,https://x.com/i/status/2092463838691996051,2026-08-26T04:07:09.000Z,en,0,0
triage,https://x.com/i/status/2092462540114784759,2026-08-26T04:02:00.000Z,zh,0,0
triage,https://x.com/i/status/2092455706582499815,2026-08-26T03:34:51.000Z,en,1389,17
triage,https://x.com/i/status/2092454717460779248,2026-08-26T03:30:55.000Z,en,0,0
triage,https://x.com/i/status/2092445106083426634,2026-08-26T02:52:43.000Z,en,0,0
triage,https://x.com/i/status/2092444287686607161,2026-08-26T02:49:28.000Z,en,0,0
triage,https://x.com/i/status/2092443654296342915,2026-08-26T02:46:57.000Z,en,33,5
multi-search-engine,https://x.com/i/status/2092893379118113060,2026-08-27T08:34:00.000Z,zh,8,0
vercel-react-best-practices,https://x.com/i/status/2092228979172188321,2026-08-25T12:33:55.000Z,en,0,0
vercel-react-best-practices,https://x.com/i/status/2090988029737361563,2026-08-22T02:22:49.000Z,zxx,2,0
prototype,https://x.com/i/status/2092938459300176140,2026-08-27T11:33:08.000Z,en,0,0
prototype,https://x.com/i/status/2092934544303223172,2026-08-27T11:17:34.000Z,en,0,0
prototype,https://x.com/i/status/2092933178042278177,2026-08-27T11:12:09.000Z,en,0,0
prototype,https://x.com/i/status/2092930625778983295,2026-08-27T11:02:00.000Z,en,0,0
prototype,https://x.com/i/status/2092928805618983397,2026-08-27T10:54:46.000Z,en,1,0
prototype,https://x.com/i/status/2092922761333157964,2026-08-27T10:30:45.000Z,en,0,0
prototype,https://x.com/i/status/2092920382189617510,2026-08-27T10:21:18.000Z,zxx,4,2
prototype,https://x.com/i/status/2092918301508944181,2026-08-27T10:13:02.000Z,en,0,0
prototype,https://x.com/i/status/2092917720547500258,2026-08-27T10:10:43.000Z,zxx,0,0
prototype,https://x.com/i/status/2092913910101754344,2026-08-27T09:55:35.000Z,en,1,0
prototype,https://x.com/i/status/2092913732774990132,2026-08-27T09:54:53.000Z,en,0,0
prototype,https://x.com/i/status/2092912174578753887,2026-08-27T09:48:41.000Z,zxx,3,0
prototype,https://x.com/i/status/2092903648162685355,2026-08-27T09:14:48.000Z,en,2,0
prototype,https://x.com/i/status/2092900025433002003,2026-08-27T09:00:24.000Z,en,1,1
prototype,https://x.com/i/status/2092900022996156689,2026-08-27T09:00:24.000Z,en,1,1
prototype,https://x.com/i/status/2092898648178757878,2026-08-27T08:54:56.000Z,en,1,1
prototype,https://x.com/i/status/2092892567369318775,2026-08-27T08:30:46.000Z,en,0,0
prototype,https://x.com/i/status/2092892187100910028,2026-08-27T08:29:16.000Z,en,1,0
prototype,https://x.com/i/status/2092891416565629006,2026-08-27T08:26:12.000Z,zxx,1,0
prototype,https://x.com/i/status/2092881668939870686,2026-08-27T07:47:28.000Z,en,1,1
prototype,https://x.com/i/status/2092881447585530013,2026-08-27T07:46:35.000Z,en,0,0
prototype,https://x.com/i/status/2092879520252694742,2026-08-27T07:38:56.000Z,en,0,0
prototype,https://x.com/i/status/2092874996116799610,2026-08-27T07:20:57.000Z,en,1,0
prototype,https://x.com/i/status/2092874840180936760,2026-08-27T07:20:20.000Z,en,0,0
prototype,https://x.com/i/status/2092856655125901578,2026-08-27T06:08:04.000Z,zxx,1,0
prototype,https://x.com/i/status/2092836342472606146,2026-08-27T04:47:21.000Z,en,0,0
prototype,https://x.com/i/status/2092835632460796198,2026-08-27T04:44:32.000Z,zh,29,2
prototype,https://x.com/i/status/2092829340681834749,2026-08-27T04:19:32.000Z,en,1,0
prototype,https://x.com/i/status/2092825893601530199,2026-08-27T04:05:50.000Z,en,0,0
prototype,https://x.com/i/status/2092809645886726575,2026-08-27T03:01:16.000Z,en,1,0
prototype,https://x.com/i/status/2092807477633163487,2026-08-27T02:52:39.000Z,ja,1,0
prototype,https://x.com/i/status/2092806100668092924,2026-08-27T02:47:11.000Z,en,0,0
prototype,https://x.com/i/status/2092793219100926290,2026-08-27T01:56:00.000Z,en,0,0
prototype,https://x.com/i/status/2092783832361545773,2026-08-27T01:18:42.000Z,en,0,0
prototype,https://x.com/i/status/2092775753179934998,2026-08-27T00:46:36.000Z,en,1,0
prototype,https://x.com/i/status/2092770265402929210,2026-08-27T00:24:47.000Z,en,0,0
prototype,https://x.com/i/status/2092764790670442587,2026-08-27T00:03:02.000Z,en,0,0
prototype,https://x.com/i/status/2092742003536671213,2026-08-26T22:32:29.000Z,en,16,4
prototype,https://x.com/i/status/2092739885807640688,2026-08-26T22:24:04.000Z,en,10,0
prototype,https://x.com/i/status/2092737493112148323,2026-08-26T22:14:34.000Z,en,0,0
prototype,https://x.com/i/status/2092732259992228134,2026-08-26T21:53:46.000Z,en,1,0
prototype,https://x.com/i/status/2092730534405509611,2026-08-26T21:46:55.000Z,en,352,35
prototype,https://x.com/i/status/2092721238066254100,2026-08-26T21:09:58.000Z,en,89,29
prototype,https://x.com/i/status/2092720906716278893,2026-08-26T21:08:39.000Z,en,0,0
prototype,https://x.com/i/status/2092718291525447741,2026-08-26T20:58:16.000Z,en,0,0
prototype,https://x.com/i/status/2092713381333700840,2026-08-26T20:38:45.000Z,fr,0,0
prototype,https://x.com/i/status/2092708891914309970,2026-08-26T20:20:55.000Z,en,28,3
prototype,https://x.com/i/status/2092706064408141975,2026-08-26T20:09:41.000Z,en,0,0
prototype,https://x.com/i/status/2092705952340566410,2026-08-26T20:09:14.000Z,en,0,0
prototype,https://x.com/i/status/2092702363014324455,2026-08-26T19:54:58.000Z,en,1,1
prototype,https://x.com/i/status/2092681465238847854,2026-08-26T18:31:56.000Z,zxx,32,6
prototype,https://x.com/i/status/2092681016414491003,2026-08-26T18:30:09.000Z,en,0,0
prototype,https://x.com/i/status/2092680213901488394,2026-08-26T18:26:57.000Z,fr,0,0
prototype,https://x.com/i/status/2092675575479476523,2026-08-26T18:08:31.000Z,en,0,0
prototype,https://x.com/i/status/2092673759895511201,2026-08-26T18:01:19.000Z,en,687,58
prototype,https://x.com/i/status/2092671285931213304,2026-08-26T17:51:29.000Z,en,2,0
prototype,https://x.com/i/status/2092670290019094922,2026-08-26T17:47:31.000Z,zxx,29,1
prototype,https://x.com/i/status/2092669968298979601,2026-08-26T17:46:15.000Z,en,3,0
prototype,https://x.com/i/status/2092668383070191917,2026-08-26T17:39:57.000Z,en,22,2
prototype,https://x.com/i/status/2092666087695376396,2026-08-26T17:30:49.000Z,en,7,0
prototype,https://x.com/i/status/2092658341348536633,2026-08-26T17:00:02.000Z,en,2,0
prototype,https://x.com/i/status/2092656068857889014,2026-08-26T16:51:01.000Z,zxx,16,3
prototype,https://x.com/i/status/2092649394831077479,2026-08-26T16:24:29.000Z,en,5,1
prototype,https://x.com/i/status/2092649222411530573,2026-08-26T16:23:48.000Z,en,3,1
prototype,https://x.com/i/status/2092643516287434910,2026-08-26T16:01:08.000Z,en,0,0
prototype,https://x.com/i/status/2092643471626793111,2026-08-26T16:00:57.000Z,zxx,6,0
prototype,https://x.com/i/status/2092641851606024642,2026-08-26T15:54:31.000Z,en,3,0
prototype,https://x.com/i/status/2092641785092714913,2026-08-26T15:54:15.000Z,zxx,10,3
prototype,https://x.com/i/status/2092638003789439075,2026-08-26T15:39:14.000Z,en,1034,85
prototype,https://x.com/i/status/2092633025406554216,2026-08-26T15:19:27.000Z,en,0,0
prototype,https://x.com/i/status/2092630690953302243,2026-08-26T15:10:10.000Z,zxx,1,1
prototype,https://x.com/i/status/2092628923355984000,2026-08-26T15:03:09.000Z,en,1,0
prototype,https://x.com/i/status/2092626706058129619,2026-08-26T14:54:20.000Z,en,9,4
prototype,https://x.com/i/status/2092625301813539173,2026-08-26T14:48:45.000Z,en,5,1
prototype,https://x.com/i/status/2092615278039331259,2026-08-26T14:08:55.000Z,zxx,0,0
prototype,https://x.com/i/status/2092604978837794823,2026-08-26T13:28:00.000Z,en,0,0
prototype,https://x.com/i/status/2092601306611654838,2026-08-26T13:13:24.000Z,en,1,0
prototype,https://x.com/i/status/2092601169197793301,2026-08-26T13:12:52.000Z,en,16,1
prototype,https://x.com/i/status/2092597943522279878,2026-08-26T13:00:02.000Z,en,2,0
prototype,https://x.com/i/status/2092597934840053865,2026-08-26T13:00:00.000Z,en,0,0
prototype,https://x.com/i/status/2092593135121518862,2026-08-26T12:40:56.000Z,en,3,0
prototype,https://x.com/i/status/2092593106596114498,2026-08-26T12:40:49.000Z,en,0,0
prototype,https://x.com/i/status/2092586008194039908,2026-08-26T12:12:37.000Z,en,0,0
prototype,https://x.com/i/status/2092572140130435239,2026-08-26T11:17:30.000Z,en,28,9
prototype,https://x.com/i/status/2092568818300354871,2026-08-26T11:04:18.000Z,en,2,0
prototype,https://x.com/i/status/2092566491983945818,2026-08-26T10:55:04.000Z,en,2,1
prototype,https://x.com/i/status/2092563259089969552,2026-08-26T10:42:13.000Z,en,0,0
prototype,https://x.com/i/status/2092563099148575222,2026-08-26T10:41:35.000Z,en,1,0
prototype,https://x.com/i/status/2092562485488300464,2026-08-26T10:39:09.000Z,en,2,0
prototype,https://x.com/i/status/2092560859222425900,2026-08-26T10:32:41.000Z,en,3,0
prototype,https://x.com/i/status/2092560684080914826,2026-08-26T10:31:59.000Z,en,1,0
prototype,https://x.com/i/status/2092559972752388437,2026-08-26T10:29:10.000Z,en,1,0
prototype,https://x.com/i/status/2092559017654837358,2026-08-26T10:25:22.000Z,en,1,0
prototype,https://x.com/i/status/2092552174618226845,2026-08-26T09:58:10.000Z,en,6,0
prototype,https://x.com/i/status/2092545592555667882,2026-08-26T09:32:01.000Z,zxx,163,19
prototype,https://x.com/i/status/2092543649749799221,2026-08-26T09:24:18.000Z,fr,2,0
prototype,https://x.com/i/status/2092540615493882354,2026-08-26T09:12:14.000Z,en,0,0
prototype,https://x.com/i/status/2092540307673903408,2026-08-26T09:11:01.000Z,en,17,3
prototype,https://x.com/i/status/2092539957638234341,2026-08-26T09:09:38.000Z,en,33,9
prototype,https://x.com/i/status/2092539241171669265,2026-08-26T09:06:47.000Z,zxx,3,0
lark-doc,https://x.com/i/status/2091459288644636715,2026-08-23T09:35:26.000Z,zxx,0,0
humanizer,https://x.com/i/status/2092905215557321037,2026-08-27T09:21:02.000Z,ja,2,0
humanizer,https://x.com/i/status/2092903443656568946,2026-08-27T09:13:59.000Z,en,2,0
humanizer,https://x.com/i/status/2092898653820400076,2026-08-27T08:54:57.000Z,en,23,8
humanizer,https://x.com/i/status/2092893014402515373,2026-08-27T08:32:33.000Z,zxx,11,0
humanizer,https://x.com/i/status/2092827247073693731,2026-08-27T04:11:13.000Z,en,10,5
humanizer,https://x.com/i/status/2092811075100254568,2026-08-27T03:06:57.000Z,zh,5,0
humanizer,https://x.com/i/status/2092766605625401695,2026-08-27T00:10:15.000Z,en,0,0
humanizer,https://x.com/i/status/2092736525351956971,2026-08-26T22:10:43.000Z,pt,3,0
humanizer,https://x.com/i/status/2092673671676727314,2026-08-26T18:00:57.000Z,en,628,86
humanizer,https://x.com/i/status/2092661892254695683,2026-08-26T17:14:09.000Z,fa,138,4
humanizer,https://x.com/i/status/2092658417089556827,2026-08-26T17:00:21.000Z,tr,3,0
humanizer,https://x.com/i/status/2092609257338200469,2026-08-26T13:45:00.000Z,en,1357,188
humanizer,https://x.com/i/status/2092597936580391392,2026-08-26T13:00:01.000Z,en,2,0
humanizer,https://x.com/i/status/2092590405300973579,2026-08-26T12:30:05.000Z,ja,10,0
humanizer,https://x.com/i/status/2092546291884867632,2026-08-26T09:34:48.000Z,zxx,0,0
humanizer,https://x.com/i/status/2092364949846970793,2026-08-25T21:34:12.000Z,en,8,2
humanizer,https://x.com/i/status/2092353302411518173,2026-08-25T20:47:55.000Z,en,8,2
humanizer,https://x.com/i/status/2092303260904566905,2026-08-25T17:29:05.000Z,lt,0,0
humanizer,https://x.com/i/status/2092299915674173577,2026-08-25T17:15:47.000Z,en,0,0
humanizer,https://x.com/i/status/2092299684341510495,2026-08-25T17:14:52.000Z,en,5,0
humanizer,https://x.com/i/status/2092256296242438236,2026-08-25T14:22:27.000Z,en,790,154
humanizer,https://x.com/i/status/2092226012587151383,2026-08-25T12:22:07.000Z,qme,0,0
humanizer,https://x.com/i/status/2092221053464465606,2026-08-25T12:02:25.000Z,en,1,0
humanizer,https://x.com/i/status/2092155291681136954,2026-08-25T07:41:06.000Z,en,45,24
humanizer,https://x.com/i/status/2092024237792153631,2026-08-24T23:00:20.000Z,en,8,7
humanizer,https://x.com/i/status/2091971347496722615,2026-08-24T19:30:10.000Z,pt,3,0
humanizer,https://x.com/i/status/2091967085882572882,2026-08-24T19:13:14.000Z,es,2,0
humanizer,https://x.com/i/status/2091908176467648656,2026-08-24T15:19:09.000Z,en,1,0
humanizer,https://x.com/i/status/2091886240916451709,2026-08-24T13:51:59.000Z,en,168,22
humanizer,https://x.com/i/status/2091868583878172710,2026-08-24T12:41:50.000Z,en,54,26
humanizer,https://x.com/i/status/2091862606156104149,2026-08-24T12:18:04.000Z,en,0,0
humanizer,https://x.com/i/status/2091803477752045779,2026-08-24T08:23:07.000Z,en,0,0
humanizer,https://x.com/i/status/2091801698708693015,2026-08-24T08:16:03.000Z,en,0,0
humanizer,https://x.com/i/status/2091797649825628299,2026-08-24T07:59:58.000Z,zh,167,31
humanizer,https://x.com/i/status/2091764751965823402,2026-08-24T05:49:14.000Z,en,46,12
humanizer,https://x.com/i/status/2091763073417621686,2026-08-24T05:42:34.000Z,en,0,0
humanizer,https://x.com/i/status/2091538403611533820,2026-08-23T14:49:48.000Z,zxx,1601,163
humanizer,https://x.com/i/status/2091537226320486894,2026-08-23T14:45:08.000Z,de,0,0
humanizer,https://x.com/i/status/2091526119787020694,2026-08-23T14:01:00.000Z,zh,5,0
humanizer,https://x.com/i/status/2091373999922336216,2026-08-23T03:56:32.000Z,en,0,0
humanizer,https://x.com/i/status/2091365612102864998,2026-08-23T03:23:12.000Z,zh,0,0
humanizer,https://x.com/i/status/2091365237450825805,2026-08-23T03:21:42.000Z,en,0,0
humanizer,https://x.com/i/status/2091351418145853944,2026-08-23T02:26:48.000Z,en,51,0
humanizer,https://x.com/i/status/2091299396818542701,2026-08-22T23:00:05.000Z,ja,923,65
humanizer,https://x.com/i/status/2091253305053761905,2026-08-22T19:56:56.000Z,en,1,0
humanizer,https://x.com/i/status/2091223473670721777,2026-08-22T17:58:23.000Z,en,3,0
humanizer,https://x.com/i/status/2091212733333073965,2026-08-22T17:15:43.000Z,pt,1,0
humanizer,https://x.com/i/status/2091210060932268086,2026-08-22T17:05:05.000Z,tr,187,16
humanizer,https://x.com/i/status/2091179630958907580,2026-08-22T15:04:10.000Z,es,315,78
humanizer,https://x.com/i/status/2091169473096982833,2026-08-22T14:23:49.000Z,en,1,0
humanizer,https://x.com/i/status/2091131223343079835,2026-08-22T11:51:49.000Z,en,0,0
humanizer,https://x.com/i/status/2091003945737236959,2026-08-22T03:26:04.000Z,zh,201,30
humanizer,https://x.com/i/status/2090921392929718593,2026-08-21T21:58:02.000Z,en,15,0
humanizer,https://x.com/i/status/2090868379053646060,2026-08-21T18:27:22.000Z,en,0,0
humanizer,https://x.com/i/status/2090851128208462198,2026-08-21T17:18:49.000Z,en,2,0
humanizer,https://x.com/i/status/2090831325838311473,2026-08-21T16:00:08.000Z,en,0,0
humanizer,https://x.com/i/status/2090810179994443827,2026-08-21T14:36:06.000Z,pt,3,0
humanizer,https://x.com/i/status/2090762588669837448,2026-08-21T11:27:00.000Z,zh,1,0
humanizer,https://x.com/i/status/2090728504925036620,2026-08-21T09:11:34.000Z,en,1,0
humanizer,https://x.com/i/status/2090667784728723891,2026-08-21T05:10:17.000Z,ja,4,0
humanizer,https://x.com/i/status/2090576210774688142,2026-08-20T23:06:24.000Z,zh,0,0
humanizer,https://x.com/i/status/2090561644749558192,2026-08-20T22:08:31.000Z,en,2,0
humanizer,https://x.com/i/status/2090506658283671823,2026-08-20T18:30:01.000Z,en,3,0
humanizer,https://x.com/i/status/2090503392141721657,2026-08-20T18:17:03.000Z,en,9,0
humanizer,https://x.com/i/status/2090496942207914030,2026-08-20T17:51:25.000Z,en,2,0
humanizer,https://x.com/i/status/2090440021832847516,2026-08-20T14:05:14.000Z,en,35,10
humanizer,https://x.com/i/status/2090422598140342358,2026-08-20T12:56:00.000Z,en,9,1
humanizer,https://x.com/i/status/2090413637395771853,2026-08-20T12:20:23.000Z,ja,70,4
humanizer,https://x.com/i/status/2090410259374375043,2026-08-20T12:06:58.000Z,zxx,12,1
lark-base,https://x.com/i/status/2092410274682954143,2026-08-26T00:34:19.000Z,zxx,257,49
lark-base,https://x.com/i/status/2091459288644636715,2026-08-23T09:35:26.000Z,zxx,0,0
lark-drive,https://x.com/i/status/2091459288644636715,2026-08-23T09:35:26.000Z,zxx,0,0
obsidian,https://x.com/i/status/2092937922609901956,2026-08-27T11:31:00.000Z,en,0,0
obsidian,https://x.com/i/status/2092937003864297483,2026-08-27T11:27:21.000Z,ja,0,0
obsidian,https://x.com/i/status/2092935083951018132,2026-08-27T11:19:43.000Z,zxx,4,1
obsidian,https://x.com/i/status/2092930660520329454,2026-08-27T11:02:08.000Z,en,0,0
obsidian,https://x.com/i/status/2092926537406308661,2026-08-27T10:45:45.000Z,zxx,1,0
obsidian,https://x.com/i/status/2092925965639029194,2026-08-27T10:43:29.000Z,en,1,0
obsidian,https://x.com/i/status/2092924215880233024,2026-08-27T10:36:32.000Z,ja,2,0
obsidian,https://x.com/i/status/2092923922383876209,2026-08-27T10:35:22.000Z,zh,0,0
obsidian,https://x.com/i/status/2092923763528450388,2026-08-27T10:34:44.000Z,en,1,0
obsidian,https://x.com/i/status/2092919923647676585,2026-08-27T10:19:29.000Z,ja,2,0
obsidian,https://x.com/i/status/2092916695505711502,2026-08-27T10:06:39.000Z,ja,0,0
obsidian,https://x.com/i/status/2092913255757054010,2026-08-27T09:52:59.000Z,en,0,0
obsidian,https://x.com/i/status/2092912644965728363,2026-08-27T09:50:33.000Z,zxx,10,2
obsidian,https://x.com/i/status/2092910828102238327,2026-08-27T09:43:20.000Z,en,0,0
obsidian,https://x.com/i/status/2092909020042711318,2026-08-27T09:36:09.000Z,zh,3,0
obsidian,https://x.com/i/status/2092905742932267137,2026-08-27T09:23:08.000Z,ja,0,0
obsidian,https://x.com/i/status/2092903837413904670,2026-08-27T09:15:33.000Z,ja,0,0
obsidian,https://x.com/i/status/2092902850821337330,2026-08-27T09:11:38.000Z,zxx,45,3
obsidian,https://x.com/i/status/2092902598731026606,2026-08-27T09:10:38.000Z,ja,2,0
obsidian,https://x.com/i/status/2092901605574410281,2026-08-27T09:06:41.000Z,en,2,0
obsidian,https://x.com/i/status/2092900229020340571,2026-08-27T09:01:13.000Z,en,1,0
obsidian,https://x.com/i/status/2092900030802018459,2026-08-27T09:00:26.000Z,ja,3,0
obsidian,https://x.com/i/status/2092890279325868084,2026-08-27T08:21:41.000Z,en,0,0
obsidian,https://x.com/i/status/2092881502258257945,2026-08-27T07:46:48.000Z,tr,2,0
obsidian,https://x.com/i/status/2092877659244040239,2026-08-27T07:31:32.000Z,en,0,0
obsidian,https://x.com/i/status/2092877272726519890,2026-08-27T07:30:00.000Z,en,0,0
obsidian,https://x.com/i/status/2092873478320029775,2026-08-27T07:14:55.000Z,zh,0,0
obsidian,https://x.com/i/status/2092872091226009868,2026-08-27T07:09:24.000Z,en,1,0
obsidian,https://x.com/i/status/2092869210615762962,2026-08-27T06:57:58.000Z,en,0,0
obsidian,https://x.com/i/status/2092866460830093566,2026-08-27T06:47:02.000Z,en,0,0
obsidian,https://x.com/i/status/2092859657320534248,2026-08-27T06:20:00.000Z,en,0,0
obsidian,https://x.com/i/status/2092859213001420819,2026-08-27T06:18:14.000Z,zh,9,3
obsidian,https://x.com/i/status/2092852034332430828,2026-08-27T05:49:42.000Z,en,1,1
obsidian,https://x.com/i/status/2092851312560103454,2026-08-27T05:46:50.000Z,en,0,0
obsidian,https://x.com/i/status/2092849277848662086,2026-08-27T05:38:45.000Z,zxx,8,0
obsidian,https://x.com/i/status/2092831975845577035,2026-08-27T04:30:00.000Z,en,1,0
obsidian,https://x.com/i/status/2092827730845032704,2026-08-27T04:13:08.000Z,en,0,0
obsidian,https://x.com/i/status/2092822247639560256,2026-08-27T03:51:21.000Z,en,2,0
obsidian,https://x.com/i/status/2092818318386466860,2026-08-27T03:35:44.000Z,zxx,0,0
obsidian,https://x.com/i/status/2092817799836250220,2026-08-27T03:33:40.000Z,en,2,0
obsidian,https://x.com/i/status/2092816371910398011,2026-08-27T03:28:00.000Z,ja,1,0
obsidian,https://x.com/i/status/2092815138785247436,2026-08-27T03:23:06.000Z,zxx,41,4
obsidian,https://x.com/i/status/2092808067675201804,2026-08-27T02:55:00.000Z,ja,0,0
obsidian,https://x.com/i/status/2092797518421840077,2026-08-27T02:13:05.000Z,ja,0,0
obsidian,https://x.com/i/status/2092796547553743128,2026-08-27T02:09:13.000Z,en,1,0
obsidian,https://x.com/i/status/2092788277518664160,2026-08-27T01:36:22.000Z,ja,5,0
obsidian,https://x.com/i/status/2092788269197230179,2026-08-27T01:36:20.000Z,zxx,11,4
obsidian,https://x.com/i/status/2092788214650290323,2026-08-27T01:36:07.000Z,zh,0,0
obsidian,https://x.com/i/status/2092783040728871014,2026-08-27T01:15:33.000Z,zxx,1,0
obsidian,https://x.com/i/status/2092780929614057970,2026-08-27T01:07:10.000Z,en,0,0
obsidian,https://x.com/i/status/2092780432349949990,2026-08-27T01:05:11.000Z,en,1,0
obsidian,https://x.com/i/status/2092779378623307872,2026-08-27T01:01:00.000Z,en,0,0
obsidian,https://x.com/i/status/2092776174275772736,2026-08-27T00:48:16.000Z,zxx,0,0
obsidian,https://x.com/i/status/2092773978813469131,2026-08-27T00:39:33.000Z,zxx,0,0
obsidian,https://x.com/i/status/2092771604128465037,2026-08-27T00:30:06.000Z,en,0,0
obsidian,https://x.com/i/status/2092770610778874049,2026-08-27T00:26:10.000Z,en,0,0
obsidian,https://x.com/i/status/2092768992444186831,2026-08-27T00:19:44.000Z,en,0,0
obsidian,https://x.com/i/status/2092757423303921728,2026-08-26T23:33:45.000Z,en,0,0
obsidian,https://x.com/i/status/2092755080709874096,2026-08-26T23:24:27.000Z,en,0,0
obsidian,https://x.com/i/status/2092755076662382752,2026-08-26T23:24:26.000Z,en,0,0
obsidian,https://x.com/i/status/2092755074653327608,2026-08-26T23:24:25.000Z,en,0,0
obsidian,https://x.com/i/status/2092755065966923980,2026-08-26T23:24:23.000Z,en,1,0
obsidian,https://x.com/i/status/2092750321256722670,2026-08-26T23:05:32.000Z,en,0,0
obsidian,https://x.com/i/status/2092747822613553425,2026-08-26T22:55:36.000Z,ja,0,0
obsidian,https://x.com/i/status/2092747741038579907,2026-08-26T22:55:17.000Z,ja,0,0
obsidian,https://x.com/i/status/2092737867240099913,2026-08-26T22:16:03.000Z,zxx,0,1
obsidian,https://x.com/i/status/2092737855219257723,2026-08-26T22:16:00.000Z,zh,1,0
obsidian,https://x.com/i/status/2092736209399255045,2026-08-26T22:09:28.000Z,en,3,0
obsidian,https://x.com/i/status/2092731565306470512,2026-08-26T21:51:00.000Z,en,1,0
obsidian,https://x.com/i/status/2092731344355033350,2026-08-26T21:50:08.000Z,ja,9,2
obsidian,https://x.com/i/status/2092729650548261222,2026-08-26T21:43:24.000Z,en,0,0
obsidian,https://x.com/i/status/2092728537337991385,2026-08-26T21:38:58.000Z,ja,0,0
obsidian,https://x.com/i/status/2092718735962628387,2026-08-26T21:00:02.000Z,en,3,0
obsidian,https://x.com/i/status/2092717073009094842,2026-08-26T20:53:25.000Z,en,0,0
obsidian,https://x.com/i/status/2092706412002435095,2026-08-26T20:11:03.000Z,en,5,1
obsidian,https://x.com/i/status/2092705319868842274,2026-08-26T20:06:43.000Z,en,1,0
obsidian,https://x.com/i/status/2092703502959005952,2026-08-26T19:59:30.000Z,en,0,0
obsidian,https://x.com/i/status/2092699906456629484,2026-08-26T19:45:12.000Z,qme,0,0
obsidian,https://x.com/i/status/2092699902380011743,2026-08-26T19:45:11.000Z,en,0,0
obsidian,https://x.com/i/status/2092686535070044592,2026-08-26T18:52:04.000Z,en,0,0
obsidian,https://x.com/i/status/2092685405439377450,2026-08-26T18:47:35.000Z,en,49,6
obsidian,https://x.com/i/status/2092683071925764524,2026-08-26T18:38:19.000Z,en,4,1
obsidian,https://x.com/i/status/2092680979538202694,2026-08-26T18:30:00.000Z,es,0,0
obsidian,https://x.com/i/status/2092679055808340467,2026-08-26T18:22:21.000Z,ja,10,0
obsidian,https://x.com/i/status/2092673298345689484,2026-08-26T17:59:28.000Z,en,1,0
obsidian,https://x.com/i/status/2092665607556915330,2026-08-26T17:28:55.000Z,en,0,0
obsidian,https://x.com/i/status/2092663392066535913,2026-08-26T17:20:07.000Z,en,0,0
obsidian,https://x.com/i/status/2092658452560781337,2026-08-26T17:00:29.000Z,en,5,1
obsidian,https://x.com/i/status/2092658440254660851,2026-08-26T17:00:26.000Z,en,8,6
obsidian,https://x.com/i/status/2092658340434182579,2026-08-26T17:00:02.000Z,en,1,0
obsidian,https://x.com/i/status/2092657090754208034,2026-08-26T16:55:04.000Z,en,0,0
obsidian,https://x.com/i/status/2092656031666995669,2026-08-26T16:50:52.000Z,en,0,0
obsidian,https://x.com/i/status/2092646797110104075,2026-08-26T16:14:10.000Z,en,1,0
obsidian,https://x.com/i/status/2092643744453709999,2026-08-26T16:02:02.000Z,en,2,0
obsidian,https://x.com/i/status/2092643598785265897,2026-08-26T16:01:28.000Z,zxx,88,4
obsidian,https://x.com/i/status/2092643231213203594,2026-08-26T16:00:00.000Z,en,1,0
obsidian,https://x.com/i/status/2092642004328989054,2026-08-26T15:55:07.000Z,en,0,0
obsidian,https://x.com/i/status/2092641785092714913,2026-08-26T15:54:15.000Z,zxx,10,3
obsidian,https://x.com/i/status/2092640940439568425,2026-08-26T15:50:54.000Z,en,1,0
obsidian,https://x.com/i/status/2092637508458938690,2026-08-26T15:37:15.000Z,en,0,0
lark-approval,https://x.com/i/status/2092410274682954143,2026-08-26T00:34:19.000Z,zxx,257,49
nano-banana-pro,https://x.com/i/status/2092909706436067682,2026-08-27T09:38:53.000Z,tr,27,1
nano-banana-pro,https://x.com/i/status/2092853889108434965,2026-08-27T05:57:05.000Z,ja,4,0
nano-banana-pro,https://x.com/i/status/2092716454777131380,2026-08-26T20:50:58.000Z,en,6,0
nano-banana-pro,https://x.com/i/status/2092656108431126788,2026-08-26T16:51:10.000Z,en,80,6
nano-banana-pro,https://x.com/i/status/2092378992116666508,2026-08-25T22:30:00.000Z,ja,8,2
nano-banana-pro,https://x.com/i/status/2092344898318221419,2026-08-25T20:14:32.000Z,en,16,0
nano-banana-pro,https://x.com/i/status/2092238661425201374,2026-08-25T13:12:23.000Z,en,13,3
nano-banana-pro,https://x.com/i/status/2091993265486590265,2026-08-24T20:57:16.000Z,en,4,1
nano-banana-pro,https://x.com/i/status/2091876234590326981,2026-08-24T13:12:14.000Z,en,0,0
nano-banana-pro,https://x.com/i/status/2091839643302109258,2026-08-24T10:46:50.000Z,en,97,9
nano-banana-pro,https://x.com/i/status/2091838015681257651,2026-08-24T10:40:22.000Z,fa,126,6
nano-banana-pro,https://x.com/i/status/2091718880834261076,2026-08-24T02:46:58.000Z,zxx,29,1
nano-banana-pro,https://x.com/i/status/2091705449716621578,2026-08-24T01:53:35.000Z,en,1,0
nano-banana-pro,https://x.com/i/status/2091679713999925432,2026-08-24T00:11:20.000Z,ja,0,0
nano-banana-pro,https://x.com/i/status/2091518037224804828,2026-08-23T13:28:53.000Z,zxx,3,0
nano-banana-pro,https://x.com/i/status/2091435340334858738,2026-08-23T08:00:16.000Z,ja,6,0
nano-banana-pro,https://x.com/i/status/2091380628147347854,2026-08-23T04:22:52.000Z,ja,8,0
nano-banana-pro,https://x.com/i/status/2091300342948303134,2026-08-22T23:03:50.000Z,en,0,0
nano-banana-pro,https://x.com/i/status/2091156004775797115,2026-08-22T13:30:17.000Z,en,17,2
nano-banana-pro,https://x.com/i/status/2091094692427345937,2026-08-22T09:26:39.000Z,ja,1,0
nano-banana-pro,https://x.com/i/status/2091085404208296392,2026-08-22T08:49:45.000Z,en,12,1
nano-banana-pro,https://x.com/i/status/2091004368250352113,2026-08-22T03:27:45.000Z,ja,1,0
nano-banana-pro,https://x.com/i/status/2090965143706608106,2026-08-22T00:51:53.000Z,zxx,24,2
nano-banana-pro,https://x.com/i/status/2090859170463621559,2026-08-21T17:50:47.000Z,pt,2,0
nano-banana-pro,https://x.com/i/status/2090855719545237606,2026-08-21T17:37:04.000Z,en,0,0
nano-banana-pro,https://x.com/i/status/2090847613725847555,2026-08-21T17:04:51.000Z,pt,0,0
nano-banana-pro,https://x.com/i/status/2090841329370632640,2026-08-21T16:39:53.000Z,en,0,0
nano-banana-pro,https://x.com/i/status/2090814215703376256,2026-08-21T14:52:09.000Z,en,6,0
nano-banana-pro,https://x.com/i/status/2090783016818032941,2026-08-21T12:48:10.000Z,ja,10,1
nano-banana-pro,https://x.com/i/status/2090739111883878714,2026-08-21T09:53:42.000Z,zh,5,2
nano-banana-pro,https://x.com/i/status/2090717106262151398,2026-08-21T08:26:16.000Z,ar,0,0
nano-banana-pro,https://x.com/i/status/2090643204161122784,2026-08-21T03:32:36.000Z,en,11,1
nano-banana-pro,https://x.com/i/status/2090501092144824343,2026-08-20T18:07:54.000Z,en,14,0
nano-banana-pro,https://x.com/i/status/2090495936980001049,2026-08-20T17:47:25.000Z,en,1,1
nano-banana-pro,https://x.com/i/status/2090459747052879874,2026-08-20T15:23:37.000Z,en,0,0
nano-banana-pro,https://x.com/i/status/2090403122694791473,2026-08-20T11:38:36.000Z,en,3,1
lark-shared,https://x.com/i/status/2091459288644636715,2026-08-23T09:35:26.000Z,zxx,0,0
lark-im,https://x.com/i/status/2091459288644636715,2026-08-23T09:35:26.000Z,zxx,0,0
notion,https://x.com/i/status/2092937489023394104,2026-08-27T11:29:16.000Z,en,1,0
notion,https://x.com/i/status/2092936521200377954,2026-08-27T11:25:26.000Z,en,2,0
notion,https://x.com/i/status/2092931919533236284,2026-08-27T11:07:09.000Z,en,11,2
notion,https://x.com/i/status/2092926739269775674,2026-08-27T10:46:33.000Z,en,1,0
notion,https://x.com/i/status/2092924635595645037,2026-08-27T10:38:12.000Z,fr,1,0
notion,https://x.com/i/status/2092924352044155166,2026-08-27T10:37:04.000Z,en,2,0
notion,https://x.com/i/status/2092923540886712822,2026-08-27T10:33:51.000Z,es,0,0
notion,https://x.com/i/status/2092919246892249115,2026-08-27T10:16:47.000Z,en,4,0
notion,https://x.com/i/status/2092918199335731583,2026-08-27T10:12:37.000Z,zxx,15,4
notion,https://x.com/i/status/2092917807084183597,2026-08-27T10:11:04.000Z,en,1,0
notion,https://x.com/i/status/2092916532401627609,2026-08-27T10:06:00.000Z,en,0,0
notion,https://x.com/i/status/2092911050207498670,2026-08-27T09:44:13.000Z,en,0,0
notion,https://x.com/i/status/2092910938261504122,2026-08-27T09:43:46.000Z,zxx,1,0
notion,https://x.com/i/status/2092909743727865878,2026-08-27T09:39:01.000Z,ja,4,1
notion,https://x.com/i/status/2092906398510145554,2026-08-27T09:25:44.000Z,ja,5,0
notion,https://x.com/i/status/2092905458378113500,2026-08-27T09:22:00.000Z,en,1,1
notion,https://x.com/i/status/2092902598731026606,2026-08-27T09:10:38.000Z,ja,2,0
notion,https://x.com/i/status/2092900229020340571,2026-08-27T09:01:13.000Z,en,1,0
notion,https://x.com/i/status/2092897755509203195,2026-08-27T08:51:23.000Z,zxx,0,0
notion,https://x.com/i/status/2092895995398865263,2026-08-27T08:44:24.000Z,en,2,0
notion,https://x.com/i/status/2092895684873592981,2026-08-27T08:43:10.000Z,en,0,0
notion,https://x.com/i/status/2092891563311440115,2026-08-27T08:26:47.000Z,zxx,1,0
notion,https://x.com/i/status/2092890416991310334,2026-08-27T08:22:14.000Z,zxx,51,5
notion,https://x.com/i/status/2092887665607950439,2026-08-27T08:11:18.000Z,en,4,1
notion,https://x.com/i/status/2092884843160084529,2026-08-27T08:00:05.000Z,en,18,0
notion,https://x.com/i/status/2092884820867072354,2026-08-27T07:59:59.000Z,en,0,0
notion,https://x.com/i/status/2092884023324574173,2026-08-27T07:56:49.000Z,ja,1,0
notion,https://x.com/i/status/2092881502258257945,2026-08-27T07:46:48.000Z,tr,2,0
notion,https://x.com/i/status/2092879591417196945,2026-08-27T07:39:13.000Z,en,0,0
notion,https://x.com/i/status/2092877273053511993,2026-08-27T07:30:00.000Z,en,33,15
notion,https://x.com/i/status/2092874978366783828,2026-08-27T07:20:53.000Z,ja,2,0
notion,https://x.com/i/status/2092871061830299888,2026-08-27T07:05:19.000Z,en,121,43
notion,https://x.com/i/status/2092866950749991256,2026-08-27T06:48:59.000Z,en,42,30
notion,https://x.com/i/status/2092864389070152010,2026-08-27T06:38:48.000Z,en,0,0
notion,https://x.com/i/status/2092861332089401748,2026-08-27T06:26:39.000Z,en,0,0
notion,https://x.com/i/status/2092851379291480397,2026-08-27T05:47:06.000Z,en,12,1
notion,https://x.com/i/status/2092851312560103454,2026-08-27T05:46:50.000Z,en,0,0
notion,https://x.com/i/status/2092850156672544781,2026-08-27T05:42:15.000Z,en,0,0
notion,https://x.com/i/status/2092843397027639736,2026-08-27T05:15:23.000Z,zxx,95,25
notion,https://x.com/i/status/2092839762122121661,2026-08-27T05:00:57.000Z,zxx,8,0
notion,https://x.com/i/status/2092836638766625155,2026-08-27T04:48:32.000Z,ja,59,9
notion,https://x.com/i/status/2092832917676491258,2026-08-27T04:33:45.000Z,ja,1,0
notion,https://x.com/i/status/2092829714356592878,2026-08-27T04:21:01.000Z,zxx,33,0
notion,https://x.com/i/status/2092829340681834749,2026-08-27T04:19:32.000Z,en,1,0
notion,https://x.com/i/status/2092829052843196452,2026-08-27T04:18:23.000Z,ja,21,1
notion,https://x.com/i/status/2092827247073693731,2026-08-27T04:11:13.000Z,en,10,5
notion,https://x.com/i/status/2092826029748305944,2026-08-27T04:06:22.000Z,en,0,0
notion,https://x.com/i/status/2092817952727093311,2026-08-27T03:34:17.000Z,en,54,27
notion,https://x.com/i/status/2092816156935467486,2026-08-27T03:27:09.000Z,en,0,0
notion,https://x.com/i/status/2092809789013143723,2026-08-27T03:01:50.000Z,en,1,0
notion,https://x.com/i/status/2092806100668092924,2026-08-27T02:47:11.000Z,en,0,0
notion,https://x.com/i/status/2092804652064526396,2026-08-27T02:41:26.000Z,en,0,0
notion,https://x.com/i/status/2092802936934207999,2026-08-27T02:34:37.000Z,ja,1,0
notion,https://x.com/i/status/2092800829439013373,2026-08-27T02:26:14.000Z,zxx,10,0
notion,https://x.com/i/status/2092793568309965162,2026-08-27T01:57:23.000Z,en,0,0
notion,https://x.com/i/status/2092793177145225327,2026-08-27T01:55:50.000Z,en,2,0
notion,https://x.com/i/status/2092791011064025113,2026-08-27T01:47:13.000Z,en,0,0
notion,https://x.com/i/status/2092785919824978423,2026-08-27T01:27:00.000Z,ja,2,0
notion,https://x.com/i/status/2092784834057998435,2026-08-27T01:22:41.000Z,en,0,0
notion,https://x.com/i/status/2092781829069980070,2026-08-27T01:10:44.000Z,en,1,0
notion,https://x.com/i/status/2092780929614057970,2026-08-27T01:07:10.000Z,en,0,0
notion,https://x.com/i/status/2092774612790825188,2026-08-27T00:42:04.000Z,ja,9,0
notion,https://x.com/i/status/2092770930812493937,2026-08-27T00:27:26.000Z,en,2,0
notion,https://x.com/i/status/2092765835446374752,2026-08-27T00:07:11.000Z,zxx,2,0
notion,https://x.com/i/status/2092765168803754410,2026-08-27T00:04:32.000Z,en,42,39
notion,https://x.com/i/status/2092765058606711293,2026-08-27T00:04:06.000Z,zxx,4,0
notion,https://x.com/i/status/2092764430744600926,2026-08-27T00:01:36.000Z,en,1,1
notion,https://x.com/i/status/2092763218615971932,2026-08-26T23:56:47.000Z,ja,9,1
notion,https://x.com/i/status/2092759483982160057,2026-08-26T23:41:57.000Z,en,4,0
notion,https://x.com/i/status/2092754893237109168,2026-08-26T23:23:42.000Z,en,20,2
notion,https://x.com/i/status/2092750321256722670,2026-08-26T23:05:32.000Z,en,0,0
notion,https://x.com/i/status/2092739885807640688,2026-08-26T22:24:04.000Z,en,10,0
notion,https://x.com/i/status/2092736525351956971,2026-08-26T22:10:43.000Z,pt,3,0
notion,https://x.com/i/status/2092729850494697709,2026-08-26T21:44:12.000Z,zxx,1,0
notion,https://x.com/i/status/2092722076838994049,2026-08-26T21:13:18.000Z,ja,0,0
notion,https://x.com/i/status/2092720255722541305,2026-08-26T21:06:04.000Z,en,6,2
notion,https://x.com/i/status/2092718834688184468,2026-08-26T21:00:25.000Z,ja,0,0
notion,https://x.com/i/status/2092717464563966440,2026-08-26T20:54:59.000Z,tr,0,0
notion,https://x.com/i/status/2092699902380011743,2026-08-26T19:45:11.000Z,en,0,0
notion,https://x.com/i/status/2092697558598496617,2026-08-26T19:35:53.000Z,en,50,4
notion,https://x.com/i/status/2092696772992806947,2026-08-26T19:32:45.000Z,en,4,0
notion,https://x.com/i/status/2092694832497983715,2026-08-26T19:25:03.000Z,en,2,1
notion,https://x.com/i/status/2092694808816972229,2026-08-26T19:24:57.000Z,en,1,0
notion,https://x.com/i/status/2092693199974211624,2026-08-26T19:18:33.000Z,en,7,3
notion,https://x.com/i/status/2092688697489580187,2026-08-26T19:00:40.000Z,en,143,12
notion,https://x.com/i/status/2092688173721678268,2026-08-26T18:58:35.000Z,en,0,0
notion,https://x.com/i/status/2092687422119199005,2026-08-26T18:55:36.000Z,en,0,0
notion,https://x.com/i/status/2092687124403310792,2026-08-26T18:54:25.000Z,en,16,1
notion,https://x.com/i/status/2092685090102902951,2026-08-26T18:46:20.000Z,en,0,0
notion,https://x.com/i/status/2092680979538202694,2026-08-26T18:30:00.000Z,es,0,0
notion,https://x.com/i/status/2092679546298401183,2026-08-26T18:24:18.000Z,en,3,0
notion,https://x.com/i/status/2092679426572198371,2026-08-26T18:23:50.000Z,zxx,1,1
notion,https://x.com/i/status/2092677206447440080,2026-08-26T18:15:00.000Z,en,0,0
notion,https://x.com/i/status/2092675345136628081,2026-08-26T18:07:36.000Z,en,8,2
notion,https://x.com/i/status/2092674422989570559,2026-08-26T18:03:57.000Z,en,9,1
notion,https://x.com/i/status/2092673677410312525,2026-08-26T18:00:59.000Z,en,4,1
notion,https://x.com/i/status/2092673671676727314,2026-08-26T18:00:57.000Z,en,628,86
notion,https://x.com/i/status/2092670696606327168,2026-08-26T17:49:08.000Z,en,0,0
notion,https://x.com/i/status/2092670530880954862,2026-08-26T17:48:29.000Z,zxx,4,0
notion,https://x.com/i/status/2092660332217110808,2026-08-26T17:07:57.000Z,ja,0,0
lark-calendar,https://x.com/i/status/2091459288644636715,2026-08-23T09:35:26.000Z,zxx,0,0
skill-creator,https://x.com/i/status/2092888777400406389,2026-08-27T08:15:43.000Z,en,11,0
skill-creator,https://x.com/i/status/2092850064091980096,2026-08-27T05:41:53.000Z,zh,1,0
skill-creator,https://x.com/i/status/2092843397027639736,2026-08-27T05:15:23.000Z,zxx,95,25
skill-creator,https://x.com/i/status/2092825531527901291,2026-08-27T04:04:24.000Z,en,0,0
skill-creator,https://x.com/i/status/2092799626596487632,2026-08-27T02:21:27.000Z,zh,0,0
skill-creator,https://x.com/i/status/2092668180732739665,2026-08-26T17:39:08.000Z,en,7,0
skill-creator,https://x.com/i/status/2092643487682597315,2026-08-26T16:01:01.000Z,en,1,0
skill-creator,https://x.com/i/status/2092582873324806158,2026-08-26T12:00:09.000Z,en,1,0
skill-creator,https://x.com/i/status/2092526727440294095,2026-08-26T08:17:03.000Z,en,244,32
skill-creator,https://x.com/i/status/2092524086547431748,2026-08-26T08:06:34.000Z,en,0,0
skill-creator,https://x.com/i/status/2092507280449085812,2026-08-26T06:59:47.000Z,en,0,0
skill-creator,https://x.com/i/status/2092507017030111274,2026-08-26T06:58:44.000Z,en,0,0
skill-creator,https://x.com/i/status/2092488002555838493,2026-08-26T05:43:11.000Z,zh,237,50
skill-creator,https://x.com/i/status/2092447168389071028,2026-08-26T03:00:55.000Z,zxx,54,4
skill-creator,https://x.com/i/status/2092444705548288503,2026-08-26T02:51:08.000Z,zh,0,0
skill-creator,https://x.com/i/status/2092444699953091012,2026-08-26T02:51:06.000Z,zh,0,0
skill-creator,https://x.com/i/status/2092387884967813312,2026-08-25T23:05:21.000Z,en,4,0
skill-creator,https://x.com/i/status/2092382627923722391,2026-08-25T22:44:27.000Z,it,0,0
skill-creator,https://x.com/i/status/2092333612922269927,2026-08-25T19:29:41.000Z,en,26,1
skill-creator,https://x.com/i/status/2092322154985464213,2026-08-25T18:44:09.000Z,en,0,0
skill-creator,https://x.com/i/status/2092292775169401281,2026-08-25T16:47:25.000Z,en,32,3
skill-creator,https://x.com/i/status/2092259691782881759,2026-08-25T14:35:57.000Z,en,0,0
skill-creator,https://x.com/i/status/2092233400035975339,2026-08-25T12:51:29.000Z,en,0,0
skill-creator,https://x.com/i/status/2092230244392751179,2026-08-25T12:38:56.000Z,ja,23,7
skill-creator,https://x.com/i/status/2092202037823828244,2026-08-25T10:46:51.000Z,en,0,0
skill-creator,https://x.com/i/status/2092201361777827966,2026-08-25T10:44:10.000Z,ja,1,0
skill-creator,https://x.com/i/status/2092194373329174914,2026-08-25T10:16:24.000Z,zxx,134,24
skill-creator,https://x.com/i/status/2092165334774006050,2026-08-25T08:21:01.000Z,en,0,0
skill-creator,https://x.com/i/status/2092155291681136954,2026-08-25T07:41:06.000Z,en,45,24
skill-creator,https://x.com/i/status/2092141538281472187,2026-08-25T06:46:27.000Z,zxx,7,0
skill-creator,https://x.com/i/status/2092133077183344848,2026-08-25T06:12:50.000Z,en,1,0
skill-creator,https://x.com/i/status/2092119298466894062,2026-08-25T05:18:05.000Z,zxx,0,0
skill-creator,https://x.com/i/status/2092087708470608378,2026-08-25T03:12:33.000Z,en,0,0
skill-creator,https://x.com/i/status/2092087700417585575,2026-08-25T03:12:31.000Z,ja,1,0
skill-creator,https://x.com/i/status/2092027653482299455,2026-08-24T23:13:55.000Z,en,118,22
skill-creator,https://x.com/i/status/2092024237792153631,2026-08-24T23:00:20.000Z,en,8,7
skill-creator,https://x.com/i/status/2091930880902156659,2026-08-24T16:49:22.000Z,en,0,0
skill-creator,https://x.com/i/status/2091868583878172710,2026-08-24T12:41:50.000Z,en,54,26
skill-creator,https://x.com/i/status/2091843274172666130,2026-08-24T11:01:15.000Z,ja,0,0
skill-creator,https://x.com/i/status/2091843272406868306,2026-08-24T11:01:15.000Z,ja,0,0
skill-creator,https://x.com/i/status/2091843264584564809,2026-08-24T11:01:13.000Z,ja,0,0
skill-creator,https://x.com/i/status/2091839111934136693,2026-08-24T10:44:43.000Z,ja,2,0
skill-creator,https://x.com/i/status/2091801699585286526,2026-08-24T08:16:03.000Z,en,1,0
skill-creator,https://x.com/i/status/2091789833794376005,2026-08-24T07:28:54.000Z,en,65,2
skill-creator,https://x.com/i/status/2091771851726836099,2026-08-24T06:17:27.000Z,en,0,0
skill-creator,https://x.com/i/status/2091721596453126597,2026-08-24T02:57:45.000Z,ja,10,0
skill-creator,https://x.com/i/status/2091715809282543842,2026-08-24T02:34:45.000Z,zh,85,10
skill-creator,https://x.com/i/status/2091694358324236447,2026-08-24T01:09:31.000Z,en,0,0
skill-creator,https://x.com/i/status/2091677869705679296,2026-08-24T00:04:00.000Z,zh,21,7
skill-creator,https://x.com/i/status/2091654226665726104,2026-08-23T22:30:03.000Z,en,48,2
skill-creator,https://x.com/i/status/2091564487723872476,2026-08-23T16:33:27.000Z,en,3,0
skill-creator,https://x.com/i/status/2091422687457431735,2026-08-23T07:10:00.000Z,zh,0,0
skill-creator,https://x.com/i/status/2091372913949814881,2026-08-23T03:52:13.000Z,en,1,0
skill-creator,https://x.com/i/status/2091372892475080838,2026-08-23T03:52:08.000Z,en,0,0
skill-creator,https://x.com/i/status/2091368091493994517,2026-08-23T03:33:03.000Z,zh,129,36
skill-creator,https://x.com/i/status/2091361728353402989,2026-08-23T03:07:46.000Z,en,1,0
skill-creator,https://x.com/i/status/2091339513134010554,2026-08-23T01:39:29.000Z,zxx,5489,1146
skill-creator,https://x.com/i/status/2091324677155074415,2026-08-23T00:40:32.000Z,en,0,0
skill-creator,https://x.com/i/status/2091300143710773716,2026-08-22T23:03:03.000Z,zxx,0,1
skill-creator,https://x.com/i/status/2091245562301399252,2026-08-22T19:26:10.000Z,zxx,37,9
skill-creator,https://x.com/i/status/2091239797805228212,2026-08-22T19:03:15.000Z,zxx,0,0
skill-creator,https://x.com/i/status/2091185213959196686,2026-08-22T15:26:22.000Z,en,25,5
skill-creator,https://x.com/i/status/2091179630958907580,2026-08-22T15:04:10.000Z,es,315,78
skill-creator,https://x.com/i/status/2091121839179243569,2026-08-22T11:14:32.000Z,zh,203,36
skill-creator,https://x.com/i/status/2091121351838900702,2026-08-22T11:12:36.000Z,en,0,0
skill-creator,https://x.com/i/status/2091019947120132269,2026-08-22T04:29:39.000Z,en,0,0
skill-creator,https://x.com/i/status/2091012493959368997,2026-08-22T04:00:02.000Z,ja,0,0
skill-creator,https://x.com/i/status/2091010723518530028,2026-08-22T03:53:00.000Z,zh,5,0
skill-creator,https://x.com/i/status/2090909196292080031,2026-08-21T21:09:34.000Z,en,0,0
skill-creator,https://x.com/i/status/2090846604047577294,2026-08-21T17:00:51.000Z,es,0,0
skill-creator,https://x.com/i/status/2090594439219785937,2026-08-21T00:18:50.000Z,zxx,39,4
skill-creator,https://x.com/i/status/2090507300356198531,2026-08-20T18:32:34.000Z,en,0,0
auto-updater,https://x.com/i/status/2091597899381526564,2026-08-23T18:46:13.000Z,en,5,0
baidu-search,https://x.com/i/status/2090634570597024153,2026-08-21T02:58:18.000Z,zxx,0,0
word-docx,https://x.com/i/status/2092575295169831201,2026-08-26T11:30:03.000Z,zxx,2,0
word-docx,https://x.com/i/status/2091207003146211441,2026-08-22T16:52:56.000Z,ja,1,0
word-docx,https://x.com/i/status/2091178605996863890,2026-08-22T15:00:06.000Z,en,0,0
openai-whisper,https://x.com/i/status/2091838389695762920,2026-08-24T10:41:51.000Z,de,1,0
openai-whisper,https://x.com/i/status/2091636624291709282,2026-08-23T21:20:06.000Z,en,76,16
openai-whisper,https://x.com/i/status/2091199247349604794,2026-08-22T16:22:07.000Z,en,4,0
openai-whisper,https://x.com/i/status/2090690218202697968,2026-08-21T06:39:25.000Z,en,36,12
