skill_key,tweet_url,created_at,lang,favorites,retweets,relevance
find-skills,https://x.com/i/status/2108648367014211768,2026-10-09T19:58:42.000Z,en,1,0,0.57
find-skills,https://x.com/i/status/2108526188109128133,2026-10-09T11:53:12.000Z,zxx,28,8,0.21
find-skills,https://x.com/i/status/2108482622426898665,2026-10-09T09:00:05.000Z,en,0,0,0.93
find-skills,https://x.com/i/status/2108222962306548005,2026-10-08T15:48:17.000Z,en,249,23,0.09
find-skills,https://x.com/i/status/2108218240199442517,2026-10-08T15:29:31.000Z,en,1,0,0.08
find-skills,https://x.com/i/status/2108196889749487936,2026-10-08T14:04:41.000Z,en,3,0,0.59
find-skills,https://x.com/i/status/2108086316458201291,2026-10-08T06:45:18.000Z,en,42,11,0.13
find-skills,https://x.com/i/status/2107654768281997620,2026-10-07T02:10:29.000Z,zh,0,0,0.96
find-skills,https://x.com/i/status/2107486897366794287,2026-10-06T15:03:26.000Z,de,0,0,0.92
find-skills,https://x.com/i/status/2107391115980935331,2026-10-06T08:42:50.000Z,zxx,0,0,0.24
find-skills,https://x.com/i/status/2107110344665506073,2026-10-05T14:07:09.000Z,en,1,0,0.88
find-skills,https://x.com/i/status/2107092307967451355,2026-10-05T12:55:28.000Z,en,57,4,0.06
find-skills,https://x.com/i/status/2106769020179677684,2026-10-04T15:30:50.000Z,en,0,0,0.96
find-skills,https://x.com/i/status/2106745239834694125,2026-10-04T13:56:21.000Z,und,2,0,0.94
find-skills,https://x.com/i/status/2106542462538010994,2026-10-04T00:30:35.000Z,en,0,0,0.96
find-skills,https://x.com/i/status/2106455493015122221,2026-10-03T18:45:00.000Z,en,96,3,0.95
find-skills,https://x.com/i/status/2106407530981400731,2026-10-03T15:34:25.000Z,en,8,1,0.89
find-skills,https://x.com/i/status/2106315860721983512,2026-10-03T09:30:09.000Z,en,9,2,0.96
self-improving-agent,https://x.com/i/status/2108689281766273373,2026-10-09T22:41:16.000Z,en,1,0,0.75
self-improving-agent,https://x.com/i/status/2108679581196845206,2026-10-09T22:02:44.000Z,en,2,0,0.85
self-improving-agent,https://x.com/i/status/2108596874378965201,2026-10-09T16:34:05.000Z,en,0,0,0.21
self-improving-agent,https://x.com/i/status/2108588328593379757,2026-10-09T16:00:07.000Z,en,32,1,0.85
self-improving-agent,https://x.com/i/status/2108587681047597457,2026-10-09T15:57:33.000Z,en,0,0,0.91
self-improving-agent,https://x.com/i/status/2108575740534944253,2026-10-09T15:10:06.000Z,en,29,1,0.85
self-improving-agent,https://x.com/i/status/2108552921994432822,2026-10-09T13:39:26.000Z,ar,0,0,0.66
self-improving-agent,https://x.com/i/status/2108439547524907377,2026-10-09T06:08:55.000Z,zxx,127,33,0.12
self-improving-agent,https://x.com/i/status/2108272117766914133,2026-10-08T19:03:37.000Z,en,1,0,0.66
self-improving-agent,https://x.com/i/status/2108236381256630300,2026-10-08T16:41:37.000Z,en,1,0,0.76
self-improving-agent,https://x.com/i/status/2108217043501629702,2026-10-08T15:24:46.000Z,en,0,0,0.77
self-improving-agent,https://x.com/i/status/2108166831395484023,2026-10-08T12:05:15.000Z,en,0,0,0.53
self-improving-agent,https://x.com/i/status/2108087574141018586,2026-10-08T06:50:18.000Z,ar,0,0,0.87
self-improving-agent,https://x.com/i/status/2107979024605536269,2026-10-07T23:38:58.000Z,en,0,0,0.85
self-improving-agent,https://x.com/i/status/2107947071861125606,2026-10-07T21:32:00.000Z,en,2,0,0.18
self-improving-agent,https://x.com/i/status/2107933377466933754,2026-10-07T20:37:35.000Z,en,1,0,0.88
self-improving-agent,https://x.com/i/status/2107906891083100271,2026-10-07T18:52:20.000Z,en,1,0,0.88
self-improving-agent,https://x.com/i/status/2107876920977158389,2026-10-07T16:53:15.000Z,en,20,8,0.9
self-improving-agent,https://x.com/i/status/2107843020871860229,2026-10-07T14:38:32.000Z,en,40,30,0.78
self-improving-agent,https://x.com/i/status/2107712745504178531,2026-10-07T06:00:52.000Z,en,0,0,0.9
self-improving-agent,https://x.com/i/status/2107609408955953540,2026-10-06T23:10:15.000Z,en,0,0,0.82
self-improving-agent,https://x.com/i/status/2107461906688856262,2026-10-06T13:24:07.000Z,en,66,50,0.65
self-improving-agent,https://x.com/i/status/2107399879719018875,2026-10-06T09:17:39.000Z,en,1,0,0.89
self-improving-agent,https://x.com/i/status/2107208163867132318,2026-10-05T20:35:50.000Z,en,7,0,0.25
self-improving-agent,https://x.com/i/status/2107186798594301954,2026-10-05T19:10:57.000Z,en,5,2,0.88
self-improving-agent,https://x.com/i/status/2107151909979320828,2026-10-05T16:52:18.000Z,en,68,3,0.07
self-improving-agent,https://x.com/i/status/2107136401577775135,2026-10-05T15:50:41.000Z,en,2,0,0.87
self-improving-agent,https://x.com/i/status/2107121939923816813,2026-10-05T14:53:13.000Z,en,6,1,0.4
self-improving-agent,https://x.com/i/status/2107066779545538798,2026-10-05T11:14:02.000Z,en,1,0,0.02
self-improving-agent,https://x.com/i/status/2107005569814896868,2026-10-05T07:10:48.000Z,en,2,1,0.58
self-improving-agent,https://x.com/i/status/2106913274851893501,2026-10-05T01:04:03.000Z,en,373,131,0.42
self-improving-agent,https://x.com/i/status/2106870150612045892,2026-10-04T22:12:42.000Z,en,0,0,0.76
self-improving-agent,https://x.com/i/status/2106807494987173984,2026-10-04T18:03:44.000Z,en,0,0,0.87
self-improving-agent,https://x.com/i/status/2106784214792442364,2026-10-04T16:31:13.000Z,en,13,4,0.6
self-improving-agent,https://x.com/i/status/2106609198129668539,2026-10-04T04:55:46.000Z,en,2,2,0.6
self-improving-agent,https://x.com/i/status/2106608131417485761,2026-10-04T04:51:32.000Z,en,16,2,0.52
self-improving-agent,https://x.com/i/status/2106472394869428734,2026-10-03T19:52:09.000Z,zh,1,0,0.9
self-improving-agent,https://x.com/i/status/2106467109614313817,2026-10-03T19:31:09.000Z,en,38,4,0.66
self-improving-agent,https://x.com/i/status/2106437387152965788,2026-10-03T17:33:03.000Z,en,50,31,0.66
self-improving-agent,https://x.com/i/status/2106369875765542956,2026-10-03T13:04:47.000Z,en,23,1,0.67
self-improving-agent,https://x.com/i/status/2106331057893122459,2026-10-03T10:30:32.000Z,en,3,1,0.6
self-improving-agent,https://x.com/i/status/2106238024304730561,2026-10-03T04:20:51.000Z,en,1,0,0.41
grill-me,https://x.com/i/status/2108634962350002320,2026-10-09T19:05:26.000Z,en,0,0,0.97
grill-me,https://x.com/i/status/2108627196718076116,2026-10-09T18:34:34.000Z,ja,1,0,0.9
grill-me,https://x.com/i/status/2108621870153277933,2026-10-09T18:13:24.000Z,en,1,1,0.05
grill-me,https://x.com/i/status/2108617829935358146,2026-10-09T17:57:21.000Z,en,2,0,0.97
grill-me,https://x.com/i/status/2108601529985110290,2026-10-09T16:52:35.000Z,en,2,0,0.95
grill-me,https://x.com/i/status/2108598006748794896,2026-10-09T16:38:35.000Z,en,442,30,0.96
grill-me,https://x.com/i/status/2108585277409185826,2026-10-09T15:48:00.000Z,en,4,1,0.97
grill-me,https://x.com/i/status/2108580930319163898,2026-10-09T15:30:43.000Z,en,4,0,0.21
grill-me,https://x.com/i/status/2108577165306687938,2026-10-09T15:15:46.000Z,zh,419,83,0.43
grill-me,https://x.com/i/status/2108555185392140702,2026-10-09T13:48:25.000Z,en,2,3,0.97
grill-me,https://x.com/i/status/2108526188109128133,2026-10-09T11:53:12.000Z,zxx,28,8,0.17
grill-me,https://x.com/i/status/2108517722271121448,2026-10-09T11:19:34.000Z,en,1,0,0.85
grill-me,https://x.com/i/status/2108513952112267588,2026-10-09T11:04:35.000Z,zh,0,0,0.97
grill-me,https://x.com/i/status/2108509295319167477,2026-10-09T10:46:04.000Z,zh,5,0,0.97
grill-me,https://x.com/i/status/2108463609005408353,2026-10-09T07:44:32.000Z,zh,1,0,0.93
grill-me,https://x.com/i/status/2108408999632949695,2026-10-09T04:07:32.000Z,zh,0,0,0.92
grill-me,https://x.com/i/status/2108400281402908960,2026-10-09T03:32:53.000Z,zh,61,15,0.22
grill-me,https://x.com/i/status/2108358775069372736,2026-10-09T00:47:58.000Z,en,0,0,0.96
grill-me,https://x.com/i/status/2108358690697003265,2026-10-09T00:47:37.000Z,th,0,0,0.96
grill-me,https://x.com/i/status/2108280712109400215,2026-10-08T19:37:46.000Z,en,6,0,0.93
grill-me,https://x.com/i/status/2108275126982840450,2026-10-08T19:15:34.000Z,zxx,144,17,0.15
grill-me,https://x.com/i/status/2108250100849885322,2026-10-08T17:36:08.000Z,es,0,0,0.95
grill-me,https://x.com/i/status/2108246826730283104,2026-10-08T17:23:07.000Z,en,0,0,0.9
grill-me,https://x.com/i/status/2108220909970735489,2026-10-08T15:40:08.000Z,en,0,0,0.97
grill-me,https://x.com/i/status/2108219327883211171,2026-10-08T15:33:51.000Z,en,4,0,0.08
grill-me,https://x.com/i/status/2108208430359933200,2026-10-08T14:50:33.000Z,es,0,0,0.95
grill-me,https://x.com/i/status/2108204459301961998,2026-10-08T14:34:46.000Z,en,0,0,0.98
grill-me,https://x.com/i/status/2108194421338689961,2026-10-08T13:54:53.000Z,en,1,0,0.96
grill-me,https://x.com/i/status/2108169155690242433,2026-10-08T12:14:29.000Z,en,0,0,0.97
grill-me,https://x.com/i/status/2108155776959238503,2026-10-08T11:21:19.000Z,en,0,0,0.97
grill-me,https://x.com/i/status/2108155196937564163,2026-10-08T11:19:01.000Z,en,0,0,0.93
grill-me,https://x.com/i/status/2108146466082734198,2026-10-08T10:44:19.000Z,zxx,114,19,0.19
grill-me,https://x.com/i/status/2108142865138516325,2026-10-08T10:30:01.000Z,en,0,0,0.92
grill-me,https://x.com/i/status/2108124178750546276,2026-10-08T09:15:45.000Z,en,1,0,0.98
grill-me,https://x.com/i/status/2108124016435446018,2026-10-08T09:15:07.000Z,en,2,0,0.97
grill-me,https://x.com/i/status/2108108078864339255,2026-10-08T08:11:47.000Z,en,0,0,0.89
grill-me,https://x.com/i/status/2108100768062681433,2026-10-08T07:42:44.000Z,tr,1,0,0.9
grill-me,https://x.com/i/status/2108092836210204763,2026-10-08T07:11:13.000Z,zh,4,0,0.97
grill-me,https://x.com/i/status/2108066296025813170,2026-10-08T05:25:45.000Z,es,2,0,0.96
grill-me,https://x.com/i/status/2108064892255408139,2026-10-08T05:20:10.000Z,en,1,0,0.97
grill-me,https://x.com/i/status/2108064786982592553,2026-10-08T05:19:45.000Z,en,6,2,0.96
grill-me,https://x.com/i/status/2108062432740413611,2026-10-08T05:10:24.000Z,de,0,0,0.91
grill-me,https://x.com/i/status/2108037422043086971,2026-10-08T03:31:01.000Z,zxx,7,0,0.2
grill-me,https://x.com/i/status/2108032657909227823,2026-10-08T03:12:05.000Z,zh,0,0,0.96
grill-me,https://x.com/i/status/2107997866996240492,2026-10-08T00:53:50.000Z,zh,26,2,0.03
grill-me,https://x.com/i/status/2107965515578716410,2026-10-07T22:45:17.000Z,en,8,0,0.93
grill-me,https://x.com/i/status/2107946453653959012,2026-10-07T21:29:32.000Z,en,4,0,0.03
grill-me,https://x.com/i/status/2107943086827446520,2026-10-07T21:16:10.000Z,en,0,0,0.96
grill-me,https://x.com/i/status/2107939706231239032,2026-10-07T21:02:44.000Z,en,0,0,0.96
grill-me,https://x.com/i/status/2107939605475701058,2026-10-07T21:02:20.000Z,en,1,0,0.94
grill-me,https://x.com/i/status/2107932173986590986,2026-10-07T20:32:48.000Z,en,1,0,0.97
grill-me,https://x.com/i/status/2107924289257398628,2026-10-07T20:01:28.000Z,en,1,0,0.89
grill-me,https://x.com/i/status/2107910679177113781,2026-10-07T19:07:23.000Z,en,8,1,0.89
grill-me,https://x.com/i/status/2107907311620510108,2026-10-07T18:54:00.000Z,en,6,0,0.95
grill-me,https://x.com/i/status/2107872531181089050,2026-10-07T16:35:48.000Z,en,134,0,0.94
grill-me,https://x.com/i/status/2107828625235955757,2026-10-07T13:41:20.000Z,zh,0,0,0.91
grill-me,https://x.com/i/status/2107824340926714105,2026-10-07T13:24:19.000Z,en,3,0,0.91
grill-me,https://x.com/i/status/2107813527683838165,2026-10-07T12:41:20.000Z,en,1,0,0.94
grill-me,https://x.com/i/status/2107811430271508937,2026-10-07T12:33:00.000Z,en,11,0,0.96
grill-me,https://x.com/i/status/2107792219935535408,2026-10-07T11:16:40.000Z,en,0,0,0.9
grill-me,https://x.com/i/status/2107786994462163003,2026-10-07T10:55:54.000Z,en,0,0,0.98
grill-me,https://x.com/i/status/2107786950635835427,2026-10-07T10:55:44.000Z,tr,27,5,0.8
grill-me,https://x.com/i/status/2107780474332746126,2026-10-07T10:30:00.000Z,en,0,0,0.89
grill-me,https://x.com/i/status/2107777691034300614,2026-10-07T10:18:56.000Z,ja,0,0,0.88
grill-me,https://x.com/i/status/2107775477121528216,2026-10-07T10:10:08.000Z,en,5,0,0.94
grill-me,https://x.com/i/status/2107774710868312330,2026-10-07T10:07:06.000Z,ja,0,0,0.96
grill-me,https://x.com/i/status/2107773703555518855,2026-10-07T10:03:06.000Z,tr,474,18,0.91
grill-me,https://x.com/i/status/2107737312289333274,2026-10-07T07:38:29.000Z,en,1,0,0.98
grill-me,https://x.com/i/status/2107723362630082822,2026-10-07T06:43:03.000Z,en,140,27,0.11
grill-me,https://x.com/i/status/2107670479200977189,2026-10-07T03:12:55.000Z,ja,0,0,0.96
grill-me,https://x.com/i/status/2107666968086204616,2026-10-07T02:58:58.000Z,zh,0,0,0.95
grill-me,https://x.com/i/status/2107654000279765070,2026-10-07T02:07:26.000Z,zh,1,0,0.97
grill-me,https://x.com/i/status/2107568831484899451,2026-10-06T20:29:00.000Z,en,4,0,0.98
grill-me,https://x.com/i/status/2107542539565961368,2026-10-06T18:44:32.000Z,en,1,0,0.97
grill-me,https://x.com/i/status/2107535313174249871,2026-10-06T18:15:49.000Z,en,1,0,0.07
grill-me,https://x.com/i/status/2107490117371720047,2026-10-06T15:16:13.000Z,tr,1,0,0.04
grill-me,https://x.com/i/status/2107482535056003101,2026-10-06T14:46:06.000Z,zh,3,0,0.88
grill-me,https://x.com/i/status/2107444507788673444,2026-10-06T12:14:59.000Z,en,3,0,0.97
grill-me,https://x.com/i/status/2107440440031228349,2026-10-06T11:58:49.000Z,en,0,0,0.93
grill-me,https://x.com/i/status/2107430180549755340,2026-10-06T11:18:03.000Z,en,0,0,0.96
grill-me,https://x.com/i/status/2107418087771586755,2026-10-06T10:30:00.000Z,en,0,0,0.91
grill-me,https://x.com/i/status/2107402909541339644,2026-10-06T09:29:41.000Z,en,0,0,0.95
grill-me,https://x.com/i/status/2107392340599976399,2026-10-06T08:47:42.000Z,en,5,0,0.59
grill-me,https://x.com/i/status/2107376554401743325,2026-10-06T07:44:58.000Z,en,0,0,0.4
grill-me,https://x.com/i/status/2107344903974056426,2026-10-06T05:39:12.000Z,en,0,0,0.91
grill-me,https://x.com/i/status/2107333610877637094,2026-10-06T04:54:19.000Z,ja,1,0,0.05
grill-me,https://x.com/i/status/2107321121745834084,2026-10-06T04:04:42.000Z,en,1,0,0.61
grill-me,https://x.com/i/status/2107263429585338389,2026-10-06T00:15:27.000Z,en,2,0,0.95
grill-me,https://x.com/i/status/2107256771484008769,2026-10-05T23:48:59.000Z,en,4,0,0.06
grill-me,https://x.com/i/status/2107241216467517763,2026-10-05T22:47:11.000Z,ja,0,0,0.89
grill-me,https://x.com/i/status/2107161423193219548,2026-10-05T17:30:07.000Z,en,54,0,0.07
grill-me,https://x.com/i/status/2107108825761558799,2026-10-05T14:01:06.000Z,en,1252,63,0.06
grill-me,https://x.com/i/status/2107077084891987999,2026-10-05T11:54:59.000Z,zh,1,0,0.05
grill-me,https://x.com/i/status/2107059202342715606,2026-10-05T10:43:55.000Z,en,1,0,0.97
grill-me,https://x.com/i/status/2107053492883919319,2026-10-05T10:21:14.000Z,en,0,0,0.91
grill-me,https://x.com/i/status/2107050883083333825,2026-10-05T10:10:52.000Z,und,379,278,0.83
grill-me,https://x.com/i/status/2107033301357580733,2026-10-05T09:01:00.000Z,zh,0,0,0.98
grill-me,https://x.com/i/status/2106962354760253508,2026-10-05T04:19:05.000Z,zh,2,0,0.94
grill-me,https://x.com/i/status/2106916491119735284,2026-10-05T01:16:50.000Z,ja,1,0,0.96
grill-me,https://x.com/i/status/2106894293030064515,2026-10-04T23:48:38.000Z,en,0,0,0.95
grill-with-docs,https://x.com/i/status/2108605069578916306,2026-10-09T17:06:39.000Z,en,0,0,0.96
grill-with-docs,https://x.com/i/status/2108585277409185826,2026-10-09T15:48:00.000Z,en,4,1,0.96
grill-with-docs,https://x.com/i/status/2108577165306687938,2026-10-09T15:15:46.000Z,zh,423,83,0.21
grill-with-docs,https://x.com/i/status/2108479140013728241,2026-10-09T08:46:15.000Z,zh,4,0,0.97
grill-with-docs,https://x.com/i/status/2108455425439904182,2026-10-09T07:12:01.000Z,en,2,0,0.96
grill-with-docs,https://x.com/i/status/2108431673918718304,2026-10-09T05:37:38.000Z,ja,0,0,0.96
grill-with-docs,https://x.com/i/status/2108400281402908960,2026-10-09T03:32:53.000Z,zh,61,15,0.16
grill-with-docs,https://x.com/i/status/2108394238845354137,2026-10-09T03:08:53.000Z,zh,71,14,0.97
grill-with-docs,https://x.com/i/status/2108320769663197415,2026-10-08T22:16:56.000Z,ja,1,0,0.97
grill-with-docs,https://x.com/i/status/2108226917669175791,2026-10-08T16:04:00.000Z,pt,4,0,0.96
grill-with-docs,https://x.com/i/status/2108216899439894574,2026-10-08T15:24:12.000Z,en,1839,110,0.96
grill-with-docs,https://x.com/i/status/2108203244300472411,2026-10-08T14:29:56.000Z,zh,15,4,0.96
grill-with-docs,https://x.com/i/status/2108169155690242433,2026-10-08T12:14:29.000Z,en,0,0,0.97
grill-with-docs,https://x.com/i/status/2108166497994789012,2026-10-08T12:03:55.000Z,en,2,0,0.85
grill-with-docs,https://x.com/i/status/2108135131323986351,2026-10-08T09:59:17.000Z,en,6,1,0.97
grill-with-docs,https://x.com/i/status/2108108078864339255,2026-10-08T08:11:47.000Z,en,0,0,0.96
grill-with-docs,https://x.com/i/status/2108092836210204763,2026-10-08T07:11:13.000Z,zh,4,0,0.8
grill-with-docs,https://x.com/i/status/2107939706231239032,2026-10-07T21:02:44.000Z,en,0,0,0.84
grill-with-docs,https://x.com/i/status/2107939605475701058,2026-10-07T21:02:20.000Z,en,1,0,0.72
grill-with-docs,https://x.com/i/status/2107711116738691360,2026-10-07T05:54:24.000Z,en,2,0,0.86
grill-with-docs,https://x.com/i/status/2107560148243812772,2026-10-06T19:54:30.000Z,en,170,3,0.12
grill-with-docs,https://x.com/i/status/2107502417390469550,2026-10-06T16:05:06.000Z,zh,2,1,0.98
grill-with-docs,https://x.com/i/status/2107413555989602420,2026-10-06T10:12:00.000Z,ja,49,9,0.67
grill-with-docs,https://x.com/i/status/2107142044150071416,2026-10-05T16:13:06.000Z,en,0,0,0.96
grill-with-docs,https://x.com/i/status/2107121490323996998,2026-10-05T14:51:26.000Z,zh,1,0,0.07
grill-with-docs,https://x.com/i/status/2107025819285786687,2026-10-05T08:31:16.000Z,en,2,0,0.97
grill-with-docs,https://x.com/i/status/2106962354760253508,2026-10-05T04:19:05.000Z,zh,2,0,0.53
grill-with-docs,https://x.com/i/status/2106709714042036342,2026-10-04T11:35:11.000Z,en,2,0,0.1
grill-with-docs,https://x.com/i/status/2106655313281613844,2026-10-04T07:59:01.000Z,zxx,3,0,0.09
grill-with-docs,https://x.com/i/status/2106549424331604392,2026-10-04T00:58:15.000Z,zh,1,0,0.96
grill-with-docs,https://x.com/i/status/2106410676239347712,2026-10-03T15:46:55.000Z,fr,34,0,0.04
grill-with-docs,https://x.com/i/status/2106360521406492688,2026-10-03T12:27:37.000Z,en,13,1,0.97
self-improving,https://x.com/i/status/2108703449458135249,2026-10-09T23:37:34.000Z,en,0,0,0.57
self-improving,https://x.com/i/status/2108697173940674813,2026-10-09T23:12:38.000Z,en,0,0,0.64
self-improving,https://x.com/i/status/2108697071201267958,2026-10-09T23:12:14.000Z,en,2,0,0.05
self-improving,https://x.com/i/status/2108689281766273373,2026-10-09T22:41:16.000Z,en,1,0,0.83
self-improving,https://x.com/i/status/2108679581196845206,2026-10-09T22:02:44.000Z,en,2,0,0.87
self-improving,https://x.com/i/status/2108670775809220928,2026-10-09T21:27:44.000Z,en,99,6,0.61
self-improving,https://x.com/i/status/2108670235284771058,2026-10-09T21:25:35.000Z,en,3,0,0.73
self-improving,https://x.com/i/status/2108667818401005910,2026-10-09T21:15:59.000Z,en,14,2,0.9
self-improving,https://x.com/i/status/2108661719979503952,2026-10-09T20:51:45.000Z,en,19,2,0.8
self-improving,https://x.com/i/status/2108652625826578598,2026-10-09T20:15:37.000Z,en,6,0,0.17
self-improving,https://x.com/i/status/2108639843794235628,2026-10-09T19:24:50.000Z,en,0,0,0.62
self-improving,https://x.com/i/status/2108631040277291268,2026-10-09T18:49:51.000Z,en,19,1,0.88
self-improving,https://x.com/i/status/2108623999878214012,2026-10-09T18:21:52.000Z,en,0,0,0.67
self-improving,https://x.com/i/status/2108622937075151353,2026-10-09T18:17:39.000Z,en,3,1,0.78
self-improving,https://x.com/i/status/2108617137241911723,2026-10-09T17:54:36.000Z,en,652,78,0.58
self-improving,https://x.com/i/status/2108616086140735976,2026-10-09T17:50:25.000Z,zxx,101,3,0.16
self-improving,https://x.com/i/status/2108598257622667622,2026-10-09T16:39:35.000Z,en,568,28,0.73
self-improving,https://x.com/i/status/2108596874378965201,2026-10-09T16:34:05.000Z,en,1,1,0.12
self-improving,https://x.com/i/status/2108593004629868992,2026-10-09T16:18:42.000Z,en,16,0,0.89
self-improving,https://x.com/i/status/2108592545114771643,2026-10-09T16:16:53.000Z,en,0,0,0.89
self-improving,https://x.com/i/status/2108588328593379757,2026-10-09T16:00:07.000Z,en,32,1,0.86
self-improving,https://x.com/i/status/2108588306493784420,2026-10-09T16:00:02.000Z,en,17,0,0.81
self-improving,https://x.com/i/status/2108587681047597457,2026-10-09T15:57:33.000Z,en,0,0,0.87
self-improving,https://x.com/i/status/2108583183331598776,2026-10-09T15:39:41.000Z,en,0,0,0.54
self-improving,https://x.com/i/status/2108580251127439710,2026-10-09T15:28:02.000Z,en,102,8,0.78
self-improving,https://x.com/i/status/2108575740534944253,2026-10-09T15:10:06.000Z,en,29,1,0.82
self-improving,https://x.com/i/status/2108573439787429979,2026-10-09T15:00:58.000Z,en,47,2,0.88
self-improving,https://x.com/i/status/2108566281616253128,2026-10-09T14:32:31.000Z,en,0,0,0.72
self-improving,https://x.com/i/status/2108565649110794451,2026-10-09T14:30:00.000Z,en,1,0,0.79
self-improving,https://x.com/i/status/2108554298024226846,2026-10-09T13:44:54.000Z,en,21,2,0.65
self-improving,https://x.com/i/status/2108552921994432822,2026-10-09T13:39:26.000Z,ar,0,0,0.37
self-improving,https://x.com/i/status/2108551537358193019,2026-10-09T13:33:56.000Z,ar,0,0,0.28
self-improving,https://x.com/i/status/2108545736195395999,2026-10-09T13:10:53.000Z,en,0,0,0.81
self-improving,https://x.com/i/status/2108535857158443181,2026-10-09T12:31:37.000Z,en,0,0,0.86
self-improving,https://x.com/i/status/2108496921056645150,2026-10-09T09:56:54.000Z,en,0,0,0.77
self-improving,https://x.com/i/status/2108469672622346695,2026-10-09T08:08:38.000Z,en,1,0,0.56
self-improving,https://x.com/i/status/2108463523798118905,2026-10-09T07:44:12.000Z,en,0,0,0.41
self-improving,https://x.com/i/status/2108452999215599690,2026-10-09T07:02:22.000Z,en,216,38,0.11
self-improving,https://x.com/i/status/2108423476881322397,2026-10-09T05:05:04.000Z,en,0,0,0.78
self-improving,https://x.com/i/status/2108420398891028512,2026-10-09T04:52:50.000Z,zxx,6,2,0.13
self-improving,https://x.com/i/status/2108409394644095016,2026-10-09T04:09:06.000Z,en,44,7,0.13
self-improving,https://x.com/i/status/2108370958306381978,2026-10-09T01:36:22.000Z,en,0,0,0.04
self-improving,https://x.com/i/status/2108349698880811377,2026-10-09T00:11:54.000Z,en,1,0,0.19
self-improving,https://x.com/i/status/2108321300997411205,2026-10-08T22:19:03.000Z,en,0,0,0.85
self-improving,https://x.com/i/status/2108310331147645031,2026-10-08T21:35:28.000Z,en,3,0,0.76
self-improving,https://x.com/i/status/2108309399060246574,2026-10-08T21:31:45.000Z,en,0,0,0.04
self-improving,https://x.com/i/status/2108296006697910568,2026-10-08T20:38:32.000Z,zxx,2,0,0.13
self-improving,https://x.com/i/status/2108272117766914133,2026-10-08T19:03:37.000Z,en,1,0,0.78
self-improving,https://x.com/i/status/2108262386838970634,2026-10-08T18:24:57.000Z,en,1,0,0.79
self-improving,https://x.com/i/status/2108255823306559636,2026-10-08T17:58:52.000Z,en,0,0,0.76
self-improving,https://x.com/i/status/2108255747385720837,2026-10-08T17:58:34.000Z,en,0,0,0.38
self-improving,https://x.com/i/status/2108248559711932917,2026-10-08T17:30:00.000Z,en,0,0,0.84
self-improving,https://x.com/i/status/2108248128113852439,2026-10-08T17:28:17.000Z,en,31,6,0.64
self-improving,https://x.com/i/status/2108245770906542554,2026-10-08T17:18:55.000Z,en,17,1,0.14
self-improving,https://x.com/i/status/2108239214588342609,2026-10-08T16:52:52.000Z,en,53,8,0.83
self-improving,https://x.com/i/status/2108236381256630300,2026-10-08T16:41:37.000Z,en,1,0,0.71
self-improving,https://x.com/i/status/2108234778365292578,2026-10-08T16:35:14.000Z,en,0,0,0.74
self-improving,https://x.com/i/status/2108234202345070926,2026-10-08T16:32:57.000Z,en,1,0,0.87
self-improving,https://x.com/i/status/2108222868702027964,2026-10-08T15:47:55.000Z,zxx,34,2,0.15
self-improving,https://x.com/i/status/2108217043501629702,2026-10-08T15:24:46.000Z,en,0,0,0.81
self-improving,https://x.com/i/status/2108213351239340321,2026-10-08T15:10:06.000Z,en,0,0,0.86
self-improving,https://x.com/i/status/2108201531367682125,2026-10-08T14:23:08.000Z,en,1,0,0.06
self-improving,https://x.com/i/status/2108196489474547836,2026-10-08T14:03:06.000Z,en,10,2,0.12
self-improving,https://x.com/i/status/2108185705239208162,2026-10-08T13:20:14.000Z,en,30,0,0.19
self-improving,https://x.com/i/status/2108182793322647627,2026-10-08T13:08:40.000Z,en,5,1,0.68
self-improving,https://x.com/i/status/2108180689489396097,2026-10-08T13:00:19.000Z,en,114,25,0.15
self-improving,https://x.com/i/status/2108179824900808716,2026-10-08T12:56:53.000Z,en,44,8,0.17
self-improving,https://x.com/i/status/2108166831395484023,2026-10-08T12:05:15.000Z,en,0,0,0.53
self-improving,https://x.com/i/status/2108165665060180454,2026-10-08T12:00:37.000Z,en,116,10,0.91
self-improving,https://x.com/i/status/2108157970005864573,2026-10-08T11:30:02.000Z,zxx,1,0,0.19
self-improving,https://x.com/i/status/2108138940096295201,2026-10-08T10:14:25.000Z,en,18,2,0.9
self-improving,https://x.com/i/status/2108132813618782556,2026-10-08T09:50:04.000Z,en,0,0,0.86
self-improving,https://x.com/i/status/2108126428629783039,2026-10-08T09:24:42.000Z,en,0,0,0.77
self-improving,https://x.com/i/status/2108087574141018586,2026-10-08T06:50:18.000Z,ar,0,0,0.84
self-improving,https://x.com/i/status/2108050661136887933,2026-10-08T04:23:37.000Z,en,37,3,0.78
self-improving,https://x.com/i/status/2108039067640500298,2026-10-08T03:37:33.000Z,en,272,72,0.11
self-improving,https://x.com/i/status/2108018519803932822,2026-10-08T02:15:54.000Z,en,164,84,0.51
self-improving,https://x.com/i/status/2108009710037156011,2026-10-08T01:40:54.000Z,en,9,0,0.33
self-improving,https://x.com/i/status/2107979024605536269,2026-10-07T23:38:58.000Z,en,0,0,0.89
self-improving,https://x.com/i/status/2107978589891440697,2026-10-07T23:37:14.000Z,en,2,0,0.11
self-improving,https://x.com/i/status/2107971838164754930,2026-10-07T23:10:25.000Z,en,0,0,0.84
self-improving,https://x.com/i/status/2107947071861125606,2026-10-07T21:32:00.000Z,en,2,0,0.09
self-improving,https://x.com/i/status/2107938979605889265,2026-10-07T20:59:51.000Z,en,8,0,0.86
self-improving,https://x.com/i/status/2107934755480375556,2026-10-07T20:43:03.000Z,en,6,0,0.57
self-improving,https://x.com/i/status/2107934655852794291,2026-10-07T20:42:40.000Z,en,13,0,0.84
self-improving,https://x.com/i/status/2107933377466933754,2026-10-07T20:37:35.000Z,en,1,0,0.85
self-improving,https://x.com/i/status/2107930630222684638,2026-10-07T20:26:40.000Z,en,0,0,0.05
self-improving,https://x.com/i/status/2107910849361072570,2026-10-07T19:08:04.000Z,en,0,0,0.69
self-improving,https://x.com/i/status/2107910837390475495,2026-10-07T19:08:01.000Z,en,0,0,0.73
self-improving,https://x.com/i/status/2107906891083100271,2026-10-07T18:52:20.000Z,en,1,0,0.86
self-improving,https://x.com/i/status/2107899146552402125,2026-10-07T18:21:34.000Z,en,2,0,0.86
self-improving,https://x.com/i/status/2107885540674818399,2026-10-07T17:27:30.000Z,en,4,0,0.05
self-improving,https://x.com/i/status/2107876920977158389,2026-10-07T16:53:15.000Z,en,20,8,0.87
self-improving,https://x.com/i/status/2107871531368063163,2026-10-07T16:31:50.000Z,en,21,0,0.51
self-improving,https://x.com/i/status/2107863582423585225,2026-10-07T16:00:14.000Z,en,33,1,0.85
self-improving,https://x.com/i/status/2107854876839436397,2026-10-07T15:25:39.000Z,en,0,0,0.04
self-improving,https://x.com/i/status/2107848542538658137,2026-10-07T15:00:29.000Z,zxx,40,2,0.12
self-improving,https://x.com/i/status/2107847440808231150,2026-10-07T14:56:06.000Z,en,1,0,0.79
self-improving,https://x.com/i/status/2107843020871860229,2026-10-07T14:38:32.000Z,en,40,30,0.66
self-improving,https://x.com/i/status/2107834093480321522,2026-10-07T14:03:04.000Z,en,11,8,0.86
improve-codebase-architecture,https://x.com/i/status/2108585277409185826,2026-10-09T15:48:00.000Z,en,4,1,0.68
improve-codebase-architecture,https://x.com/i/status/2108526188109128133,2026-10-09T11:53:12.000Z,zxx,28,8,0.18
improve-codebase-architecture,https://x.com/i/status/2108132651802706219,2026-10-08T09:49:26.000Z,en,1,0,0.96
improve-codebase-architecture,https://x.com/i/status/2108092836210204763,2026-10-08T07:11:13.000Z,zh,4,0,0.22
improve-codebase-architecture,https://x.com/i/status/2107939706231239032,2026-10-07T21:02:44.000Z,en,0,0,0.19
improve-codebase-architecture,https://x.com/i/status/2107939605475701058,2026-10-07T21:02:20.000Z,en,1,0,0.23
improve-codebase-architecture,https://x.com/i/status/2107797066844168402,2026-10-07T11:35:56.000Z,en,1,0,0.97
improve-codebase-architecture,https://x.com/i/status/2107482535056003101,2026-10-06T14:46:06.000Z,zh,3,0,0.26
improve-codebase-architecture,https://x.com/i/status/2107121816565137633,2026-10-05T14:52:44.000Z,en,1,0,0.56
improve-codebase-architecture,https://x.com/i/status/2107121490323996998,2026-10-05T14:51:26.000Z,zh,1,0,0.07
improve-codebase-architecture,https://x.com/i/status/2106962354760253508,2026-10-05T04:19:05.000Z,zh,2,0,0.28
improve-codebase-architecture,https://x.com/i/status/2106753279036416219,2026-10-04T14:28:17.000Z,zh,62,8,0.95
github,https://x.com/i/status/2108721715467653271,2026-10-10T00:50:09.000Z,zxx,0,0,0.12
github,https://x.com/i/status/2108720913244152124,2026-10-10T00:46:58.000Z,zxx,0,0,0.14
github,https://x.com/i/status/2108720536893485358,2026-10-10T00:45:28.000Z,ja,0,0,0.13
github,https://x.com/i/status/2108719019062931575,2026-10-10T00:39:26.000Z,zh,0,0,0.12
github,https://x.com/i/status/2108718324309971196,2026-10-10T00:36:41.000Z,zh,1,0,0.05
github,https://x.com/i/status/2108717397477859473,2026-10-10T00:33:00.000Z,zh,1,0,0.08
github,https://x.com/i/status/2108717218850803979,2026-10-10T00:32:17.000Z,zh,1,0,0.08
github,https://x.com/i/status/2108717174110228804,2026-10-10T00:32:07.000Z,en,0,0,0.19
github,https://x.com/i/status/2108717145723113847,2026-10-10T00:32:00.000Z,zh,1,0,0.14
github,https://x.com/i/status/2108716877786873866,2026-10-10T00:30:56.000Z,zxx,0,0,0.12
github,https://x.com/i/status/2108716838343602486,2026-10-10T00:30:46.000Z,zh,2,0,0.35
github,https://x.com/i/status/2108716758051819726,2026-10-10T00:30:27.000Z,en,0,0,0.34
github,https://x.com/i/status/2108716664514904152,2026-10-10T00:30:05.000Z,ja,0,0,0.07
github,https://x.com/i/status/2108716045674639540,2026-10-10T00:27:37.000Z,ja,2,0,0.1
github,https://x.com/i/status/2108715851063128359,2026-10-10T00:26:51.000Z,zxx,1,0,0.11
github,https://x.com/i/status/2108715132658266536,2026-10-10T00:24:00.000Z,en,1,0,0.23
github,https://x.com/i/status/2108714748669817264,2026-10-10T00:22:28.000Z,zxx,0,0,0.12
github,https://x.com/i/status/2108714546881798565,2026-10-10T00:21:40.000Z,en,0,0,0.11
github,https://x.com/i/status/2108714123060281473,2026-10-10T00:19:59.000Z,en,2,1,0.1
github,https://x.com/i/status/2108713294358094176,2026-10-10T00:16:42.000Z,ja,0,0,0.14
github,https://x.com/i/status/2108713287902761292,2026-10-10T00:16:40.000Z,en,0,0,0.04
github,https://x.com/i/status/2108713117022830638,2026-10-10T00:15:59.000Z,en,0,0,0.18
github,https://x.com/i/status/2108713000177910147,2026-10-10T00:15:31.000Z,en,0,0,0.1
github,https://x.com/i/status/2108712960801833414,2026-10-10T00:15:22.000Z,en,0,0,0.1
github,https://x.com/i/status/2108711259763773832,2026-10-10T00:08:36.000Z,zxx,1,0,0.12
github,https://x.com/i/status/2108710356390437092,2026-10-10T00:05:01.000Z,en,0,0,0.1
github,https://x.com/i/status/2108709996624044366,2026-10-10T00:03:35.000Z,en,0,0,0.05
github,https://x.com/i/status/2108709874259669254,2026-10-10T00:03:06.000Z,ja,1,0,0.08
github,https://x.com/i/status/2108709525062640082,2026-10-10T00:01:43.000Z,en,0,0,0.04
github,https://x.com/i/status/2108709318053056648,2026-10-10T00:00:54.000Z,zh,0,0,0.09
github,https://x.com/i/status/2108709032940962270,2026-10-09T23:59:46.000Z,ja,1,0,0.23
github,https://x.com/i/status/2108708353048273246,2026-10-09T23:57:03.000Z,en,0,0,0.15
github,https://x.com/i/status/2108707408335822869,2026-10-09T23:53:18.000Z,zh,1,0,0.12
github,https://x.com/i/status/2108706463317401788,2026-10-09T23:49:33.000Z,en,0,0,0.12
github,https://x.com/i/status/2108704925748465709,2026-10-09T23:43:26.000Z,en,2,0,0.17
github,https://x.com/i/status/2108703354449002774,2026-10-09T23:37:12.000Z,zh,3,0,0.07
github,https://x.com/i/status/2108703053817974994,2026-10-09T23:36:00.000Z,en,0,0,0.16
github,https://x.com/i/status/2108702504527736864,2026-10-09T23:33:49.000Z,ja,0,0,0.17
github,https://x.com/i/status/2108701740027846771,2026-10-09T23:30:47.000Z,en,0,0,0.14
github,https://x.com/i/status/2108701679298154795,2026-10-09T23:30:32.000Z,en,0,0,0.05
github,https://x.com/i/status/2108701555058790506,2026-10-09T23:30:03.000Z,zh,26,2,0.16
github,https://x.com/i/status/2108701417150042201,2026-10-09T23:29:30.000Z,en,0,0,0.05
github,https://x.com/i/status/2108701408841368008,2026-10-09T23:29:28.000Z,ja,0,0,0.14
github,https://x.com/i/status/2108701205908295777,2026-10-09T23:28:39.000Z,zh,0,0,0.12
github,https://x.com/i/status/2108700935279067340,2026-10-09T23:27:35.000Z,pt,0,0,0.12
github,https://x.com/i/status/2108700491177693578,2026-10-09T23:25:49.000Z,en,0,0,0.05
github,https://x.com/i/status/2108700391625896144,2026-10-09T23:25:25.000Z,en,1,0,0.05
github,https://x.com/i/status/2108699960782774733,2026-10-09T23:23:43.000Z,en,155,14,0.12
github,https://x.com/i/status/2108699830801547691,2026-10-09T23:23:12.000Z,en,0,0,0.21
github,https://x.com/i/status/2108698923682447839,2026-10-09T23:19:35.000Z,tr,0,0,0.08
github,https://x.com/i/status/2108698043616768502,2026-10-09T23:16:05.000Z,en,0,0,0.21
github,https://x.com/i/status/2108697476891120005,2026-10-09T23:13:50.000Z,ja,1,0,0.16
github,https://x.com/i/status/2108697114788389178,2026-10-09T23:12:24.000Z,zxx,0,0,0.11
github,https://x.com/i/status/2108695991209578574,2026-10-09T23:07:56.000Z,en,1,0,0.06
github,https://x.com/i/status/2108695823504785884,2026-10-09T23:07:16.000Z,ja,2,0,0.18
github,https://x.com/i/status/2108695795117793595,2026-10-09T23:07:09.000Z,en,3,0,0.05
github,https://x.com/i/status/2108695705783017934,2026-10-09T23:06:48.000Z,en,0,0,0.18
github,https://x.com/i/status/2108695503252709712,2026-10-09T23:06:00.000Z,zh,4,0,0.22
github,https://x.com/i/status/2108695311082565848,2026-10-09T23:05:14.000Z,en,0,0,0.04
github,https://x.com/i/status/2108694891979215240,2026-10-09T23:03:34.000Z,ja,2,0,0.12
github,https://x.com/i/status/2108694809561157759,2026-10-09T23:03:14.000Z,en,0,0,0.36
github,https://x.com/i/status/2108694738673233981,2026-10-09T23:02:58.000Z,en,0,0,0.34
github,https://x.com/i/status/2108694674567500048,2026-10-09T23:02:42.000Z,en,2,0,0.29
github,https://x.com/i/status/2108694619085328565,2026-10-09T23:02:29.000Z,en,0,0,0.24
github,https://x.com/i/status/2108694000538734864,2026-10-09T23:00:02.000Z,zh,11,2,0.18
github,https://x.com/i/status/2108693887175012419,2026-10-09T22:59:34.000Z,ca,0,0,0.2
github,https://x.com/i/status/2108693748725043605,2026-10-09T22:59:01.000Z,en,0,0,0.15
github,https://x.com/i/status/2108693524774564183,2026-10-09T22:58:08.000Z,ja,0,0,0.11
github,https://x.com/i/status/2108693501668118970,2026-10-09T22:58:03.000Z,en,1,0,0.14
github,https://x.com/i/status/2108692676464067041,2026-10-09T22:54:46.000Z,en,0,0,0.09
github,https://x.com/i/status/2108691225176056099,2026-10-09T22:49:00.000Z,en,2,0,0.14
github,https://x.com/i/status/2108691007877574934,2026-10-09T22:48:08.000Z,en,2,0,0.16
github,https://x.com/i/status/2108690672274599974,2026-10-09T22:46:48.000Z,en,1,0,0.19
github,https://x.com/i/status/2108690661780373695,2026-10-09T22:46:46.000Z,zxx,1,0,0.11
github,https://x.com/i/status/2108690432280637617,2026-10-09T22:45:51.000Z,zh,1,0,0.16
github,https://x.com/i/status/2108690218639630658,2026-10-09T22:45:00.000Z,en,17,1,0.14
github,https://x.com/i/status/2108690119528206794,2026-10-09T22:44:36.000Z,en,1,0,0.09
github,https://x.com/i/status/2108689731072729456,2026-10-09T22:43:04.000Z,ja,0,0,0.33
github,https://x.com/i/status/2108688642231435769,2026-10-09T22:38:44.000Z,en,3,0,0.07
github,https://x.com/i/status/2108688183269670940,2026-10-09T22:36:55.000Z,en,0,0,0.1
github,https://x.com/i/status/2108688143960478120,2026-10-09T22:36:45.000Z,en,2,0,0.21
github,https://x.com/i/status/2108688077170323533,2026-10-09T22:36:29.000Z,pt,1,0,0.17
github,https://x.com/i/status/2108687908613853684,2026-10-09T22:35:49.000Z,pt,2,0,0.15
github,https://x.com/i/status/2108687769530941757,2026-10-09T22:35:16.000Z,en,0,0,0.12
github,https://x.com/i/status/2108687491092099383,2026-10-09T22:34:10.000Z,en,2,0,0.07
github,https://x.com/i/status/2108687427263221878,2026-10-09T22:33:54.000Z,en,1,0,0.19
github,https://x.com/i/status/2108687204981555226,2026-10-09T22:33:01.000Z,en,1,0,0.07
github,https://x.com/i/status/2108687149725802952,2026-10-09T22:32:48.000Z,en,0,0,0.09
github,https://x.com/i/status/2108686946424029603,2026-10-09T22:32:00.000Z,ja,17,2,0.13
github,https://x.com/i/status/2108685940327846053,2026-10-09T22:28:00.000Z,en,0,0,0.05
github,https://x.com/i/status/2108685316790100125,2026-10-09T22:25:31.000Z,zxx,1,1,0.1
github,https://x.com/i/status/2108682231065743869,2026-10-09T22:13:15.000Z,zxx,2,0,0.1
github,https://x.com/i/status/2108681324425015441,2026-10-09T22:09:39.000Z,ja,2,1,0.1
github,https://x.com/i/status/2108681219039023336,2026-10-09T22:09:14.000Z,en,1,0,0.12
github,https://x.com/i/status/2108681115729117266,2026-10-09T22:08:50.000Z,en,0,0,0.12
github,https://x.com/i/status/2108681065573605808,2026-10-09T22:08:38.000Z,en,0,0,0.15
github,https://x.com/i/status/2108680256089739486,2026-10-09T22:05:25.000Z,ja,0,0,0.06
github,https://x.com/i/status/2108680218756198749,2026-10-09T22:05:16.000Z,ja,1,0,0.1
github,https://x.com/i/status/2108679862781436081,2026-10-09T22:03:51.000Z,en,0,0,0.1
github,https://x.com/i/status/2108679538284896643,2026-10-09T22:02:33.000Z,en,0,0,0.09
agent-browser,https://x.com/i/status/2108654265258635362,2026-10-09T20:22:08.000Z,en,0,0,0.46
agent-browser,https://x.com/i/status/2108603402397577657,2026-10-09T17:00:01.000Z,en,1,0,0.27
agent-browser,https://x.com/i/status/2108586673806115215,2026-10-09T15:53:33.000Z,en,0,0,0.95
agent-browser,https://x.com/i/status/2108585277409185826,2026-10-09T15:48:00.000Z,en,4,1,0.1
agent-browser,https://x.com/i/status/2108536234465181724,2026-10-09T12:33:07.000Z,en,0,0,0.9
agent-browser,https://x.com/i/status/2108510251435917545,2026-10-09T10:49:52.000Z,zh,15,2,0.5
agent-browser,https://x.com/i/status/2108496711664673238,2026-10-09T09:56:04.000Z,en,0,0,0.91
agent-browser,https://x.com/i/status/2108487511207219559,2026-10-09T09:19:31.000Z,ja,5,0,0.28
agent-browser,https://x.com/i/status/2108473066359492715,2026-10-09T08:22:07.000Z,en,0,0,0.82
agent-browser,https://x.com/i/status/2108400493936451977,2026-10-09T03:33:44.000Z,en,8,0,0.82
agent-browser,https://x.com/i/status/2108397693857157448,2026-10-09T03:22:37.000Z,ja,4,0,0.09
agent-browser,https://x.com/i/status/2108346199795277967,2026-10-08T23:57:59.000Z,en,50,15,0.45
agent-browser,https://x.com/i/status/2108344862818849157,2026-10-08T23:52:41.000Z,en,0,0,0.73
agent-browser,https://x.com/i/status/2108332005251244501,2026-10-08T23:01:35.000Z,zh,1,0,0.95
agent-browser,https://x.com/i/status/2108327510949961840,2026-10-08T22:43:44.000Z,ja,0,0,0.79
agent-browser,https://x.com/i/status/2108313693696188526,2026-10-08T21:48:49.000Z,en,11,1,0.96
agent-browser,https://x.com/i/status/2108296428183491007,2026-10-08T20:40:13.000Z,pt,0,0,0.74
agent-browser,https://x.com/i/status/2108286825059991976,2026-10-08T20:02:03.000Z,en,0,0,0.6
agent-browser,https://x.com/i/status/2108276264763048104,2026-10-08T19:20:06.000Z,zxx,74,8,0.18
agent-browser,https://x.com/i/status/2108256108250849347,2026-10-08T18:00:00.000Z,en,0,0,0.06
agent-browser,https://x.com/i/status/2108249094799892752,2026-10-08T17:32:08.000Z,en,19,0,0.22
agent-browser,https://x.com/i/status/2108234436219130126,2026-10-08T16:33:53.000Z,en,14,0,0.12
agent-browser,https://x.com/i/status/2108230960210661693,2026-10-08T16:20:04.000Z,en,0,0,0.84
agent-browser,https://x.com/i/status/2108227013127385506,2026-10-08T16:04:23.000Z,en,0,0,0.44
agent-browser,https://x.com/i/status/2108222962306548005,2026-10-08T15:48:17.000Z,en,249,23,0.12
agent-browser,https://x.com/i/status/2108199838227570956,2026-10-08T14:16:24.000Z,ar,5,0,0.83
agent-browser,https://x.com/i/status/2108191312432226383,2026-10-08T13:42:31.000Z,en,21,1,0.43
agent-browser,https://x.com/i/status/2108187468042580461,2026-10-08T13:27:15.000Z,zh,1,0,0.92
agent-browser,https://x.com/i/status/2108146918710706330,2026-10-08T10:46:07.000Z,en,1,0,0.93
agent-browser,https://x.com/i/status/2108146466560549274,2026-10-08T10:44:19.000Z,en,0,0,0.94
agent-browser,https://x.com/i/status/2108124839513129157,2026-10-08T09:18:23.000Z,en,1,0,0.87
agent-browser,https://x.com/i/status/2108090023010570578,2026-10-08T07:00:02.000Z,en,0,0,0.95
agent-browser,https://x.com/i/status/2108070767879729412,2026-10-08T05:43:31.000Z,en,0,0,0.64
agent-browser,https://x.com/i/status/2107939139937071531,2026-10-07T21:00:29.000Z,en,2,0,0.34
agent-browser,https://x.com/i/status/2107935284801228861,2026-10-07T20:45:10.000Z,en,2,0,0.74
agent-browser,https://x.com/i/status/2107904549872652608,2026-10-07T18:43:02.000Z,en,3,0,0.81
agent-browser,https://x.com/i/status/2107889327720268268,2026-10-07T17:42:33.000Z,en,4,1,0.88
agent-browser,https://x.com/i/status/2107880328606134649,2026-10-07T17:06:47.000Z,en,0,0,0.94
agent-browser,https://x.com/i/status/2107874340822036963,2026-10-07T16:42:59.000Z,en,2,0,0.92
agent-browser,https://x.com/i/status/2107871790701981981,2026-10-07T16:32:51.000Z,en,1,0,0.96
agent-browser,https://x.com/i/status/2107825598961770538,2026-10-07T13:29:18.000Z,en,1,0,0.5
agent-browser,https://x.com/i/status/2107820242772857181,2026-10-07T13:08:01.000Z,zh,0,0,0.43
agent-browser,https://x.com/i/status/2107817516697338183,2026-10-07T12:57:11.000Z,en,1,0,0.79
agent-browser,https://x.com/i/status/2107813708143718775,2026-10-07T12:42:03.000Z,en,0,0,0.9
agent-browser,https://x.com/i/status/2107809771814596895,2026-10-07T12:26:25.000Z,en,0,0,0.89
agent-browser,https://x.com/i/status/2107777029827387801,2026-10-07T10:16:19.000Z,fa,26,5,0.69
agent-browser,https://x.com/i/status/2107773591622222198,2026-10-07T10:02:39.000Z,en,1,0,0.07
agent-browser,https://x.com/i/status/2107757077011833037,2026-10-07T08:57:02.000Z,en,0,0,0.18
agent-browser,https://x.com/i/status/2107750209304301975,2026-10-07T08:29:44.000Z,en,42,8,0.36
agent-browser,https://x.com/i/status/2107712533079654461,2026-10-07T06:00:01.000Z,ja,0,0,0.05
agent-browser,https://x.com/i/status/2107654807255384287,2026-10-07T02:10:39.000Z,zh,0,0,0.93
agent-browser,https://x.com/i/status/2107654792344678516,2026-10-07T02:10:35.000Z,zh,0,0,0.97
agent-browser,https://x.com/i/status/2107641465468059747,2026-10-07T01:17:38.000Z,en,0,0,0.68
agent-browser,https://x.com/i/status/2107621938709569714,2026-10-07T00:00:02.000Z,ja,1,1,0.03
agent-browser,https://x.com/i/status/2107600044669165941,2026-10-06T22:33:02.000Z,en,1,0,0.9
agent-browser,https://x.com/i/status/2107580327090880875,2026-10-06T21:14:41.000Z,en,4,2,0.74
agent-browser,https://x.com/i/status/2107571494163476567,2026-10-06T20:39:35.000Z,en,5,0,0.95
agent-browser,https://x.com/i/status/2107565074483388426,2026-10-06T20:14:05.000Z,en,1,0,0.84
agent-browser,https://x.com/i/status/2107554989648609656,2026-10-06T19:34:00.000Z,en,14,4,0.76
agent-browser,https://x.com/i/status/2107546545541599619,2026-10-06T19:00:27.000Z,en,0,0,0.93
agent-browser,https://x.com/i/status/2107543237112037744,2026-10-06T18:47:18.000Z,en,10,3,0.07
agent-browser,https://x.com/i/status/2107543069881180473,2026-10-06T18:46:38.000Z,en,3,0,0.07
agent-browser,https://x.com/i/status/2107534972773122296,2026-10-06T18:14:28.000Z,en,3,0,0.75
agent-browser,https://x.com/i/status/2107532647601700939,2026-10-06T18:05:13.000Z,en,38,6,0.77
agent-browser,https://x.com/i/status/2107526200591872442,2026-10-06T17:39:36.000Z,en,1,0,0.77
agent-browser,https://x.com/i/status/2107503788777152672,2026-10-06T16:10:33.000Z,en,17,4,0.19
agent-browser,https://x.com/i/status/2107502635242709502,2026-10-06T16:05:58.000Z,en,62,14,0.21
agent-browser,https://x.com/i/status/2107495549377339649,2026-10-06T15:37:49.000Z,en,1,0,0.93
agent-browser,https://x.com/i/status/2107494963139563829,2026-10-06T15:35:29.000Z,zh,0,0,0.63
agent-browser,https://x.com/i/status/2107487530257940506,2026-10-06T15:05:57.000Z,en,0,0,0.94
agent-browser,https://x.com/i/status/2107483921499717671,2026-10-06T14:51:36.000Z,en,5,0,0.2
agent-browser,https://x.com/i/status/2107437840263164002,2026-10-06T11:48:30.000Z,en,16,0,0.94
agent-browser,https://x.com/i/status/2107435057808117780,2026-10-06T11:37:26.000Z,en,0,0,0.94
agent-browser,https://x.com/i/status/2107419117590642973,2026-10-06T10:34:06.000Z,in,0,0,0.77
agent-browser,https://x.com/i/status/2107416845917749663,2026-10-06T10:25:04.000Z,en,9,1,0.88
agent-browser,https://x.com/i/status/2107414681648537688,2026-10-06T10:16:28.000Z,en,3,0,0.54
agent-browser,https://x.com/i/status/2107380804909465971,2026-10-06T08:01:51.000Z,en,1,0,0.89
agent-browser,https://x.com/i/status/2107339424715477353,2026-10-06T05:17:25.000Z,en,2,1,0.73
agent-browser,https://x.com/i/status/2107332999800909986,2026-10-06T04:51:54.000Z,en,3,0,0.76
agent-browser,https://x.com/i/status/2107312121386086864,2026-10-06T03:28:56.000Z,en,13,0,0.92
agent-browser,https://x.com/i/status/2107302391620030788,2026-10-06T02:50:16.000Z,en,2,0,0.45
agent-browser,https://x.com/i/status/2107297588227784735,2026-10-06T02:31:11.000Z,zh,0,0,0.88
agent-browser,https://x.com/i/status/2107260814713397258,2026-10-06T00:05:03.000Z,ja,0,0,0.91
agent-browser,https://x.com/i/status/2107236108971192580,2026-10-05T22:26:53.000Z,ja,1,0,0.08
agent-browser,https://x.com/i/status/2107206438955217164,2026-10-05T20:28:59.000Z,en,0,0,0.89
agent-browser,https://x.com/i/status/2107201610770166068,2026-10-05T20:09:48.000Z,en,1,0,0.91
agent-browser,https://x.com/i/status/2107200730314506341,2026-10-05T20:06:18.000Z,en,1,0,0.81
agent-browser,https://x.com/i/status/2107177009692430346,2026-10-05T18:32:03.000Z,tr,0,0,0.85
agent-browser,https://x.com/i/status/2107162961479655832,2026-10-05T17:36:13.000Z,en,34,4,0.04
agent-browser,https://x.com/i/status/2107155885965365444,2026-10-05T17:08:06.000Z,en,3,0,0.36
agent-browser,https://x.com/i/status/2107116626936307753,2026-10-05T14:32:06.000Z,en,1,0,0.95
agent-browser,https://x.com/i/status/2107116388263526504,2026-10-05T14:31:09.000Z,en,6,0,0.93
agent-browser,https://x.com/i/status/2107110344665506073,2026-10-05T14:07:09.000Z,en,1,0,0.11
agent-browser,https://x.com/i/status/2107093823872762146,2026-10-05T13:01:30.000Z,en,3,0,0.34
agent-browser,https://x.com/i/status/2107076073683111986,2026-10-05T11:50:58.000Z,en,1,0,0.18
agent-browser,https://x.com/i/status/2107074046416343195,2026-10-05T11:42:54.000Z,en,5,0,0.14
agent-browser,https://x.com/i/status/2107051851350770022,2026-10-05T10:14:43.000Z,ar,1,0,0.39
agent-browser,https://x.com/i/status/2107027481165173018,2026-10-05T08:37:52.000Z,en,0,0,0.44
agent-browser,https://x.com/i/status/2107026055890387239,2026-10-05T08:32:13.000Z,en,3,0,0.47
agent-browser,https://x.com/i/status/2107024143694565521,2026-10-05T08:24:37.000Z,en,0,0,0.9
ontology,https://x.com/i/status/2108716854600732839,2026-10-10T00:30:50.000Z,zxx,2,0,0.19
ontology,https://x.com/i/status/2108703558371770688,2026-10-09T23:38:00.000Z,en,0,0,0.06
ontology,https://x.com/i/status/2108701165147820453,2026-10-09T23:28:30.000Z,en,0,0,0.31
ontology,https://x.com/i/status/2108692678686732450,2026-10-09T22:54:46.000Z,en,0,0,0.59
ontology,https://x.com/i/status/2108689966280712639,2026-10-09T22:44:00.000Z,ja,0,0,0.7
ontology,https://x.com/i/status/2108679283686129835,2026-10-09T22:01:33.000Z,en,0,0,0.08
ontology,https://x.com/i/status/2108677454244319652,2026-10-09T21:54:17.000Z,en,0,0,0.51
ontology,https://x.com/i/status/2108676788092059814,2026-10-09T21:51:38.000Z,en,1,0,0.66
ontology,https://x.com/i/status/2108667383996932348,2026-10-09T21:14:16.000Z,en,0,0,0.07
ontology,https://x.com/i/status/2108654678829588605,2026-10-09T20:23:46.000Z,en,3,0,0.54
ontology,https://x.com/i/status/2108653687132585997,2026-10-09T20:19:50.000Z,en,2,0,0.46
ontology,https://x.com/i/status/2108646399818535242,2026-10-09T19:50:53.000Z,en,0,0,0.81
ontology,https://x.com/i/status/2108623142616699382,2026-10-09T18:18:28.000Z,en,0,0,0.55
ontology,https://x.com/i/status/2108591749455139276,2026-10-09T16:13:43.000Z,en,0,0,0.13
ontology,https://x.com/i/status/2108591649475448840,2026-10-09T16:13:19.000Z,en,0,0,0.04
ontology,https://x.com/i/status/2108584495238590594,2026-10-09T15:44:53.000Z,en,0,0,0.07
ontology,https://x.com/i/status/2108583514958663739,2026-10-09T15:41:00.000Z,ja,0,0,0.73
ontology,https://x.com/i/status/2108573128443978207,2026-10-09T14:59:43.000Z,en,0,0,0.04
ontology,https://x.com/i/status/2108569331399344294,2026-10-09T14:44:38.000Z,en,0,0,0.5
ontology,https://x.com/i/status/2108566905787441555,2026-10-09T14:35:00.000Z,ja,0,0,0.76
ontology,https://x.com/i/status/2108565900135727295,2026-10-09T14:31:00.000Z,en,0,0,0.13
ontology,https://x.com/i/status/2108564399212339554,2026-10-09T14:25:02.000Z,en,0,0,0.6
ontology,https://x.com/i/status/2108558638117789780,2026-10-09T14:02:09.000Z,en,1,0,0.09
ontology,https://x.com/i/status/2108558348593369518,2026-10-09T14:01:00.000Z,en,2,0,0.54
ontology,https://x.com/i/status/2108546178174665211,2026-10-09T13:12:38.000Z,en,5,0,0.49
ontology,https://x.com/i/status/2108527798599959010,2026-10-09T11:59:36.000Z,en,0,0,0.05
ontology,https://x.com/i/status/2108524945336844408,2026-10-09T11:48:16.000Z,en,0,0,0.64
ontology,https://x.com/i/status/2108506156079738956,2026-10-09T10:33:36.000Z,en,2,0,0.05
ontology,https://x.com/i/status/2108503772687155531,2026-10-09T10:24:08.000Z,en,5,1,0.44
ontology,https://x.com/i/status/2108487584641159271,2026-10-09T09:19:48.000Z,en,0,0,0.13
ontology,https://x.com/i/status/2108466784613568569,2026-10-09T07:57:09.000Z,en,20,15,0.58
ontology,https://x.com/i/status/2108436912134611167,2026-10-09T05:58:27.000Z,en,2,0,0.68
ontology,https://x.com/i/status/2108426036354449626,2026-10-09T05:15:14.000Z,en,218,30,0.6
ontology,https://x.com/i/status/2108344075074031740,2026-10-08T23:49:33.000Z,en,2,0,0.1
ontology,https://x.com/i/status/2108335291639673257,2026-10-08T23:14:39.000Z,th,27,11,0.28
ontology,https://x.com/i/status/2108302205971313119,2026-10-08T21:03:10.000Z,en,6,0,0.54
ontology,https://x.com/i/status/2108301522635514144,2026-10-08T21:00:28.000Z,en,1,0,0.66
ontology,https://x.com/i/status/2108266846008840458,2026-10-08T18:42:40.000Z,zxx,3,2,0.13
ontology,https://x.com/i/status/2108262050011263260,2026-10-08T18:23:36.000Z,en,0,0,0.04
ontology,https://x.com/i/status/2108254210223710264,2026-10-08T17:52:27.000Z,en,3,0,0.13
ontology,https://x.com/i/status/2108243644306395486,2026-10-08T17:10:28.000Z,en,0,0,0.13
ontology,https://x.com/i/status/2108233662554587633,2026-10-08T16:30:48.000Z,en,0,0,0.09
ontology,https://x.com/i/status/2108228325621498224,2026-10-08T16:09:36.000Z,en,0,0,0.14
ontology,https://x.com/i/status/2108227786016165963,2026-10-08T16:07:27.000Z,en,0,0,0.66
ontology,https://x.com/i/status/2108218124499898487,2026-10-08T15:29:04.000Z,en,0,0,0.11
ontology,https://x.com/i/status/2108208247597682878,2026-10-08T14:49:49.000Z,en,3,0,0.53
ontology,https://x.com/i/status/2108173061274968517,2026-10-08T12:30:00.000Z,en,21,5,0.32
ontology,https://x.com/i/status/2108164361210458551,2026-10-08T11:55:26.000Z,en,2,0,0.15
ontology,https://x.com/i/status/2108147032917488045,2026-10-08T10:46:34.000Z,en,3,0,0.04
ontology,https://x.com/i/status/2108138623405092877,2026-10-08T10:13:09.000Z,en,3,0,0.11
ontology,https://x.com/i/status/2108088520749310150,2026-10-08T06:54:04.000Z,en,0,0,0.04
ontology,https://x.com/i/status/2108086577113018618,2026-10-08T06:46:20.000Z,en,6,2,0.48
ontology,https://x.com/i/status/2108080353848275383,2026-10-08T06:21:37.000Z,en,173,45,0.38
ontology,https://x.com/i/status/2108054600742043709,2026-10-08T04:39:17.000Z,en,3,0,0.44
ontology,https://x.com/i/status/2108046181033279660,2026-10-08T04:05:49.000Z,en,4,1,0.04
ontology,https://x.com/i/status/2108041584013177052,2026-10-08T03:47:33.000Z,en,1,0,0.26
ontology,https://x.com/i/status/2108025759457493323,2026-10-08T02:44:40.000Z,en,0,0,0.04
ontology,https://x.com/i/status/2108024741428711719,2026-10-08T02:40:38.000Z,en,0,0,0.04
ontology,https://x.com/i/status/2108023696120000601,2026-10-08T02:36:28.000Z,en,0,0,0.04
ontology,https://x.com/i/status/2108005407042023864,2026-10-08T01:23:48.000Z,en,1,1,0.03
ontology,https://x.com/i/status/2107988213348581379,2026-10-08T00:15:29.000Z,en,1,1,0.55
ontology,https://x.com/i/status/2107986697531089226,2026-10-08T00:09:27.000Z,en,3,0,0.28
ontology,https://x.com/i/status/2107929414164181347,2026-10-07T20:21:50.000Z,en,0,0,0.13
ontology,https://x.com/i/status/2107907714273923335,2026-10-07T18:55:36.000Z,en,2,0,0.42
ontology,https://x.com/i/status/2107905410107932946,2026-10-07T18:46:27.000Z,en,1,0,0.08
ontology,https://x.com/i/status/2107891418039750748,2026-10-07T17:50:51.000Z,en,0,0,0.05
ontology,https://x.com/i/status/2107874209729032434,2026-10-07T16:42:28.000Z,en,0,0,0.04
ontology,https://x.com/i/status/2107865701440536830,2026-10-07T16:08:40.000Z,en,3,1,0.18
ontology,https://x.com/i/status/2107853650169360767,2026-10-07T15:20:46.000Z,en,6,0,0.05
ontology,https://x.com/i/status/2107853170864992477,2026-10-07T15:18:52.000Z,en,105,4,0.28
ontology,https://x.com/i/status/2107839555738943792,2026-10-07T14:24:46.000Z,en,2,0,0.61
ontology,https://x.com/i/status/2107830276550480261,2026-10-07T13:47:54.000Z,ja,0,0,0.58
ontology,https://x.com/i/status/2107827105715384812,2026-10-07T13:35:18.000Z,en,13,0,0.04
ontology,https://x.com/i/status/2107816842773282846,2026-10-07T12:54:31.000Z,en,242,17,0.04
ontology,https://x.com/i/status/2107769481506296221,2026-10-07T09:46:19.000Z,fr,0,0,0.03
ontology,https://x.com/i/status/2107724920163573927,2026-10-07T06:49:15.000Z,en,0,0,0.38
ontology,https://x.com/i/status/2107713963194806460,2026-10-07T06:05:42.000Z,en,1,0,0.4
ontology,https://x.com/i/status/2107699275069337943,2026-10-07T05:07:20.000Z,el,0,0,0.05
ontology,https://x.com/i/status/2107667230439657531,2026-10-07T03:00:00.000Z,en,0,0,0.09
ontology,https://x.com/i/status/2107654296728928418,2026-10-07T02:08:37.000Z,zxx,1,0,0.17
ontology,https://x.com/i/status/2107641107027050890,2026-10-07T01:16:12.000Z,en,162,48,0.47
ontology,https://x.com/i/status/2107630477406609676,2026-10-07T00:33:58.000Z,ja,1,0,0.58
ontology,https://x.com/i/status/2107620926410178762,2026-10-06T23:56:01.000Z,en,0,0,0.1
ontology,https://x.com/i/status/2107619266593985006,2026-10-06T23:49:25.000Z,en,0,0,0.47
ontology,https://x.com/i/status/2107617465396006965,2026-10-06T23:42:16.000Z,en,18,2,0.05
ontology,https://x.com/i/status/2107613761167294657,2026-10-06T23:27:32.000Z,en,0,0,0.07
ontology,https://x.com/i/status/2107605484111065446,2026-10-06T22:54:39.000Z,ja,2,0,0.6
ontology,https://x.com/i/status/2107597322075144657,2026-10-06T22:22:13.000Z,zxx,8,0,0.2
ontology,https://x.com/i/status/2107593844665778645,2026-10-06T22:08:24.000Z,ja,4,1,0.5
ontology,https://x.com/i/status/2107562786851332231,2026-10-06T20:04:59.000Z,en,3,0,0.51
ontology,https://x.com/i/status/2107547609623642121,2026-10-06T19:04:41.000Z,en,0,0,0.13
ontology,https://x.com/i/status/2107546029952233711,2026-10-06T18:58:24.000Z,en,4,1,0.52
ontology,https://x.com/i/status/2107546012579733770,2026-10-06T18:58:20.000Z,en,0,0,0.15
ontology,https://x.com/i/status/2107544284903682401,2026-10-06T18:51:28.000Z,en,0,0,0.11
ontology,https://x.com/i/status/2107543145973985728,2026-10-06T18:46:56.000Z,en,1,0,0.07
ontology,https://x.com/i/status/2107542065257066797,2026-10-06T18:42:39.000Z,zxx,0,0,0.11
ontology,https://x.com/i/status/2107530078917718165,2026-10-06T17:55:01.000Z,en,0,0,0.11
ontology,https://x.com/i/status/2107529757135093766,2026-10-06T17:53:44.000Z,en,0,0,0.35
ontology,https://x.com/i/status/2107529491060818020,2026-10-06T17:52:41.000Z,en,0,0,0.14
ontology,https://x.com/i/status/2107528667828035749,2026-10-06T17:49:25.000Z,en,0,0,0.11
tdd,https://x.com/i/status/2108714974512345103,2026-10-10T00:23:22.000Z,en,0,0,0.1
tdd,https://x.com/i/status/2108670507650629955,2026-10-09T21:26:40.000Z,zh,4,0,0.2
tdd,https://x.com/i/status/2108610190912209243,2026-10-09T17:27:00.000Z,en,5,0,0.07
tdd,https://x.com/i/status/2108603406990590092,2026-10-09T17:00:02.000Z,en,3,0,0.38
tdd,https://x.com/i/status/2108596023778050557,2026-10-09T16:30:42.000Z,en,0,0,0.62
tdd,https://x.com/i/status/2108585277409185826,2026-10-09T15:48:00.000Z,en,4,1,0.27
tdd,https://x.com/i/status/2108583635704009134,2026-10-09T15:41:28.000Z,en,0,0,0.36
tdd,https://x.com/i/status/2108577165306687938,2026-10-09T15:15:46.000Z,zh,427,83,0.35
tdd,https://x.com/i/status/2108574377029542130,2026-10-09T15:04:41.000Z,en,0,0,0.24
tdd,https://x.com/i/status/2108536312894472408,2026-10-09T12:33:26.000Z,en,5,3,0.09
tdd,https://x.com/i/status/2108526188109128133,2026-10-09T11:53:12.000Z,zxx,28,8,0.16
tdd,https://x.com/i/status/2108513952112267588,2026-10-09T11:04:35.000Z,zh,0,0,0.93
tdd,https://x.com/i/status/2108512817540403502,2026-10-09T11:00:04.000Z,en,1,1,0.91
tdd,https://x.com/i/status/2108469191011705005,2026-10-09T08:06:43.000Z,zxx,14,5,0.18
tdd,https://x.com/i/status/2108434239976812789,2026-10-09T05:47:50.000Z,en,1,0,0.53
tdd,https://x.com/i/status/2108430892230435128,2026-10-09T05:34:32.000Z,en,2,0,0.48
tdd,https://x.com/i/status/2108375964241805695,2026-10-09T01:56:16.000Z,zh,0,0,0.49
tdd,https://x.com/i/status/2108361035271073816,2026-10-09T00:56:56.000Z,en,1,0,0.74
tdd,https://x.com/i/status/2108358690697003265,2026-10-09T00:47:37.000Z,th,0,0,0.78
tdd,https://x.com/i/status/2108348970888008100,2026-10-09T00:09:00.000Z,zh,5,0,0.41
tdd,https://x.com/i/status/2108320769663197415,2026-10-08T22:16:56.000Z,ja,1,0,0.92
tdd,https://x.com/i/status/2108307994652090841,2026-10-08T21:26:11.000Z,en,1,0,0.03
tdd,https://x.com/i/status/2108261581792657576,2026-10-08T18:21:45.000Z,en,0,0,0.44
tdd,https://x.com/i/status/2108244512808243470,2026-10-08T17:13:55.000Z,en,359,25,0.22
tdd,https://x.com/i/status/2108240002014642443,2026-10-08T16:56:00.000Z,en,0,0,0.3
tdd,https://x.com/i/status/2108216821174419534,2026-10-08T15:23:53.000Z,en,3,1,0.53
tdd,https://x.com/i/status/2108206877440201091,2026-10-08T14:44:22.000Z,zh,0,0,0.71
tdd,https://x.com/i/status/2108203244300472411,2026-10-08T14:29:56.000Z,zh,15,4,0.93
tdd,https://x.com/i/status/2108188594913325275,2026-10-08T13:31:43.000Z,en,95,7,0.43
tdd,https://x.com/i/status/2108178532635496494,2026-10-08T12:51:44.000Z,en,0,0,0.42
tdd,https://x.com/i/status/2108167711238815809,2026-10-08T12:08:44.000Z,en,1,0,0.53
tdd,https://x.com/i/status/2108166519641571721,2026-10-08T12:04:00.000Z,en,0,0,0.38
tdd,https://x.com/i/status/2108140290489913676,2026-10-08T10:19:47.000Z,qme,1,0,0.27
tdd,https://x.com/i/status/2108135131323986351,2026-10-08T09:59:17.000Z,en,6,1,0.93
tdd,https://x.com/i/status/2108108078864339255,2026-10-08T08:11:47.000Z,en,0,0,0.86
tdd,https://x.com/i/status/2108108005501698399,2026-10-08T08:11:29.000Z,en,1,0,0.77
tdd,https://x.com/i/status/2108098334217122146,2026-10-08T07:33:04.000Z,en,0,0,0.65
tdd,https://x.com/i/status/2108092836210204763,2026-10-08T07:11:13.000Z,zh,4,0,0.88
tdd,https://x.com/i/status/2108085292834099476,2026-10-08T06:41:14.000Z,zh,69,7,0.41
tdd,https://x.com/i/status/2108078662213869734,2026-10-08T06:14:53.000Z,en,0,0,0.2
tdd,https://x.com/i/status/2108075133651046795,2026-10-08T06:00:52.000Z,en,0,0,0.46
tdd,https://x.com/i/status/2108075121462399294,2026-10-08T06:00:49.000Z,en,2,1,0.48
tdd,https://x.com/i/status/2108073159693856925,2026-10-08T05:53:02.000Z,en,0,0,0.52
tdd,https://x.com/i/status/2108061169579925525,2026-10-08T05:05:23.000Z,en,2,0,0.43
tdd,https://x.com/i/status/2107939706231239032,2026-10-07T21:02:44.000Z,en,0,0,0.59
tdd,https://x.com/i/status/2107939605475701058,2026-10-07T21:02:20.000Z,en,1,0,0.43
tdd,https://x.com/i/status/2107933810226806842,2026-10-07T20:39:18.000Z,en,3,0,0.53
tdd,https://x.com/i/status/2107888283573485656,2026-10-07T17:38:24.000Z,zh,0,0,0.68
tdd,https://x.com/i/status/2107880579387568366,2026-10-07T17:07:47.000Z,en,0,0,0.68
tdd,https://x.com/i/status/2107865468300362220,2026-10-07T16:07:44.000Z,en,9,0,0.82
tdd,https://x.com/i/status/2107834351392108954,2026-10-07T14:04:05.000Z,es,0,0,0.05
tdd,https://x.com/i/status/2107830203934224698,2026-10-07T13:47:36.000Z,en,5,0,0.06
tdd,https://x.com/i/status/2107824141420388610,2026-10-07T13:23:31.000Z,pt,2,0,0.23
tdd,https://x.com/i/status/2107817844909986013,2026-10-07T12:58:30.000Z,zh,1,0,0.45
tdd,https://x.com/i/status/2107778909831860399,2026-10-07T10:23:47.000Z,ja,1,0,0.44
tdd,https://x.com/i/status/2107760592727798239,2026-10-07T09:11:00.000Z,ja,26,1,0.62
tdd,https://x.com/i/status/2107744758114205732,2026-10-07T08:08:04.000Z,fr,2,0,0.67
tdd,https://x.com/i/status/2107720723058114710,2026-10-07T06:32:34.000Z,ja,0,0,0.35
tdd,https://x.com/i/status/2107658527900676523,2026-10-07T02:25:26.000Z,en,0,0,0.07
tdd,https://x.com/i/status/2107654807255384287,2026-10-07T02:10:39.000Z,zh,0,0,0.9
tdd,https://x.com/i/status/2107654000279765070,2026-10-07T02:07:26.000Z,zh,1,0,0.92
tdd,https://x.com/i/status/2107623414827536642,2026-10-07T00:05:54.000Z,en,0,0,0.6
tdd,https://x.com/i/status/2107623412424138886,2026-10-07T00:05:53.000Z,en,0,0,0.66
tdd,https://x.com/i/status/2107618850992964011,2026-10-06T23:47:46.000Z,zh,33,7,0.1
tdd,https://x.com/i/status/2107585059167568319,2026-10-06T21:33:29.000Z,ja,1,0,0.46
tdd,https://x.com/i/status/2107520584666264032,2026-10-06T17:17:17.000Z,ja,0,0,0.53
tdd,https://x.com/i/status/2107490439800443098,2026-10-06T15:17:30.000Z,en,3,0,0.57
tdd,https://x.com/i/status/2107482535056003101,2026-10-06T14:46:06.000Z,zh,3,0,0.33
tdd,https://x.com/i/status/2107481295030763976,2026-10-06T14:41:10.000Z,en,1,0,0.06
tdd,https://x.com/i/status/2107471330635337736,2026-10-06T14:01:34.000Z,es,0,0,0.83
tdd,https://x.com/i/status/2107468283062730974,2026-10-06T13:49:28.000Z,es,0,0,0.72
tdd,https://x.com/i/status/2107456791491600387,2026-10-06T13:03:48.000Z,es,1555,214,0.77
tdd,https://x.com/i/status/2107443430011908373,2026-10-06T12:10:42.000Z,en,340,46,0.08
tdd,https://x.com/i/status/2107438526992449660,2026-10-06T11:51:13.000Z,zh,2,0,0.27
tdd,https://x.com/i/status/2107424146963521792,2026-10-06T10:54:05.000Z,zh,0,0,0.77
tdd,https://x.com/i/status/2107423162811941232,2026-10-06T10:50:10.000Z,ar,34,8,0.15
tdd,https://x.com/i/status/2107416741424804132,2026-10-06T10:24:39.000Z,en,1,0,0.84
tdd,https://x.com/i/status/2107379653694374138,2026-10-06T07:57:17.000Z,en,0,0,0.93
tdd,https://x.com/i/status/2107366864057942267,2026-10-06T07:06:28.000Z,en,0,0,0.41
tdd,https://x.com/i/status/2107225867545936240,2026-10-05T21:46:11.000Z,en,1,0,0.87
tdd,https://x.com/i/status/2107225005348065443,2026-10-05T21:42:46.000Z,en,1,0,0.9
tdd,https://x.com/i/status/2107213733302882469,2026-10-05T20:57:58.000Z,en,0,0,0.61
tdd,https://x.com/i/status/2107195347626061966,2026-10-05T19:44:55.000Z,en,11,0,0.04
tdd,https://x.com/i/status/2107193011293790388,2026-10-05T19:35:38.000Z,en,1,0,0.8
tdd,https://x.com/i/status/2107172458654535942,2026-10-05T18:13:58.000Z,en,1,0,0.65
tdd,https://x.com/i/status/2107121490323996998,2026-10-05T14:51:26.000Z,zh,1,0,0.33
tdd,https://x.com/i/status/2107120307282797040,2026-10-05T14:46:44.000Z,en,24,0,0.24
tdd,https://x.com/i/status/2107098718033871285,2026-10-05T13:20:57.000Z,en,70,4,0.48
tdd,https://x.com/i/status/2107090792116359232,2026-10-05T12:49:27.000Z,en,10,1,0.06
tdd,https://x.com/i/status/2107081555617198121,2026-10-05T12:12:45.000Z,zh,2,0,0.76
tdd,https://x.com/i/status/2107025291361350071,2026-10-05T08:29:10.000Z,zh,2,0,0.89
tdd,https://x.com/i/status/2107015325078233287,2026-10-05T07:49:34.000Z,en,0,0,0.32
tdd,https://x.com/i/status/2106980118765965708,2026-10-05T05:29:40.000Z,zxx,0,0,0.13
tdd,https://x.com/i/status/2106962354760253508,2026-10-05T04:19:05.000Z,zh,2,0,0.56
tdd,https://x.com/i/status/2106925451629449508,2026-10-05T01:52:27.000Z,zxx,3,0,0.16
tdd,https://x.com/i/status/2106916491119735284,2026-10-05T01:16:50.000Z,ja,1,0,0.83
tdd,https://x.com/i/status/2106888568170025071,2026-10-04T23:25:53.000Z,en,84,5,0.17
tdd,https://x.com/i/status/2106871784444424233,2026-10-04T22:19:11.000Z,ja,1,0,0.03
tdd,https://x.com/i/status/2106840229110039007,2026-10-04T20:13:48.000Z,en,0,0,0.63
tdd,https://x.com/i/status/2106833267240358349,2026-10-04T19:46:08.000Z,en,0,0,0.06
gog,https://x.com/i/status/2108510150868799521,2026-10-09T10:49:28.000Z,en,2,0,0.03
gog,https://x.com/i/status/2108474488715345941,2026-10-09T08:27:46.000Z,en,0,0,0.04
gog,https://x.com/i/status/2107711618582970383,2026-10-07T05:56:23.000Z,ja,12,4,0.03
gog,https://x.com/i/status/2107687074841456922,2026-10-07T04:18:52.000Z,en,6,0,0.74
gog,https://x.com/i/status/2107573274255495594,2026-10-06T20:46:40.000Z,en,0,0,0.59
gog,https://x.com/i/status/2107282453773549762,2026-10-06T01:31:03.000Z,en,2,0,0.04
gog,https://x.com/i/status/2107221010978357528,2026-10-05T21:26:53.000Z,en,1,0,0.78
gog,https://x.com/i/status/2106706069753827433,2026-10-04T11:20:42.000Z,en,0,0,0.03
gog,https://x.com/i/status/2106705680401043564,2026-10-04T11:19:09.000Z,en,0,0,0.03
gog,https://x.com/i/status/2106230021417234587,2026-10-03T03:49:03.000Z,en,2,0,0.02
setup-matt-pocock-skills,https://x.com/i/status/2108585277409185826,2026-10-09T15:48:00.000Z,en,4,1,0.72
setup-matt-pocock-skills,https://x.com/i/status/2108485474578817444,2026-10-09T09:11:25.000Z,zh,1,0,0.92
setup-matt-pocock-skills,https://x.com/i/status/2108092836210204763,2026-10-08T07:11:13.000Z,zh,4,0,0.87
setup-matt-pocock-skills,https://x.com/i/status/2107939706231239032,2026-10-07T21:02:44.000Z,en,0,0,0.74
setup-matt-pocock-skills,https://x.com/i/status/2107939605475701058,2026-10-07T21:02:20.000Z,en,1,0,0.73
setup-matt-pocock-skills,https://x.com/i/status/2107482535056003101,2026-10-06T14:46:06.000Z,zh,3,0,0.77
setup-matt-pocock-skills,https://x.com/i/status/2107121490323996998,2026-10-05T14:51:26.000Z,zh,1,0,0.55
setup-matt-pocock-skills,https://x.com/i/status/2106962354760253508,2026-10-05T04:19:05.000Z,zh,2,0,0.85
setup-matt-pocock-skills,https://x.com/i/status/2106730768789602313,2026-10-04T12:58:51.000Z,en,2573,67,0.78
frontend-design,https://x.com/i/status/2108715861095706680,2026-10-10T00:26:53.000Z,pt,1,0,0.94
frontend-design,https://x.com/i/status/2108624425918627938,2026-10-09T18:23:34.000Z,ca,0,0,0.92
frontend-design,https://x.com/i/status/2108607494566326468,2026-10-09T17:16:17.000Z,en,0,0,0.31
frontend-design,https://x.com/i/status/2108585277409185826,2026-10-09T15:48:00.000Z,en,4,1,0.1
frontend-design,https://x.com/i/status/2108577236618252503,2026-10-09T15:16:03.000Z,en,1,0,0.8
frontend-design,https://x.com/i/status/2108563128099180843,2026-10-09T14:19:59.000Z,en,2,0,0.3
frontend-design,https://x.com/i/status/2108555186402943369,2026-10-09T13:48:26.000Z,es,1,0,0.05
frontend-design,https://x.com/i/status/2108526188109128133,2026-10-09T11:53:12.000Z,zxx,28,8,0.16
frontend-design,https://x.com/i/status/2108437183925535224,2026-10-09T05:59:32.000Z,en,0,0,0.04
frontend-design,https://x.com/i/status/2108390858764763472,2026-10-09T02:55:27.000Z,zh,118,17,0.28
frontend-design,https://x.com/i/status/2108380427190730807,2026-10-09T02:14:00.000Z,en,7,1,0.54
frontend-design,https://x.com/i/status/2108359814375956674,2026-10-09T00:52:05.000Z,und,51,0,0.9
frontend-design,https://x.com/i/status/2108288094357320134,2026-10-08T20:07:06.000Z,es,9,0,0.96
frontend-design,https://x.com/i/status/2108222962306548005,2026-10-08T15:48:17.000Z,en,249,23,0.28
frontend-design,https://x.com/i/status/2108195712303288774,2026-10-08T14:00:00.000Z,en,10,0,0.04
frontend-design,https://x.com/i/status/2108192070888468618,2026-10-08T13:45:32.000Z,en,9,0,0.51
frontend-design,https://x.com/i/status/2108172953938440561,2026-10-08T12:29:34.000Z,en,0,0,0.93
frontend-design,https://x.com/i/status/2108172566846148793,2026-10-08T12:28:02.000Z,en,13,1,0.13
frontend-design,https://x.com/i/status/2108086316458201291,2026-10-08T06:45:18.000Z,en,42,11,0.16
frontend-design,https://x.com/i/status/2108022568724955403,2026-10-08T02:32:00.000Z,zxx,245,49,0.15
frontend-design,https://x.com/i/status/2107994639915475360,2026-10-08T00:41:01.000Z,zh,0,0,0.73
frontend-design,https://x.com/i/status/2107987415193522398,2026-10-08T00:12:18.000Z,en,2,0,0.42
frontend-design,https://x.com/i/status/2107892614712451357,2026-10-07T17:55:36.000Z,en,2,0,0.2
frontend-design,https://x.com/i/status/2107878784397365381,2026-10-07T17:00:39.000Z,en,0,0,0.13
frontend-design,https://x.com/i/status/2107869630568313274,2026-10-07T16:24:16.000Z,en,0,0,0.94
frontend-design,https://x.com/i/status/2107843854045175902,2026-10-07T14:41:51.000Z,en,0,0,0.7
frontend-design,https://x.com/i/status/2107793880150421764,2026-10-07T11:23:16.000Z,en,0,0,0.28
frontend-design,https://x.com/i/status/2107773037739204914,2026-10-07T10:00:27.000Z,en,58,1,0.49
frontend-design,https://x.com/i/status/2107772504232309223,2026-10-07T09:58:20.000Z,zxx,12,0,0.13
frontend-design,https://x.com/i/status/2107689942663188843,2026-10-07T04:30:15.000Z,zh,14,0,0.07
frontend-design,https://x.com/i/status/2107665224031670376,2026-10-07T02:52:02.000Z,en,11,0,0.69
frontend-design,https://x.com/i/status/2107654807255384287,2026-10-07T02:10:39.000Z,zh,0,0,0.82
frontend-design,https://x.com/i/status/2107586830145290538,2026-10-06T21:40:32.000Z,en,7,0,0.83
frontend-design,https://x.com/i/status/2107549022542062056,2026-10-06T19:10:17.000Z,es,1,0,0.1
frontend-design,https://x.com/i/status/2107548015519297733,2026-10-06T19:06:17.000Z,zxx,191,57,0.2
frontend-design,https://x.com/i/status/2107528372041785447,2026-10-06T17:48:14.000Z,en,1,0,0.91
frontend-design,https://x.com/i/status/2107521147508334633,2026-10-06T17:19:32.000Z,en,1,0,0.46
frontend-design,https://x.com/i/status/2107500571976720893,2026-10-06T15:57:46.000Z,en,0,0,0.41
frontend-design,https://x.com/i/status/2107492667340750903,2026-10-06T15:26:21.000Z,fr,1,0,0.93
frontend-design,https://x.com/i/status/2107477619339927793,2026-10-06T14:26:34.000Z,en,1,0,0.59
frontend-design,https://x.com/i/status/2107477278821404930,2026-10-06T14:25:12.000Z,en,51,36,0.45
frontend-design,https://x.com/i/status/2107463442340913297,2026-10-06T13:30:14.000Z,en,127,43,0.43
frontend-design,https://x.com/i/status/2107463228406043135,2026-10-06T13:29:23.000Z,en,0,0,0.35
frontend-design,https://x.com/i/status/2107460364527182194,2026-10-06T13:18:00.000Z,zh,7,0,0.77
frontend-design,https://x.com/i/status/2107455808090821086,2026-10-06T12:59:53.000Z,zxx,129,11,0.23
frontend-design,https://x.com/i/status/2107440745561178275,2026-10-06T12:00:02.000Z,en,13,0,0.57
frontend-design,https://x.com/i/status/2107359069736767938,2026-10-06T06:35:29.000Z,en,82,34,0.49
frontend-design,https://x.com/i/status/2107344675724300380,2026-10-06T05:38:17.000Z,ja,9,1,0.24
frontend-design,https://x.com/i/status/2107191773181165927,2026-10-05T19:30:43.000Z,en,0,0,0.92
frontend-design,https://x.com/i/status/2107170802080555299,2026-10-05T18:07:23.000Z,en,0,0,0.28
frontend-design,https://x.com/i/status/2107125347712147509,2026-10-05T15:06:46.000Z,en,46,3,0.89
frontend-design,https://x.com/i/status/2107116097673867719,2026-10-05T14:30:00.000Z,en,28,2,0.9
frontend-design,https://x.com/i/status/2107102924279255361,2026-10-05T13:37:39.000Z,en,2,0,0.39
frontend-design,https://x.com/i/status/2107044373686788599,2026-10-05T09:45:00.000Z,en,39,2,0.95
frontend-design,https://x.com/i/status/2107031082160005347,2026-10-05T08:52:11.000Z,en,0,0,0.05
frontend-design,https://x.com/i/status/2107027104265306287,2026-10-05T08:36:22.000Z,en,1,0,0.88
frontend-design,https://x.com/i/status/2106923301545386345,2026-10-05T01:43:54.000Z,ja,1,0,0.89
frontend-design,https://x.com/i/status/2106855887130554660,2026-10-04T21:16:01.000Z,en,144,1,0.27
frontend-design,https://x.com/i/status/2106840024318673241,2026-10-04T20:12:59.000Z,en,1,0,0.39
frontend-design,https://x.com/i/status/2106813208749117863,2026-10-04T18:26:26.000Z,en,3,0,0.69
frontend-design,https://x.com/i/status/2106802497444782437,2026-10-04T17:43:52.000Z,en,5,0,0.04
frontend-design,https://x.com/i/status/2106761764226707556,2026-10-04T15:02:00.000Z,pt,5,0,0.85
frontend-design,https://x.com/i/status/2106759766362218677,2026-10-04T14:54:04.000Z,zxx,2,0,0.19
frontend-design,https://x.com/i/status/2106739373160988784,2026-10-04T13:33:02.000Z,en,16,0,0.34
frontend-design,https://x.com/i/status/2106738759672991900,2026-10-04T13:30:36.000Z,en,1,0,0.94
frontend-design,https://x.com/i/status/2106638246897713348,2026-10-04T06:51:12.000Z,en,1,0,0.31
frontend-design,https://x.com/i/status/2106602714247344517,2026-10-04T04:30:00.000Z,en,0,0,0.24
frontend-design,https://x.com/i/status/2106482844025376965,2026-10-03T20:33:41.000Z,en,273,37,0.24
frontend-design,https://x.com/i/status/2106437552844444129,2026-10-03T17:33:42.000Z,en,53,3,0.92
frontend-design,https://x.com/i/status/2106431489785135120,2026-10-03T17:09:37.000Z,en,0,0,0.23
frontend-design,https://x.com/i/status/2106377062860947510,2026-10-03T13:33:21.000Z,en,4,1,0.86
frontend-design,https://x.com/i/status/2106275816342786482,2026-10-03T06:51:01.000Z,zh,1,0,0.82
proactive-agent,https://x.com/i/status/2108605590998073769,2026-10-09T17:08:43.000Z,en,0,0,0.6
proactive-agent,https://x.com/i/status/2108596605611819435,2026-10-09T16:33:01.000Z,en,29,6,0.85
proactive-agent,https://x.com/i/status/2108587911700791368,2026-10-09T15:58:28.000Z,en,0,0,0.81
proactive-agent,https://x.com/i/status/2108576010706858169,2026-10-09T15:11:11.000Z,en,0,0,0.88
proactive-agent,https://x.com/i/status/2108395522310705523,2026-10-09T03:13:59.000Z,en,1,0,0.9
proactive-agent,https://x.com/i/status/2108352191073513566,2026-10-09T00:21:48.000Z,en,6,0,0.82
proactive-agent,https://x.com/i/status/2108288496968380687,2026-10-08T20:08:42.000Z,en,94,0,0.87
proactive-agent,https://x.com/i/status/2108203879745655001,2026-10-08T14:32:28.000Z,en,0,0,0.87
proactive-agent,https://x.com/i/status/2108194500766253238,2026-10-08T13:55:11.000Z,en,0,0,0.86
proactive-agent,https://x.com/i/status/2108127247148396963,2026-10-08T09:27:57.000Z,ja,1,0,0.76
proactive-agent,https://x.com/i/status/2108092987574264145,2026-10-08T07:11:49.000Z,en,0,0,0.91
proactive-agent,https://x.com/i/status/2108077148502376902,2026-10-08T06:08:53.000Z,zxx,3,0,0.18
proactive-agent,https://x.com/i/status/2108057077608493209,2026-10-08T04:49:07.000Z,en,3,0,0.81
proactive-agent,https://x.com/i/status/2108029840997658716,2026-10-08T03:00:54.000Z,en,1,0,0.88
proactive-agent,https://x.com/i/status/2107874249104875765,2026-10-07T16:42:38.000Z,en,0,0,0.32
proactive-agent,https://x.com/i/status/2107864463944589413,2026-10-07T16:03:45.000Z,en,0,0,0.89
proactive-agent,https://x.com/i/status/2107853634230685990,2026-10-07T15:20:43.000Z,zxx,5,0,0.17
proactive-agent,https://x.com/i/status/2107852455962616221,2026-10-07T15:16:02.000Z,en,0,0,0.88
proactive-agent,https://x.com/i/status/2107726334445412790,2026-10-07T06:54:52.000Z,zh,4,0,0.89
proactive-agent,https://x.com/i/status/2107717907514093615,2026-10-07T06:21:23.000Z,en,0,0,0.87
proactive-agent,https://x.com/i/status/2107717833123643742,2026-10-07T06:21:05.000Z,en,5,0,0.92
proactive-agent,https://x.com/i/status/2107694171331195288,2026-10-07T04:47:04.000Z,en,0,0,0.88
proactive-agent,https://x.com/i/status/2107668638341939298,2026-10-07T03:05:36.000Z,en,0,0,0.89
proactive-agent,https://x.com/i/status/2107660936664551670,2026-10-07T02:35:00.000Z,en,0,0,0.54
proactive-agent,https://x.com/i/status/2107639428386902127,2026-10-07T01:09:32.000Z,en,0,0,0.92
proactive-agent,https://x.com/i/status/2107606274737307975,2026-10-06T22:57:47.000Z,en,1,0,0.91
proactive-agent,https://x.com/i/status/2107588716298436780,2026-10-06T21:48:01.000Z,en,1,0,0.85
proactive-agent,https://x.com/i/status/2107561261202546907,2026-10-06T19:58:55.000Z,en,0,0,0.88
proactive-agent,https://x.com/i/status/2107559256329482652,2026-10-06T19:50:57.000Z,en,571,27,0.92
proactive-agent,https://x.com/i/status/2107555357321265263,2026-10-06T19:35:28.000Z,en,8,0,0.77
proactive-agent,https://x.com/i/status/2107535282606096692,2026-10-06T18:15:42.000Z,en,0,0,0.8
proactive-agent,https://x.com/i/status/2107518618330345752,2026-10-06T17:09:29.000Z,en,0,0,0.8
proactive-agent,https://x.com/i/status/2107500482050568590,2026-10-06T15:57:25.000Z,en,0,0,0.89
proactive-agent,https://x.com/i/status/2107456131811741786,2026-10-06T13:01:11.000Z,en,0,1,0.86
proactive-agent,https://x.com/i/status/2107430170495979985,2026-10-06T11:18:01.000Z,en,1,0,0.88
proactive-agent,https://x.com/i/status/2107363505192243333,2026-10-06T06:53:07.000Z,en,0,0,0.87
proactive-agent,https://x.com/i/status/2107280437311668374,2026-10-06T01:23:02.000Z,en,2,0,0.92
proactive-agent,https://x.com/i/status/2107257389284044826,2026-10-05T23:51:27.000Z,en,0,0,0.75
proactive-agent,https://x.com/i/status/2107203401633484927,2026-10-05T20:16:55.000Z,en,1,0,0.9
proactive-agent,https://x.com/i/status/2107184399733395668,2026-10-05T19:01:25.000Z,en,0,0,0.89
proactive-agent,https://x.com/i/status/2107156355215729151,2026-10-05T17:09:58.000Z,en,5,0,0.69
proactive-agent,https://x.com/i/status/2107128679549862247,2026-10-05T15:20:00.000Z,en,0,0,0.25
proactive-agent,https://x.com/i/status/2107120477709697316,2026-10-05T14:47:24.000Z,en,116,4,0.77
proactive-agent,https://x.com/i/status/2107106092178383079,2026-10-05T13:50:15.000Z,en,1,0,0.47
proactive-agent,https://x.com/i/status/2107091295264972904,2026-10-05T12:51:27.000Z,en,0,0,0.88
proactive-agent,https://x.com/i/status/2107085576650572274,2026-10-05T12:28:43.000Z,en,1,0,0.88
proactive-agent,https://x.com/i/status/2107057600919650394,2026-10-05T10:37:33.000Z,en,0,0,0.89
proactive-agent,https://x.com/i/status/2107022064267731195,2026-10-05T08:16:21.000Z,zh,5,0,0.24
proactive-agent,https://x.com/i/status/2106914477568561495,2026-10-05T01:08:50.000Z,en,0,0,0.9
proactive-agent,https://x.com/i/status/2106897775598125483,2026-10-05T00:02:28.000Z,en,0,0,0.92
proactive-agent,https://x.com/i/status/2106862482350628883,2026-10-04T21:42:14.000Z,en,8,0,0.88
proactive-agent,https://x.com/i/status/2106861887086543225,2026-10-04T21:39:52.000Z,zxx,81,7,0.18
proactive-agent,https://x.com/i/status/2106797302816133209,2026-10-04T17:23:14.000Z,en,0,0,0.77
proactive-agent,https://x.com/i/status/2106752350945739079,2026-10-04T14:24:36.000Z,tl,0,0,0.75
proactive-agent,https://x.com/i/status/2106676149938184432,2026-10-04T09:21:48.000Z,en,0,0,0.89
proactive-agent,https://x.com/i/status/2106653605063446727,2026-10-04T07:52:13.000Z,en,0,0,0.93
proactive-agent,https://x.com/i/status/2106525784542425377,2026-10-03T23:24:19.000Z,en,4,0,0.91
proactive-agent,https://x.com/i/status/2106496881190687048,2026-10-03T21:29:27.000Z,en,1,0,0.87
proactive-agent,https://x.com/i/status/2106475882877694364,2026-10-03T20:06:01.000Z,en,84,4,0.92
proactive-agent,https://x.com/i/status/2106453126312010202,2026-10-03T18:35:35.000Z,en,0,0,0.89
proactive-agent,https://x.com/i/status/2106412827246531059,2026-10-03T15:55:27.000Z,en,0,0,0.86
proactive-agent,https://x.com/i/status/2106385044751413250,2026-10-03T14:05:04.000Z,en,50,2,0.84
proactive-agent,https://x.com/i/status/2106378525708050650,2026-10-03T13:39:09.000Z,en,3,0,0.89
proactive-agent,https://x.com/i/status/2106340112808448259,2026-10-03T11:06:31.000Z,en,1,0,0.84
proactive-agent,https://x.com/i/status/2106182968783901094,2026-10-03T00:42:05.000Z,en,2,1,0.82
handoff,https://x.com/i/status/2108720149247483963,2026-10-10T00:43:56.000Z,en,0,0,0.88
handoff,https://x.com/i/status/2108717976866508813,2026-10-10T00:35:18.000Z,en,0,0,0.03
handoff,https://x.com/i/status/2108707511633412244,2026-10-09T23:53:43.000Z,en,1,0,0.27
handoff,https://x.com/i/status/2108704262033211761,2026-10-09T23:40:48.000Z,en,0,0,0.11
handoff,https://x.com/i/status/2108699532045451425,2026-10-09T23:22:00.000Z,en,1,0,0.93
handoff,https://x.com/i/status/2108687216713347490,2026-10-09T22:33:04.000Z,en,0,0,0.77
handoff,https://x.com/i/status/2108686577102721267,2026-10-09T22:30:32.000Z,en,0,0,0.84
handoff,https://x.com/i/status/2108683344091246712,2026-10-09T22:17:41.000Z,en,0,0,0.72
handoff,https://x.com/i/status/2108681134225948748,2026-10-09T22:08:54.000Z,en,0,0,0.9
handoff,https://x.com/i/status/2108678261584576814,2026-10-09T21:57:29.000Z,en,3,0,0.15
handoff,https://x.com/i/status/2108677471747076305,2026-10-09T21:54:21.000Z,en,0,0,0.56
handoff,https://x.com/i/status/2108677062156583036,2026-10-09T21:52:43.000Z,en,0,0,0.89
handoff,https://x.com/i/status/2108674218837860566,2026-10-09T21:41:25.000Z,en,0,0,0.55
handoff,https://x.com/i/status/2108673234459607167,2026-10-09T21:37:31.000Z,en,2,0,0.04
handoff,https://x.com/i/status/2108672190908399941,2026-10-09T21:33:22.000Z,en,13,1,0.25
handoff,https://x.com/i/status/2108672096968774122,2026-10-09T21:32:59.000Z,en,0,0,0.88
handoff,https://x.com/i/status/2108671505005764796,2026-10-09T21:30:38.000Z,en,2,0,0.76
handoff,https://x.com/i/status/2108669391114051888,2026-10-09T21:22:14.000Z,en,1,0,0.86
handoff,https://x.com/i/status/2108668653298401692,2026-10-09T21:19:18.000Z,en,0,0,0.94
handoff,https://x.com/i/status/2108668065529438691,2026-10-09T21:16:58.000Z,en,0,0,0.18
handoff,https://x.com/i/status/2108664506750775368,2026-10-09T21:02:50.000Z,en,0,0,0.27
handoff,https://x.com/i/status/2108663242956648518,2026-10-09T20:57:48.000Z,en,0,0,0.76
handoff,https://x.com/i/status/2108661570796708036,2026-10-09T20:51:10.000Z,en,4,2,0.31
handoff,https://x.com/i/status/2108660909547585952,2026-10-09T20:48:32.000Z,en,1,0,0.91
handoff,https://x.com/i/status/2108660555087302748,2026-10-09T20:47:08.000Z,en,0,0,0.9
handoff,https://x.com/i/status/2108658615708246480,2026-10-09T20:39:25.000Z,zxx,6,2,0.07
handoff,https://x.com/i/status/2108658477040070855,2026-10-09T20:38:52.000Z,en,0,0,0.03
handoff,https://x.com/i/status/2108654780587425840,2026-10-09T20:24:11.000Z,en,7,2,0.11
handoff,https://x.com/i/status/2108652697964736845,2026-10-09T20:15:54.000Z,en,0,0,0.47
handoff,https://x.com/i/status/2108649914402242690,2026-10-09T20:04:51.000Z,en,4,1,0.91
handoff,https://x.com/i/status/2108648450992779527,2026-10-09T19:59:02.000Z,en,0,0,0.86
handoff,https://x.com/i/status/2108645282049351850,2026-10-09T19:46:26.000Z,zxx,0,0,0.09
handoff,https://x.com/i/status/2108643876898779476,2026-10-09T19:40:51.000Z,cs,0,0,0.9
handoff,https://x.com/i/status/2108640694180950189,2026-10-09T19:28:12.000Z,en,0,0,0.41
handoff,https://x.com/i/status/2108639029994590694,2026-10-09T19:21:36.000Z,en,0,1,0.57
handoff,https://x.com/i/status/2108638134292652309,2026-10-09T19:18:02.000Z,en,0,0,0.92
handoff,https://x.com/i/status/2108637204209873008,2026-10-09T19:14:20.000Z,en,0,0,0.89
handoff,https://x.com/i/status/2108635118990774707,2026-10-09T19:06:03.000Z,en,0,0,0.78
handoff,https://x.com/i/status/2108635058202398993,2026-10-09T19:05:49.000Z,en,0,0,0.68
handoff,https://x.com/i/status/2108634834813825055,2026-10-09T19:04:55.000Z,zxx,2,0,0.1
handoff,https://x.com/i/status/2108631455106769226,2026-10-09T18:51:30.000Z,en,0,0,0.33
handoff,https://x.com/i/status/2108631160159174680,2026-10-09T18:50:19.000Z,en,7,1,0.49
handoff,https://x.com/i/status/2108628315707711641,2026-10-09T18:39:01.000Z,en,1,0,0.07
handoff,https://x.com/i/status/2108627927168643110,2026-10-09T18:37:28.000Z,pt,2,0,0.85
handoff,https://x.com/i/status/2108627455229796693,2026-10-09T18:35:36.000Z,en,0,0,0.91
handoff,https://x.com/i/status/2108627194088198527,2026-10-09T18:34:34.000Z,en,10,0,0.13
handoff,https://x.com/i/status/2108626991557554429,2026-10-09T18:33:45.000Z,en,3,0,0.75
handoff,https://x.com/i/status/2108625290922500251,2026-10-09T18:27:00.000Z,en,21,2,0.33
handoff,https://x.com/i/status/2108625266021167499,2026-10-09T18:26:54.000Z,en,0,0,0.88
handoff,https://x.com/i/status/2108624512514416972,2026-10-09T18:23:54.000Z,en,1,0,0.04
handoff,https://x.com/i/status/2108624396407406623,2026-10-09T18:23:27.000Z,en,3,0,0.14
handoff,https://x.com/i/status/2108622814504952104,2026-10-09T18:17:09.000Z,en,0,0,0.92
handoff,https://x.com/i/status/2108622271405531455,2026-10-09T18:15:00.000Z,en,4,1,0.13
handoff,https://x.com/i/status/2108621516485407182,2026-10-09T18:12:00.000Z,en,0,0,0.77
handoff,https://x.com/i/status/2108620004706906280,2026-10-09T18:06:00.000Z,en,0,0,0.57
handoff,https://x.com/i/status/2108619780882055620,2026-10-09T18:05:06.000Z,en,2,0,0.55
handoff,https://x.com/i/status/2108618078133346734,2026-10-09T17:58:20.000Z,en,0,0,0.54
handoff,https://x.com/i/status/2108615248865370579,2026-10-09T17:47:06.000Z,en,0,0,0.5
handoff,https://x.com/i/status/2108613356789883221,2026-10-09T17:39:35.000Z,en,0,0,0.87
handoff,https://x.com/i/status/2108612659771752464,2026-10-09T17:36:48.000Z,en,6,3,0.09
handoff,https://x.com/i/status/2108611501233742154,2026-10-09T17:32:12.000Z,en,35,3,0.93
handoff,https://x.com/i/status/2108611268148105643,2026-10-09T17:31:17.000Z,en,0,0,0.02
handoff,https://x.com/i/status/2108609349354508302,2026-10-09T17:23:39.000Z,en,0,0,0.45
handoff,https://x.com/i/status/2108608053306335344,2026-10-09T17:18:30.000Z,en,1,0,0.51
handoff,https://x.com/i/status/2108606191450366453,2026-10-09T17:11:06.000Z,en,1,0,0.48
handoff,https://x.com/i/status/2108606179492438145,2026-10-09T17:11:03.000Z,zxx,0,0,0.09
handoff,https://x.com/i/status/2108605512593879327,2026-10-09T17:08:24.000Z,en,0,0,0.1
handoff,https://x.com/i/status/2108604801411879139,2026-10-09T17:05:35.000Z,zxx,27,2,0.08
handoff,https://x.com/i/status/2108604699595460733,2026-10-09T17:05:11.000Z,zh,0,0,0.89
handoff,https://x.com/i/status/2108604642892615727,2026-10-09T17:04:57.000Z,en,0,0,0.8
handoff,https://x.com/i/status/2108603909375754291,2026-10-09T17:02:02.000Z,zxx,7,0,0.09
handoff,https://x.com/i/status/2108602596722454770,2026-10-09T16:56:49.000Z,en,0,0,0.69
handoff,https://x.com/i/status/2108601978679066655,2026-10-09T16:54:22.000Z,en,0,0,0.79
handoff,https://x.com/i/status/2108601712067891325,2026-10-09T16:53:18.000Z,en,0,0,0.5
handoff,https://x.com/i/status/2108600954576617897,2026-10-09T16:50:18.000Z,en,0,0,0.79
handoff,https://x.com/i/status/2108600728315158912,2026-10-09T16:49:24.000Z,en,187,15,0.24
handoff,https://x.com/i/status/2108600323623542803,2026-10-09T16:47:47.000Z,en,0,0,0.6
handoff,https://x.com/i/status/2108599655114141891,2026-10-09T16:45:08.000Z,en,27,1,0.39
handoff,https://x.com/i/status/2108599109980438974,2026-10-09T16:42:58.000Z,en,31,1,0.69
handoff,https://x.com/i/status/2108598922931556364,2026-10-09T16:42:13.000Z,en,0,0,0.88
handoff,https://x.com/i/status/2108598911992488156,2026-10-09T16:42:11.000Z,en,17,3,0.72
handoff,https://x.com/i/status/2108598244250902639,2026-10-09T16:39:31.000Z,en,0,0,0.61
handoff,https://x.com/i/status/2108597860128407706,2026-10-09T16:38:00.000Z,en,0,0,0.88
handoff,https://x.com/i/status/2108597551611994519,2026-10-09T16:36:46.000Z,en,0,0,0.03
handoff,https://x.com/i/status/2108596970957001180,2026-10-09T16:34:28.000Z,en,0,0,0.61
handoff,https://x.com/i/status/2108594261746737276,2026-10-09T16:23:42.000Z,en,2,1,0.66
handoff,https://x.com/i/status/2108593603580760404,2026-10-09T16:21:05.000Z,en,0,0,0.73
handoff,https://x.com/i/status/2108593286554538447,2026-10-09T16:19:49.000Z,en,0,0,0.89
handoff,https://x.com/i/status/2108593014310654031,2026-10-09T16:18:45.000Z,en,1,0,0.85
handoff,https://x.com/i/status/2108592906194079853,2026-10-09T16:18:19.000Z,zxx,0,0,0.11
handoff,https://x.com/i/status/2108592357625258092,2026-10-09T16:16:08.000Z,en,0,0,0.8
handoff,https://x.com/i/status/2108591582513361266,2026-10-09T16:13:03.000Z,en,0,0,0.8
handoff,https://x.com/i/status/2108589989793525915,2026-10-09T16:06:43.000Z,zh,6,0,0.03
handoff,https://x.com/i/status/2108589304427766080,2026-10-09T16:04:00.000Z,en,0,0,0.74
handoff,https://x.com/i/status/2108588842479423948,2026-10-09T16:02:10.000Z,en,0,0,0.58
handoff,https://x.com/i/status/2108586737098539465,2026-10-09T15:53:48.000Z,en,0,0,0.78
handoff,https://x.com/i/status/2108585277409185826,2026-10-09T15:48:00.000Z,en,4,1,0.07
handoff,https://x.com/i/status/2108584870104477770,2026-10-09T15:46:23.000Z,en,0,0,0.49
handoff,https://x.com/i/status/2108584016563904920,2026-10-09T15:42:59.000Z,en,1,0,0.91
handoff,https://x.com/i/status/2108581214403834190,2026-10-09T15:31:51.000Z,en,0,0,0.88
weather,https://x.com/i/status/2108713287902761292,2026-10-10T00:16:40.000Z,en,0,0,0.04
weather,https://x.com/i/status/2108707397590007850,2026-10-09T23:53:16.000Z,en,37,6,0.02
weather,https://x.com/i/status/2108705360760414468,2026-10-09T23:45:10.000Z,en,3,0,0.03
weather,https://x.com/i/status/2108701741273293090,2026-10-09T23:30:47.000Z,en,1,0,0.04
weather,https://x.com/i/status/2108699781069718004,2026-10-09T23:23:00.000Z,en,1,0,0.1
weather,https://x.com/i/status/2108695451847238076,2026-10-09T23:05:48.000Z,en,3,1,0.05
weather,https://x.com/i/status/2108685543265456376,2026-10-09T22:26:25.000Z,en,0,0,0.13
weather,https://x.com/i/status/2108683798665961887,2026-10-09T22:19:29.000Z,en,2,1,0.09
weather,https://x.com/i/status/2108678894761222432,2026-10-09T22:00:00.000Z,en,0,0,0.07
weather,https://x.com/i/status/2108674803309662391,2026-10-09T21:43:45.000Z,en,0,0,0.04
weather,https://x.com/i/status/2108667960260960694,2026-10-09T21:16:33.000Z,en,4,0,0.19
weather,https://x.com/i/status/2108667862223347801,2026-10-09T21:16:10.000Z,en,0,0,0.73
weather,https://x.com/i/status/2108666186082775434,2026-10-09T21:09:30.000Z,en,6,0,0.06
weather,https://x.com/i/status/2108665842988896578,2026-10-09T21:08:08.000Z,zxx,2,0,0.08
weather,https://x.com/i/status/2108664114553991169,2026-10-09T21:01:16.000Z,en,1,0,0.04
weather,https://x.com/i/status/2108661009766568387,2026-10-09T20:48:56.000Z,en,1,0,0.7
weather,https://x.com/i/status/2108658970252779674,2026-10-09T20:40:50.000Z,en,0,0,0.03
weather,https://x.com/i/status/2108653654253109466,2026-10-09T20:19:42.000Z,en,1,0,0.04
weather,https://x.com/i/status/2108649661053768103,2026-10-09T20:03:50.000Z,en,0,0,0.03
weather,https://x.com/i/status/2108649349848981805,2026-10-09T20:02:36.000Z,zxx,2,1,0.08
weather,https://x.com/i/status/2108645263661220222,2026-10-09T19:46:22.000Z,en,5,1,0.03
weather,https://x.com/i/status/2108642968571969720,2026-10-09T19:37:15.000Z,en,1,0,0.44
weather,https://x.com/i/status/2108640960242434091,2026-10-09T19:29:16.000Z,en,0,0,0.31
weather,https://x.com/i/status/2108638862851653785,2026-10-09T19:20:56.000Z,en,0,0,0.03
weather,https://x.com/i/status/2108638683834245393,2026-10-09T19:20:13.000Z,en,0,0,0.03
weather,https://x.com/i/status/2108637538068148247,2026-10-09T19:15:40.000Z,en,20,4,0.02
weather,https://x.com/i/status/2108627199477817483,2026-10-09T18:34:35.000Z,en,12,2,0.53
weather,https://x.com/i/status/2108620149758845013,2026-10-09T18:06:34.000Z,en,1,0,0.78
weather,https://x.com/i/status/2108616104713052187,2026-10-09T17:50:30.000Z,en,4,0,0.04
weather,https://x.com/i/status/2108606085498024288,2026-10-09T17:10:41.000Z,zxx,114,21,0.08
weather,https://x.com/i/status/2108605512593879327,2026-10-09T17:08:24.000Z,en,0,0,0.06
weather,https://x.com/i/status/2108600079498060029,2026-10-09T16:46:49.000Z,en,2,0,0.04
weather,https://x.com/i/status/2108590943171645943,2026-10-09T16:10:31.000Z,en,0,0,0.04
weather,https://x.com/i/status/2108588347363106837,2026-10-09T16:00:12.000Z,en,2,1,0.03
weather,https://x.com/i/status/2108584044917035472,2026-10-09T15:43:06.000Z,en,0,0,0.02
weather,https://x.com/i/status/2108580956625912115,2026-10-09T15:30:50.000Z,en,0,0,0.06
weather,https://x.com/i/status/2108577459595587586,2026-10-09T15:16:56.000Z,en,0,0,0.03
weather,https://x.com/i/status/2108577450708128138,2026-10-09T15:16:54.000Z,en,0,0,0.04
weather,https://x.com/i/status/2108561712479646055,2026-10-09T14:14:22.000Z,en,4,0,0.04
weather,https://x.com/i/status/2108560736771535252,2026-10-09T14:10:29.000Z,en,3,0,0.3
weather,https://x.com/i/status/2108555728285741209,2026-10-09T13:50:35.000Z,en,0,0,0.04
weather,https://x.com/i/status/2108554857636401641,2026-10-09T13:47:07.000Z,zh,0,0,0.49
weather,https://x.com/i/status/2108554555143381348,2026-10-09T13:45:55.000Z,zxx,0,0,0.12
weather,https://x.com/i/status/2108553500397306260,2026-10-09T13:41:44.000Z,en,29,1,0.3
weather,https://x.com/i/status/2108543497477263652,2026-10-09T13:01:59.000Z,en,4,0,0.03
weather,https://x.com/i/status/2108537478579691604,2026-10-09T12:38:04.000Z,en,0,0,0.02
weather,https://x.com/i/status/2108525104929919038,2026-10-09T11:48:54.000Z,en,0,0,0.02
weather,https://x.com/i/status/2108524618231198157,2026-10-09T11:46:58.000Z,en,0,0,0.03
weather,https://x.com/i/status/2108523021287772653,2026-10-09T11:40:37.000Z,en,1,0,0.03
weather,https://x.com/i/status/2108522283786752129,2026-10-09T11:37:41.000Z,en,26,3,0.03
weather,https://x.com/i/status/2108521090305716608,2026-10-09T11:32:57.000Z,en,0,0,0.03
weather,https://x.com/i/status/2108520278372372906,2026-10-09T11:29:43.000Z,en,0,0,0.07
weather,https://x.com/i/status/2108519494662373564,2026-10-09T11:26:36.000Z,en,1,0,0.04
weather,https://x.com/i/status/2108517805134098491,2026-10-09T11:19:53.000Z,en,0,0,0.64
weather,https://x.com/i/status/2108515971291898153,2026-10-09T11:12:36.000Z,en,0,0,0.04
weather,https://x.com/i/status/2108510889833791641,2026-10-09T10:52:25.000Z,en,0,0,0.03
weather,https://x.com/i/status/2108508772754985161,2026-10-09T10:44:00.000Z,en,17,2,0.07
weather,https://x.com/i/status/2108508328707932168,2026-10-09T10:42:14.000Z,en,52,11,0.04
weather,https://x.com/i/status/2108504475107569755,2026-10-09T10:26:55.000Z,zxx,0,0,0.08
weather,https://x.com/i/status/2108503498161840225,2026-10-09T10:23:02.000Z,zxx,4,0,0.07
weather,https://x.com/i/status/2108499023522890041,2026-10-09T10:05:15.000Z,en,7,2,0.03
weather,https://x.com/i/status/2108488238323151250,2026-10-09T09:22:24.000Z,en,0,0,0.09
weather,https://x.com/i/status/2108487900094505169,2026-10-09T09:21:03.000Z,en,2,0,0.09
weather,https://x.com/i/status/2108485894973898798,2026-10-09T09:13:05.000Z,en,0,0,0.03
weather,https://x.com/i/status/2108484472140079385,2026-10-09T09:07:26.000Z,en,33,0,0.09
weather,https://x.com/i/status/2108476893712482458,2026-10-09T08:37:19.000Z,en,0,0,0.25
weather,https://x.com/i/status/2108468472317358164,2026-10-09T08:03:51.000Z,en,4,0,0.05
weather,https://x.com/i/status/2108467597046079567,2026-10-09T08:00:23.000Z,en,12,0,0.05
weather,https://x.com/i/status/2108460911270752383,2026-10-09T07:33:49.000Z,en,1,0,0.04
weather,https://x.com/i/status/2108460549021352223,2026-10-09T07:32:22.000Z,en,0,0,0.03
weather,https://x.com/i/status/2108457088506892413,2026-10-09T07:18:37.000Z,en,1,0,0.42
weather,https://x.com/i/status/2108456082939040050,2026-10-09T07:14:38.000Z,en,4,0,0.03
weather,https://x.com/i/status/2108455009104867412,2026-10-09T07:10:22.000Z,ar,7,1,0.36
weather,https://x.com/i/status/2108442679512387856,2026-10-09T06:21:22.000Z,en,31,1,0.04
weather,https://x.com/i/status/2108440350742442015,2026-10-09T06:12:07.000Z,en,9,1,0.04
weather,https://x.com/i/status/2108438326030336005,2026-10-09T06:04:04.000Z,en,7,0,0.11
weather,https://x.com/i/status/2108437507780297089,2026-10-09T06:00:49.000Z,en,6,0,0.04
weather,https://x.com/i/status/2108435822332838307,2026-10-09T05:54:07.000Z,en,0,0,0.06
weather,https://x.com/i/status/2108435221481742703,2026-10-09T05:51:44.000Z,en,0,0,0.04
weather,https://x.com/i/status/2108435101012914313,2026-10-09T05:51:15.000Z,en,9,0,0.07
weather,https://x.com/i/status/2108433958044111022,2026-10-09T05:46:43.000Z,en,1,0,0.03
weather,https://x.com/i/status/2108428132315230583,2026-10-09T05:23:34.000Z,en,0,0,0.05
weather,https://x.com/i/status/2108423557201965511,2026-10-09T05:05:23.000Z,en,0,0,0.03
weather,https://x.com/i/status/2108422387058557424,2026-10-09T05:00:44.000Z,zxx,35,5,0.07
weather,https://x.com/i/status/2108420913880310046,2026-10-09T04:54:53.000Z,en,6,0,0.06
weather,https://x.com/i/status/2108419734219686367,2026-10-09T04:50:11.000Z,en,20,0,0.04
weather,https://x.com/i/status/2108408361062629707,2026-10-09T04:05:00.000Z,en,3,0,0.05
weather,https://x.com/i/status/2108396158825402860,2026-10-09T03:16:31.000Z,en,0,0,0.05
weather,https://x.com/i/status/2108392013351600374,2026-10-09T03:00:02.000Z,en,0,0,0.06
weather,https://x.com/i/status/2108388198040650188,2026-10-09T02:44:53.000Z,en,0,0,0.05
weather,https://x.com/i/status/2108387559214600579,2026-10-09T02:42:20.000Z,en,0,0,0.05
weather,https://x.com/i/status/2108386255536812044,2026-10-09T02:37:09.000Z,en,0,0,0.04
weather,https://x.com/i/status/2108381396251144569,2026-10-09T02:17:51.000Z,en,3,2,0.1
weather,https://x.com/i/status/2108374965162774835,2026-10-09T01:52:18.000Z,en,0,0,0.2
weather,https://x.com/i/status/2108374092680175754,2026-10-09T01:48:50.000Z,en,3,0,0.21
weather,https://x.com/i/status/2108373473617903906,2026-10-09T01:46:22.000Z,en,5,0,0.05
weather,https://x.com/i/status/2108369221818495159,2026-10-09T01:29:28.000Z,en,0,0,0.1
weather,https://x.com/i/status/2108368356739043834,2026-10-09T01:26:02.000Z,en,0,0,0.12
weather,https://x.com/i/status/2108367379277193491,2026-10-09T01:22:09.000Z,en,10,0,0.03
weather,https://x.com/i/status/2108366123247030640,2026-10-09T01:17:09.000Z,en,0,0,0.07
triage,https://x.com/i/status/2108717183018881531,2026-10-10T00:32:09.000Z,en,0,0,0.56
triage,https://x.com/i/status/2108714974512345103,2026-10-10T00:23:22.000Z,en,0,0,0.05
triage,https://x.com/i/status/2108714546881798565,2026-10-10T00:21:40.000Z,en,0,0,0.1
triage,https://x.com/i/status/2108711259763773832,2026-10-10T00:08:36.000Z,zxx,1,0,0.07
triage,https://x.com/i/status/2108706647933874193,2026-10-09T23:50:17.000Z,en,0,0,0.24
triage,https://x.com/i/status/2108703053817974994,2026-10-09T23:36:00.000Z,en,0,0,0.61
triage,https://x.com/i/status/2108701679298154795,2026-10-09T23:30:32.000Z,en,0,0,0.05
triage,https://x.com/i/status/2108701417150042201,2026-10-09T23:29:30.000Z,en,0,0,0.05
triage,https://x.com/i/status/2108699298502525191,2026-10-09T23:21:05.000Z,en,0,0,0.03
triage,https://x.com/i/status/2108694540232139043,2026-10-09T23:02:10.000Z,en,1,0,0.04
triage,https://x.com/i/status/2108693163472761198,2026-10-09T22:56:42.000Z,en,0,0,0.73
triage,https://x.com/i/status/2108688726859665752,2026-10-09T22:39:04.000Z,en,10,0,0.11
triage,https://x.com/i/status/2108687915198914995,2026-10-09T22:35:51.000Z,en,0,0,0.44
triage,https://x.com/i/status/2108679649006129271,2026-10-09T22:03:00.000Z,en,1,0,0.77
triage,https://x.com/i/status/2108674389394804998,2026-10-09T21:42:06.000Z,en,0,0,0.06
triage,https://x.com/i/status/2108669039472185580,2026-10-09T21:20:50.000Z,en,2,0,0.1
triage,https://x.com/i/status/2108661482200121642,2026-10-09T20:50:49.000Z,en,0,0,0.37
triage,https://x.com/i/status/2108660340963590250,2026-10-09T20:46:16.000Z,en,29,2,0.37
triage,https://x.com/i/status/2108649349848981805,2026-10-09T20:02:36.000Z,zxx,2,1,0.1
triage,https://x.com/i/status/2108649164615696874,2026-10-09T20:01:52.000Z,en,201,17,0.84
triage,https://x.com/i/status/2108646184650777015,2026-10-09T19:50:01.000Z,zxx,19,0,0.11
triage,https://x.com/i/status/2108641805818331184,2026-10-09T19:32:37.000Z,en,2,0,0.48
triage,https://x.com/i/status/2108627425932284045,2026-10-09T18:35:29.000Z,en,15,8,0.06
triage,https://x.com/i/status/2108627196718076116,2026-10-09T18:34:34.000Z,ja,1,0,0.64
triage,https://x.com/i/status/2108620823535968389,2026-10-09T18:09:15.000Z,en,3,0,0.11
triage,https://x.com/i/status/2108618497064337800,2026-10-09T18:00:00.000Z,en,0,0,0.55
triage,https://x.com/i/status/2108612314383393250,2026-10-09T17:35:26.000Z,en,2,0,0.44
triage,https://x.com/i/status/2108611996757213454,2026-10-09T17:34:10.000Z,en,1,0,0.53
triage,https://x.com/i/status/2108611795900665981,2026-10-09T17:33:22.000Z,en,0,0,0.34
triage,https://x.com/i/status/2108611384309096954,2026-10-09T17:31:44.000Z,en,7,0,0.59
triage,https://x.com/i/status/2108607247844876507,2026-10-09T17:15:18.000Z,en,0,0,0.51
triage,https://x.com/i/status/2108607115585593536,2026-10-09T17:14:47.000Z,en,4,0,0.07
triage,https://x.com/i/status/2108606117916123624,2026-10-09T17:10:49.000Z,en,1,0,0.85
triage,https://x.com/i/status/2108605069578916306,2026-10-09T17:06:39.000Z,en,0,0,0.85
triage,https://x.com/i/status/2108603958902354254,2026-10-09T17:02:14.000Z,en,0,0,0.22
triage,https://x.com/i/status/2108603902870356108,2026-10-09T17:02:01.000Z,en,0,0,0.3
triage,https://x.com/i/status/2108597595149111568,2026-10-09T16:36:57.000Z,en,0,0,0.27
triage,https://x.com/i/status/2108595546839798219,2026-10-09T16:28:48.000Z,en,1,0,0.39
triage,https://x.com/i/status/2108594059086614577,2026-10-09T16:22:54.000Z,en,8,0,0.06
triage,https://x.com/i/status/2108590568573952464,2026-10-09T16:09:01.000Z,en,0,0,0.06
triage,https://x.com/i/status/2108586781667164313,2026-10-09T15:53:59.000Z,en,0,0,0.69
triage,https://x.com/i/status/2108585277409185826,2026-10-09T15:48:00.000Z,en,4,1,0.08
triage,https://x.com/i/status/2108581503445704876,2026-10-09T15:33:00.000Z,zh,0,0,0.67
triage,https://x.com/i/status/2108581502724235676,2026-10-09T15:33:00.000Z,en,18,2,0.16
triage,https://x.com/i/status/2108579333421875231,2026-10-09T15:24:23.000Z,en,0,0,0.11
triage,https://x.com/i/status/2108575888199872693,2026-10-09T15:10:41.000Z,en,0,0,0.5
triage,https://x.com/i/status/2108575738446442875,2026-10-09T15:10:06.000Z,en,0,0,0.61
triage,https://x.com/i/status/2108575679826567199,2026-10-09T15:09:52.000Z,en,3,0,0.18
triage,https://x.com/i/status/2108574985421812055,2026-10-09T15:07:06.000Z,en,0,0,0.55
triage,https://x.com/i/status/2108573330752049440,2026-10-09T15:00:32.000Z,tr,0,0,0.64
triage,https://x.com/i/status/2108571842592075838,2026-10-09T14:54:37.000Z,en,14,3,0.4
triage,https://x.com/i/status/2108570197233725645,2026-10-09T14:48:05.000Z,en,0,0,0.52
triage,https://x.com/i/status/2108566735896883493,2026-10-09T14:34:19.000Z,en,0,0,0.16
triage,https://x.com/i/status/2108560631691374715,2026-10-09T14:10:04.000Z,zxx,0,0,0.09
triage,https://x.com/i/status/2108560337121222843,2026-10-09T14:08:54.000Z,en,2,1,0.03
triage,https://x.com/i/status/2108559004112687126,2026-10-09T14:03:36.000Z,en,0,0,0.05
triage,https://x.com/i/status/2108558104589918700,2026-10-09T14:00:01.000Z,en,0,0,0.16
triage,https://x.com/i/status/2108557532490858965,2026-10-09T13:57:45.000Z,en,0,0,0.42
triage,https://x.com/i/status/2108555786691682573,2026-10-09T13:50:49.000Z,en,0,0,0.25
triage,https://x.com/i/status/2108547982186738023,2026-10-09T13:19:48.000Z,en,0,0,0.52
triage,https://x.com/i/status/2108545527650685002,2026-10-09T13:10:03.000Z,en,0,0,0.69
triage,https://x.com/i/status/2108543940467269696,2026-10-09T13:03:44.000Z,zxx,0,0,0.11
triage,https://x.com/i/status/2108535454454976835,2026-10-09T12:30:01.000Z,en,0,0,0.34
triage,https://x.com/i/status/2108532363340751083,2026-10-09T12:17:44.000Z,en,0,0,0.05
triage,https://x.com/i/status/2108526188109128133,2026-10-09T11:53:12.000Z,zxx,28,8,0.08
triage,https://x.com/i/status/2108525166271561974,2026-10-09T11:49:08.000Z,en,0,0,0.07
triage,https://x.com/i/status/2108515796687450577,2026-10-09T11:11:54.000Z,zxx,1,0,0.07
triage,https://x.com/i/status/2108511111574442443,2026-10-09T10:53:17.000Z,en,0,0,0.02
triage,https://x.com/i/status/2108510928715309486,2026-10-09T10:52:34.000Z,en,0,0,0.05
triage,https://x.com/i/status/2108509215476338928,2026-10-09T10:45:45.000Z,en,0,0,0.49
triage,https://x.com/i/status/2108508363244159000,2026-10-09T10:42:22.000Z,zxx,5,1,0.09
triage,https://x.com/i/status/2108507310423154885,2026-10-09T10:38:11.000Z,en,2,0,0.03
triage,https://x.com/i/status/2108507061403472023,2026-10-09T10:37:12.000Z,en,1,0,0.28
triage,https://x.com/i/status/2108505816794034473,2026-10-09T10:32:15.000Z,en,0,0,0.25
triage,https://x.com/i/status/2108498667531284925,2026-10-09T10:03:51.000Z,en,0,0,0.09
triage,https://x.com/i/status/2108491261703225351,2026-10-09T09:34:25.000Z,en,2,0,0.05
triage,https://x.com/i/status/2108490589268242935,2026-10-09T09:31:44.000Z,en,3,3,0.78
triage,https://x.com/i/status/2108488069816930415,2026-10-09T09:21:44.000Z,en,0,0,0.05
triage,https://x.com/i/status/2108487432933200260,2026-10-09T09:19:12.000Z,en,0,0,0.05
triage,https://x.com/i/status/2108484076655005986,2026-10-09T09:05:52.000Z,en,1,1,0.1
triage,https://x.com/i/status/2108483627449520219,2026-10-09T09:04:05.000Z,en,0,0,0.26
triage,https://x.com/i/status/2108473709786788198,2026-10-09T08:24:40.000Z,en,0,0,0.65
triage,https://x.com/i/status/2108472962349170990,2026-10-09T08:21:42.000Z,en,0,0,0.66
triage,https://x.com/i/status/2108470375046615192,2026-10-09T08:11:25.000Z,en,0,0,0.5
triage,https://x.com/i/status/2108469196971507860,2026-10-09T08:06:44.000Z,en,0,0,0.1
triage,https://x.com/i/status/2108458347213242469,2026-10-09T07:23:37.000Z,en,0,0,0.16
triage,https://x.com/i/status/2108456905333153840,2026-10-09T07:17:54.000Z,en,0,0,0.35
triage,https://x.com/i/status/2108456870595682616,2026-10-09T07:17:45.000Z,en,0,0,0.64
triage,https://x.com/i/status/2108453358311002217,2026-10-09T07:03:48.000Z,en,1,0,0.14
triage,https://x.com/i/status/2108432068623380725,2026-10-09T05:39:12.000Z,en,0,0,0.72
triage,https://x.com/i/status/2108421185319133399,2026-10-09T04:55:57.000Z,en,0,0,0.3
triage,https://x.com/i/status/2108419317943701654,2026-10-09T04:48:32.000Z,en,1,0,0.43
triage,https://x.com/i/status/2108418323356819515,2026-10-09T04:44:35.000Z,en,0,0,0.62
triage,https://x.com/i/status/2108412999652483132,2026-10-09T04:23:26.000Z,en,2,1,0.55
triage,https://x.com/i/status/2108412676032655810,2026-10-09T04:22:09.000Z,en,0,0,0.54
triage,https://x.com/i/status/2108412287123964310,2026-10-09T04:20:36.000Z,zh,0,0,0.08
triage,https://x.com/i/status/2108398539793711415,2026-10-09T03:25:58.000Z,en,0,0,0.15
triage,https://x.com/i/status/2108395788351189415,2026-10-09T03:15:02.000Z,en,2,0,0.22
triage,https://x.com/i/status/2108393767879475596,2026-10-09T03:07:00.000Z,zxx,0,0,0.09
triage,https://x.com/i/status/2108393103652786647,2026-10-09T03:04:22.000Z,en,0,0,0.76
prototype,https://x.com/i/status/2108722398547878101,2026-10-10T00:52:52.000Z,en,0,0,0.29
prototype,https://x.com/i/status/2108714826713456951,2026-10-10T00:22:47.000Z,en,2,0,0.06
prototype,https://x.com/i/status/2108714132623282657,2026-10-10T00:20:01.000Z,en,0,0,0.05
prototype,https://x.com/i/status/2108708767021801819,2026-10-09T23:58:42.000Z,zxx,205,37,0.09
prototype,https://x.com/i/status/2108704140675461146,2026-10-09T23:40:19.000Z,en,4,1,0.21
prototype,https://x.com/i/status/2108693998328049941,2026-10-09T23:00:01.000Z,ja,2,0,0.35
prototype,https://x.com/i/status/2108688901850177681,2026-10-09T22:39:46.000Z,en,1,1,0.12
prototype,https://x.com/i/status/2108677517875826926,2026-10-09T21:54:32.000Z,zxx,0,0,0.15
prototype,https://x.com/i/status/2108672654932930950,2026-10-09T21:35:12.000Z,en,0,0,0.55
prototype,https://x.com/i/status/2108672652256940533,2026-10-09T21:35:12.000Z,en,0,0,0.41
prototype,https://x.com/i/status/2108671560588616028,2026-10-09T21:30:51.000Z,en,0,0,0.03
prototype,https://x.com/i/status/2108663793865929014,2026-10-09T21:00:00.000Z,en,0,0,0.24
prototype,https://x.com/i/status/2108663581080477819,2026-10-09T20:59:09.000Z,en,0,0,0.25
prototype,https://x.com/i/status/2108660077880340936,2026-10-09T20:45:14.000Z,en,6,0,0.24
prototype,https://x.com/i/status/2108649348309352671,2026-10-09T20:02:36.000Z,en,0,0,0.05
prototype,https://x.com/i/status/2108644932827181360,2026-10-09T19:45:03.000Z,en,6,0,0.3
prototype,https://x.com/i/status/2108642655110316526,2026-10-09T19:36:00.000Z,en,0,0,0.17
prototype,https://x.com/i/status/2108640345538101612,2026-10-09T19:26:49.000Z,en,0,0,0.31
prototype,https://x.com/i/status/2108638589005283756,2026-10-09T19:19:50.000Z,en,1,0,0.44
prototype,https://x.com/i/status/2108638071680028711,2026-10-09T19:17:47.000Z,zxx,1,1,0.14
prototype,https://x.com/i/status/2108637104016072888,2026-10-09T19:13:56.000Z,zxx,34,0,0.14
prototype,https://x.com/i/status/2108629483091906983,2026-10-09T18:43:39.000Z,en,1,0,0.39
prototype,https://x.com/i/status/2108629384735182916,2026-10-09T18:43:16.000Z,en,13,1,0.13
prototype,https://x.com/i/status/2108627883140755806,2026-10-09T18:37:18.000Z,en,0,0,0.35
prototype,https://x.com/i/status/2108623509866115284,2026-10-09T18:19:55.000Z,en,3,2,0.23
prototype,https://x.com/i/status/2108621232790999446,2026-10-09T18:10:52.000Z,en,0,0,0.34
prototype,https://x.com/i/status/2108620057136021857,2026-10-09T18:06:12.000Z,en,0,0,0.25
prototype,https://x.com/i/status/2108614910901133547,2026-10-09T17:45:45.000Z,en,3,1,0.03
prototype,https://x.com/i/status/2108613240724832265,2026-10-09T17:39:07.000Z,en,2,0,0.31
prototype,https://x.com/i/status/2108609116490883416,2026-10-09T17:22:44.000Z,en,0,0,0.37
prototype,https://x.com/i/status/2108607171122409572,2026-10-09T17:15:00.000Z,en,0,0,0.26
prototype,https://x.com/i/status/2108606186606166448,2026-10-09T17:11:05.000Z,en,16,4,0.34
prototype,https://x.com/i/status/2108599655114141891,2026-10-09T16:45:08.000Z,en,27,1,0.44
prototype,https://x.com/i/status/2108599349131215108,2026-10-09T16:43:55.000Z,en,0,0,0.44
prototype,https://x.com/i/status/2108598449012699382,2026-10-09T16:40:20.000Z,en,1,0,0.35
prototype,https://x.com/i/status/2108597289694486595,2026-10-09T16:35:44.000Z,en,13,0,0.37
prototype,https://x.com/i/status/2108596090354147640,2026-10-09T16:30:58.000Z,en,4,1,0.03
prototype,https://x.com/i/status/2108595868408697127,2026-10-09T16:30:05.000Z,en,0,0,0.52
prototype,https://x.com/i/status/2108593907755790402,2026-10-09T16:22:18.000Z,en,4,0,0.39
prototype,https://x.com/i/status/2108593808225284102,2026-10-09T16:21:54.000Z,en,0,0,0.11
prototype,https://x.com/i/status/2108585277409185826,2026-10-09T15:48:00.000Z,en,4,1,0.28
prototype,https://x.com/i/status/2108584619956453489,2026-10-09T15:45:23.000Z,zxx,10,0,0.12
prototype,https://x.com/i/status/2108583183331598776,2026-10-09T15:39:41.000Z,en,0,0,0.05
prototype,https://x.com/i/status/2108571413376291228,2026-10-09T14:52:54.000Z,en,0,0,0.17
prototype,https://x.com/i/status/2108567158586474531,2026-10-09T14:36:00.000Z,en,0,0,0.46
prototype,https://x.com/i/status/2108563128099180843,2026-10-09T14:19:59.000Z,en,2,0,0.53
prototype,https://x.com/i/status/2108554584436457799,2026-10-09T13:46:02.000Z,en,1,0,0.17
prototype,https://x.com/i/status/2108551962677436916,2026-10-09T13:35:37.000Z,en,0,2,0.32
prototype,https://x.com/i/status/2108550517437739119,2026-10-09T13:29:52.000Z,en,4,0,0.18
prototype,https://x.com/i/status/2108546787737018743,2026-10-09T13:15:03.000Z,en,5,0,0.29
prototype,https://x.com/i/status/2108545757490069649,2026-10-09T13:10:58.000Z,zxx,8,2,0.14
prototype,https://x.com/i/status/2108542188363936172,2026-10-09T12:56:47.000Z,en,2,0,0.06
prototype,https://x.com/i/status/2108540541763772433,2026-10-09T12:50:14.000Z,en,1,0,0.39
prototype,https://x.com/i/status/2108536381525946368,2026-10-09T12:33:42.000Z,en,1,0,0.38
prototype,https://x.com/i/status/2108533543848558780,2026-10-09T12:22:26.000Z,en,245,22,0.34
prototype,https://x.com/i/status/2108530462419525921,2026-10-09T12:10:11.000Z,zxx,2,0,0.13
prototype,https://x.com/i/status/2108527975947780138,2026-10-09T12:00:18.000Z,zxx,1,1,0.14
prototype,https://x.com/i/status/2108526613164155009,2026-10-09T11:54:53.000Z,en,0,0,0.41
prototype,https://x.com/i/status/2108525161699794948,2026-10-09T11:49:07.000Z,zxx,3,2,0.17
prototype,https://x.com/i/status/2108524505408929818,2026-10-09T11:46:31.000Z,en,3,0,0.52
prototype,https://x.com/i/status/2108523432803549325,2026-10-09T11:42:15.000Z,en,0,0,0.11
prototype,https://x.com/i/status/2108522419694764181,2026-10-09T11:38:13.000Z,en,1,0,0.36
prototype,https://x.com/i/status/2108520732498034717,2026-10-09T11:31:31.000Z,en,1,0,0.16
prototype,https://x.com/i/status/2108515971291898153,2026-10-09T11:12:36.000Z,en,0,0,0.11
prototype,https://x.com/i/status/2108512272884859201,2026-10-09T10:57:54.000Z,en,0,0,0.04
prototype,https://x.com/i/status/2108511274128544127,2026-10-09T10:53:56.000Z,en,9,2,0.29
prototype,https://x.com/i/status/2108506217341472882,2026-10-09T10:33:51.000Z,en,1,0,0.36
prototype,https://x.com/i/status/2108500108895772796,2026-10-09T10:09:34.000Z,en,1,1,0.51
prototype,https://x.com/i/status/2108491497259802760,2026-10-09T09:35:21.000Z,en,0,0,0.55
prototype,https://x.com/i/status/2108490091001749654,2026-10-09T09:29:46.000Z,en,0,0,0.56
prototype,https://x.com/i/status/2108487968768049351,2026-10-09T09:21:20.000Z,ja,2,0,0.32
prototype,https://x.com/i/status/2108487511207219559,2026-10-09T09:19:31.000Z,ja,5,0,0.4
prototype,https://x.com/i/status/2108486514665570571,2026-10-09T09:15:33.000Z,en,6,1,0.06
prototype,https://x.com/i/status/2108480813214154997,2026-10-09T08:52:54.000Z,en,0,0,0.4
prototype,https://x.com/i/status/2108473991786893425,2026-10-09T08:25:47.000Z,en,1,1,0.45
prototype,https://x.com/i/status/2108473498633167153,2026-10-09T08:23:50.000Z,en,1,0,0.48
prototype,https://x.com/i/status/2108470527866323400,2026-10-09T08:12:01.000Z,zxx,1,1,0.14
prototype,https://x.com/i/status/2108469514216124906,2026-10-09T08:08:00.000Z,en,3,1,0.06
prototype,https://x.com/i/status/2108469191011705005,2026-10-09T08:06:43.000Z,zxx,14,5,0.11
prototype,https://x.com/i/status/2108468876900012332,2026-10-09T08:05:28.000Z,zxx,150,12,0.14
prototype,https://x.com/i/status/2108446094115930201,2026-10-09T06:34:56.000Z,en,0,0,0.27
prototype,https://x.com/i/status/2108438464039694541,2026-10-09T06:04:37.000Z,en,1,0,0.43
prototype,https://x.com/i/status/2108437837238649245,2026-10-09T06:02:07.000Z,en,0,0,0.51
prototype,https://x.com/i/status/2108435678031683994,2026-10-09T05:53:33.000Z,en,0,0,0.12
prototype,https://x.com/i/status/2108432888882499998,2026-10-09T05:42:28.000Z,en,0,0,0.2
prototype,https://x.com/i/status/2108423525841166724,2026-10-09T05:05:15.000Z,en,34,1,0.03
prototype,https://x.com/i/status/2108420521071460352,2026-10-09T04:53:19.000Z,en,0,0,0.11
prototype,https://x.com/i/status/2108413243643580482,2026-10-09T04:24:24.000Z,en,0,0,0.3
prototype,https://x.com/i/status/2108397940997828806,2026-10-09T03:23:35.000Z,en,1,0,0.57
prototype,https://x.com/i/status/2108396277654274235,2026-10-09T03:16:59.000Z,en,2,2,0.21
prototype,https://x.com/i/status/2108388173365600433,2026-10-09T02:44:47.000Z,en,0,0,0.43
prototype,https://x.com/i/status/2108378424230215728,2026-10-09T02:06:02.000Z,en,0,0,0.42
prototype,https://x.com/i/status/2108370229000798429,2026-10-09T01:33:28.000Z,en,0,0,0.02
prototype,https://x.com/i/status/2108364482120732762,2026-10-09T01:10:38.000Z,en,1,0,0.03
prototype,https://x.com/i/status/2108356777536594273,2026-10-09T00:40:01.000Z,qme,6,0,0.05
prototype,https://x.com/i/status/2108342011388391618,2026-10-08T23:41:21.000Z,fr,0,0,0.34
prototype,https://x.com/i/status/2108341681108193516,2026-10-08T23:40:02.000Z,en,0,0,0.5
prototype,https://x.com/i/status/2108339394557907056,2026-10-08T23:30:57.000Z,en,1,0,0.19
prototype,https://x.com/i/status/2108338082030452843,2026-10-08T23:25:44.000Z,en,2,0,0.02
prototype,https://x.com/i/status/2108337936403927474,2026-10-08T23:25:09.000Z,en,0,0,0.57
hyperframes-cli,https://x.com/i/status/2108585277409185826,2026-10-09T15:48:00.000Z,en,4,1,0.21
grilling,https://x.com/i/status/2108693914580361665,2026-10-09T22:59:41.000Z,en,1,0,0.03
grilling,https://x.com/i/status/2108585277409185826,2026-10-09T15:48:00.000Z,en,4,1,0.84
grilling,https://x.com/i/status/2108523758688571823,2026-10-09T11:43:33.000Z,en,1,0,0.03
grilling,https://x.com/i/status/2108512817540403502,2026-10-09T11:00:04.000Z,en,1,1,0.91
grilling,https://x.com/i/status/2108491409615388964,2026-10-09T09:35:00.000Z,en,0,0,0.84
grilling,https://x.com/i/status/2108479532781199623,2026-10-09T08:47:48.000Z,en,0,0,0.84
grilling,https://x.com/i/status/2108455425439904182,2026-10-09T07:12:01.000Z,en,2,0,0.93
grilling,https://x.com/i/status/2108431673918718304,2026-10-09T05:37:38.000Z,ja,0,0,0.92
grilling,https://x.com/i/status/2108393200184705100,2026-10-09T03:04:45.000Z,ja,1,0,0.93
grilling,https://x.com/i/status/2108361805139755030,2026-10-09T01:00:00.000Z,en,0,0,0.03
grilling,https://x.com/i/status/2108256112726442075,2026-10-08T18:00:01.000Z,es,0,0,0.03
grilling,https://x.com/i/status/2108254381061656881,2026-10-08T17:53:08.000Z,en,0,0,0.92
grilling,https://x.com/i/status/2108243541885374688,2026-10-08T17:10:04.000Z,en,7,1,0.78
grilling,https://x.com/i/status/2108216899439894574,2026-10-08T15:24:12.000Z,en,1840,110,0.91
grilling,https://x.com/i/status/2108191267238904048,2026-10-08T13:42:21.000Z,en,0,0,0.95
grilling,https://x.com/i/status/2108124016435446018,2026-10-08T09:15:07.000Z,en,2,0,0.93
grilling,https://x.com/i/status/2108100768062681433,2026-10-08T07:42:44.000Z,tr,1,0,0.76
grilling,https://x.com/i/status/2108092836210204763,2026-10-08T07:11:13.000Z,zh,4,0,0.93
grilling,https://x.com/i/status/2108064892255408139,2026-10-08T05:20:10.000Z,en,1,0,0.93
grilling,https://x.com/i/status/2108015123499819324,2026-10-08T02:02:25.000Z,en,0,0,0.9
grilling,https://x.com/i/status/2107999417416446149,2026-10-08T01:00:00.000Z,en,0,0,0.03
grilling,https://x.com/i/status/2107940634158072228,2026-10-07T21:06:25.000Z,en,0,0,0.93
grilling,https://x.com/i/status/2107935918481088884,2026-10-07T20:47:41.000Z,in,14,0,0.74
grilling,https://x.com/i/status/2107933807798055294,2026-10-07T20:39:17.000Z,en,1,0,0.92
grilling,https://x.com/i/status/2107924289257398628,2026-10-07T20:01:28.000Z,en,1,0,0.91
grilling,https://x.com/i/status/2107906017019453506,2026-10-07T18:48:52.000Z,en,0,0,0.9
grilling,https://x.com/i/status/2107871486912688566,2026-10-07T16:31:39.000Z,en,0,0,0.03
grilling,https://x.com/i/status/2107860651741999134,2026-10-07T15:48:36.000Z,en,0,0,0.81
grilling,https://x.com/i/status/2107859324722704539,2026-10-07T15:43:19.000Z,und,23,0,0.43
grilling,https://x.com/i/status/2107858829270753631,2026-10-07T15:41:21.000Z,en,37,0,0.81
grilling,https://x.com/i/status/2107823557502005624,2026-10-07T13:21:12.000Z,en,0,0,0.92
grilling,https://x.com/i/status/2107814099962700283,2026-10-07T12:43:37.000Z,en,2,0,0.09
grilling,https://x.com/i/status/2107709355483160711,2026-10-07T05:47:24.000Z,en,1,0,0.05
grilling,https://x.com/i/status/2107669744098623779,2026-10-07T03:10:00.000Z,ja,0,0,0.93
grilling,https://x.com/i/status/2107637034072568239,2026-10-07T01:00:01.000Z,en,0,0,0.03
grilling,https://x.com/i/status/2107591733618126961,2026-10-06T22:00:01.000Z,en,0,0,0.02
grilling,https://x.com/i/status/2107525890745962514,2026-10-06T17:38:22.000Z,en,0,0,0.94
grilling,https://x.com/i/status/2107448967881768989,2026-10-06T12:32:43.000Z,en,0,0,0.77
grilling,https://x.com/i/status/2107447968999616880,2026-10-06T12:28:44.000Z,en,0,0,0.84
grilling,https://x.com/i/status/2107440597846065418,2026-10-06T11:59:27.000Z,en,2,0,0.88
grilling,https://x.com/i/status/2107437108541432008,2026-10-06T11:45:35.000Z,en,1,0,0.75
grilling,https://x.com/i/status/2107424146963521792,2026-10-06T10:54:05.000Z,zh,0,0,0.89
grilling,https://x.com/i/status/2107391372244234640,2026-10-06T08:43:51.000Z,en,23,0,0.92
grilling,https://x.com/i/status/2107319944266293500,2026-10-06T04:00:01.000Z,en,1,0,0.04
grilling,https://x.com/i/status/2107315252752982231,2026-10-06T03:41:22.000Z,en,1,0,0.1
grilling,https://x.com/i/status/2107274648677208110,2026-10-06T01:00:02.000Z,en,0,0,0.04
grilling,https://x.com/i/status/2107263042295861518,2026-10-06T00:13:54.000Z,en,2,0,0.04
grilling,https://x.com/i/status/2107229355365863614,2026-10-05T22:00:03.000Z,en,1,1,0.03
grilling,https://x.com/i/status/2107195347626061966,2026-10-05T19:44:55.000Z,en,11,0,0.04
grilling,https://x.com/i/status/2107157509089935464,2026-10-05T17:14:33.000Z,zh,64,13,0.05
grilling,https://x.com/i/status/2107142044150071416,2026-10-05T16:13:06.000Z,en,0,0,0.93
grilling,https://x.com/i/status/2107120307282797040,2026-10-05T14:46:44.000Z,en,24,0,0.53
grilling,https://x.com/i/status/2107119620331045039,2026-10-05T14:44:00.000Z,en,2,0,0.06
grilling,https://x.com/i/status/2107116480022143299,2026-10-05T14:31:31.000Z,en,0,0,0.83
grilling,https://x.com/i/status/2107110344665506073,2026-10-05T14:07:09.000Z,en,1,0,0.07
grilling,https://x.com/i/status/2107098828629217525,2026-10-05T13:21:23.000Z,en,1,0,0.87
grilling,https://x.com/i/status/2107096062351528133,2026-10-05T13:10:23.000Z,en,0,0,0.94
grilling,https://x.com/i/status/2107054627489206276,2026-10-05T10:25:45.000Z,en,0,0,0.94
grilling,https://x.com/i/status/2107047726781514112,2026-10-05T09:58:19.000Z,en,1,0,0.9
grilling,https://x.com/i/status/2107033301357580733,2026-10-05T09:01:00.000Z,zh,0,0,0.94
grilling,https://x.com/i/status/2106962354760253508,2026-10-05T04:19:05.000Z,zh,2,0,0.75
grilling,https://x.com/i/status/2106912257829707888,2026-10-05T01:00:01.000Z,en,0,0,0.03
grilling,https://x.com/i/status/2106784032683876412,2026-10-04T16:30:30.000Z,en,2,0,0.92
grilling,https://x.com/i/status/2106744345881632938,2026-10-04T13:52:48.000Z,en,1,0,0.89
grilling,https://x.com/i/status/2106729822903013873,2026-10-04T12:55:05.000Z,en,0,0,0.86
grilling,https://x.com/i/status/2106684207649153399,2026-10-04T09:53:50.000Z,en,0,0,0.03
grilling,https://x.com/i/status/2106660106595385634,2026-10-04T08:18:03.000Z,en,2,0,0.78
grilling,https://x.com/i/status/2106651794734756255,2026-10-04T07:45:02.000Z,en,0,0,0.03
grilling,https://x.com/i/status/2106549874749526163,2026-10-04T01:00:02.000Z,en,0,0,0.03
grilling,https://x.com/i/status/2106546949893579242,2026-10-04T00:48:25.000Z,es,0,0,0.9
grilling,https://x.com/i/status/2106536780304732385,2026-10-04T00:08:00.000Z,en,1,0,0.18
grilling,https://x.com/i/status/2106360764533805546,2026-10-03T12:28:35.000Z,en,7,0,0.24
grilling,https://x.com/i/status/2106257775101919505,2026-10-03T05:39:20.000Z,ja,117,9,0.79
grilling,https://x.com/i/status/2106187488964346272,2026-10-03T01:00:03.000Z,en,0,0,0.03
grilling,https://x.com/i/status/2106184869273559071,2026-10-03T00:49:38.000Z,en,2,0,0.04
humanizer,https://x.com/i/status/2108669270427369776,2026-10-09T21:21:45.000Z,en,0,0,0.95
humanizer,https://x.com/i/status/2108648754043584845,2026-10-09T20:00:14.000Z,en,0,0,0.97
humanizer,https://x.com/i/status/2108603425466232978,2026-10-09T17:00:07.000Z,en,0,0,0.92
humanizer,https://x.com/i/status/2108603421984993779,2026-10-09T17:00:06.000Z,en,0,0,0.94
humanizer,https://x.com/i/status/2108593873887088845,2026-10-09T16:22:09.000Z,en,11,0,0.91
humanizer,https://x.com/i/status/2108581503445704876,2026-10-09T15:33:00.000Z,zh,0,0,0.08
humanizer,https://x.com/i/status/2108564610550796388,2026-10-09T14:25:53.000Z,zxx,0,0,0.21
humanizer,https://x.com/i/status/2108559568280408314,2026-10-09T14:05:50.000Z,ja,1,0,0.53
humanizer,https://x.com/i/status/2108511822445674638,2026-10-09T10:56:07.000Z,en,88,4,0.91
humanizer,https://x.com/i/status/2108444888580657213,2026-10-09T06:30:09.000Z,en,0,0,0.86
humanizer,https://x.com/i/status/2108241395630715079,2026-10-08T17:01:32.000Z,zxx,1,0,0.17
humanizer,https://x.com/i/status/2108240002014642443,2026-10-08T16:56:00.000Z,en,0,0,0.15
humanizer,https://x.com/i/status/2108226119585468856,2026-10-08T16:00:50.000Z,en,3,0,0.97
humanizer,https://x.com/i/status/2108222962306548005,2026-10-08T15:48:17.000Z,en,249,23,0.08
humanizer,https://x.com/i/status/2108211952900309152,2026-10-08T15:04:32.000Z,zh,22,2,0.07
humanizer,https://x.com/i/status/2108207728422424812,2026-10-08T14:47:45.000Z,en,59,18,0.09
humanizer,https://x.com/i/status/2108196861979082925,2026-10-08T14:04:34.000Z,en,46,11,0.69
humanizer,https://x.com/i/status/2108191305776124261,2026-10-08T13:42:30.000Z,zh,0,0,0.95
humanizer,https://x.com/i/status/2108188594913325275,2026-10-08T13:31:43.000Z,en,95,7,0.22
humanizer,https://x.com/i/status/2108148741014458839,2026-10-08T10:53:22.000Z,zh,92,12,0.07
humanizer,https://x.com/i/status/2107913535594676400,2026-10-07T19:18:44.000Z,en,0,0,0.89
humanizer,https://x.com/i/status/2107871391240351876,2026-10-07T16:31:16.000Z,en,2,0,0.97
humanizer,https://x.com/i/status/2107859139938660811,2026-10-07T15:42:35.000Z,ko,58,15,0.95
humanizer,https://x.com/i/status/2107839994630934697,2026-10-07T14:26:31.000Z,en,0,0,0.72
humanizer,https://x.com/i/status/2107742267348042177,2026-10-07T07:58:11.000Z,zh,1,0,0.63
humanizer,https://x.com/i/status/2107723362630082822,2026-10-07T06:43:03.000Z,en,140,27,0.11
humanizer,https://x.com/i/status/2107703958857044246,2026-10-07T05:25:57.000Z,zh,3,0,0.84
humanizer,https://x.com/i/status/2107692286113202269,2026-10-07T04:39:34.000Z,fr,57,3,0.13
humanizer,https://x.com/i/status/2107677561417261421,2026-10-07T03:41:04.000Z,zh,0,0,0.21
humanizer,https://x.com/i/status/2107672920034341054,2026-10-07T03:22:37.000Z,en,1,0,0.94
humanizer,https://x.com/i/status/2107646806867968122,2026-10-07T01:38:51.000Z,en,2,0,0.04
humanizer,https://x.com/i/status/2107498419099209806,2026-10-06T15:49:13.000Z,zh,840,185,0.17
humanizer,https://x.com/i/status/2107466570738127202,2026-10-06T13:42:39.000Z,es,0,0,0.65
humanizer,https://x.com/i/status/2107466550156640269,2026-10-06T13:42:35.000Z,es,0,0,0.79
humanizer,https://x.com/i/status/2107455248973640049,2026-10-06T12:57:40.000Z,zxx,7,0,0.28
humanizer,https://x.com/i/status/2107380475744686468,2026-10-06T08:00:33.000Z,en,1,0,0.35
humanizer,https://x.com/i/status/2107374442586239161,2026-10-06T07:36:34.000Z,en,2,0,0.04
humanizer,https://x.com/i/status/2107333962766893493,2026-10-06T04:55:43.000Z,zh,4,0,0.87
humanizer,https://x.com/i/status/2107267297299833028,2026-10-06T00:30:49.000Z,en,0,0,0.9
humanizer,https://x.com/i/status/2107173487140037025,2026-10-05T18:18:03.000Z,en,1,0,0.95
humanizer,https://x.com/i/status/2107157509089935464,2026-10-05T17:14:33.000Z,zh,64,13,0.06
humanizer,https://x.com/i/status/2107128094951641418,2026-10-05T15:17:41.000Z,zh,12,1,0.97
humanizer,https://x.com/i/status/2107078285939331328,2026-10-05T11:59:45.000Z,en,50,2,0.25
humanizer,https://x.com/i/status/2107070328585240912,2026-10-05T11:28:08.000Z,en,0,0,0.73
humanizer,https://x.com/i/status/2107050121188004324,2026-10-05T10:07:50.000Z,en,25,16,0.22
humanizer,https://x.com/i/status/2107049804480291261,2026-10-05T10:06:35.000Z,zxx,123,19,0.26
humanizer,https://x.com/i/status/2107021204527915075,2026-10-05T08:12:56.000Z,ja,1,0,0.96
humanizer,https://x.com/i/status/2106987610216481237,2026-10-05T05:59:26.000Z,en,0,0,0.94
humanizer,https://x.com/i/status/2106987604495442085,2026-10-05T05:59:25.000Z,en,0,1,0.95
humanizer,https://x.com/i/status/2106984060358938952,2026-10-05T05:45:20.000Z,en,1,0,0.93
humanizer,https://x.com/i/status/2106976465397174392,2026-10-05T05:15:09.000Z,en,2,0,0.06
humanizer,https://x.com/i/status/2106869070075133953,2026-10-04T22:08:24.000Z,en,2,1,0.87
humanizer,https://x.com/i/status/2106837007250952279,2026-10-04T20:01:00.000Z,zh,5,3,0.26
humanizer,https://x.com/i/status/2106815617466855807,2026-10-04T18:36:00.000Z,zxx,859,139,0.19
humanizer,https://x.com/i/status/2106773521917771807,2026-10-04T15:48:44.000Z,en,0,0,0.6
humanizer,https://x.com/i/status/2106761286608699668,2026-10-04T15:00:07.000Z,en,0,0,0.96
humanizer,https://x.com/i/status/2106691090720207006,2026-10-04T10:21:11.000Z,en,49,19,0.3
humanizer,https://x.com/i/status/2106681243391885818,2026-10-04T09:42:03.000Z,en,1,0,0.07
humanizer,https://x.com/i/status/2106527632485699936,2026-10-03T23:31:39.000Z,en,2,0,0.84
humanizer,https://x.com/i/status/2106509124720816286,2026-10-03T22:18:07.000Z,en,0,0,0.97
humanizer,https://x.com/i/status/2106479296755990998,2026-10-03T20:19:35.000Z,en,0,0,0.93
humanizer,https://x.com/i/status/2106377062860947510,2026-10-03T13:33:21.000Z,en,4,1,0.93
humanizer,https://x.com/i/status/2106377056942694490,2026-10-03T13:33:19.000Z,en,48,8,0.96
humanizer,https://x.com/i/status/2106263730623312321,2026-10-03T06:03:00.000Z,zh,3,1,0.97
humanizer,https://x.com/i/status/2106199328478110014,2026-10-03T01:47:05.000Z,en,22,14,0.26
hyperframes,https://x.com/i/status/2108718025255866563,2026-10-10T00:35:29.000Z,pt,1,0,0.92
hyperframes,https://x.com/i/status/2108715132658266536,2026-10-10T00:24:00.000Z,en,1,0,0.41
hyperframes,https://x.com/i/status/2108713234073309302,2026-10-10T00:16:27.000Z,in,1,0,0.86
hyperframes,https://x.com/i/status/2108701543889264657,2026-10-09T23:30:00.000Z,ja,6,0,0.91
hyperframes,https://x.com/i/status/2108694891979215240,2026-10-09T23:03:34.000Z,ja,2,0,0.04
hyperframes,https://x.com/i/status/2108694665927000121,2026-10-09T23:02:40.000Z,es,1,0,0.88
hyperframes,https://x.com/i/status/2108686590562468128,2026-10-09T22:30:35.000Z,en,0,0,0.83
hyperframes,https://x.com/i/status/2108677787951431888,2026-10-09T21:55:36.000Z,en,7,0,0.89
hyperframes,https://x.com/i/status/2108677739847021014,2026-10-09T21:55:25.000Z,fa,0,0,0.3
hyperframes,https://x.com/i/status/2108671349577408951,2026-10-09T21:30:01.000Z,ja,3,1,0.67
hyperframes,https://x.com/i/status/2108669760237867230,2026-10-09T21:23:42.000Z,en,1,0,0.15
hyperframes,https://x.com/i/status/2108665266145989044,2026-10-09T21:05:51.000Z,en,27,1,0.36
hyperframes,https://x.com/i/status/2108662945265893664,2026-10-09T20:56:37.000Z,en,0,0,0.89
hyperframes,https://x.com/i/status/2108661701797454155,2026-10-09T20:51:41.000Z,en,0,0,0.79
hyperframes,https://x.com/i/status/2108657644693344435,2026-10-09T20:35:34.000Z,en,20,3,0.49
hyperframes,https://x.com/i/status/2108655933802807694,2026-10-09T20:28:46.000Z,en,23,3,0.78
hyperframes,https://x.com/i/status/2108648918796120268,2026-10-09T20:00:53.000Z,en,0,0,0.17
hyperframes,https://x.com/i/status/2108622166971514888,2026-10-09T18:14:35.000Z,en,24,5,0.36
hyperframes,https://x.com/i/status/2108621515847798996,2026-10-09T18:12:00.000Z,en,4,0,0.32
hyperframes,https://x.com/i/status/2108619712582279404,2026-10-09T18:04:50.000Z,en,43,3,0.42
hyperframes,https://x.com/i/status/2108609564602175515,2026-10-09T17:24:30.000Z,en,0,0,0.16
hyperframes,https://x.com/i/status/2108599050581004329,2026-10-09T16:42:44.000Z,tr,2,0,0.87
hyperframes,https://x.com/i/status/2108595344955363612,2026-10-09T16:28:00.000Z,en,0,0,0.8
hyperframes,https://x.com/i/status/2108591593120756156,2026-10-09T16:13:06.000Z,en,29,1,0.03
hyperframes,https://x.com/i/status/2108591113212952716,2026-10-09T16:11:11.000Z,en,0,0,0.79
hyperframes,https://x.com/i/status/2108590649457209698,2026-10-09T16:09:21.000Z,en,0,0,0.88
hyperframes,https://x.com/i/status/2108590448843350319,2026-10-09T16:08:33.000Z,en,1,0,0.85
hyperframes,https://x.com/i/status/2108589846881309118,2026-10-09T16:06:09.000Z,en,19,0,0.87
hyperframes,https://x.com/i/status/2108589367459451272,2026-10-09T16:04:15.000Z,en,1,0,0.34
hyperframes,https://x.com/i/status/2108585277409185826,2026-10-09T15:48:00.000Z,en,4,0,0.06
hyperframes,https://x.com/i/status/2108585025499214312,2026-10-09T15:47:00.000Z,en,4,0,0.16
hyperframes,https://x.com/i/status/2108584184466026663,2026-10-09T15:43:39.000Z,zh,9,1,0.46
hyperframes,https://x.com/i/status/2108583414626427072,2026-10-09T15:40:36.000Z,en,1,0,0.89
hyperframes,https://x.com/i/status/2108583191380447723,2026-10-09T15:39:43.000Z,es,1,0,0.79
hyperframes,https://x.com/i/status/2108582320072691789,2026-10-09T15:36:15.000Z,en,28,4,0.71
hyperframes,https://x.com/i/status/2108575429653119180,2026-10-09T15:08:52.000Z,zh,6,1,0.37
hyperframes,https://x.com/i/status/2108574251716407772,2026-10-09T15:04:11.000Z,zh,2,0,0.94
hyperframes,https://x.com/i/status/2108573350817665360,2026-10-09T15:00:36.000Z,pt,0,0,0.8
hyperframes,https://x.com/i/status/2108569308846555509,2026-10-09T14:44:33.000Z,en,5,0,0.69
hyperframes,https://x.com/i/status/2108564579865309260,2026-10-09T14:25:45.000Z,fa,7,0,0.24
hyperframes,https://x.com/i/status/2108550877921550458,2026-10-09T13:31:18.000Z,en,18,0,0.8
hyperframes,https://x.com/i/status/2108549016203960504,2026-10-09T13:23:55.000Z,en,0,0,0.82
hyperframes,https://x.com/i/status/2108544065470124329,2026-10-09T13:04:14.000Z,tr,1,0,0.84
hyperframes,https://x.com/i/status/2108543002830360775,2026-10-09T13:00:01.000Z,en,541,29,0.28
hyperframes,https://x.com/i/status/2108542992667820258,2026-10-09T12:59:58.000Z,in,0,0,0.04
hyperframes,https://x.com/i/status/2108535303351029843,2026-10-09T12:29:25.000Z,zh,6,0,0.34
hyperframes,https://x.com/i/status/2108534944888943031,2026-10-09T12:28:00.000Z,en,0,0,0.85
hyperframes,https://x.com/i/status/2108533494725103926,2026-10-09T12:22:14.000Z,zh,61,23,0.5
hyperframes,https://x.com/i/status/2108526020928348300,2026-10-09T11:52:32.000Z,en,2,0,0.88
hyperframes,https://x.com/i/status/2108522441613914511,2026-10-09T11:38:19.000Z,en,0,0,0.92
hyperframes,https://x.com/i/status/2108509285143445902,2026-10-09T10:46:02.000Z,en,0,0,0.89
hyperframes,https://x.com/i/status/2108503739485085710,2026-10-09T10:24:00.000Z,tr,0,0,0.17
hyperframes,https://x.com/i/status/2108501066522210382,2026-10-09T10:13:22.000Z,fi,2,1,0.94
hyperframes,https://x.com/i/status/2108487590881989033,2026-10-09T09:19:50.000Z,zh,0,0,0.57
hyperframes,https://x.com/i/status/2108462617723306344,2026-10-09T07:40:36.000Z,en,19,4,0.18
hyperframes,https://x.com/i/status/2108456177029845346,2026-10-09T07:15:00.000Z,en,823,98,0.82
hyperframes,https://x.com/i/status/2108444888580657213,2026-10-09T06:30:09.000Z,en,0,0,0.87
hyperframes,https://x.com/i/status/2108437183925535224,2026-10-09T05:59:32.000Z,en,0,0,0.57
hyperframes,https://x.com/i/status/2108436392338665706,2026-10-09T05:56:23.000Z,en,0,0,0.88
hyperframes,https://x.com/i/status/2108431914990256252,2026-10-09T05:38:35.000Z,ja,3,0,0.05
hyperframes,https://x.com/i/status/2108423460875567182,2026-10-09T05:05:00.000Z,th,1,1,0.8
hyperframes,https://x.com/i/status/2108413918804860933,2026-10-09T04:27:05.000Z,ja,6,0,0.84
hyperframes,https://x.com/i/status/2108405742562619540,2026-10-09T03:54:35.000Z,zh,6,0,0.48
hyperframes,https://x.com/i/status/2108396358520717759,2026-10-09T03:17:18.000Z,zxx,11,0,0.15
hyperframes,https://x.com/i/status/2108392508749201674,2026-10-09T03:02:00.000Z,es,1,0,0.81
hyperframes,https://x.com/i/status/2108392318395093469,2026-10-09T03:01:15.000Z,ja,36,2,0.83
hyperframes,https://x.com/i/status/2108361618413547657,2026-10-09T00:59:15.000Z,zh,2,0,0.71
hyperframes,https://x.com/i/status/2108354486146339189,2026-10-09T00:30:55.000Z,zh,0,0,0.55
hyperframes,https://x.com/i/status/2108353367114420652,2026-10-09T00:26:28.000Z,ja,5,0,0.77
hyperframes,https://x.com/i/status/2108352984123929004,2026-10-09T00:24:57.000Z,en,0,0,0.07
hyperframes,https://x.com/i/status/2108350606863896978,2026-10-09T00:15:30.000Z,zh,103,16,0.72
hyperframes,https://x.com/i/status/2108347153022353588,2026-10-09T00:01:47.000Z,ja,5,1,0.92
hyperframes,https://x.com/i/status/2108339584346300490,2026-10-08T23:31:42.000Z,en,3,0,0.91
hyperframes,https://x.com/i/status/2108328831199453234,2026-10-08T22:48:58.000Z,zxx,51,7,0.21
hyperframes,https://x.com/i/status/2108325120477675854,2026-10-08T22:34:14.000Z,en,4,0,0.89
hyperframes,https://x.com/i/status/2108319598735130977,2026-10-08T22:12:17.000Z,ja,727,45,0.85
hyperframes,https://x.com/i/status/2108316391258693990,2026-10-08T21:59:32.000Z,en,35,4,0.85
hyperframes,https://x.com/i/status/2108314776585843172,2026-10-08T21:53:07.000Z,en,58,5,0.44
hyperframes,https://x.com/i/status/2108313148470280630,2026-10-08T21:46:39.000Z,en,1,0,0.68
hyperframes,https://x.com/i/status/2108312859725717645,2026-10-08T21:45:30.000Z,pt,11,0,0.8
hyperframes,https://x.com/i/status/2108311347796541572,2026-10-08T21:39:30.000Z,en,18,4,0.07
hyperframes,https://x.com/i/status/2108302461077536789,2026-10-08T21:04:11.000Z,en,317,26,0.84
hyperframes,https://x.com/i/status/2108293609976160302,2026-10-08T20:29:01.000Z,en,0,0,0.81
hyperframes,https://x.com/i/status/2108290378919301263,2026-10-08T20:16:11.000Z,en,9,2,0.67
hyperframes,https://x.com/i/status/2108286382385045748,2026-10-08T20:00:18.000Z,en,12,2,0.23
hyperframes,https://x.com/i/status/2108285933506445501,2026-10-08T19:58:31.000Z,zxx,0,0,0.21
hyperframes,https://x.com/i/status/2108281064766521528,2026-10-08T19:39:10.000Z,en,0,0,0.9
hyperframes,https://x.com/i/status/2108279262143021255,2026-10-08T19:32:00.000Z,en,210,12,0.73
hyperframes,https://x.com/i/status/2108278081891004782,2026-10-08T19:27:19.000Z,en,15,0,0.73
hyperframes,https://x.com/i/status/2108274305570390403,2026-10-08T19:12:18.000Z,en,681,51,0.72
hyperframes,https://x.com/i/status/2108266361990291624,2026-10-08T18:40:45.000Z,en,1,0,0.89
hyperframes,https://x.com/i/status/2108263833303163151,2026-10-08T18:30:42.000Z,en,4,0,0.85
hyperframes,https://x.com/i/status/2108263570266087837,2026-10-08T18:29:39.000Z,en,0,0,0.84
hyperframes,https://x.com/i/status/2108249417358909468,2026-10-08T17:33:25.000Z,en,1,0,0.24
hyperframes,https://x.com/i/status/2108246464853913668,2026-10-08T17:21:41.000Z,en,5,0,0.91
hyperframes,https://x.com/i/status/2108234545950499082,2026-10-08T16:34:19.000Z,en,17,0,0.86
hyperframes,https://x.com/i/status/2108225847400218904,2026-10-08T15:59:45.000Z,en,1,0,0.87
hyperframes,https://x.com/i/status/2108225558807253091,2026-10-08T15:58:36.000Z,en,0,0,0.03
hyperframes,https://x.com/i/status/2108222962306548005,2026-10-08T15:48:17.000Z,en,249,23,0.06
hyperframes,https://x.com/i/status/2108218772016472366,2026-10-08T15:31:38.000Z,en,1,0,0.89
reddit-automation,https://x.com/i/status/2108585277409185826,2026-10-09T15:48:00.000Z,en,4,1,0.13
reddit-automation,https://x.com/i/status/2107110344665506073,2026-10-05T14:07:09.000Z,en,1,0,0.77
reddit-automation,https://x.com/i/status/2106407530981400731,2026-10-03T15:34:25.000Z,en,8,1,0.93
reddit-automation,https://x.com/i/status/2106315860721983512,2026-10-03T09:30:09.000Z,en,9,2,0.94
obsidian,https://x.com/i/status/2108721064394318081,2026-10-10T00:47:34.000Z,ja,0,0,0.49
obsidian,https://x.com/i/status/2108718654439424005,2026-10-10T00:37:59.000Z,ja,0,0,0.62
obsidian,https://x.com/i/status/2108718324309971196,2026-10-10T00:36:41.000Z,zh,2,1,0.05
obsidian,https://x.com/i/status/2108713299751956735,2026-10-10T00:16:43.000Z,ja,2,0,0.58
obsidian,https://x.com/i/status/2108699324230382047,2026-10-09T23:21:11.000Z,en,0,0,0.63
obsidian,https://x.com/i/status/2108690720853024957,2026-10-09T22:47:00.000Z,en,0,0,0.7
obsidian,https://x.com/i/status/2108687461622972871,2026-10-09T22:34:03.000Z,en,0,0,0.49
obsidian,https://x.com/i/status/2108687100317188436,2026-10-09T22:32:36.000Z,ja,0,0,0.69
obsidian,https://x.com/i/status/2108673443814338702,2026-10-09T21:38:20.000Z,ja,1,0,0.69
obsidian,https://x.com/i/status/2108667587706138884,2026-10-09T21:15:04.000Z,zxx,13,0,0.15
obsidian,https://x.com/i/status/2108661549908767071,2026-10-09T20:51:05.000Z,en,2,0,0.6
obsidian,https://x.com/i/status/2108651804351418560,2026-10-09T20:12:21.000Z,en,0,0,0.65
obsidian,https://x.com/i/status/2108643786779992094,2026-10-09T19:40:30.000Z,ja,0,0,0.66
obsidian,https://x.com/i/status/2108643683088429143,2026-10-09T19:40:05.000Z,en,2,0,0.7
obsidian,https://x.com/i/status/2108631226391413055,2026-10-09T18:50:35.000Z,en,1,0,0.5
obsidian,https://x.com/i/status/2108629052936618399,2026-10-09T18:41:57.000Z,en,11,2,0.27
obsidian,https://x.com/i/status/2108626441399312717,2026-10-09T18:31:34.000Z,en,1,1,0.8
obsidian,https://x.com/i/status/2108624283652010081,2026-10-09T18:23:00.000Z,zh,9,0,0.74
obsidian,https://x.com/i/status/2108619908175007899,2026-10-09T18:05:37.000Z,zxx,16,1,0.13
obsidian,https://x.com/i/status/2108611077785170151,2026-10-09T17:30:31.000Z,en,6,2,0.04
obsidian,https://x.com/i/status/2108604429029265888,2026-10-09T17:04:06.000Z,en,1,0,0.68
obsidian,https://x.com/i/status/2108604044516454498,2026-10-09T17:02:34.000Z,en,0,0,0.57
obsidian,https://x.com/i/status/2108591681285005576,2026-10-09T16:13:27.000Z,en,0,0,0.06
obsidian,https://x.com/i/status/2108591593120756156,2026-10-09T16:13:06.000Z,en,29,1,0.04
obsidian,https://x.com/i/status/2108585726744953080,2026-10-09T15:49:47.000Z,zxx,2,0,0.16
obsidian,https://x.com/i/status/2108584275327295679,2026-10-09T15:44:01.000Z,ja,1,0,0.62
obsidian,https://x.com/i/status/2108584165243494605,2026-10-09T15:43:35.000Z,zh,1,0,0.38
obsidian,https://x.com/i/status/2108582788739866661,2026-10-09T15:38:07.000Z,en,9,0,0.3
obsidian,https://x.com/i/status/2108582001489928537,2026-10-09T15:34:59.000Z,en,0,0,0.28
obsidian,https://x.com/i/status/2108578852138373269,2026-10-09T15:22:28.000Z,en,1,0,0.52
obsidian,https://x.com/i/status/2108573175932198966,2026-10-09T14:59:55.000Z,fr,0,0,0.53
obsidian,https://x.com/i/status/2108570631990296820,2026-10-09T14:49:48.000Z,ja,1,0,0.7
obsidian,https://x.com/i/status/2108569953540653526,2026-10-09T14:47:06.000Z,en,0,0,0.05
obsidian,https://x.com/i/status/2108566435912188350,2026-10-09T14:33:08.000Z,en,1,0,0.08
obsidian,https://x.com/i/status/2108546886361559457,2026-10-09T13:15:27.000Z,en,0,0,0.74
obsidian,https://x.com/i/status/2108546689170850189,2026-10-09T13:14:40.000Z,zh,0,0,0.48
obsidian,https://x.com/i/status/2108543011110232405,2026-10-09T13:00:03.000Z,zh,0,0,0.42
obsidian,https://x.com/i/status/2108528230596563368,2026-10-09T12:01:19.000Z,lv,2,0,0.27
obsidian,https://x.com/i/status/2108527075045077269,2026-10-09T11:56:43.000Z,en,3,0,0.77
obsidian,https://x.com/i/status/2108526188109128133,2026-10-09T11:53:12.000Z,zxx,28,8,0.19
obsidian,https://x.com/i/status/2108525996077187245,2026-10-09T11:52:26.000Z,en,0,0,0.53
obsidian,https://x.com/i/status/2108523648260747727,2026-10-09T11:43:06.000Z,de,5,0,0.6
obsidian,https://x.com/i/status/2108521603747459194,2026-10-09T11:34:59.000Z,en,49,13,0.56
obsidian,https://x.com/i/status/2108518185301397688,2026-10-09T11:21:24.000Z,en,0,0,0.77
obsidian,https://x.com/i/status/2108518037859045799,2026-10-09T11:20:49.000Z,en,2,0,0.03
obsidian,https://x.com/i/status/2108512844954104000,2026-10-09T11:00:11.000Z,fr,2,1,0.04
obsidian,https://x.com/i/status/2108511798362001853,2026-10-09T10:56:01.000Z,en,1,0,0.66
obsidian,https://x.com/i/status/2108498455509295181,2026-10-09T10:03:00.000Z,en,3,0,0.42
obsidian,https://x.com/i/status/2108497015193874924,2026-10-09T09:57:17.000Z,zxx,42,8,0.11
obsidian,https://x.com/i/status/2108495736358744568,2026-10-09T09:52:12.000Z,en,2,0,0.63
obsidian,https://x.com/i/status/2108495725671985633,2026-10-09T09:52:09.000Z,ja,3,0,0.61
obsidian,https://x.com/i/status/2108494397298163933,2026-10-09T09:46:52.000Z,zh,0,0,0.14
obsidian,https://x.com/i/status/2108485894793826760,2026-10-09T09:13:05.000Z,en,1,0,0.69
obsidian,https://x.com/i/status/2108485149461737484,2026-10-09T09:10:08.000Z,en,5,0,0.65
obsidian,https://x.com/i/status/2108483752083267589,2026-10-09T09:04:34.000Z,en,1,0,0.58
obsidian,https://x.com/i/status/2108476874544316746,2026-10-09T08:37:15.000Z,en,2,0,0.75
obsidian,https://x.com/i/status/2108476496163844121,2026-10-09T08:35:44.000Z,ja,2,0,0.68
obsidian,https://x.com/i/status/2108460865439547808,2026-10-09T07:33:38.000Z,fr,2,0,0.28
obsidian,https://x.com/i/status/2108460372017700962,2026-10-09T07:31:40.000Z,en,35,1,0.69
obsidian,https://x.com/i/status/2108454275781382356,2026-10-09T07:07:27.000Z,ja,1,0,0.63
obsidian,https://x.com/i/status/2108453413617066276,2026-10-09T07:04:01.000Z,ja,422,28,0.09
obsidian,https://x.com/i/status/2108450563247771797,2026-10-09T06:52:42.000Z,en,28,2,0.4
obsidian,https://x.com/i/status/2108449852590071907,2026-10-09T06:49:52.000Z,zh,0,0,0.55
obsidian,https://x.com/i/status/2108448665568498153,2026-10-09T06:45:09.000Z,en,66,11,0.68
obsidian,https://x.com/i/status/2108443728163602574,2026-10-09T06:25:32.000Z,en,0,0,0.55
obsidian,https://x.com/i/status/2108442156411035743,2026-10-09T06:19:17.000Z,en,5,1,0.14
obsidian,https://x.com/i/status/2108441998969684143,2026-10-09T06:18:40.000Z,ja,37,0,0.67
obsidian,https://x.com/i/status/2108439375139033213,2026-10-09T06:08:14.000Z,en,1,0,0.48
obsidian,https://x.com/i/status/2108437308194381874,2026-10-09T06:00:01.000Z,en,3,0,0.08
obsidian,https://x.com/i/status/2108430590882287840,2026-10-09T05:33:20.000Z,zh,0,0,0.68
obsidian,https://x.com/i/status/2108430308840468642,2026-10-09T05:32:13.000Z,ja,3,0,0.7
obsidian,https://x.com/i/status/2108429979708956802,2026-10-09T05:30:54.000Z,zh,21,3,0.71
obsidian,https://x.com/i/status/2108429380959740201,2026-10-09T05:28:31.000Z,ja,5,0,0.54
obsidian,https://x.com/i/status/2108428728925606273,2026-10-09T05:25:56.000Z,zxx,171,29,0.16
obsidian,https://x.com/i/status/2108416331603423522,2026-10-09T04:36:40.000Z,zh,0,0,0.38
obsidian,https://x.com/i/status/2108414167979901185,2026-10-09T04:28:04.000Z,ja,0,0,0.65
obsidian,https://x.com/i/status/2108412623901594036,2026-10-09T04:21:56.000Z,en,9,0,0.68
obsidian,https://x.com/i/status/2108400313648529913,2026-10-09T03:33:01.000Z,en,0,0,0.69
obsidian,https://x.com/i/status/2108397117031006452,2026-10-09T03:20:19.000Z,pt,6,0,0.3
obsidian,https://x.com/i/status/2108393261966705094,2026-10-09T03:05:00.000Z,ja,0,0,0.65
obsidian,https://x.com/i/status/2108388731514130944,2026-10-09T02:47:00.000Z,ja,5,1,0.42
obsidian,https://x.com/i/status/2108374863765516418,2026-10-09T01:51:53.000Z,en,3,0,0.51
obsidian,https://x.com/i/status/2108350223948878136,2026-10-09T00:13:59.000Z,en,1,0,0.7
obsidian,https://x.com/i/status/2108348964697411971,2026-10-09T00:08:59.000Z,en,1,0,0.59
obsidian,https://x.com/i/status/2108339839800131854,2026-10-08T23:32:43.000Z,en,4,0,0.66
obsidian,https://x.com/i/status/2108335402155147436,2026-10-08T23:15:05.000Z,en,1,0,0.42
obsidian,https://x.com/i/status/2108334328216465809,2026-10-08T23:10:49.000Z,en,0,0,0.06
obsidian,https://x.com/i/status/2108333057652769193,2026-10-08T23:05:46.000Z,en,40,0,0.53
obsidian,https://x.com/i/status/2108329789027123628,2026-10-08T22:52:47.000Z,en,0,0,0.77
obsidian,https://x.com/i/status/2108327678134653397,2026-10-08T22:44:23.000Z,en,1,0,0.52
obsidian,https://x.com/i/status/2108322733771891072,2026-10-08T22:24:45.000Z,ja,27,2,0.05
obsidian,https://x.com/i/status/2108319390995472853,2026-10-08T22:11:28.000Z,zxx,10,2,0.14
obsidian,https://x.com/i/status/2108317799097479343,2026-10-08T22:05:08.000Z,en,2,0,0.05
obsidian,https://x.com/i/status/2108315967994351753,2026-10-08T21:57:52.000Z,en,0,0,0.72
obsidian,https://x.com/i/status/2108313297103774166,2026-10-08T21:47:15.000Z,en,3,0,0.03
obsidian,https://x.com/i/status/2108312855686860804,2026-10-08T21:45:30.000Z,en,0,0,0.57
obsidian,https://x.com/i/status/2108312189211943163,2026-10-08T21:42:51.000Z,en,1,0,0.65
obsidian,https://x.com/i/status/2108304941010096496,2026-10-08T21:14:03.000Z,zxx,52,4,0.14
obsidian,https://x.com/i/status/2108288123746877498,2026-10-08T20:07:13.000Z,en,0,0,0.32
obsidian,https://x.com/i/status/2108284285945884676,2026-10-08T19:51:58.000Z,en,0,0,0.6
domain-modeling,https://x.com/i/status/2108721673348542548,2026-10-10T00:49:59.000Z,en,0,0,0.13
domain-modeling,https://x.com/i/status/2108714974512345103,2026-10-10T00:23:22.000Z,en,0,0,0.08
domain-modeling,https://x.com/i/status/2108585277409185826,2026-10-09T15:48:00.000Z,en,4,1,0.22
domain-modeling,https://x.com/i/status/2108092836210204763,2026-10-08T07:11:13.000Z,zh,4,0,0.26
domain-modeling,https://x.com/i/status/2107413555989602420,2026-10-06T10:12:00.000Z,ja,49,9,0.18
domain-modeling,https://x.com/i/status/2107121490323996998,2026-10-05T14:51:26.000Z,zh,1,0,0.29
domain-modeling,https://x.com/i/status/2106962354760253508,2026-10-05T04:19:05.000Z,zh,2,0,0.36
domain-modeling,https://x.com/i/status/2106915298808918304,2026-10-05T01:12:06.000Z,pt,17,1,0.46
vercel-react-best-practices,https://x.com/i/status/2108585277409185826,2026-10-09T15:48:00.000Z,en,4,1,0.17
nano-banana-pro,https://x.com/i/status/2108554435324424679,2026-10-09T13:45:27.000Z,und,0,0,0.89
nano-banana-pro,https://x.com/i/status/2108526188109128133,2026-10-09T11:53:12.000Z,zxx,28,8,0.14
nano-banana-pro,https://x.com/i/status/2108475240896741850,2026-10-09T08:30:45.000Z,en,7,0,0.09
nano-banana-pro,https://x.com/i/status/2108465847719080389,2026-10-09T07:53:26.000Z,en,9,2,0.91
nano-banana-pro,https://x.com/i/status/2108345483030925674,2026-10-08T23:55:08.000Z,en,10,0,0.07
nano-banana-pro,https://x.com/i/status/2108303678025138575,2026-10-08T21:09:01.000Z,en,1,1,0.1
nano-banana-pro,https://x.com/i/status/2108288797951644133,2026-10-08T20:09:54.000Z,en,3,1,0.88
nano-banana-pro,https://x.com/i/status/2108285734520303661,2026-10-08T19:57:43.000Z,en,8,0,0.9
nano-banana-pro,https://x.com/i/status/2108224786895691917,2026-10-08T15:55:32.000Z,en,7,0,0.09
nano-banana-pro,https://x.com/i/status/2108213077317386312,2026-10-08T15:09:00.000Z,en,5,0,0.87
nano-banana-pro,https://x.com/i/status/2108211566424240221,2026-10-08T15:03:00.000Z,en,0,0,0.13
nano-banana-pro,https://x.com/i/status/2108009352422621517,2026-10-08T01:39:29.000Z,zh,8,1,0.04
nano-banana-pro,https://x.com/i/status/2107989464157196566,2026-10-08T00:20:27.000Z,ja,0,0,0.06
nano-banana-pro,https://x.com/i/status/2107947310839980224,2026-10-07T21:32:57.000Z,en,11,0,0.1
nano-banana-pro,https://x.com/i/status/2107939048845168930,2026-10-07T21:00:07.000Z,en,4,1,0.05
nano-banana-pro,https://x.com/i/status/2107936010923618624,2026-10-07T20:48:03.000Z,en,3,0,0.92
nano-banana-pro,https://x.com/i/status/2107908648798441757,2026-10-07T18:59:19.000Z,en,0,0,0.71
nano-banana-pro,https://x.com/i/status/2107904140898877642,2026-10-07T18:41:24.000Z,en,1,0,0.89
nano-banana-pro,https://x.com/i/status/2107862807290974645,2026-10-07T15:57:10.000Z,zxx,128,15,0.14
nano-banana-pro,https://x.com/i/status/2107856749265141828,2026-10-07T15:33:05.000Z,en,25,0,0.91
nano-banana-pro,https://x.com/i/status/2107809406289318357,2026-10-07T12:24:58.000Z,en,2,0,0.78
nano-banana-pro,https://x.com/i/status/2107784052627608005,2026-10-07T10:44:13.000Z,zxx,3,0,0.14
nano-banana-pro,https://x.com/i/status/2107760633475117430,2026-10-07T09:11:09.000Z,und,0,0,0.89
nano-banana-pro,https://x.com/i/status/2107745537734979651,2026-10-07T08:11:10.000Z,zxx,0,0,0.15
nano-banana-pro,https://x.com/i/status/2107721556562731320,2026-10-07T06:35:53.000Z,zh,1,0,0.71
nano-banana-pro,https://x.com/i/status/2107697663353459193,2026-10-07T05:00:56.000Z,en,0,0,0.71
nano-banana-pro,https://x.com/i/status/2107694497052381352,2026-10-07T04:48:21.000Z,en,0,0,0.71
nano-banana-pro,https://x.com/i/status/2107677872320377219,2026-10-07T03:42:18.000Z,en,0,0,0.03
nano-banana-pro,https://x.com/i/status/2107653135439458581,2026-10-07T02:04:00.000Z,en,5,0,0.04
nano-banana-pro,https://x.com/i/status/2107581298709844332,2026-10-06T21:18:33.000Z,zxx,0,0,0.11
nano-banana-pro,https://x.com/i/status/2107541993341538396,2026-10-06T18:42:22.000Z,en,0,0,0.88
nano-banana-pro,https://x.com/i/status/2107526300889948510,2026-10-06T17:40:00.000Z,en,1,0,0.06
nano-banana-pro,https://x.com/i/status/2107481632680595634,2026-10-06T14:42:31.000Z,es,223,26,0.08
nano-banana-pro,https://x.com/i/status/2107477790345789937,2026-10-06T14:27:14.000Z,en,1,0,0.78
nano-banana-pro,https://x.com/i/status/2107474336831451611,2026-10-06T14:13:31.000Z,zh,0,0,0.75
nano-banana-pro,https://x.com/i/status/2107386562053042344,2026-10-06T08:24:44.000Z,ja,7,2,0.87
nano-banana-pro,https://x.com/i/status/2107267092022268377,2026-10-06T00:30:00.000Z,ja,8,1,0.73
nano-banana-pro,https://x.com/i/status/2107248330132885654,2026-10-05T23:15:27.000Z,ja,13,0,0.12
nano-banana-pro,https://x.com/i/status/2107083495445025223,2026-10-05T12:20:27.000Z,en,6,1,0.9
nano-banana-pro,https://x.com/i/status/2106997539169857635,2026-10-05T06:38:54.000Z,en,1,0,0.05
nano-banana-pro,https://x.com/i/status/2106983853948842264,2026-10-05T05:44:31.000Z,ja,0,1,0.86
nano-banana-pro,https://x.com/i/status/2106951559686852769,2026-10-05T03:36:11.000Z,ar,56,11,0.12
nano-banana-pro,https://x.com/i/status/2106867083036553635,2026-10-04T22:00:30.000Z,en,0,0,0.82
nano-banana-pro,https://x.com/i/status/2106853265694503064,2026-10-04T21:05:36.000Z,en,1319,165,0.09
nano-banana-pro,https://x.com/i/status/2106852540558295405,2026-10-04T21:02:43.000Z,en,68,9,0.18
nano-banana-pro,https://x.com/i/status/2106814399381905736,2026-10-04T18:31:10.000Z,en,0,0,0.9
nano-banana-pro,https://x.com/i/status/2106735637499888090,2026-10-04T13:18:11.000Z,und,0,0,0.86
nano-banana-pro,https://x.com/i/status/2106731563492749724,2026-10-04T13:02:00.000Z,en,5,3,0.23
nano-banana-pro,https://x.com/i/status/2106638208209731790,2026-10-04T06:51:02.000Z,zh,322,47,0.1
nano-banana-pro,https://x.com/i/status/2106578312009007154,2026-10-04T02:53:02.000Z,zxx,16,3,0.13
nano-banana-pro,https://x.com/i/status/2106462729594909031,2026-10-03T19:13:45.000Z,en,0,0,0.92
nano-banana-pro,https://x.com/i/status/2106435162812649617,2026-10-03T17:24:13.000Z,ja,3,0,0.92
nano-banana-pro,https://x.com/i/status/2106395987996536913,2026-10-03T14:48:33.000Z,en,182,23,0.85
nano-banana-pro,https://x.com/i/status/2106354347055743385,2026-10-03T12:03:05.000Z,en,0,0,0.88
nano-banana-pro,https://x.com/i/status/2106349967015375051,2026-10-03T11:45:40.000Z,en,0,0,0.9
nano-banana-pro,https://x.com/i/status/2106320855902924862,2026-10-03T09:50:00.000Z,ja,19,0,0.82
nano-banana-pro,https://x.com/i/status/2106310907899105704,2026-10-03T09:10:28.000Z,ja,220,21,0.9
teach,https://x.com/i/status/2108721200495304977,2026-10-10T00:48:07.000Z,en,0,0,0.05
teach,https://x.com/i/status/2108720165924041035,2026-10-10T00:44:00.000Z,en,0,0,0.69
teach,https://x.com/i/status/2108719523784253658,2026-10-10T00:41:27.000Z,en,0,0,0.02
teach,https://x.com/i/status/2108717976866508813,2026-10-10T00:35:18.000Z,en,0,0,0.03
teach,https://x.com/i/status/2108711479285346684,2026-10-10T00:09:29.000Z,en,0,0,0.61
teach,https://x.com/i/status/2108710786029719897,2026-10-10T00:06:43.000Z,en,0,0,0.03
teach,https://x.com/i/status/2108710539224645673,2026-10-10T00:05:45.000Z,en,4,1,0.11
teach,https://x.com/i/status/2108709172946563260,2026-10-10T00:00:19.000Z,en,1,0,0.66
teach,https://x.com/i/status/2108709095066771925,2026-10-10T00:00:00.000Z,zxx,0,0,0.06
teach,https://x.com/i/status/2108707852185407907,2026-10-09T23:55:04.000Z,en,0,0,0.03
teach,https://x.com/i/status/2108707714444451954,2026-10-09T23:54:31.000Z,en,1,0,0.13
teach,https://x.com/i/status/2108706991195725902,2026-10-09T23:51:39.000Z,en,0,0,0.04
teach,https://x.com/i/status/2108702343529148841,2026-10-09T23:33:11.000Z,en,0,0,0.63
teach,https://x.com/i/status/2108696829642883166,2026-10-09T23:11:16.000Z,en,5,2,0.02
teach,https://x.com/i/status/2108696764496711976,2026-10-09T23:11:01.000Z,en,0,0,0.15
teach,https://x.com/i/status/2108695683268231473,2026-10-09T23:06:43.000Z,en,1,0,0.1
teach,https://x.com/i/status/2108692718671347902,2026-10-09T22:54:56.000Z,en,1,0,0.03
teach,https://x.com/i/status/2108690324981793233,2026-10-09T22:45:25.000Z,en,1,0,0.03
teach,https://x.com/i/status/2108689177873388005,2026-10-09T22:40:52.000Z,en,1,0,0.29
teach,https://x.com/i/status/2108686248143724688,2026-10-09T22:29:13.000Z,en,6,1,0.04
teach,https://x.com/i/status/2108686151095624183,2026-10-09T22:28:50.000Z,zxx,0,0,0.08
teach,https://x.com/i/status/2108682654719885616,2026-10-09T22:14:56.000Z,en,1,0,0.17
teach,https://x.com/i/status/2108682003964969043,2026-10-09T22:12:21.000Z,en,0,0,0.03
teach,https://x.com/i/status/2108681918380486786,2026-10-09T22:12:01.000Z,en,6,1,0.03
teach,https://x.com/i/status/2108681646916415989,2026-10-09T22:10:56.000Z,en,9,2,0.03
teach,https://x.com/i/status/2108679477668495547,2026-10-09T22:02:19.000Z,en,0,0,0.13
teach,https://x.com/i/status/2108678679547285763,2026-10-09T21:59:09.000Z,en,5,0,0.23
teach,https://x.com/i/status/2108678640737333431,2026-10-09T21:58:59.000Z,en,0,0,0.28
teach,https://x.com/i/status/2108678543228207314,2026-10-09T21:58:36.000Z,en,1,0,0.04
teach,https://x.com/i/status/2108677534065832387,2026-10-09T21:54:36.000Z,en,0,0,0.03
teach,https://x.com/i/status/2108677517875826926,2026-10-09T21:54:32.000Z,zxx,0,0,0.08
teach,https://x.com/i/status/2108676969214685383,2026-10-09T21:52:21.000Z,en,0,0,0.03
teach,https://x.com/i/status/2108675905455337842,2026-10-09T21:48:07.000Z,en,1,0,0.31
teach,https://x.com/i/status/2108675760328446118,2026-10-09T21:47:33.000Z,en,2,0,0.16
teach,https://x.com/i/status/2108673534897848779,2026-10-09T21:38:42.000Z,en,0,0,0.05
teach,https://x.com/i/status/2108672605406589429,2026-10-09T21:35:01.000Z,en,0,0,0.04
teach,https://x.com/i/status/2108669534630740035,2026-10-09T21:22:48.000Z,en,0,0,0.57
teach,https://x.com/i/status/2108667031197303171,2026-10-09T21:12:52.000Z,en,0,0,0.03
teach,https://x.com/i/status/2108666199504805890,2026-10-09T21:09:33.000Z,en,0,0,0.05
teach,https://x.com/i/status/2108665842988896578,2026-10-09T21:08:08.000Z,zxx,2,0,0.08
teach,https://x.com/i/status/2108665013020086630,2026-10-09T21:04:50.000Z,en,1,0,0.03
teach,https://x.com/i/status/2108664799349383181,2026-10-09T21:03:59.000Z,en,0,0,0.03
teach,https://x.com/i/status/2108664431173337253,2026-10-09T21:02:32.000Z,zxx,0,0,0.06
teach,https://x.com/i/status/2108663887600189898,2026-10-09T21:00:22.000Z,en,0,0,0.51
teach,https://x.com/i/status/2108663797091127377,2026-10-09T21:00:00.000Z,en,38,1,0.39
teach,https://x.com/i/status/2108663136085807241,2026-10-09T20:57:23.000Z,en,0,0,0.03
teach,https://x.com/i/status/2108662607619989593,2026-10-09T20:55:17.000Z,en,0,0,0.52
teach,https://x.com/i/status/2108662171655950620,2026-10-09T20:53:33.000Z,en,0,0,0.65
teach,https://x.com/i/status/2108661341065998723,2026-10-09T20:50:15.000Z,en,0,0,0.03
teach,https://x.com/i/status/2108660943739560277,2026-10-09T20:48:40.000Z,en,13,4,0.32
teach,https://x.com/i/status/2108660774986268791,2026-10-09T20:48:00.000Z,en,1,0,0.04
teach,https://x.com/i/status/2108660497700807063,2026-10-09T20:46:54.000Z,en,0,0,0.04
teach,https://x.com/i/status/2108658715390054864,2026-10-09T20:39:49.000Z,en,2,0,0.13
teach,https://x.com/i/status/2108658615708246480,2026-10-09T20:39:25.000Z,zxx,6,2,0.1
teach,https://x.com/i/status/2108658389613990197,2026-10-09T20:38:31.000Z,en,0,0,0.04
teach,https://x.com/i/status/2108657705741107596,2026-10-09T20:35:48.000Z,en,41,6,0.07
teach,https://x.com/i/status/2108657094865912172,2026-10-09T20:33:23.000Z,en,2,0,0.04
teach,https://x.com/i/status/2108655977201279165,2026-10-09T20:28:56.000Z,en,0,0,0.28
teach,https://x.com/i/status/2108653155604992499,2026-10-09T20:17:43.000Z,en,147,12,0.03
teach,https://x.com/i/status/2108652216303137211,2026-10-09T20:13:59.000Z,en,0,0,0.03
teach,https://x.com/i/status/2108651916418781447,2026-10-09T20:12:48.000Z,en,6,0,0.38
teach,https://x.com/i/status/2108651781588914371,2026-10-09T20:12:16.000Z,en,1,0,0.03
teach,https://x.com/i/status/2108649661053768103,2026-10-09T20:03:50.000Z,en,0,0,0.05
teach,https://x.com/i/status/2108648695717679358,2026-10-09T20:00:00.000Z,en,0,0,0.04
teach,https://x.com/i/status/2108646185900839340,2026-10-09T19:50:02.000Z,en,0,0,0.03
teach,https://x.com/i/status/2108645403348381824,2026-10-09T19:46:55.000Z,en,0,0,0.04
teach,https://x.com/i/status/2108643284596019626,2026-10-09T19:38:30.000Z,en,0,0,0.13
teach,https://x.com/i/status/2108643048813150458,2026-10-09T19:37:34.000Z,en,0,0,0.06
teach,https://x.com/i/status/2108639262258200946,2026-10-09T19:22:31.000Z,en,0,0,0.04
teach,https://x.com/i/status/2108637538068148247,2026-10-09T19:15:40.000Z,en,20,4,0.03
teach,https://x.com/i/status/2108637230449459690,2026-10-09T19:14:26.000Z,en,0,0,0.28
teach,https://x.com/i/status/2108636054043664448,2026-10-09T19:09:46.000Z,en,1,0,0.04
teach,https://x.com/i/status/2108635833972699154,2026-10-09T19:08:54.000Z,en,0,0,0.03
teach,https://x.com/i/status/2108633673113465143,2026-10-09T19:00:18.000Z,zxx,2,0,0.09
teach,https://x.com/i/status/2108632657315942672,2026-10-09T18:56:16.000Z,en,0,0,0.44
teach,https://x.com/i/status/2108632571601199441,2026-10-09T18:55:56.000Z,en,1,0,0.64
teach,https://x.com/i/status/2108631877766558091,2026-10-09T18:53:10.000Z,en,2,0,0.16
teach,https://x.com/i/status/2108629487919272227,2026-10-09T18:43:41.000Z,en,0,0,0.03
teach,https://x.com/i/status/2108626774116675696,2026-10-09T18:32:53.000Z,zxx,1,0,0.08
teach,https://x.com/i/status/2108624896888820052,2026-10-09T18:25:26.000Z,en,0,0,0.03
teach,https://x.com/i/status/2108624875602530809,2026-10-09T18:25:21.000Z,en,0,0,0.29
teach,https://x.com/i/status/2108623509866115284,2026-10-09T18:19:55.000Z,en,3,2,0.13
teach,https://x.com/i/status/2108623432338329801,2026-10-09T18:19:37.000Z,en,1,0,0.1
teach,https://x.com/i/status/2108623361807208557,2026-10-09T18:19:20.000Z,en,9,2,0.02
teach,https://x.com/i/status/2108622665342963942,2026-10-09T18:16:34.000Z,en,1,0,0.03
teach,https://x.com/i/status/2108621506859151772,2026-10-09T18:11:58.000Z,en,0,0,0.26
teach,https://x.com/i/status/2108619762783629753,2026-10-09T18:05:02.000Z,en,4,0,0.37
teach,https://x.com/i/status/2108619483439088121,2026-10-09T18:03:55.000Z,en,0,0,0.19
teach,https://x.com/i/status/2108618749850915029,2026-10-09T18:01:00.000Z,en,2,0,0.04
teach,https://x.com/i/status/2108616968312156602,2026-10-09T17:53:56.000Z,en,0,0,0.43
teach,https://x.com/i/status/2108615379052327207,2026-10-09T17:47:37.000Z,en,2,0,0.04
teach,https://x.com/i/status/2108614435677802875,2026-10-09T17:43:52.000Z,en,0,1,0.04
teach,https://x.com/i/status/2108613894222795064,2026-10-09T17:41:43.000Z,en,0,0,0.03
teach,https://x.com/i/status/2108611104595464213,2026-10-09T17:30:38.000Z,zxx,0,0,0.09
teach,https://x.com/i/status/2108609800284012876,2026-10-09T17:25:27.000Z,en,5,0,0.53
teach,https://x.com/i/status/2108608005193572360,2026-10-09T17:18:19.000Z,en,5,0,0.05
teach,https://x.com/i/status/2108607590553068016,2026-10-09T17:16:40.000Z,en,41,0,0.24
teach,https://x.com/i/status/2108607463746400710,2026-10-09T17:16:10.000Z,en,1,0,0.48
teach,https://x.com/i/status/2108606784835625107,2026-10-09T17:13:28.000Z,zxx,0,0,0.11
teach,https://x.com/i/status/2108605217801753048,2026-10-09T17:07:14.000Z,en,0,0,0.13
notion,https://x.com/i/status/2108720272299950197,2026-10-10T00:44:25.000Z,ja,0,0,0.17
notion,https://x.com/i/status/2108713294358094176,2026-10-10T00:16:42.000Z,ja,1,1,0.53
notion,https://x.com/i/status/2108711923617509445,2026-10-10T00:11:15.000Z,ja,1,0,0.59
notion,https://x.com/i/status/2108708852807913760,2026-10-09T23:59:03.000Z,en,0,0,0.16
notion,https://x.com/i/status/2108706981225906323,2026-10-09T23:51:36.000Z,in,1,0,0.77
notion,https://x.com/i/status/2108697332816421371,2026-10-09T23:13:16.000Z,en,2,0,0.05
notion,https://x.com/i/status/2108696807761179033,2026-10-09T23:11:11.000Z,ja,0,0,0.75
notion,https://x.com/i/status/2108696803298423182,2026-10-09T23:11:10.000Z,ja,0,0,0.68
notion,https://x.com/i/status/2108696542597292053,2026-10-09T23:10:08.000Z,ja,0,0,0.59
notion,https://x.com/i/status/2108695670085272023,2026-10-09T23:06:40.000Z,en,0,0,0.05
notion,https://x.com/i/status/2108694460708053490,2026-10-09T23:01:51.000Z,en,0,0,0.09
notion,https://x.com/i/status/2108686931085398360,2026-10-09T22:31:56.000Z,en,3,0,0.11
notion,https://x.com/i/status/2108671388416721216,2026-10-09T21:30:10.000Z,en,0,0,0.49
notion,https://x.com/i/status/2108666622655541615,2026-10-09T21:11:14.000Z,en,0,0,0.11
notion,https://x.com/i/status/2108666105434870084,2026-10-09T21:09:11.000Z,ja,5,0,0.04
notion,https://x.com/i/status/2108661001814163957,2026-10-09T20:48:54.000Z,en,0,0,0.07
notion,https://x.com/i/status/2108660463252709609,2026-10-09T20:46:46.000Z,en,1,0,0.08
notion,https://x.com/i/status/2108659341947457646,2026-10-09T20:42:18.000Z,ja,0,0,0.62
notion,https://x.com/i/status/2108650405018440069,2026-10-09T20:06:48.000Z,en,4,0,0.57
notion,https://x.com/i/status/2108649988528202156,2026-10-09T20:05:08.000Z,en,5,3,0.11
notion,https://x.com/i/status/2108647690079019280,2026-10-09T19:56:00.000Z,en,0,0,0.38
notion,https://x.com/i/status/2108645410730320219,2026-10-09T19:46:57.000Z,en,0,0,0.39
notion,https://x.com/i/status/2108636615187042532,2026-10-09T19:12:00.000Z,en,1,0,0.33
notion,https://x.com/i/status/2108636363868586010,2026-10-09T19:11:00.000Z,en,3,0,0.05
notion,https://x.com/i/status/2108635867090747609,2026-10-09T19:09:01.000Z,en,0,0,0.35
notion,https://x.com/i/status/2108634649945878945,2026-10-09T19:04:11.000Z,en,11,1,0.04
notion,https://x.com/i/status/2108633925279215717,2026-10-09T19:01:18.000Z,en,0,0,0.05
notion,https://x.com/i/status/2108633797596192956,2026-10-09T19:00:48.000Z,en,1,0,0.46
notion,https://x.com/i/status/2108631160159174680,2026-10-09T18:50:19.000Z,en,7,1,0.15
notion,https://x.com/i/status/2108628424160165917,2026-10-09T18:39:27.000Z,en,30,8,0.04
notion,https://x.com/i/status/2108627388980437377,2026-10-09T18:35:20.000Z,zxx,0,0,0.1
notion,https://x.com/i/status/2108626252919615783,2026-10-09T18:30:49.000Z,en,25,0,0.24
notion,https://x.com/i/status/2108623966612951464,2026-10-09T18:21:44.000Z,zxx,0,0,0.11
notion,https://x.com/i/status/2108621518108602732,2026-10-09T18:12:00.000Z,fa,10,1,0.15
notion,https://x.com/i/status/2108621124682891447,2026-10-09T18:10:27.000Z,en,2,0,0.2
notion,https://x.com/i/status/2108620730292179041,2026-10-09T18:08:53.000Z,en,1,0,0.52
notion,https://x.com/i/status/2108618930709565480,2026-10-09T18:01:43.000Z,en,8,1,0.39
notion,https://x.com/i/status/2108615832997974463,2026-10-09T17:49:25.000Z,en,0,0,0.11
notion,https://x.com/i/status/2108613894222795064,2026-10-09T17:41:43.000Z,en,0,0,0.04
notion,https://x.com/i/status/2108612545498251586,2026-10-09T17:36:21.000Z,zh,0,0,0.72
notion,https://x.com/i/status/2108611104595464213,2026-10-09T17:30:38.000Z,zxx,0,0,0.12
notion,https://x.com/i/status/2108610945664905348,2026-10-09T17:30:00.000Z,en,3,0,0.29
notion,https://x.com/i/status/2108610918057652363,2026-10-09T17:29:53.000Z,en,1,0,0.22
notion,https://x.com/i/status/2108603403425194431,2026-10-09T17:00:01.000Z,en,0,0,0.15
notion,https://x.com/i/status/2108602399309037670,2026-10-09T16:56:02.000Z,en,0,1,0.48
notion,https://x.com/i/status/2108599749763068093,2026-10-09T16:45:30.000Z,en,0,0,0.06
notion,https://x.com/i/status/2108599655114141891,2026-10-09T16:45:08.000Z,en,27,1,0.13
notion,https://x.com/i/status/2108593217847357495,2026-10-09T16:19:33.000Z,en,0,0,0.2
notion,https://x.com/i/status/2108590586756567237,2026-10-09T16:09:06.000Z,en,4,0,0.11
notion,https://x.com/i/status/2108588302966169795,2026-10-09T16:00:01.000Z,en,1,0,0.51
notion,https://x.com/i/status/2108586048297025941,2026-10-09T15:51:04.000Z,en,7,2,0.04
notion,https://x.com/i/status/2108585260174954792,2026-10-09T15:47:56.000Z,en,0,0,0.68
notion,https://x.com/i/status/2108584590898319483,2026-10-09T15:45:16.000Z,en,4,0,0.03
notion,https://x.com/i/status/2108584044917035472,2026-10-09T15:43:06.000Z,en,0,0,0.03
notion,https://x.com/i/status/2108583662811762927,2026-10-09T15:41:35.000Z,en,4,0,0.16
notion,https://x.com/i/status/2108582788739866661,2026-10-09T15:38:07.000Z,en,9,0,0.29
notion,https://x.com/i/status/2108582299399016753,2026-10-09T15:36:10.000Z,zh,1,0,0.45
notion,https://x.com/i/status/2108579023882481718,2026-10-09T15:23:09.000Z,en,0,0,0.47
notion,https://x.com/i/status/2108578489771147579,2026-10-09T15:21:02.000Z,en,0,0,0.13
notion,https://x.com/i/status/2108575098533802095,2026-10-09T15:07:33.000Z,en,0,0,0.04
notion,https://x.com/i/status/2108573332949856645,2026-10-09T15:00:32.000Z,tr,0,0,0.56
notion,https://x.com/i/status/2108573128443978207,2026-10-09T14:59:43.000Z,en,0,0,0.05
notion,https://x.com/i/status/2108572081529213093,2026-10-09T14:55:34.000Z,en,27,19,0.06
notion,https://x.com/i/status/2108570294340510005,2026-10-09T14:48:28.000Z,ja,1,0,0.53
notion,https://x.com/i/status/2108570195778322817,2026-10-09T14:48:04.000Z,en,14,0,0.55
notion,https://x.com/i/status/2108570031864852563,2026-10-09T14:47:25.000Z,en,0,0,0.25
notion,https://x.com/i/status/2108569446013108670,2026-10-09T14:45:05.000Z,en,38,27,0.19
notion,https://x.com/i/status/2108567101455941705,2026-10-09T14:35:46.000Z,ja,0,0,0.62
notion,https://x.com/i/status/2108566846140289120,2026-10-09T14:34:46.000Z,en,0,0,0.08
notion,https://x.com/i/status/2108566836866613323,2026-10-09T14:34:43.000Z,zxx,313,22,0.12
notion,https://x.com/i/status/2108565927813939483,2026-10-09T14:31:07.000Z,en,17,1,0.06
notion,https://x.com/i/status/2108565759798456507,2026-10-09T14:30:27.000Z,en,0,0,0.65
notion,https://x.com/i/status/2108565306494890471,2026-10-09T14:28:38.000Z,zxx,2,0,0.1
notion,https://x.com/i/status/2108564433026879949,2026-10-09T14:25:10.000Z,zh,6,0,0.59
notion,https://x.com/i/status/2108564292580839851,2026-10-09T14:24:37.000Z,en,0,0,0.54
notion,https://x.com/i/status/2108563715855462862,2026-10-09T14:22:19.000Z,en,6,3,0.04
notion,https://x.com/i/status/2108562108568813853,2026-10-09T14:15:56.000Z,en,2,0,0.22
notion,https://x.com/i/status/2108561181766263218,2026-10-09T14:12:15.000Z,ja,1,0,0.57
notion,https://x.com/i/status/2108558103931166848,2026-10-09T14:00:01.000Z,en,0,0,0.37
notion,https://x.com/i/status/2108558002617819243,2026-10-09T13:59:37.000Z,es,819,95,0.1
notion,https://x.com/i/status/2108557978617930183,2026-10-09T13:59:31.000Z,en,3,1,0.15
notion,https://x.com/i/status/2108557596349079963,2026-10-09T13:58:00.000Z,en,0,0,0.04
notion,https://x.com/i/status/2108556931845767279,2026-10-09T13:55:22.000Z,ja,1,0,0.39
notion,https://x.com/i/status/2108554955996975488,2026-10-09T13:47:31.000Z,fr,4,0,0.11
notion,https://x.com/i/status/2108553857395728735,2026-10-09T13:43:09.000Z,en,6,0,0.09
notion,https://x.com/i/status/2108553820074582083,2026-10-09T13:43:00.000Z,zh,1,0,0.38
notion,https://x.com/i/status/2108551176405000532,2026-10-09T13:32:30.000Z,en,0,0,0.55
notion,https://x.com/i/status/2108549448381112607,2026-10-09T13:25:38.000Z,en,0,0,0.03
notion,https://x.com/i/status/2108548877154472135,2026-10-09T13:23:21.000Z,en,4,0,0.54
notion,https://x.com/i/status/2108548031331381289,2026-10-09T13:20:00.000Z,en,0,0,0.3
notion,https://x.com/i/status/2108547528199454906,2026-10-09T13:18:00.000Z,en,14,0,0.1
notion,https://x.com/i/status/2108546249565577526,2026-10-09T13:12:55.000Z,zxx,0,0,0.15
notion,https://x.com/i/status/2108545032181666075,2026-10-09T13:08:05.000Z,en,48,3,0.32
notion,https://x.com/i/status/2108544011833335886,2026-10-09T13:04:01.000Z,ja,6,0,0.38
notion,https://x.com/i/status/2108543843188502938,2026-10-09T13:03:21.000Z,en,2,0,0.21
notion,https://x.com/i/status/2108543568046395900,2026-10-09T13:02:16.000Z,en,0,0,0.55
notion,https://x.com/i/status/2108543119226761414,2026-10-09T13:00:29.000Z,en,16,2,0.44
notion,https://x.com/i/status/2108543032689860613,2026-10-09T13:00:08.000Z,ja,2,0,0.72
notion,https://x.com/i/status/2108542424721305763,2026-10-09T12:57:43.000Z,en,20,8,0.54
notion,https://x.com/i/status/2108540757640622353,2026-10-09T12:51:06.000Z,ja,0,0,0.08
media-use,https://x.com/i/status/2108585277409185826,2026-10-09T15:48:00.000Z,en,4,1,0.3
media-use,https://x.com/i/status/2108437183925535224,2026-10-09T05:59:32.000Z,en,0,0,0.05
media-use,https://x.com/i/status/2108380704526758035,2026-10-09T02:15:06.000Z,zxx,0,0,0.09
media-use,https://x.com/i/status/2107386103619858681,2026-10-06T08:22:55.000Z,en,0,0,0.03
media-use,https://x.com/i/status/2106330074123325482,2026-10-03T10:26:38.000Z,en,1,0,0.03
skill-creator,https://x.com/i/status/2108683430355730517,2026-10-09T22:18:01.000Z,en,0,0,0.94
skill-creator,https://x.com/i/status/2108646184650777015,2026-10-09T19:50:01.000Z,zxx,19,0,0.21
skill-creator,https://x.com/i/status/2108636454490640463,2026-10-09T19:11:21.000Z,it,0,0,0.66
skill-creator,https://x.com/i/status/2108594657236066516,2026-10-09T16:25:16.000Z,en,0,0,0.9
skill-creator,https://x.com/i/status/2108591593120756156,2026-10-09T16:13:06.000Z,en,29,1,0.06
skill-creator,https://x.com/i/status/2108589134163910742,2026-10-09T16:03:19.000Z,it,0,0,0.85
skill-creator,https://x.com/i/status/2108576405785370915,2026-10-09T15:12:45.000Z,en,0,0,0.87
skill-creator,https://x.com/i/status/2108526188109128133,2026-10-09T11:53:12.000Z,zxx,28,8,0.22
skill-creator,https://x.com/i/status/2108495886951358733,2026-10-09T09:52:48.000Z,zxx,3,0,0.26
skill-creator,https://x.com/i/status/2108491198361215130,2026-10-09T09:34:10.000Z,en,1,0,0.85
skill-creator,https://x.com/i/status/2108476868727022034,2026-10-09T08:37:13.000Z,zh,0,0,0.87
skill-creator,https://x.com/i/status/2108444888580657213,2026-10-09T06:30:09.000Z,en,0,0,0.71
skill-creator,https://x.com/i/status/2108428728925606273,2026-10-09T05:25:56.000Z,zxx,171,29,0.26
skill-creator,https://x.com/i/status/2108255604171296874,2026-10-08T17:58:00.000Z,ja,13,2,0.86
skill-creator,https://x.com/i/status/2108222962306548005,2026-10-08T15:48:17.000Z,en,249,23,0.4
skill-creator,https://x.com/i/status/2108198134304424171,2026-10-08T14:09:38.000Z,zxx,3,1,0.21
skill-creator,https://x.com/i/status/2108189759633858563,2026-10-08T13:36:21.000Z,en,0,0,0.68
skill-creator,https://x.com/i/status/2108166095056343250,2026-10-08T12:02:19.000Z,zxx,71,24,0.21
skill-creator,https://x.com/i/status/2108086316458201291,2026-10-08T06:45:18.000Z,en,42,11,0.38
skill-creator,https://x.com/i/status/2108022568724955403,2026-10-08T02:32:00.000Z,zxx,245,49,0.22
skill-creator,https://x.com/i/status/2107961678952534290,2026-10-07T22:30:02.000Z,ja,11,1,0.84
skill-creator,https://x.com/i/status/2107956485036867982,2026-10-07T22:09:24.000Z,zxx,48,4,0.2
skill-creator,https://x.com/i/status/2107898261608583301,2026-10-07T18:18:03.000Z,pt,0,0,0.76
skill-creator,https://x.com/i/status/2107848503305113972,2026-10-07T15:00:19.000Z,zxx,6,1,0.2
skill-creator,https://x.com/i/status/2107847848863613315,2026-10-07T14:57:43.000Z,zh,96,10,0.52
skill-creator,https://x.com/i/status/2107831041540882606,2026-10-07T13:50:56.000Z,zh,23,3,0.06
skill-creator,https://x.com/i/status/2107773037739204914,2026-10-07T10:00:27.000Z,en,58,1,0.72
skill-creator,https://x.com/i/status/2107749277242204617,2026-10-07T08:26:02.000Z,en,0,0,0.17
skill-creator,https://x.com/i/status/2107686543263707579,2026-10-07T04:16:45.000Z,en,0,0,0.72
skill-creator,https://x.com/i/status/2107629482978742486,2026-10-07T00:30:01.000Z,en,2,0,0.6
skill-creator,https://x.com/i/status/2107602784212365817,2026-10-06T22:43:55.000Z,zxx,122,12,0.24
skill-creator,https://x.com/i/status/2107570191928283414,2026-10-06T20:34:25.000Z,en,0,0,0.77
skill-creator,https://x.com/i/status/2107521936498774410,2026-10-06T17:22:40.000Z,en,3,2,0.46
skill-creator,https://x.com/i/status/2107521336272642155,2026-10-06T17:20:17.000Z,en,4,1,0.77
skill-creator,https://x.com/i/status/2107521147508334633,2026-10-06T17:19:32.000Z,en,1,0,0.86
skill-creator,https://x.com/i/status/2107500571976720893,2026-10-06T15:57:46.000Z,en,0,0,0.74
skill-creator,https://x.com/i/status/2107497308858241293,2026-10-06T15:44:48.000Z,en,0,0,0.5
skill-creator,https://x.com/i/status/2107486165226193382,2026-10-06T15:00:31.000Z,en,63,7,0.16
skill-creator,https://x.com/i/status/2107477278821404930,2026-10-06T14:25:12.000Z,en,51,36,0.83
skill-creator,https://x.com/i/status/2107472536565072050,2026-10-06T14:06:22.000Z,it,13,3,0.83
skill-creator,https://x.com/i/status/2107445516799783138,2026-10-06T12:19:00.000Z,ja,3,0,0.85
skill-creator,https://x.com/i/status/2107435915220275202,2026-10-06T11:40:51.000Z,en,257,26,0.76
skill-creator,https://x.com/i/status/2107435524709650464,2026-10-06T11:39:18.000Z,en,0,0,0.84
skill-creator,https://x.com/i/status/2107398741053657106,2026-10-06T09:13:08.000Z,en,0,0,0.85
skill-creator,https://x.com/i/status/2107359069736767938,2026-10-06T06:35:29.000Z,en,82,34,0.82
skill-creator,https://x.com/i/status/2107318689859358905,2026-10-06T03:55:02.000Z,zh,16,4,0.62
skill-creator,https://x.com/i/status/2107125347712147509,2026-10-05T15:06:46.000Z,en,46,3,0.87
skill-creator,https://x.com/i/status/2107114280671645795,2026-10-05T14:22:47.000Z,it,0,0,0.07
skill-creator,https://x.com/i/status/2107108505417031995,2026-10-05T13:59:50.000Z,en,0,0,0.68
skill-creator,https://x.com/i/status/2107088740267229455,2026-10-05T12:41:18.000Z,en,2,0,0.88
skill-creator,https://x.com/i/status/2107051014704845210,2026-10-05T10:11:23.000Z,en,1,0,0.7
skill-creator,https://x.com/i/status/2107010439465038097,2026-10-05T07:30:09.000Z,zxx,17,1,0.24
skill-creator,https://x.com/i/status/2106925339158987208,2026-10-05T01:52:00.000Z,zh,0,0,0.75
skill-creator,https://x.com/i/status/2106923301545386345,2026-10-05T01:43:54.000Z,ja,1,0,0.83
skill-creator,https://x.com/i/status/2106885378829684804,2026-10-04T23:13:13.000Z,zxx,143,7,0.22
skill-creator,https://x.com/i/status/2106766097890546096,2026-10-04T15:19:14.000Z,en,0,0,0.73
skill-creator,https://x.com/i/status/2106757637920510432,2026-10-04T14:45:37.000Z,en,3,0,0.68
skill-creator,https://x.com/i/status/2106674932986077614,2026-10-04T09:16:58.000Z,zxx,6,0,0.16
skill-creator,https://x.com/i/status/2106662924773359721,2026-10-04T08:29:15.000Z,en,0,0,0.19
skill-creator,https://x.com/i/status/2106662757986623734,2026-10-04T08:28:36.000Z,en,1,0,0.83
skill-creator,https://x.com/i/status/2106607893294493963,2026-10-04T04:50:35.000Z,en,21,9,0.09
skill-creator,https://x.com/i/status/2106453368642081077,2026-10-03T18:36:33.000Z,en,2,0,0.72
skill-creator,https://x.com/i/status/2106384124751810798,2026-10-03T14:01:24.000Z,zxx,47,13,0.18
skill-creator,https://x.com/i/status/2106359207427514636,2026-10-03T12:22:23.000Z,it,0,0,0.74
skill-creator,https://x.com/i/status/2106357602212827534,2026-10-03T12:16:01.000Z,it,0,0,0.72
skill-creator,https://x.com/i/status/2106356396526846185,2026-10-03T12:11:13.000Z,it,0,0,0.74
skill-creator,https://x.com/i/status/2106217684346228762,2026-10-03T03:00:02.000Z,en,0,0,0.94
skill-creator,https://x.com/i/status/2106185214556852405,2026-10-03T00:51:00.000Z,en,13,0,0.86
hyperframes-registry,https://x.com/i/status/2108585277409185826,2026-10-09T15:48:00.000Z,en,4,1,0.51
codebase-design,https://x.com/i/status/2108706774580957451,2026-10-09T23:50:47.000Z,en,0,0,0.95
codebase-design,https://x.com/i/status/2108585277409185826,2026-10-09T15:48:00.000Z,en,4,1,0.4
codebase-design,https://x.com/i/status/2108512817540403502,2026-10-09T11:00:04.000Z,en,1,1,0.94
codebase-design,https://x.com/i/status/2108092836210204763,2026-10-08T07:11:13.000Z,zh,4,0,0.49
codebase-design,https://x.com/i/status/2107823136590938392,2026-10-07T13:19:31.000Z,en,0,0,0.91
codebase-design,https://x.com/i/status/2107121490323996998,2026-10-05T14:51:26.000Z,zh,1,0,0.09
codebase-design,https://x.com/i/status/2106962354760253508,2026-10-05T04:19:05.000Z,zh,2,0,0.51
codebase-design,https://x.com/i/status/2106946148640723287,2026-10-05T03:14:41.000Z,ko,20,2,0.97
codebase-design,https://x.com/i/status/2106894378891461084,2026-10-04T23:48:58.000Z,zh,2,0,0.04
codebase-design,https://x.com/i/status/2106753279036416219,2026-10-04T14:28:17.000Z,zh,62,8,0.69
auto-updater,https://x.com/i/status/2107803132889608455,2026-10-07T12:00:02.000Z,en,188,19,0.01
hyperframes-animation,https://x.com/i/status/2108437183925535224,2026-10-09T05:59:32.000Z,en,0,0,0.22
evolver,https://x.com/i/status/2107039682680807798,2026-10-05T09:26:21.000Z,en,0,0,0.69
