skill_key,tweet_url,created_at,lang,favorites,retweets
find-skills,https://x.com/i/status/2090583786241323298,2026-08-20T23:36:30.000Z,en,10,0
find-skills,https://x.com/i/status/2090416109229109532,2026-08-20T12:30:13.000Z,ja,1,0
find-skills,https://x.com/i/status/2090348130223165542,2026-08-20T08:00:05.000Z,ja,11,0
find-skills,https://x.com/i/status/2090106859440980135,2026-08-19T16:01:22.000Z,en,0,0
find-skills,https://x.com/i/status/2090030599146971278,2026-08-19T10:58:20.000Z,en,0,0
find-skills,https://x.com/i/status/2089777985905733826,2026-08-18T18:14:32.000Z,en,5,3
find-skills,https://x.com/i/status/2089739711338209443,2026-08-18T15:42:27.000Z,en,0,0
find-skills,https://x.com/i/status/2089717706908131345,2026-08-18T14:15:01.000Z,ja,8,1
find-skills,https://x.com/i/status/2089313340934042042,2026-08-17T11:28:12.000Z,en,1,0
find-skills,https://x.com/i/status/2089222778092499442,2026-08-17T05:28:20.000Z,ja,0,0
find-skills,https://x.com/i/status/2089214638605144288,2026-08-17T04:56:00.000Z,ja,16,1
find-skills,https://x.com/i/status/2089118787064721487,2026-08-16T22:35:07.000Z,ar,0,0
find-skills,https://x.com/i/status/2089031155228029427,2026-08-16T16:46:54.000Z,en,1,0
find-skills,https://x.com/i/status/2089020381919056211,2026-08-16T16:04:05.000Z,en,1,1
find-skills,https://x.com/i/status/2088998059779006715,2026-08-16T14:35:23.000Z,ja,4,0
find-skills,https://x.com/i/status/2088879655851786574,2026-08-16T06:44:54.000Z,zh,10,4
find-skills,https://x.com/i/status/2088844046940909892,2026-08-16T04:23:24.000Z,zh,0,0
find-skills,https://x.com/i/status/2088755129629770180,2026-08-15T22:30:04.000Z,ja,10,2
find-skills,https://x.com/i/status/2088682429993087356,2026-08-15T17:41:11.000Z,en,145,16
find-skills,https://x.com/i/status/2088676671033352402,2026-08-15T17:18:18.000Z,en,25,1
find-skills,https://x.com/i/status/2088388947810365786,2026-08-14T22:15:00.000Z,en,61,3
find-skills,https://x.com/i/status/2088331111445225680,2026-08-14T18:25:10.000Z,en,0,0
find-skills,https://x.com/i/status/2088166172940444114,2026-08-14T07:29:46.000Z,ja,2,0
find-skills,https://x.com/i/status/2088166113523777597,2026-08-14T07:29:32.000Z,zxx,1,0
find-skills,https://x.com/i/status/2088150879270785403,2026-08-14T06:29:00.000Z,en,192,27
self-improving-agent,https://x.com/i/status/2090610058086289812,2026-08-21T01:20:54.000Z,en,0,0
self-improving-agent,https://x.com/i/status/2090591780874195095,2026-08-21T00:08:16.000Z,en,0,0
self-improving-agent,https://x.com/i/status/2090506793151848551,2026-08-20T18:30:33.000Z,zh,0,0
self-improving-agent,https://x.com/i/status/2090486563998228495,2026-08-20T17:10:10.000Z,en,0,0
self-improving-agent,https://x.com/i/status/2090457639180451982,2026-08-20T15:15:14.000Z,en,1,0
self-improving-agent,https://x.com/i/status/2090440313257009281,2026-08-20T14:06:23.000Z,en,0,0
self-improving-agent,https://x.com/i/status/2090426213030416844,2026-08-20T13:10:22.000Z,en,0,0
self-improving-agent,https://x.com/i/status/2090425201473520042,2026-08-20T13:06:20.000Z,en,3,1
self-improving-agent,https://x.com/i/status/2090403556511658058,2026-08-20T11:40:20.000Z,en,3,1
self-improving-agent,https://x.com/i/status/2090330140291334400,2026-08-20T06:48:36.000Z,en,0,0
self-improving-agent,https://x.com/i/status/2090326455716581433,2026-08-20T06:33:58.000Z,zh,2,0
self-improving-agent,https://x.com/i/status/2090315506301689920,2026-08-20T05:50:27.000Z,en,7,0
self-improving-agent,https://x.com/i/status/2090248297214525569,2026-08-20T01:23:23.000Z,zxx,597,108
self-improving-agent,https://x.com/i/status/2090219772860612821,2026-08-19T23:30:02.000Z,en,0,0
self-improving-agent,https://x.com/i/status/2090164135174574532,2026-08-19T19:48:57.000Z,en,0,0
self-improving-agent,https://x.com/i/status/2090160569466921370,2026-08-19T19:34:47.000Z,en,0,0
self-improving-agent,https://x.com/i/status/2090118820870443289,2026-08-19T16:48:54.000Z,en,9,2
self-improving-agent,https://x.com/i/status/2090106331604853152,2026-08-19T15:59:16.000Z,en,4,0
self-improving-agent,https://x.com/i/status/2090068295097647308,2026-08-19T13:28:07.000Z,en,0,0
self-improving-agent,https://x.com/i/status/2090066780840731007,2026-08-19T13:22:06.000Z,en,0,0
self-improving-agent,https://x.com/i/status/2090010627431628988,2026-08-19T09:38:58.000Z,en,0,0
self-improving-agent,https://x.com/i/status/2089620856393642340,2026-08-18T07:50:10.000Z,en,1,0
self-improving-agent,https://x.com/i/status/2089535034525122629,2026-08-18T02:09:08.000Z,en,0,0
self-improving-agent,https://x.com/i/status/2089459591687925957,2026-08-17T21:09:21.000Z,en,2,0
self-improving-agent,https://x.com/i/status/2089448699885981878,2026-08-17T20:26:04.000Z,en,1,0
self-improving-agent,https://x.com/i/status/2089440026530873736,2026-08-17T19:51:36.000Z,en,1,0
self-improving-agent,https://x.com/i/status/2089432958319132802,2026-08-17T19:23:31.000Z,en,2,0
self-improving-agent,https://x.com/i/status/2089384032861819228,2026-08-17T16:09:06.000Z,en,4,0
self-improving-agent,https://x.com/i/status/2089375256716746903,2026-08-17T15:34:14.000Z,en,0,0
self-improving-agent,https://x.com/i/status/2089369040519360553,2026-08-17T15:09:32.000Z,en,3,0
self-improving-agent,https://x.com/i/status/2089324053685264810,2026-08-17T12:10:46.000Z,en,3,0
self-improving-agent,https://x.com/i/status/2089311083274342561,2026-08-17T11:19:14.000Z,en,1,0
self-improving-agent,https://x.com/i/status/2089299751238013122,2026-08-17T10:34:12.000Z,ko,31,9
self-improving-agent,https://x.com/i/status/2089295776375554342,2026-08-17T10:18:24.000Z,en,3,0
self-improving-agent,https://x.com/i/status/2089277936989868540,2026-08-17T09:07:31.000Z,en,0,0
self-improving-agent,https://x.com/i/status/2089081790254465241,2026-08-16T20:08:06.000Z,en,70,13
self-improving-agent,https://x.com/i/status/2088995499755921793,2026-08-16T14:25:13.000Z,en,9,4
self-improving-agent,https://x.com/i/status/2088990046020063399,2026-08-16T14:03:33.000Z,zxx,0,0
self-improving-agent,https://x.com/i/status/2088695918875050381,2026-08-15T18:34:47.000Z,en,6,1
self-improving-agent,https://x.com/i/status/2088643405387604373,2026-08-15T15:06:07.000Z,en,44,5
self-improving-agent,https://x.com/i/status/2088626779556606055,2026-08-15T14:00:03.000Z,en,69,10
self-improving-agent,https://x.com/i/status/2088603257501618327,2026-08-15T12:26:35.000Z,en,0,0
self-improving-agent,https://x.com/i/status/2088594731827855444,2026-08-15T11:52:42.000Z,en,0,1
self-improving-agent,https://x.com/i/status/2088529122448285887,2026-08-15T07:32:00.000Z,en,2,0
self-improving-agent,https://x.com/i/status/2088491199669891271,2026-08-15T05:01:18.000Z,en,2,0
self-improving-agent,https://x.com/i/status/2088434669591384409,2026-08-15T01:16:41.000Z,zxx,2,0
self-improving-agent,https://x.com/i/status/2088402260556652646,2026-08-14T23:07:54.000Z,en,1,0
self-improving-agent,https://x.com/i/status/2088327281840418973,2026-08-14T18:09:57.000Z,en,0,0
self-improving-agent,https://x.com/i/status/2088227107776442624,2026-08-14T11:31:54.000Z,en,2,0
self-improving-agent,https://x.com/i/status/2088158358327247281,2026-08-14T06:58:43.000Z,zh,0,0
grill-me,https://x.com/i/status/2090630807618826685,2026-08-21T02:43:21.000Z,ja,0,0
grill-me,https://x.com/i/status/2090622189460430963,2026-08-21T02:09:06.000Z,en,0,0
grill-me,https://x.com/i/status/2090601527232647370,2026-08-21T00:47:00.000Z,zh,1,0
grill-me,https://x.com/i/status/2090598305894109627,2026-08-21T00:34:12.000Z,en,4,2
grill-me,https://x.com/i/status/2090594439219785937,2026-08-21T00:18:50.000Z,zxx,9,1
grill-me,https://x.com/i/status/2090563874491940986,2026-08-20T22:17:23.000Z,en,0,0
grill-me,https://x.com/i/status/2090563255957918028,2026-08-20T22:14:55.000Z,en,12,1
grill-me,https://x.com/i/status/2090545830147072404,2026-08-20T21:05:41.000Z,en,0,0
grill-me,https://x.com/i/status/2090542154016043127,2026-08-20T20:51:04.000Z,en,0,0
grill-me,https://x.com/i/status/2090514435219591561,2026-08-20T19:00:55.000Z,en,4,0
grill-me,https://x.com/i/status/2090490043798626668,2026-08-20T17:24:00.000Z,ja,0,0
grill-me,https://x.com/i/status/2090465319630307695,2026-08-20T15:45:45.000Z,en,0,0
grill-me,https://x.com/i/status/2090449907710582940,2026-08-20T14:44:31.000Z,en,3,1
grill-me,https://x.com/i/status/2090446876432904646,2026-08-20T14:32:28.000Z,zh,0,1
grill-me,https://x.com/i/status/2090438679546196343,2026-08-20T13:59:54.000Z,en,0,0
grill-me,https://x.com/i/status/2090404627585917046,2026-08-20T11:44:35.000Z,ja,32,0
grill-me,https://x.com/i/status/2090384909919760679,2026-08-20T10:26:14.000Z,zh,0,0
grill-me,https://x.com/i/status/2090374032646389992,2026-08-20T09:43:01.000Z,en,1,0
grill-me,https://x.com/i/status/2090341355231015086,2026-08-20T07:33:10.000Z,ja,1,0
grill-me,https://x.com/i/status/2090337839150227536,2026-08-20T07:19:12.000Z,en,0,0
grill-me,https://x.com/i/status/2090312775021285424,2026-08-20T05:39:36.000Z,ja,0,0
grill-me,https://x.com/i/status/2090308973568106839,2026-08-20T05:24:30.000Z,en,0,0
grill-me,https://x.com/i/status/2090292449373466662,2026-08-20T04:18:50.000Z,en,3,1
grill-me,https://x.com/i/status/2090287991696826734,2026-08-20T04:01:07.000Z,ja,1,0
grill-me,https://x.com/i/status/2090287247740338581,2026-08-20T03:58:10.000Z,en,0,0
grill-me,https://x.com/i/status/2090263187862020594,2026-08-20T02:22:33.000Z,en,0,0
grill-me,https://x.com/i/status/2090258298574676136,2026-08-20T02:03:08.000Z,zh,8,2
grill-me,https://x.com/i/status/2090244691732427027,2026-08-20T01:09:04.000Z,en,0,0
grill-me,https://x.com/i/status/2090239698493177965,2026-08-20T00:49:13.000Z,ja,1,0
grill-me,https://x.com/i/status/2090204664109142343,2026-08-19T22:30:00.000Z,zh,2,0
grill-me,https://x.com/i/status/2090193176737046538,2026-08-19T21:44:21.000Z,en,0,0
grill-me,https://x.com/i/status/2090156757914169762,2026-08-19T19:19:38.000Z,en,7,1
grill-me,https://x.com/i/status/2090121839779692748,2026-08-19T17:00:53.000Z,en,0,0
grill-me,https://x.com/i/status/2090104915373027713,2026-08-19T15:53:38.000Z,en,0,0
grill-me,https://x.com/i/status/2090103828418822258,2026-08-19T15:49:19.000Z,en,0,0
grill-me,https://x.com/i/status/2090103288540569728,2026-08-19T15:47:10.000Z,en,421,16
grill-me,https://x.com/i/status/2090088533340119289,2026-08-19T14:48:32.000Z,ja,0,0
grill-me,https://x.com/i/status/2090059230225342921,2026-08-19T12:52:06.000Z,ja,1,0
grill-me,https://x.com/i/status/2090042073583927318,2026-08-19T11:43:56.000Z,zh,107,11
grill-me,https://x.com/i/status/2090034339664822309,2026-08-19T11:13:12.000Z,en,0,0
grill-me,https://x.com/i/status/2090031582501302290,2026-08-19T11:02:14.000Z,en,9,2
grill-me,https://x.com/i/status/2090021220536230120,2026-08-19T10:21:04.000Z,en,5,0
grill-me,https://x.com/i/status/2090020359600775442,2026-08-19T10:17:39.000Z,en,14,2
grill-me,https://x.com/i/status/2090015227215515864,2026-08-19T09:57:15.000Z,en,10,0
grill-me,https://x.com/i/status/2090001757762199732,2026-08-19T09:03:44.000Z,ja,0,0
grill-me,https://x.com/i/status/2089981242238464276,2026-08-19T07:42:12.000Z,ja,2,0
grill-me,https://x.com/i/status/2089954371266028024,2026-08-19T05:55:26.000Z,en,66,23
grill-me,https://x.com/i/status/2089917020087210160,2026-08-19T03:27:01.000Z,zxx,1246,153
grill-me,https://x.com/i/status/2089888488590016542,2026-08-19T01:33:38.000Z,pt,1,0
grill-me,https://x.com/i/status/2089846630774436296,2026-08-18T22:47:18.000Z,en,0,0
grill-me,https://x.com/i/status/2089846618237620269,2026-08-18T22:47:15.000Z,en,5,0
grill-me,https://x.com/i/status/2089829899859001855,2026-08-18T21:40:49.000Z,pt,24,2
grill-me,https://x.com/i/status/2089823541428453691,2026-08-18T21:15:33.000Z,en,0,0
grill-me,https://x.com/i/status/2089794842108874811,2026-08-18T19:21:31.000Z,en,2,0
grill-me,https://x.com/i/status/2089777030019862682,2026-08-18T18:10:44.000Z,en,1,0
grill-me,https://x.com/i/status/2089766677500076042,2026-08-18T17:29:36.000Z,en,2,0
grill-me,https://x.com/i/status/2089728655702278596,2026-08-18T14:58:31.000Z,en,28,0
grill-me,https://x.com/i/status/2089706412222173442,2026-08-18T13:30:08.000Z,ja,32,2
grill-me,https://x.com/i/status/2089696963897745430,2026-08-18T12:52:35.000Z,zxx,16,2
grill-me,https://x.com/i/status/2089670718128562454,2026-08-18T11:08:18.000Z,en,0,0
grill-me,https://x.com/i/status/2089639071882588192,2026-08-18T09:02:33.000Z,en,1,0
grill-me,https://x.com/i/status/2089627962144653515,2026-08-18T08:18:24.000Z,ja,8,0
grill-me,https://x.com/i/status/2089625013058142469,2026-08-18T08:06:41.000Z,zh,2,0
grill-me,https://x.com/i/status/2089544890812440753,2026-08-18T02:48:18.000Z,ja,15,0
grill-me,https://x.com/i/status/2089544864861925763,2026-08-18T02:48:12.000Z,en,1,0
grill-me,https://x.com/i/status/2089544359913922917,2026-08-18T02:46:11.000Z,en,0,0
grill-me,https://x.com/i/status/2089539540780552600,2026-08-18T02:27:02.000Z,en,45,9
grill-me,https://x.com/i/status/2089528222388228124,2026-08-18T01:42:04.000Z,en,20,0
grill-me,https://x.com/i/status/2089528026463703356,2026-08-18T01:41:17.000Z,zh,3,0
grill-me,https://x.com/i/status/2089527305337241815,2026-08-18T01:38:25.000Z,zh,5,0
grill-me,https://x.com/i/status/2089525278267826301,2026-08-18T01:30:22.000Z,zh,437,88
grill-me,https://x.com/i/status/2089524355847909379,2026-08-18T01:26:42.000Z,en,1,0
grill-me,https://x.com/i/status/2089498206816096604,2026-08-17T23:42:48.000Z,en,2,0
grill-me,https://x.com/i/status/2089436331218972763,2026-08-17T19:36:55.000Z,en,0,0
grill-me,https://x.com/i/status/2089396256355311853,2026-08-17T16:57:41.000Z,en,0,0
grill-me,https://x.com/i/status/2089392577946501334,2026-08-17T16:43:04.000Z,en,2,0
grill-me,https://x.com/i/status/2089381918445859239,2026-08-17T16:00:42.000Z,en,0,0
grill-me,https://x.com/i/status/2089357947272909213,2026-08-17T14:25:27.000Z,en,1,0
grill-me,https://x.com/i/status/2089356270499193249,2026-08-17T14:18:47.000Z,en,4585,181
grill-me,https://x.com/i/status/2089314092511293517,2026-08-17T11:31:11.000Z,en,5,0
grill-me,https://x.com/i/status/2089303566271844830,2026-08-17T10:49:22.000Z,en,0,0
grill-me,https://x.com/i/status/2089290166187720934,2026-08-17T09:56:07.000Z,en,43,4
grill-me,https://x.com/i/status/2089257304869023802,2026-08-17T07:45:32.000Z,ja,0,0
grill-me,https://x.com/i/status/2089235750911172656,2026-08-17T06:19:53.000Z,zh,1,0
grill-me,https://x.com/i/status/2089230984604451283,2026-08-17T06:00:57.000Z,en,79,9
grill-me,https://x.com/i/status/2089224157452235107,2026-08-17T05:33:49.000Z,en,0,0
grill-me,https://x.com/i/status/2089199979382604254,2026-08-17T03:57:45.000Z,en,3,0
grill-me,https://x.com/i/status/2089195801197363325,2026-08-17T03:41:09.000Z,en,2,0
grill-me,https://x.com/i/status/2089193256261419067,2026-08-17T03:31:02.000Z,en,1,0
grill-me,https://x.com/i/status/2089182188378202138,2026-08-17T02:47:03.000Z,zh,4,0
grill-me,https://x.com/i/status/2089112272727920788,2026-08-16T22:09:14.000Z,en,19,0
grill-me,https://x.com/i/status/2089108483106844888,2026-08-16T21:54:10.000Z,en,1,0
grill-me,https://x.com/i/status/2089092834963898726,2026-08-16T20:51:59.000Z,en,2,0
grill-me,https://x.com/i/status/2089082623947591856,2026-08-16T20:11:25.000Z,en,0,0
grill-me,https://x.com/i/status/2088998986824683559,2026-08-16T14:39:04.000Z,en,0,0
grill-me,https://x.com/i/status/2088993173146341644,2026-08-16T14:15:58.000Z,zh,0,0
grill-me,https://x.com/i/status/2088968809206128649,2026-08-16T12:39:09.000Z,en,0,0
grill-me,https://x.com/i/status/2088960162295922881,2026-08-16T12:04:48.000Z,en,2,0
grill-me,https://x.com/i/status/2088949070421541267,2026-08-16T11:20:43.000Z,en,76,37
grill-me,https://x.com/i/status/2088947838873129100,2026-08-16T11:15:50.000Z,ja,0,0
skill-vetter,https://x.com/i/status/2090018587331477937,2026-08-19T10:10:36.000Z,ja,14,2
skill-vetter,https://x.com/i/status/2090017804343001120,2026-08-19T10:07:29.000Z,zxx,6,1
frontend-design,https://x.com/i/status/2090629713500745899,2026-08-21T02:39:00.000Z,zh,1,0
frontend-design,https://x.com/i/status/2090594439219785937,2026-08-21T00:18:50.000Z,zxx,9,1
frontend-design,https://x.com/i/status/2090547264385163441,2026-08-20T21:11:22.000Z,en,1,0
frontend-design,https://x.com/i/status/2090497592622731566,2026-08-20T17:54:00.000Z,en,8,2
frontend-design,https://x.com/i/status/2090399638222500024,2026-08-20T11:24:46.000Z,en,0,0
frontend-design,https://x.com/i/status/2090388691764269503,2026-08-20T10:41:16.000Z,en,0,0
frontend-design,https://x.com/i/status/2090335574997745913,2026-08-20T07:10:12.000Z,en,0,0
frontend-design,https://x.com/i/status/2090308844799107474,2026-08-20T05:23:59.000Z,zh,0,0
frontend-design,https://x.com/i/status/2090269372703224193,2026-08-20T02:47:08.000Z,zh,0,0
frontend-design,https://x.com/i/status/2090269363387715798,2026-08-20T02:47:06.000Z,zh,0,0
frontend-design,https://x.com/i/status/2090267160019091653,2026-08-20T02:38:20.000Z,en,1,0
frontend-design,https://x.com/i/status/2090212215773118539,2026-08-19T23:00:01.000Z,ja,4,0
frontend-design,https://x.com/i/status/2090159365039042618,2026-08-19T19:30:00.000Z,en,10,2
frontend-design,https://x.com/i/status/2090038711153008907,2026-08-19T11:30:34.000Z,en,6,0
frontend-design,https://x.com/i/status/2090038699895501268,2026-08-19T11:30:31.000Z,es,11,0
frontend-design,https://x.com/i/status/2090017575115674083,2026-08-19T10:06:35.000Z,en,1,0
frontend-design,https://x.com/i/status/2090007129436639625,2026-08-19T09:25:04.000Z,ja,1,0
frontend-design,https://x.com/i/status/2089864936763908136,2026-08-19T00:00:03.000Z,ja,130,18
frontend-design,https://x.com/i/status/2089788867062767954,2026-08-18T18:57:46.000Z,en,0,0
frontend-design,https://x.com/i/status/2089771146912674200,2026-08-18T17:47:22.000Z,en,16,7
frontend-design,https://x.com/i/status/2089721360394170589,2026-08-18T14:29:32.000Z,en,1,0
frontend-design,https://x.com/i/status/2089705303357198353,2026-08-18T13:25:43.000Z,zxx,2,0
frontend-design,https://x.com/i/status/2089692941040377882,2026-08-18T12:36:36.000Z,zh,381,38
frontend-design,https://x.com/i/status/2089679089560883216,2026-08-18T11:41:33.000Z,en,2,0
frontend-design,https://x.com/i/status/2089676367139090596,2026-08-18T11:30:44.000Z,en,1,0
frontend-design,https://x.com/i/status/2089655572064858267,2026-08-18T10:08:06.000Z,en,0,0
frontend-design,https://x.com/i/status/2089652633606750381,2026-08-18T09:56:26.000Z,en,1,0
frontend-design,https://x.com/i/status/2089649020524220580,2026-08-18T09:42:04.000Z,zxx,4,0
frontend-design,https://x.com/i/status/2089634670732550617,2026-08-18T08:45:03.000Z,en,14,0
frontend-design,https://x.com/i/status/2089608308793434236,2026-08-18T07:00:18.000Z,en,2,0
frontend-design,https://x.com/i/status/2089592378042855466,2026-08-18T05:57:00.000Z,en,2,1
frontend-design,https://x.com/i/status/2089566908203049194,2026-08-18T04:15:47.000Z,en,10,2
frontend-design,https://x.com/i/status/2089536482809893365,2026-08-18T02:14:53.000Z,ja,5,1
frontend-design,https://x.com/i/status/2089513511508439336,2026-08-18T00:43:37.000Z,en,1,0
frontend-design,https://x.com/i/status/2089503024322674776,2026-08-18T00:01:56.000Z,en,1,0
frontend-design,https://x.com/i/status/2089475697173790919,2026-08-17T22:13:21.000Z,en,1,0
frontend-design,https://x.com/i/status/2089428329812103175,2026-08-17T19:05:08.000Z,zxx,1,0
frontend-design,https://x.com/i/status/2089417789622636585,2026-08-17T18:23:15.000Z,en,0,0
frontend-design,https://x.com/i/status/2089413232578502958,2026-08-17T18:05:08.000Z,en,0,0
frontend-design,https://x.com/i/status/2089384004877193707,2026-08-17T16:09:00.000Z,en,11,0
frontend-design,https://x.com/i/status/2089374454992503170,2026-08-17T15:31:03.000Z,en,0,0
frontend-design,https://x.com/i/status/2089350742465232975,2026-08-17T13:56:49.000Z,en,13,1
frontend-design,https://x.com/i/status/2089286786438824215,2026-08-17T09:42:41.000Z,zh,0,0
frontend-design,https://x.com/i/status/2089231993645023312,2026-08-17T06:04:57.000Z,en,3,0
frontend-design,https://x.com/i/status/2089203315875918255,2026-08-17T04:11:00.000Z,vi,1,0
frontend-design,https://x.com/i/status/2089170348436553815,2026-08-17T02:00:00.000Z,ja,8,1
frontend-design,https://x.com/i/status/2088995290418462760,2026-08-16T14:24:23.000Z,en,0,0
frontend-design,https://x.com/i/status/2088979399462752257,2026-08-16T13:21:14.000Z,pl,26,0
frontend-design,https://x.com/i/status/2088946724878618748,2026-08-16T11:11:24.000Z,zxx,195,13
frontend-design,https://x.com/i/status/2088935935752724947,2026-08-16T10:28:32.000Z,zxx,49,8
frontend-design,https://x.com/i/status/2088920988889067894,2026-08-16T09:29:08.000Z,en,0,0
frontend-design,https://x.com/i/status/2088900999695994976,2026-08-16T08:09:42.000Z,en,1,0
frontend-design,https://x.com/i/status/2088898401282723893,2026-08-16T07:59:23.000Z,en,1,0
frontend-design,https://x.com/i/status/2088894492808012120,2026-08-16T07:43:51.000Z,en,0,0
frontend-design,https://x.com/i/status/2088861398784942552,2026-08-16T05:32:21.000Z,en,3,0
frontend-design,https://x.com/i/status/2088826653502022063,2026-08-16T03:14:17.000Z,en,41,1
frontend-design,https://x.com/i/status/2088754137005744563,2026-08-15T22:26:08.000Z,en,1,0
frontend-design,https://x.com/i/status/2088651196932505771,2026-08-15T15:37:05.000Z,en,158,6
frontend-design,https://x.com/i/status/2088626017539617177,2026-08-15T13:57:02.000Z,zxx,20,2
frontend-design,https://x.com/i/status/2088612063970996564,2026-08-15T13:01:35.000Z,es,19,3
frontend-design,https://x.com/i/status/2088586537436885071,2026-08-15T11:20:09.000Z,en,3,1
frontend-design,https://x.com/i/status/2088529409968144561,2026-08-15T07:33:08.000Z,zh,1,0
frontend-design,https://x.com/i/status/2088400132899590654,2026-08-14T22:59:26.000Z,en,0,0
frontend-design,https://x.com/i/status/2088311192116670774,2026-08-14T17:06:01.000Z,en,1,0
frontend-design,https://x.com/i/status/2088266016119722222,2026-08-14T14:06:31.000Z,pt,0,0
frontend-design,https://x.com/i/status/2088183240213614676,2026-08-14T08:37:35.000Z,en,0,0
frontend-design,https://x.com/i/status/2088160414668308559,2026-08-14T07:06:53.000Z,en,2,0
frontend-design,https://x.com/i/status/2088154730543694237,2026-08-14T06:44:18.000Z,en,0,0
self-improving,https://x.com/i/status/2090633066075041995,2026-08-21T02:52:19.000Z,en,0,0
self-improving,https://x.com/i/status/2090628263957942542,2026-08-21T02:33:14.000Z,en,0,0
self-improving,https://x.com/i/status/2090624650326020586,2026-08-21T02:18:53.000Z,en,0,0
self-improving,https://x.com/i/status/2090617909257326651,2026-08-21T01:52:06.000Z,en,0,0
self-improving,https://x.com/i/status/2090617281261003047,2026-08-21T01:49:36.000Z,en,0,0
self-improving,https://x.com/i/status/2090612864801288295,2026-08-21T01:32:03.000Z,en,0,0
self-improving,https://x.com/i/status/2090610058086289812,2026-08-21T01:20:54.000Z,en,0,0
self-improving,https://x.com/i/status/2090599352318500947,2026-08-21T00:38:21.000Z,en,0,0
self-improving,https://x.com/i/status/2090591780874195095,2026-08-21T00:08:16.000Z,en,0,0
self-improving,https://x.com/i/status/2090582815490383991,2026-08-20T23:32:39.000Z,en,1,0
self-improving,https://x.com/i/status/2090574601181151596,2026-08-20T23:00:00.000Z,en,0,0
self-improving,https://x.com/i/status/2090571995071263041,2026-08-20T22:49:39.000Z,en,17,4
self-improving,https://x.com/i/status/2090561050299023498,2026-08-20T22:06:09.000Z,en,0,0
self-improving,https://x.com/i/status/2090559634603933997,2026-08-20T22:00:32.000Z,en,0,0
self-improving,https://x.com/i/status/2090559561128407336,2026-08-20T22:00:14.000Z,en,33,3
self-improving,https://x.com/i/status/2090533451766362464,2026-08-20T20:16:29.000Z,ja,0,0
self-improving,https://x.com/i/status/2090520817218032066,2026-08-20T19:26:17.000Z,en,14,1
self-improving,https://x.com/i/status/2090520241650446567,2026-08-20T19:24:00.000Z,en,0,0
self-improving,https://x.com/i/status/2090519920404803925,2026-08-20T19:22:43.000Z,en,0,0
self-improving,https://x.com/i/status/2090517638887944321,2026-08-20T19:13:39.000Z,en,0,0
self-improving,https://x.com/i/status/2090506793151848551,2026-08-20T18:30:33.000Z,zh,0,0
self-improving,https://x.com/i/status/2090502456476119469,2026-08-20T18:13:19.000Z,en,0,0
self-improving,https://x.com/i/status/2090497318457929812,2026-08-20T17:52:54.000Z,en,0,0
self-improving,https://x.com/i/status/2090495050656739495,2026-08-20T17:43:54.000Z,en,1,0
self-improving,https://x.com/i/status/2090495021405671576,2026-08-20T17:43:47.000Z,en,3,0
self-improving,https://x.com/i/status/2090494038348873998,2026-08-20T17:39:52.000Z,en,2,0
self-improving,https://x.com/i/status/2090492551837213072,2026-08-20T17:33:58.000Z,en,9,0
self-improving,https://x.com/i/status/2090487840551719207,2026-08-20T17:15:15.000Z,en,0,0
self-improving,https://x.com/i/status/2090486563998228495,2026-08-20T17:10:10.000Z,en,0,0
self-improving,https://x.com/i/status/2090476452953137552,2026-08-20T16:30:00.000Z,en,12,1
self-improving,https://x.com/i/status/2090468240082219311,2026-08-20T15:57:22.000Z,en,0,0
self-improving,https://x.com/i/status/2090466566743974191,2026-08-20T15:50:43.000Z,en,605,74
self-improving,https://x.com/i/status/2090464026731983310,2026-08-20T15:40:37.000Z,en,84,17
self-improving,https://x.com/i/status/2090461356122079440,2026-08-20T15:30:00.000Z,en,51,24
self-improving,https://x.com/i/status/2090459100609945663,2026-08-20T15:21:03.000Z,en,81,3
self-improving,https://x.com/i/status/2090457639180451982,2026-08-20T15:15:14.000Z,en,1,0
self-improving,https://x.com/i/status/2090451167889465448,2026-08-20T14:49:31.000Z,en,2,0
self-improving,https://x.com/i/status/2090443377556996209,2026-08-20T14:18:34.000Z,en,80,6
self-improving,https://x.com/i/status/2090440549106897144,2026-08-20T14:07:20.000Z,en,54,6
self-improving,https://x.com/i/status/2090440313257009281,2026-08-20T14:06:23.000Z,en,0,0
self-improving,https://x.com/i/status/2090440275579510834,2026-08-20T14:06:14.000Z,en,7,0
self-improving,https://x.com/i/status/2090432645528252532,2026-08-20T13:35:55.000Z,en,402,4
self-improving,https://x.com/i/status/2090431923248058469,2026-08-20T13:33:03.000Z,en,1,0
self-improving,https://x.com/i/status/2090426213030416844,2026-08-20T13:10:22.000Z,en,0,0
self-improving,https://x.com/i/status/2090425201473520042,2026-08-20T13:06:20.000Z,en,3,1
self-improving,https://x.com/i/status/2090423635680907580,2026-08-20T13:00:07.000Z,en,157,22
self-improving,https://x.com/i/status/2090414435802263849,2026-08-20T12:23:34.000Z,en,7,1
self-improving,https://x.com/i/status/2090412860014834165,2026-08-20T12:17:18.000Z,en,32,5
self-improving,https://x.com/i/status/2090411367819809047,2026-08-20T12:11:22.000Z,zxx,59,3
self-improving,https://x.com/i/status/2090405764175139258,2026-08-20T11:49:06.000Z,en,2,1
self-improving,https://x.com/i/status/2090403556511658058,2026-08-20T11:40:20.000Z,en,3,1
self-improving,https://x.com/i/status/2090396429663805771,2026-08-20T11:12:01.000Z,en,19,16
self-improving,https://x.com/i/status/2090395515938591199,2026-08-20T11:08:23.000Z,en,3,0
self-improving,https://x.com/i/status/2090393046621823400,2026-08-20T10:58:34.000Z,en,4,0
self-improving,https://x.com/i/status/2090388376444719470,2026-08-20T10:40:01.000Z,en,265,35
self-improving,https://x.com/i/status/2090388147494342809,2026-08-20T10:39:06.000Z,en,1,0
self-improving,https://x.com/i/status/2090375522253439073,2026-08-20T09:48:56.000Z,en,2,0
self-improving,https://x.com/i/status/2090363586124165127,2026-08-20T09:01:30.000Z,ja,2,0
self-improving,https://x.com/i/status/2090355427942846557,2026-08-20T08:29:05.000Z,en,0,0
self-improving,https://x.com/i/status/2090330140291334400,2026-08-20T06:48:36.000Z,en,0,0
self-improving,https://x.com/i/status/2090326455716581433,2026-08-20T06:33:58.000Z,zh,2,0
self-improving,https://x.com/i/status/2090319211554046047,2026-08-20T06:05:10.000Z,en,0,0
self-improving,https://x.com/i/status/2090317129082089514,2026-08-20T05:56:54.000Z,ja,0,0
self-improving,https://x.com/i/status/2090315506301689920,2026-08-20T05:50:27.000Z,en,7,0
self-improving,https://x.com/i/status/2090301047600296177,2026-08-20T04:53:00.000Z,en,7,0
self-improving,https://x.com/i/status/2090291484390240465,2026-08-20T04:15:00.000Z,en,1,0
self-improving,https://x.com/i/status/2090282748242255892,2026-08-20T03:40:17.000Z,en,421,107
self-improving,https://x.com/i/status/2090276875964981672,2026-08-20T03:16:57.000Z,zxx,17,5
self-improving,https://x.com/i/status/2090248297214525569,2026-08-20T01:23:23.000Z,zxx,597,108
self-improving,https://x.com/i/status/2090240808205123806,2026-08-20T00:53:38.000Z,en,5,1
self-improving,https://x.com/i/status/2090234909860511796,2026-08-20T00:30:11.000Z,en,14,6
self-improving,https://x.com/i/status/2090219772860612821,2026-08-19T23:30:02.000Z,en,0,0
self-improving,https://x.com/i/status/2090217171829821481,2026-08-19T23:19:42.000Z,en,1,0
self-improving,https://x.com/i/status/2090204798658216072,2026-08-19T22:30:32.000Z,en,0,0
self-improving,https://x.com/i/status/2090196077110870360,2026-08-19T21:55:53.000Z,en,23,2
self-improving,https://x.com/i/status/2090182607782678580,2026-08-19T21:02:22.000Z,en,68,3
self-improving,https://x.com/i/status/2090164135174574532,2026-08-19T19:48:57.000Z,en,0,0
self-improving,https://x.com/i/status/2090160569466921370,2026-08-19T19:34:47.000Z,en,0,0
self-improving,https://x.com/i/status/2090137435145662609,2026-08-19T18:02:52.000Z,en,1,0
self-improving,https://x.com/i/status/2090136721044222275,2026-08-19T18:00:01.000Z,en,0,0
self-improving,https://x.com/i/status/2090136271985463569,2026-08-19T17:58:14.000Z,en,15,3
self-improving,https://x.com/i/status/2090134611149967683,2026-08-19T17:51:38.000Z,en,1,0
self-improving,https://x.com/i/status/2090118820870443289,2026-08-19T16:48:54.000Z,en,9,2
self-improving,https://x.com/i/status/2090113931822105000,2026-08-19T16:29:28.000Z,en,17,5
self-improving,https://x.com/i/status/2090108630909485388,2026-08-19T16:08:24.000Z,en,52,7
self-improving,https://x.com/i/status/2090106530196549997,2026-08-19T16:00:03.000Z,en,164,32
self-improving,https://x.com/i/status/2090106334402498561,2026-08-19T15:59:17.000Z,en,0,0
self-improving,https://x.com/i/status/2090106331604853152,2026-08-19T15:59:16.000Z,en,4,0
self-improving,https://x.com/i/status/2090099563977908298,2026-08-19T15:32:22.000Z,zh,20,2
self-improving,https://x.com/i/status/2090098882604843427,2026-08-19T15:29:40.000Z,en,4,3
self-improving,https://x.com/i/status/2090097587172888744,2026-08-19T15:24:31.000Z,en,0,0
self-improving,https://x.com/i/status/2090096806646395279,2026-08-19T15:21:25.000Z,en,14,1
self-improving,https://x.com/i/status/2090094533644071232,2026-08-19T15:12:23.000Z,zxx,11,0
self-improving,https://x.com/i/status/2090093339605680201,2026-08-19T15:07:38.000Z,en,0,0
self-improving,https://x.com/i/status/2090092429093621864,2026-08-19T15:04:01.000Z,en,34,5
self-improving,https://x.com/i/status/2090091276855329170,2026-08-19T14:59:27.000Z,en,1,0
self-improving,https://x.com/i/status/2090081700520841406,2026-08-19T14:21:23.000Z,en,75,4
self-improving,https://x.com/i/status/2090081504336486536,2026-08-19T14:20:37.000Z,en,4,2
self-improving,https://x.com/i/status/2090080494956302721,2026-08-19T14:16:36.000Z,en,31,1
self-improving,https://x.com/i/status/2090074077084127302,2026-08-19T13:51:06.000Z,en,6470,905
grill-with-docs,https://x.com/i/status/2090601527232647370,2026-08-21T00:47:00.000Z,zh,1,0
grill-with-docs,https://x.com/i/status/2090469996720009444,2026-08-20T16:04:20.000Z,en,1,0
grill-with-docs,https://x.com/i/status/2090446876432904646,2026-08-20T14:32:28.000Z,zh,0,1
grill-with-docs,https://x.com/i/status/2090427798674346197,2026-08-20T13:16:40.000Z,en,0,0
grill-with-docs,https://x.com/i/status/2090406896993767646,2026-08-20T11:53:36.000Z,en,0,0
grill-with-docs,https://x.com/i/status/2090382958113009796,2026-08-20T10:18:29.000Z,en,4,1
grill-with-docs,https://x.com/i/status/2090287247740338581,2026-08-20T03:58:10.000Z,en,0,0
grill-with-docs,https://x.com/i/status/2090277208040632401,2026-08-20T03:18:16.000Z,zh,4,0
grill-with-docs,https://x.com/i/status/2090258298574676136,2026-08-20T02:03:08.000Z,zh,8,2
grill-with-docs,https://x.com/i/status/2090204664109142343,2026-08-19T22:30:00.000Z,zh,2,0
grill-with-docs,https://x.com/i/status/2090129770420052343,2026-08-19T17:32:24.000Z,en,2,0
grill-with-docs,https://x.com/i/status/2090090489064075563,2026-08-19T14:56:19.000Z,en,1,0
grill-with-docs,https://x.com/i/status/2089959014008266778,2026-08-19T06:13:53.000Z,en,0,0
grill-with-docs,https://x.com/i/status/2089701724281778525,2026-08-18T13:11:30.000Z,en,0,0
grill-with-docs,https://x.com/i/status/2089237433259110429,2026-08-17T06:26:34.000Z,en,3,0
grill-with-docs,https://x.com/i/status/2088944940239962538,2026-08-16T11:04:19.000Z,en,36,3
grill-with-docs,https://x.com/i/status/2088927757128642783,2026-08-16T09:56:02.000Z,zh,166,20
grill-with-docs,https://x.com/i/status/2088812834725744835,2026-08-16T02:19:22.000Z,in,0,0
grill-with-docs,https://x.com/i/status/2088725313186382272,2026-08-15T20:31:35.000Z,en,13,0
grill-with-docs,https://x.com/i/status/2088621042612994200,2026-08-15T13:37:15.000Z,zh,0,0
grill-with-docs,https://x.com/i/status/2088543118249562138,2026-08-15T08:27:37.000Z,en,298,11
grill-with-docs,https://x.com/i/status/2088537306508726680,2026-08-15T08:04:31.000Z,in,0,0
grill-with-docs,https://x.com/i/status/2088487499081646263,2026-08-15T04:46:36.000Z,en,13,2
grill-with-docs,https://x.com/i/status/2088425281962778991,2026-08-15T00:39:22.000Z,en,1,0
grill-with-docs,https://x.com/i/status/2088252751784358173,2026-08-14T13:13:48.000Z,en,0,0
grill-with-docs,https://x.com/i/status/2088123448682029060,2026-08-14T04:40:00.000Z,en,0,0
grill-with-docs,https://x.com/i/status/2088122567458721820,2026-08-14T04:36:30.000Z,en,14,0
ontology,https://x.com/i/status/2090627972407685592,2026-08-21T02:32:05.000Z,en,0,0
ontology,https://x.com/i/status/2090594554299007342,2026-08-21T00:19:17.000Z,zxx,1,0
ontology,https://x.com/i/status/2090574860174979324,2026-08-20T23:01:02.000Z,en,1,0
ontology,https://x.com/i/status/2090555385014841718,2026-08-20T21:43:39.000Z,en,0,0
ontology,https://x.com/i/status/2090541600870994392,2026-08-20T20:48:52.000Z,en,0,0
ontology,https://x.com/i/status/2090538153396281709,2026-08-20T20:35:10.000Z,en,0,0
ontology,https://x.com/i/status/2090487869450129798,2026-08-20T17:15:22.000Z,en,0,0
ontology,https://x.com/i/status/2090454718212341969,2026-08-20T15:03:38.000Z,en,0,0
ontology,https://x.com/i/status/2090444904149536772,2026-08-20T14:24:38.000Z,en,0,0
ontology,https://x.com/i/status/2090384378232742205,2026-08-20T10:24:07.000Z,en,20,1
ontology,https://x.com/i/status/2090347734335152410,2026-08-20T07:58:31.000Z,en,24,5
ontology,https://x.com/i/status/2090340547021898102,2026-08-20T07:29:57.000Z,zxx,1,1
ontology,https://x.com/i/status/2090331025700167787,2026-08-20T06:52:07.000Z,zxx,0,0
ontology,https://x.com/i/status/2090328315320221700,2026-08-20T06:41:21.000Z,en,0,0
ontology,https://x.com/i/status/2090321564441186747,2026-08-20T06:14:31.000Z,en,3,3
ontology,https://x.com/i/status/2090309951097057386,2026-08-20T05:28:23.000Z,en,0,0
ontology,https://x.com/i/status/2090291245117489570,2026-08-20T04:14:03.000Z,en,0,1
ontology,https://x.com/i/status/2090268914014175699,2026-08-20T02:45:19.000Z,en,0,0
ontology,https://x.com/i/status/2090268894854631828,2026-08-20T02:45:14.000Z,ja,5,0
ontology,https://x.com/i/status/2090257524822044797,2026-08-20T02:00:03.000Z,en,0,0
ontology,https://x.com/i/status/2090236743114969217,2026-08-20T00:37:28.000Z,en,39,2
ontology,https://x.com/i/status/2090201944124191009,2026-08-19T22:19:12.000Z,en,8,0
ontology,https://x.com/i/status/2090150122571382894,2026-08-19T18:53:16.000Z,en,0,0
ontology,https://x.com/i/status/2090116624330510778,2026-08-19T16:40:10.000Z,en,0,0
ontology,https://x.com/i/status/2090093809631957246,2026-08-19T15:09:30.000Z,en,0,0
ontology,https://x.com/i/status/2090070073935274193,2026-08-19T13:35:11.000Z,en,13,4
ontology,https://x.com/i/status/2090069620363239507,2026-08-19T13:33:23.000Z,en,4,0
ontology,https://x.com/i/status/2090063008932278275,2026-08-19T13:07:07.000Z,en,0,0
ontology,https://x.com/i/status/2090044156966027607,2026-08-19T11:52:12.000Z,en,1,0
ontology,https://x.com/i/status/2090026524258992369,2026-08-19T10:42:08.000Z,zxx,10,0
ontology,https://x.com/i/status/2090017804343001120,2026-08-19T10:07:29.000Z,zxx,6,1
ontology,https://x.com/i/status/2089973312151498977,2026-08-19T07:10:42.000Z,en,0,0
ontology,https://x.com/i/status/2089934094461534370,2026-08-19T04:34:51.000Z,zh,0,0
ontology,https://x.com/i/status/2089922187398394089,2026-08-19T03:47:33.000Z,en,0,0
ontology,https://x.com/i/status/2089922184802078731,2026-08-19T03:47:32.000Z,en,0,1
ontology,https://x.com/i/status/2089891468567785964,2026-08-19T01:45:29.000Z,zh,0,0
ontology,https://x.com/i/status/2089880667446280284,2026-08-19T01:02:33.000Z,en,1,0
ontology,https://x.com/i/status/2089852115090833649,2026-08-18T23:09:06.000Z,en,0,0
ontology,https://x.com/i/status/2089848522006741043,2026-08-18T22:54:49.000Z,en,1,0
ontology,https://x.com/i/status/2089831214991507584,2026-08-18T21:46:03.000Z,en,1,0
ontology,https://x.com/i/status/2089812432159998193,2026-08-18T20:31:25.000Z,en,8,1
ontology,https://x.com/i/status/2089809795255562291,2026-08-18T20:20:56.000Z,en,3,0
ontology,https://x.com/i/status/2089800793490645185,2026-08-18T19:45:10.000Z,en,40,2
ontology,https://x.com/i/status/2089785877035643138,2026-08-18T18:45:54.000Z,en,0,0
ontology,https://x.com/i/status/2089763617021276449,2026-08-18T17:17:26.000Z,zxx,21,6
ontology,https://x.com/i/status/2089757868572762139,2026-08-18T16:54:36.000Z,en,3,1
ontology,https://x.com/i/status/2089732139709542730,2026-08-18T15:12:22.000Z,en,4,0
ontology,https://x.com/i/status/2089718539632435389,2026-08-18T14:18:19.000Z,en,0,0
ontology,https://x.com/i/status/2089717465354019217,2026-08-18T14:14:03.000Z,zxx,5,2
ontology,https://x.com/i/status/2089709318379815304,2026-08-18T13:41:41.000Z,en,2,1
ontology,https://x.com/i/status/2089708490969567422,2026-08-18T13:38:23.000Z,zxx,4,0
ontology,https://x.com/i/status/2089701821455401279,2026-08-18T13:11:53.000Z,en,0,0
ontology,https://x.com/i/status/2089699218722292032,2026-08-18T13:01:33.000Z,zxx,1,1
ontology,https://x.com/i/status/2089691279777210857,2026-08-18T12:30:00.000Z,en,11,4
ontology,https://x.com/i/status/2089685186464092408,2026-08-18T12:05:47.000Z,zh,45,6
ontology,https://x.com/i/status/2089662622098501864,2026-08-18T10:36:07.000Z,en,11,0
ontology,https://x.com/i/status/2089639065410806054,2026-08-18T09:02:31.000Z,en,1,0
ontology,https://x.com/i/status/2089635959210226017,2026-08-18T08:50:10.000Z,zxx,104,19
ontology,https://x.com/i/status/2089630883976540382,2026-08-18T08:30:00.000Z,en,72,17
ontology,https://x.com/i/status/2089630152355381373,2026-08-18T08:27:06.000Z,en,2,1
ontology,https://x.com/i/status/2089606252636586164,2026-08-18T06:52:08.000Z,en,0,0
ontology,https://x.com/i/status/2089589232683630832,2026-08-18T05:44:30.000Z,en,4,0
ontology,https://x.com/i/status/2089588133289750532,2026-08-18T05:40:08.000Z,en,8,1
ontology,https://x.com/i/status/2089560961505956327,2026-08-18T03:52:10.000Z,en,0,0
ontology,https://x.com/i/status/2089538142093377716,2026-08-18T02:21:29.000Z,en,6,0
ontology,https://x.com/i/status/2089535157459935551,2026-08-18T02:09:37.000Z,en,0,0
ontology,https://x.com/i/status/2089497940641644940,2026-08-17T23:41:44.000Z,zxx,2,0
ontology,https://x.com/i/status/2089479119755149712,2026-08-17T22:26:57.000Z,ja,5,0
ontology,https://x.com/i/status/2089471935256445114,2026-08-17T21:58:24.000Z,en,3,0
ontology,https://x.com/i/status/2089467601533464837,2026-08-17T21:41:11.000Z,en,0,0
ontology,https://x.com/i/status/2089466180507463741,2026-08-17T21:35:32.000Z,en,3,1
ontology,https://x.com/i/status/2089462377938907166,2026-08-17T21:20:25.000Z,en,2,0
ontology,https://x.com/i/status/2089462176016646560,2026-08-17T21:19:37.000Z,en,2,0
ontology,https://x.com/i/status/2089460814591967485,2026-08-17T21:14:13.000Z,en,0,0
ontology,https://x.com/i/status/2089442742183317570,2026-08-17T20:02:24.000Z,en,0,0
ontology,https://x.com/i/status/2089441629220503937,2026-08-17T19:57:59.000Z,en,0,0
ontology,https://x.com/i/status/2089422396382150942,2026-08-17T18:41:33.000Z,en,8,1
ontology,https://x.com/i/status/2089413849191432440,2026-08-17T18:07:35.000Z,en,1,0
ontology,https://x.com/i/status/2089411888253710370,2026-08-17T17:59:48.000Z,en,1,0
ontology,https://x.com/i/status/2089395814624031080,2026-08-17T16:55:55.000Z,en,1,0
ontology,https://x.com/i/status/2089390242587676898,2026-08-17T16:33:47.000Z,en,0,0
ontology,https://x.com/i/status/2089387928317223042,2026-08-17T16:24:35.000Z,en,0,0
ontology,https://x.com/i/status/2089387795110396169,2026-08-17T16:24:03.000Z,en,13,0
ontology,https://x.com/i/status/2089376241224945907,2026-08-17T15:38:09.000Z,zxx,4,0
ontology,https://x.com/i/status/2089362598370390371,2026-08-17T14:43:56.000Z,en,1,0
ontology,https://x.com/i/status/2089358661709651988,2026-08-17T14:28:18.000Z,en,82,9
ontology,https://x.com/i/status/2089346256858398742,2026-08-17T13:39:00.000Z,en,0,0
ontology,https://x.com/i/status/2089325686703964170,2026-08-17T12:17:16.000Z,en,7,1
ontology,https://x.com/i/status/2089322243377569956,2026-08-17T12:03:35.000Z,zxx,1,0
ontology,https://x.com/i/status/2089304720456478913,2026-08-17T10:53:57.000Z,en,5,1
ontology,https://x.com/i/status/2089299230095466652,2026-08-17T10:32:08.000Z,en,17,2
ontology,https://x.com/i/status/2089289962663329905,2026-08-17T09:55:18.000Z,en,1,0
ontology,https://x.com/i/status/2089279435665269147,2026-08-17T09:13:29.000Z,ja,5,1
ontology,https://x.com/i/status/2089247242641195147,2026-08-17T07:05:33.000Z,zh,89,8
ontology,https://x.com/i/status/2089216725963120969,2026-08-17T05:04:17.000Z,en,0,1
ontology,https://x.com/i/status/2089213683419283745,2026-08-17T04:52:12.000Z,en,1,1
ontology,https://x.com/i/status/2089213623751016481,2026-08-17T04:51:58.000Z,en,0,0
ontology,https://x.com/i/status/2089212238565372397,2026-08-17T04:46:28.000Z,en,0,1
ontology,https://x.com/i/status/2089209400489861311,2026-08-17T04:35:11.000Z,zxx,0,0
ontology,https://x.com/i/status/2089208098799903230,2026-08-17T04:30:01.000Z,en,0,0
improve-codebase-architecture,https://x.com/i/status/2090601527232647370,2026-08-21T00:47:00.000Z,zh,1,0
improve-codebase-architecture,https://x.com/i/status/2090546504465281444,2026-08-20T21:08:21.000Z,en,3,0
improve-codebase-architecture,https://x.com/i/status/2090469996720009444,2026-08-20T16:04:20.000Z,en,1,0
improve-codebase-architecture,https://x.com/i/status/2090204664109142343,2026-08-19T22:30:00.000Z,zh,2,0
improve-codebase-architecture,https://x.com/i/status/2089776819557875776,2026-08-18T18:09:54.000Z,en,0,0
improve-codebase-architecture,https://x.com/i/status/2088347666363068524,2026-08-14T19:30:57.000Z,en,1,0
improve-codebase-architecture,https://x.com/i/status/2088223573827555552,2026-08-14T11:17:51.000Z,en,1,0
github,https://x.com/i/status/2090633875198513487,2026-08-21T02:55:32.000Z,en,0,0
github,https://x.com/i/status/2090633755715383673,2026-08-21T02:55:04.000Z,en,0,0
github,https://x.com/i/status/2090633654829809944,2026-08-21T02:54:40.000Z,en,1,0
github,https://x.com/i/status/2090633548940337256,2026-08-21T02:54:14.000Z,en,0,0
github,https://x.com/i/status/2090633408561213519,2026-08-21T02:53:41.000Z,en,1,0
github,https://x.com/i/status/2090632795987247222,2026-08-21T02:51:15.000Z,en,0,0
github,https://x.com/i/status/2090632729847349389,2026-08-21T02:50:59.000Z,ja,0,0
github,https://x.com/i/status/2090632374937927798,2026-08-21T02:49:34.000Z,zxx,1,0
github,https://x.com/i/status/2090631870773973478,2026-08-21T02:47:34.000Z,en,0,0
github,https://x.com/i/status/2090631809444819326,2026-08-21T02:47:20.000Z,en,0,0
github,https://x.com/i/status/2090631214936019017,2026-08-21T02:44:58.000Z,ja,1,0
github,https://x.com/i/status/2090630626378658103,2026-08-21T02:42:38.000Z,ja,1,0
github,https://x.com/i/status/2090630397814034835,2026-08-21T02:41:43.000Z,en,0,0
github,https://x.com/i/status/2090630244734841066,2026-08-21T02:41:07.000Z,en,0,0
github,https://x.com/i/status/2090630211415208428,2026-08-21T02:40:59.000Z,ja,1,0
github,https://x.com/i/status/2090630027792830844,2026-08-21T02:40:15.000Z,zh,1,0
github,https://x.com/i/status/2090629722002673992,2026-08-21T02:39:02.000Z,en,2,0
github,https://x.com/i/status/2090629622635614246,2026-08-21T02:38:38.000Z,ja,1,0
github,https://x.com/i/status/2090629081713054093,2026-08-21T02:36:29.000Z,zh,2,0
github,https://x.com/i/status/2090628947830849607,2026-08-21T02:35:57.000Z,en,0,0
github,https://x.com/i/status/2090628064753734108,2026-08-21T02:32:27.000Z,zxx,0,0
github,https://x.com/i/status/2090627972407685592,2026-08-21T02:32:05.000Z,en,0,0
github,https://x.com/i/status/2090627455702749462,2026-08-21T02:30:02.000Z,en,0,0
github,https://x.com/i/status/2090626707057426715,2026-08-21T02:27:03.000Z,ja,0,0
github,https://x.com/i/status/2090626701214597246,2026-08-21T02:27:02.000Z,ja,0,0
github,https://x.com/i/status/2090626455248216418,2026-08-21T02:26:03.000Z,en,1,0
github,https://x.com/i/status/2090626374620811519,2026-08-21T02:25:44.000Z,en,0,0
github,https://x.com/i/status/2090626106500186602,2026-08-21T02:24:40.000Z,en,1,1
github,https://x.com/i/status/2090625258239984120,2026-08-21T02:21:18.000Z,zxx,4,0
github,https://x.com/i/status/2090625134411530264,2026-08-21T02:20:48.000Z,zh,1,0
github,https://x.com/i/status/2090625064907702536,2026-08-21T02:20:32.000Z,zh,0,0
github,https://x.com/i/status/2090624786648981523,2026-08-21T02:19:25.000Z,en,0,0
github,https://x.com/i/status/2090623077566804235,2026-08-21T02:12:38.000Z,zh,0,0
github,https://x.com/i/status/2090622007570554978,2026-08-21T02:08:23.000Z,en,0,0
github,https://x.com/i/status/2090621959671287943,2026-08-21T02:08:11.000Z,en,1,0
github,https://x.com/i/status/2090621560529039414,2026-08-21T02:06:36.000Z,zh,0,0
github,https://x.com/i/status/2090620369027866790,2026-08-21T02:01:52.000Z,zh,0,0
github,https://x.com/i/status/2090619696865579516,2026-08-21T01:59:12.000Z,ja,0,0
github,https://x.com/i/status/2090619434469912869,2026-08-21T01:58:09.000Z,zh,2,0
github,https://x.com/i/status/2090619403230695794,2026-08-21T01:58:02.000Z,ja,3,1
github,https://x.com/i/status/2090618937851445362,2026-08-21T01:56:11.000Z,en,0,0
github,https://x.com/i/status/2090618079982035298,2026-08-21T01:52:46.000Z,en,0,0
github,https://x.com/i/status/2090617644982452581,2026-08-21T01:51:03.000Z,en,1,0
github,https://x.com/i/status/2090617412106190965,2026-08-21T01:50:07.000Z,en,0,0
github,https://x.com/i/status/2090617403894112388,2026-08-21T01:50:05.000Z,zxx,4,0
github,https://x.com/i/status/2090616712152690995,2026-08-21T01:47:20.000Z,zh,2,0
github,https://x.com/i/status/2090616182319796453,2026-08-21T01:45:14.000Z,zh,2,0
github,https://x.com/i/status/2090615581846220948,2026-08-21T01:42:51.000Z,en,1,1
github,https://x.com/i/status/2090615288031261131,2026-08-21T01:41:41.000Z,en,1,0
github,https://x.com/i/status/2090614401267044412,2026-08-21T01:38:09.000Z,en,0,0
github,https://x.com/i/status/2090614302864785753,2026-08-21T01:37:46.000Z,zh,3,0
github,https://x.com/i/status/2090614208723558635,2026-08-21T01:37:23.000Z,en,0,0
github,https://x.com/i/status/2090613980343795910,2026-08-21T01:36:29.000Z,en,0,0
github,https://x.com/i/status/2090613542462599551,2026-08-21T01:34:44.000Z,en,0,0
github,https://x.com/i/status/2090612182107201876,2026-08-21T01:29:20.000Z,en,0,0
github,https://x.com/i/status/2090611610742341636,2026-08-21T01:27:04.000Z,ja,0,0
github,https://x.com/i/status/2090611577980436863,2026-08-21T01:26:56.000Z,en,1,0
github,https://x.com/i/status/2090611424707936567,2026-08-21T01:26:19.000Z,en,2,0
github,https://x.com/i/status/2090610588313616661,2026-08-21T01:23:00.000Z,en,12,0
github,https://x.com/i/status/2090610279675519292,2026-08-21T01:21:46.000Z,en,0,0
github,https://x.com/i/status/2090610208355790939,2026-08-21T01:21:29.000Z,ja,1,0
github,https://x.com/i/status/2090610158753943675,2026-08-21T01:21:18.000Z,ja,4,1
github,https://x.com/i/status/2090609985214464020,2026-08-21T01:20:36.000Z,en,4,0
github,https://x.com/i/status/2090609964196774020,2026-08-21T01:20:31.000Z,en,7,0
github,https://x.com/i/status/2090609647849779399,2026-08-21T01:19:16.000Z,en,0,0
github,https://x.com/i/status/2090608293903212687,2026-08-21T01:13:53.000Z,en,2,0
github,https://x.com/i/status/2090608168212844962,2026-08-21T01:13:23.000Z,en,13,0
github,https://x.com/i/status/2090606781768605713,2026-08-21T01:07:53.000Z,en,2,0
github,https://x.com/i/status/2090605700560896194,2026-08-21T01:03:35.000Z,en,0,0
github,https://x.com/i/status/2090604959993852237,2026-08-21T01:00:38.000Z,zh,3,0
github,https://x.com/i/status/2090604802967495051,2026-08-21T01:00:01.000Z,en,2,0
github,https://x.com/i/status/2090601735513330100,2026-08-21T00:47:49.000Z,en,0,0
github,https://x.com/i/status/2090600002745774209,2026-08-21T00:40:56.000Z,en,4,0
github,https://x.com/i/status/2090599131517423667,2026-08-21T00:37:29.000Z,en,0,0
github,https://x.com/i/status/2090598945907261791,2026-08-21T00:36:44.000Z,zxx,0,0
github,https://x.com/i/status/2090598635029598224,2026-08-21T00:35:30.000Z,en,5,0
github,https://x.com/i/status/2090598102738854053,2026-08-21T00:33:23.000Z,ja,0,0
github,https://x.com/i/status/2090597501455700180,2026-08-21T00:31:00.000Z,en,5,0
github,https://x.com/i/status/2090596841289306300,2026-08-21T00:28:23.000Z,ja,1,1
github,https://x.com/i/status/2090596733604761958,2026-08-21T00:27:57.000Z,zxx,2,0
github,https://x.com/i/status/2090595760970608755,2026-08-21T00:24:05.000Z,zxx,0,0
github,https://x.com/i/status/2090595577029632106,2026-08-21T00:23:21.000Z,en,0,0
github,https://x.com/i/status/2090594955488325999,2026-08-21T00:20:53.000Z,zxx,7,1
github,https://x.com/i/status/2090594930301510101,2026-08-21T00:20:47.000Z,zxx,4,0
github,https://x.com/i/status/2090594499911368812,2026-08-21T00:19:04.000Z,en,0,0
github,https://x.com/i/status/2090594439219785937,2026-08-21T00:18:50.000Z,zxx,9,1
github,https://x.com/i/status/2090593439482278003,2026-08-21T00:14:51.000Z,zh,4,1
github,https://x.com/i/status/2090592072713879921,2026-08-21T00:09:26.000Z,ja,0,0
github,https://x.com/i/status/2090591912470401414,2026-08-21T00:08:47.000Z,ja,0,0
github,https://x.com/i/status/2090590991900393557,2026-08-21T00:05:08.000Z,zxx,4,0
github,https://x.com/i/status/2090590348477403644,2026-08-21T00:02:35.000Z,zxx,1,0
github,https://x.com/i/status/2090589711664619800,2026-08-21T00:00:03.000Z,zh,14,0
github,https://x.com/i/status/2090589706354672101,2026-08-21T00:00:01.000Z,en,0,0
github,https://x.com/i/status/2090588590019375552,2026-08-20T23:55:35.000Z,en,14,0
github,https://x.com/i/status/2090588423350616494,2026-08-20T23:54:56.000Z,en,69,3
github,https://x.com/i/status/2090588146945933601,2026-08-20T23:53:50.000Z,ja,1,0
github,https://x.com/i/status/2090587077457195283,2026-08-20T23:49:35.000Z,en,5,0
github,https://x.com/i/status/2090587015272403373,2026-08-20T23:49:20.000Z,zxx,33,2
github,https://x.com/i/status/2090586910569758993,2026-08-20T23:48:55.000Z,es,225,8
github,https://x.com/i/status/2090586734316896374,2026-08-20T23:48:13.000Z,zxx,2,1
tdd,https://x.com/i/status/2090616935604179235,2026-08-21T01:48:13.000Z,ja,6,0
tdd,https://x.com/i/status/2090616148505264578,2026-08-21T01:45:06.000Z,ja,7,0
tdd,https://x.com/i/status/2090601527232647370,2026-08-21T00:47:00.000Z,zh,1,0
tdd,https://x.com/i/status/2090594439219785937,2026-08-21T00:18:50.000Z,zxx,9,1
tdd,https://x.com/i/status/2090574715744051408,2026-08-20T23:00:27.000Z,en,0,0
tdd,https://x.com/i/status/2090538639256433080,2026-08-20T20:37:06.000Z,en,16,1
tdd,https://x.com/i/status/2090523440742912503,2026-08-20T19:36:42.000Z,en,0,0
tdd,https://x.com/i/status/2090511521776300346,2026-08-20T18:49:21.000Z,en,1,0
tdd,https://x.com/i/status/2090455863739982234,2026-08-20T15:08:11.000Z,ja,0,0
tdd,https://x.com/i/status/2090446876432904646,2026-08-20T14:32:28.000Z,zh,0,1
tdd,https://x.com/i/status/2090442890212495702,2026-08-20T14:16:38.000Z,ja,0,0
tdd,https://x.com/i/status/2090438201383244000,2026-08-20T13:58:00.000Z,en,6,0
tdd,https://x.com/i/status/2090427798674346197,2026-08-20T13:16:40.000Z,en,0,0
tdd,https://x.com/i/status/2090425131684266336,2026-08-20T13:06:04.000Z,ar,403,45
tdd,https://x.com/i/status/2090413637395771853,2026-08-20T12:20:23.000Z,ja,5,1
tdd,https://x.com/i/status/2090400194877895115,2026-08-20T11:26:58.000Z,en,0,0
tdd,https://x.com/i/status/2090393287303610700,2026-08-20T10:59:31.000Z,es,0,0
tdd,https://x.com/i/status/2090391227199840375,2026-08-20T10:51:20.000Z,en,0,0
tdd,https://x.com/i/status/2090344332737798532,2026-08-20T07:45:00.000Z,zh,0,0
tdd,https://x.com/i/status/2090323170272133588,2026-08-20T06:20:54.000Z,en,5,0
tdd,https://x.com/i/status/2090287343253201130,2026-08-20T03:58:32.000Z,ja,0,0
tdd,https://x.com/i/status/2090269372703224193,2026-08-20T02:47:08.000Z,zh,0,0
tdd,https://x.com/i/status/2090269370786472154,2026-08-20T02:47:07.000Z,zh,0,0
tdd,https://x.com/i/status/2090269351593353615,2026-08-20T02:47:03.000Z,zh,0,0
tdd,https://x.com/i/status/2090267160019091653,2026-08-20T02:38:20.000Z,en,1,0
tdd,https://x.com/i/status/2090258298574676136,2026-08-20T02:03:08.000Z,zh,8,2
tdd,https://x.com/i/status/2090244691732427027,2026-08-20T01:09:04.000Z,en,0,0
tdd,https://x.com/i/status/2090225202676506886,2026-08-19T23:51:37.000Z,en,1,0
tdd,https://x.com/i/status/2090204664109142343,2026-08-19T22:30:00.000Z,zh,2,0
tdd,https://x.com/i/status/2090183264560353521,2026-08-19T21:04:58.000Z,zxx,2,0
tdd,https://x.com/i/status/2090158595220685256,2026-08-19T19:26:57.000Z,en,2,0
tdd,https://x.com/i/status/2090143906117861867,2026-08-19T18:28:34.000Z,zxx,0,0
tdd,https://x.com/i/status/2090068417902735390,2026-08-19T13:28:37.000Z,en,1,0
tdd,https://x.com/i/status/2090055605738225954,2026-08-19T12:37:42.000Z,en,0,0
tdd,https://x.com/i/status/2090038711153008907,2026-08-19T11:30:34.000Z,en,6,0
tdd,https://x.com/i/status/2090038709018075369,2026-08-19T11:30:33.000Z,es,10,0
tdd,https://x.com/i/status/2090038685509038230,2026-08-19T11:30:28.000Z,es,15,1
tdd,https://x.com/i/status/2090012395477278983,2026-08-19T09:46:00.000Z,zh,0,0
tdd,https://x.com/i/status/2090011931142701201,2026-08-19T09:44:09.000Z,ar,0,0
tdd,https://x.com/i/status/2089942599113077229,2026-08-19T05:08:39.000Z,en,1,0
tdd,https://x.com/i/status/2089941045924733310,2026-08-19T05:02:29.000Z,zh,3,0
tdd,https://x.com/i/status/2089940350584717479,2026-08-19T04:59:43.000Z,ja,0,0
tdd,https://x.com/i/status/2089903605877006588,2026-08-19T02:33:42.000Z,en,4,0
tdd,https://x.com/i/status/2089893855730786381,2026-08-19T01:54:58.000Z,en,1,0
tdd,https://x.com/i/status/2089890829515026768,2026-08-19T01:42:56.000Z,in,0,0
tdd,https://x.com/i/status/2089835493005680959,2026-08-18T22:03:03.000Z,en,4,0
tdd,https://x.com/i/status/2089832195787460946,2026-08-18T21:49:57.000Z,en,1,0
tdd,https://x.com/i/status/2089818817790939418,2026-08-18T20:56:47.000Z,en,0,0
tdd,https://x.com/i/status/2089809535779180657,2026-08-18T20:19:54.000Z,en,3,0
tdd,https://x.com/i/status/2089781575953047870,2026-08-18T18:28:48.000Z,pt,0,0
tdd,https://x.com/i/status/2089781563898593778,2026-08-18T18:28:45.000Z,pt,1,0
tdd,https://x.com/i/status/2089775656708014404,2026-08-18T18:05:17.000Z,en,0,0
tdd,https://x.com/i/status/2089742713356792054,2026-08-18T15:54:23.000Z,fr,49,12
tdd,https://x.com/i/status/2089658289286193654,2026-08-18T10:18:54.000Z,ja,2,0
tdd,https://x.com/i/status/2089635589654000063,2026-08-18T08:48:42.000Z,en,0,0
tdd,https://x.com/i/status/2089632656468132348,2026-08-18T08:37:03.000Z,en,2,0
tdd,https://x.com/i/status/2089624401515839727,2026-08-18T08:04:15.000Z,en,0,0
tdd,https://x.com/i/status/2089596365672272142,2026-08-18T06:12:51.000Z,en,1,0
tdd,https://x.com/i/status/2089580549732008193,2026-08-18T05:10:00.000Z,zh,0,0
tdd,https://x.com/i/status/2089556786940674365,2026-08-18T03:35:34.000Z,vi,0,0
tdd,https://x.com/i/status/2089538404979753277,2026-08-18T02:22:32.000Z,zh,28,3
tdd,https://x.com/i/status/2089537427803390182,2026-08-18T02:18:39.000Z,vi,31,1
tdd,https://x.com/i/status/2089529537390629048,2026-08-18T01:47:17.000Z,en,1,0
tdd,https://x.com/i/status/2089462268643704843,2026-08-17T21:19:59.000Z,en,62,6
tdd,https://x.com/i/status/2089405604951703993,2026-08-17T17:34:50.000Z,en,2,0
tdd,https://x.com/i/status/2089306267839775112,2026-08-17T11:00:06.000Z,es,0,0
tdd,https://x.com/i/status/2089284892505100525,2026-08-17T09:35:10.000Z,en,0,0
tdd,https://x.com/i/status/2089264718662012994,2026-08-17T08:15:00.000Z,zh,5,1
tdd,https://x.com/i/status/2089249163863306286,2026-08-17T07:13:11.000Z,en,0,0
tdd,https://x.com/i/status/2089230984604451283,2026-08-17T06:00:57.000Z,en,79,9
tdd,https://x.com/i/status/2089107409750876292,2026-08-16T21:49:54.000Z,en,8,1
tdd,https://x.com/i/status/2089083476092113122,2026-08-16T20:14:48.000Z,en,0,0
tdd,https://x.com/i/status/2089069886806892975,2026-08-16T19:20:48.000Z,en,0,0
tdd,https://x.com/i/status/2089064892263240081,2026-08-16T19:00:57.000Z,en,0,0
tdd,https://x.com/i/status/2089061635319107766,2026-08-16T18:48:01.000Z,en,2,0
tdd,https://x.com/i/status/2089038421272780877,2026-08-16T17:15:46.000Z,en,2,0
tdd,https://x.com/i/status/2089030081767153955,2026-08-16T16:42:38.000Z,en,0,0
tdd,https://x.com/i/status/2089027143736938527,2026-08-16T16:30:57.000Z,en,0,0
tdd,https://x.com/i/status/2089023919227306448,2026-08-16T16:18:09.000Z,en,0,0
tdd,https://x.com/i/status/2089018747101028656,2026-08-16T15:57:36.000Z,en,3,0
tdd,https://x.com/i/status/2089017531147210944,2026-08-16T15:52:46.000Z,en,2,0
tdd,https://x.com/i/status/2089013077664481687,2026-08-16T15:35:04.000Z,en,1,0
tdd,https://x.com/i/status/2088982215338217654,2026-08-16T13:32:26.000Z,en,0,0
tdd,https://x.com/i/status/2088978145609154705,2026-08-16T13:16:15.000Z,en,2,0
tdd,https://x.com/i/status/2088943002467115352,2026-08-16T10:56:37.000Z,en,163,15
tdd,https://x.com/i/status/2088915875604930630,2026-08-16T09:08:49.000Z,zxx,7,1
tdd,https://x.com/i/status/2088896630376546775,2026-08-16T07:52:21.000Z,ja,3,1
tdd,https://x.com/i/status/2088859188684534170,2026-08-16T05:23:34.000Z,zh,5,0
tdd,https://x.com/i/status/2088831473415843987,2026-08-16T03:33:26.000Z,en,1,0
tdd,https://x.com/i/status/2088831184239501597,2026-08-16T03:32:17.000Z,en,3,0
tdd,https://x.com/i/status/2088819358743040217,2026-08-16T02:45:18.000Z,pt,0,0
tdd,https://x.com/i/status/2088784150816059901,2026-08-16T00:25:23.000Z,ja,1,0
tdd,https://x.com/i/status/2088783963188084976,2026-08-16T00:24:39.000Z,en,2,0
tdd,https://x.com/i/status/2088771233563447497,2026-08-15T23:34:04.000Z,ja,0,0
tdd,https://x.com/i/status/2088718977564397664,2026-08-15T20:06:25.000Z,en,0,0
tdd,https://x.com/i/status/2088635638497353747,2026-08-15T14:35:15.000Z,en,1,0
tdd,https://x.com/i/status/2088615449760292897,2026-08-15T13:15:02.000Z,ja,1,0
tdd,https://x.com/i/status/2088612063970996564,2026-08-15T13:01:35.000Z,es,19,3
tdd,https://x.com/i/status/2088569492070637705,2026-08-15T10:12:25.000Z,en,2,0
tdd,https://x.com/i/status/2088540411870765082,2026-08-15T08:16:52.000Z,zh,0,0
gog,https://x.com/i/status/2090626953397076331,2026-08-21T02:28:02.000Z,en,0,0
gog,https://x.com/i/status/2090570418314706969,2026-08-20T22:43:23.000Z,en,0,0
gog,https://x.com/i/status/2090545022789648796,2026-08-20T21:02:28.000Z,en,0,0
gog,https://x.com/i/status/2090486864499048729,2026-08-20T17:11:22.000Z,en,1,0
gog,https://x.com/i/status/2090472086741381516,2026-08-20T16:12:39.000Z,en,0,0
gog,https://x.com/i/status/2090456880909009261,2026-08-20T15:12:13.000Z,zh,0,0
gog,https://x.com/i/status/2090017804343001120,2026-08-19T10:07:29.000Z,zxx,6,1
gog,https://x.com/i/status/2089968996393082940,2026-08-19T06:53:33.000Z,zxx,0,0
gog,https://x.com/i/status/2089932592191565862,2026-08-19T04:28:53.000Z,en,4,0
gog,https://x.com/i/status/2089925950561542226,2026-08-19T04:02:30.000Z,en,0,0
gog,https://x.com/i/status/2089787606909247861,2026-08-18T18:52:46.000Z,en,0,0
gog,https://x.com/i/status/2089453058799325233,2026-08-17T20:43:24.000Z,en,1,0
gog,https://x.com/i/status/2089240092783333740,2026-08-17T06:37:08.000Z,pl,0,0
gog,https://x.com/i/status/2089138443406250351,2026-08-16T23:53:13.000Z,en,2,0
gog,https://x.com/i/status/2088995405853827261,2026-08-16T14:24:51.000Z,en,12,0
gog,https://x.com/i/status/2088807971975516270,2026-08-16T02:00:03.000Z,en,95,12
gog,https://x.com/i/status/2088753497634206151,2026-08-15T22:23:35.000Z,en,0,0
gog,https://x.com/i/status/2088659606218121341,2026-08-15T16:10:30.000Z,zxx,7,1
gog,https://x.com/i/status/2088421737553957098,2026-08-15T00:25:17.000Z,en,137,6
gog,https://x.com/i/status/2088375565313101838,2026-08-14T21:21:49.000Z,en,0,0
gog,https://x.com/i/status/2088292192632889380,2026-08-14T15:50:31.000Z,en,3,0
gog,https://x.com/i/status/2088289801472753667,2026-08-14T15:41:01.000Z,en,2,0
gog,https://x.com/i/status/2088205006906532301,2026-08-14T10:04:05.000Z,en,1,0
agent-browser,https://x.com/i/status/2090615337901273331,2026-08-21T01:41:52.000Z,en,0,0
agent-browser,https://x.com/i/status/2090588004704469303,2026-08-20T23:53:16.000Z,en,1,0
agent-browser,https://x.com/i/status/2090529492636709089,2026-08-20T20:00:45.000Z,en,3,0
agent-browser,https://x.com/i/status/2090493945075937287,2026-08-20T17:39:30.000Z,en,1,0
agent-browser,https://x.com/i/status/2090485821027860978,2026-08-20T17:07:13.000Z,en,0,0
agent-browser,https://x.com/i/status/2090485355296461249,2026-08-20T17:05:22.000Z,en,1,0
agent-browser,https://x.com/i/status/2090457217606566242,2026-08-20T15:13:34.000Z,en,0,0
agent-browser,https://x.com/i/status/2090457048634757198,2026-08-20T15:12:53.000Z,en,6,0
agent-browser,https://x.com/i/status/2090445259356655700,2026-08-20T14:26:03.000Z,en,0,0
agent-browser,https://x.com/i/status/2090443470942937363,2026-08-20T14:18:56.000Z,zxx,0,0
agent-browser,https://x.com/i/status/2090369201378570550,2026-08-20T09:23:49.000Z,zh,0,0
agent-browser,https://x.com/i/status/2090346035558133945,2026-08-20T07:51:46.000Z,en,2,0
agent-browser,https://x.com/i/status/2090329250071011826,2026-08-20T06:45:04.000Z,en,0,0
agent-browser,https://x.com/i/status/2090310469466628303,2026-08-20T05:30:26.000Z,en,3,1
agent-browser,https://x.com/i/status/2090272597422588193,2026-08-20T02:59:57.000Z,en,7,0
agent-browser,https://x.com/i/status/2090256755397906793,2026-08-20T01:57:00.000Z,zh,0,0
agent-browser,https://x.com/i/status/2090252470610243767,2026-08-20T01:39:58.000Z,en,10,1
agent-browser,https://x.com/i/status/2090195227965571176,2026-08-19T21:52:30.000Z,en,0,0
agent-browser,https://x.com/i/status/2090182448445358364,2026-08-19T21:01:44.000Z,en,0,0
agent-browser,https://x.com/i/status/2090172303250497554,2026-08-19T20:21:25.000Z,en,0,0
agent-browser,https://x.com/i/status/2090144634744000645,2026-08-19T18:31:28.000Z,ar,10,0
agent-browser,https://x.com/i/status/2090127998808899740,2026-08-19T17:25:22.000Z,en,0,0
agent-browser,https://x.com/i/status/2090127544209068348,2026-08-19T17:23:33.000Z,en,0,0
agent-browser,https://x.com/i/status/2090117667034394700,2026-08-19T16:44:18.000Z,en,0,0
agent-browser,https://x.com/i/status/2090117624755851469,2026-08-19T16:44:08.000Z,en,24,1
agent-browser,https://x.com/i/status/2090116102152196482,2026-08-19T16:38:05.000Z,en,1,0
agent-browser,https://x.com/i/status/2090112746427924940,2026-08-19T16:24:45.000Z,en,4,0
agent-browser,https://x.com/i/status/2090073862788510167,2026-08-19T13:50:15.000Z,en,3,0
agent-browser,https://x.com/i/status/2090061094685429914,2026-08-19T12:59:31.000Z,en,0,0
agent-browser,https://x.com/i/status/2090031668380020942,2026-08-19T11:02:35.000Z,ja,0,0
agent-browser,https://x.com/i/status/2090025783817285844,2026-08-19T10:39:12.000Z,en,0,0
agent-browser,https://x.com/i/status/2090014745155809446,2026-08-19T09:55:20.000Z,en,2,1
agent-browser,https://x.com/i/status/2090012656799207932,2026-08-19T09:47:02.000Z,en,2,0
agent-browser,https://x.com/i/status/2089922918474215842,2026-08-19T03:50:27.000Z,zh,0,0
agent-browser,https://x.com/i/status/2089922330290188304,2026-08-19T03:48:07.000Z,zh,38,7
agent-browser,https://x.com/i/status/2089918765228327086,2026-08-19T03:33:57.000Z,en,0,0
agent-browser,https://x.com/i/status/2089887751852445890,2026-08-19T01:30:42.000Z,en,0,0
agent-browser,https://x.com/i/status/2089880540866556410,2026-08-19T01:02:03.000Z,zh,1,0
agent-browser,https://x.com/i/status/2089869223501971464,2026-08-19T00:17:05.000Z,en,3,0
agent-browser,https://x.com/i/status/2089829546967113790,2026-08-18T21:39:25.000Z,en,0,0
agent-browser,https://x.com/i/status/2089813149868298649,2026-08-18T20:34:16.000Z,en,1,0
agent-browser,https://x.com/i/status/2089778211861491751,2026-08-18T18:15:26.000Z,en,71,1
agent-browser,https://x.com/i/status/2089747215271043286,2026-08-18T16:12:16.000Z,en,3,0
agent-browser,https://x.com/i/status/2089737322959127017,2026-08-18T15:32:57.000Z,en,3,1
agent-browser,https://x.com/i/status/2089734098701160849,2026-08-18T15:20:09.000Z,en,58,2
agent-browser,https://x.com/i/status/2089731455455011246,2026-08-18T15:09:38.000Z,zh,0,0
agent-browser,https://x.com/i/status/2089721690393575899,2026-08-18T14:30:50.000Z,en,0,0
agent-browser,https://x.com/i/status/2089719775270248640,2026-08-18T14:23:14.000Z,pt,2,0
agent-browser,https://x.com/i/status/2089692963701968902,2026-08-18T12:36:41.000Z,en,0,0
agent-browser,https://x.com/i/status/2089692456996536542,2026-08-18T12:34:41.000Z,en,0,0
agent-browser,https://x.com/i/status/2089690067082105025,2026-08-18T12:25:11.000Z,en,0,0
agent-browser,https://x.com/i/status/2089657813081497692,2026-08-18T10:17:01.000Z,en,1,0
agent-browser,https://x.com/i/status/2089642661699256420,2026-08-18T09:16:48.000Z,en,5,0
agent-browser,https://x.com/i/status/2089602973999739033,2026-08-18T06:39:06.000Z,en,0,0
agent-browser,https://x.com/i/status/2089602724149252444,2026-08-18T06:38:07.000Z,en,0,0
agent-browser,https://x.com/i/status/2089568544224891162,2026-08-18T04:22:17.000Z,zh,0,0
agent-browser,https://x.com/i/status/2089559472419078524,2026-08-18T03:46:15.000Z,en,0,0
agent-browser,https://x.com/i/status/2089536499884986785,2026-08-18T02:14:57.000Z,zh,1,0
agent-browser,https://x.com/i/status/2089511050173469117,2026-08-18T00:33:50.000Z,qme,7,0
agent-browser,https://x.com/i/status/2089496531451650306,2026-08-17T23:36:08.000Z,en,1,0
agent-browser,https://x.com/i/status/2089495855132823968,2026-08-17T23:33:27.000Z,en,0,0
agent-browser,https://x.com/i/status/2089485458430480812,2026-08-17T22:52:08.000Z,en,1,0
agent-browser,https://x.com/i/status/2089446793826435523,2026-08-17T20:18:30.000Z,en,3,0
agent-browser,https://x.com/i/status/2089445480002363723,2026-08-17T20:13:17.000Z,ar,1,0
agent-browser,https://x.com/i/status/2089429682337034663,2026-08-17T19:10:30.000Z,en,2,0
agent-browser,https://x.com/i/status/2089419816490709167,2026-08-17T18:31:18.000Z,en,0,0
agent-browser,https://x.com/i/status/2089416097049235906,2026-08-17T18:16:31.000Z,en,1,0
agent-browser,https://x.com/i/status/2089416002652262868,2026-08-17T18:16:09.000Z,en,0,0
agent-browser,https://x.com/i/status/2089415570903146971,2026-08-17T18:14:26.000Z,en,0,0
agent-browser,https://x.com/i/status/2089409147032719780,2026-08-17T17:48:54.000Z,ko,25,2
agent-browser,https://x.com/i/status/2089385377555415204,2026-08-17T16:14:27.000Z,en,0,0
agent-browser,https://x.com/i/status/2089380776844603615,2026-08-17T15:56:10.000Z,en,1,0
agent-browser,https://x.com/i/status/2089369893250457941,2026-08-17T15:12:55.000Z,en,0,0
agent-browser,https://x.com/i/status/2089355852188631287,2026-08-17T14:17:08.000Z,pt,0,0
agent-browser,https://x.com/i/status/2089325111841075240,2026-08-17T12:14:59.000Z,en,0,0
agent-browser,https://x.com/i/status/2089320561444786357,2026-08-17T11:56:54.000Z,en,1,0
agent-browser,https://x.com/i/status/2089313168178724918,2026-08-17T11:27:31.000Z,en,2,0
agent-browser,https://x.com/i/status/2089266560934273092,2026-08-17T08:22:19.000Z,en,0,0
agent-browser,https://x.com/i/status/2089266559789199763,2026-08-17T08:22:19.000Z,en,5,0
agent-browser,https://x.com/i/status/2089242632501301569,2026-08-17T06:47:14.000Z,en,8,2
agent-browser,https://x.com/i/status/2089228912853500321,2026-08-17T05:52:43.000Z,en,0,0
agent-browser,https://x.com/i/status/2089203619463663928,2026-08-17T04:12:13.000Z,en,1,0
agent-browser,https://x.com/i/status/2089196298440212659,2026-08-17T03:43:07.000Z,zxx,21,0
agent-browser,https://x.com/i/status/2089185026802069923,2026-08-17T02:58:20.000Z,zh,0,0
agent-browser,https://x.com/i/status/2089173001870950777,2026-08-17T02:10:33.000Z,en,2,0
agent-browser,https://x.com/i/status/2089167110790430851,2026-08-17T01:47:08.000Z,en,0,0
agent-browser,https://x.com/i/status/2089086901823168568,2026-08-16T20:28:25.000Z,pt,1,0
agent-browser,https://x.com/i/status/2089086696415514749,2026-08-16T20:27:36.000Z,pt,1,0
agent-browser,https://x.com/i/status/2089083817155780711,2026-08-16T20:16:09.000Z,en,0,0
agent-browser,https://x.com/i/status/2089080460215189747,2026-08-16T20:02:49.000Z,en,12,0
agent-browser,https://x.com/i/status/2089080231684358622,2026-08-16T20:01:55.000Z,en,317,9
agent-browser,https://x.com/i/status/2089071567624155137,2026-08-16T19:27:29.000Z,en,83,3
agent-browser,https://x.com/i/status/2089070322377195638,2026-08-16T19:22:32.000Z,en,0,0
agent-browser,https://x.com/i/status/2089065790729277488,2026-08-16T19:04:32.000Z,en,0,0
agent-browser,https://x.com/i/status/2089061300383125905,2026-08-16T18:46:41.000Z,qme,2,0
agent-browser,https://x.com/i/status/2089044277485613525,2026-08-16T17:39:02.000Z,en,1,0
agent-browser,https://x.com/i/status/2089021049765851463,2026-08-16T16:06:45.000Z,ja,1,0
agent-browser,https://x.com/i/status/2089018651504455721,2026-08-16T15:57:13.000Z,en,1,0
agent-browser,https://x.com/i/status/2089012509902815549,2026-08-16T15:32:48.000Z,en,0,0
agent-browser,https://x.com/i/status/2088959080681652264,2026-08-16T12:00:30.000Z,en,2,0
setup-matt-pocock-skills,https://x.com/i/status/2090244691732427027,2026-08-20T01:09:04.000Z,en,0,0
proactive-agent,https://x.com/i/status/2090627889146560882,2026-08-21T02:31:45.000Z,en,1,0
proactive-agent,https://x.com/i/status/2090609902427275364,2026-08-21T01:20:17.000Z,en,0,0
proactive-agent,https://x.com/i/status/2090569508654321993,2026-08-20T22:39:46.000Z,en,3,0
proactive-agent,https://x.com/i/status/2090558873262231679,2026-08-20T21:57:30.000Z,en,0,0
proactive-agent,https://x.com/i/status/2090530167412359519,2026-08-20T20:03:26.000Z,en,0,0
proactive-agent,https://x.com/i/status/2090530163754979357,2026-08-20T20:03:25.000Z,en,0,0
proactive-agent,https://x.com/i/status/2090530160613429493,2026-08-20T20:03:25.000Z,en,0,0
proactive-agent,https://x.com/i/status/2090502543482778010,2026-08-20T18:13:40.000Z,en,0,0
proactive-agent,https://x.com/i/status/2090491399817105645,2026-08-20T17:29:23.000Z,en,34,6
proactive-agent,https://x.com/i/status/2090348116092612735,2026-08-20T08:00:02.000Z,en,55,14
proactive-agent,https://x.com/i/status/2090131598200938611,2026-08-19T17:39:40.000Z,en,4,0
proactive-agent,https://x.com/i/status/2090037334490194358,2026-08-19T11:25:06.000Z,en,44,0
proactive-agent,https://x.com/i/status/2090034363744620898,2026-08-19T11:13:17.000Z,en,97,2
proactive-agent,https://x.com/i/status/2089858440487117222,2026-08-18T23:34:14.000Z,en,3,0
proactive-agent,https://x.com/i/status/2089804339728531535,2026-08-18T19:59:15.000Z,en,1,0
proactive-agent,https://x.com/i/status/2089791404398546976,2026-08-18T19:07:51.000Z,en,106,11
proactive-agent,https://x.com/i/status/2089766151714689291,2026-08-18T17:27:31.000Z,en,54,12
proactive-agent,https://x.com/i/status/2089730144873140614,2026-08-18T15:04:26.000Z,ar,0,0
proactive-agent,https://x.com/i/status/2089513041188487432,2026-08-18T00:41:44.000Z,en,1,0
proactive-agent,https://x.com/i/status/2089351538179235910,2026-08-17T13:59:59.000Z,en,0,0
proactive-agent,https://x.com/i/status/2089279186301075532,2026-08-17T09:12:29.000Z,en,0,0
proactive-agent,https://x.com/i/status/2089204085912457427,2026-08-17T04:14:04.000Z,en,0,0
proactive-agent,https://x.com/i/status/2089192492105449541,2026-08-17T03:28:00.000Z,zh,1,0
proactive-agent,https://x.com/i/status/2089032581794910346,2026-08-16T16:52:34.000Z,ja,5,0
proactive-agent,https://x.com/i/status/2088864079930634613,2026-08-16T05:43:00.000Z,fa,22,0
proactive-agent,https://x.com/i/status/2088843842976116803,2026-08-16T04:22:35.000Z,en,5,0
proactive-agent,https://x.com/i/status/2088787749025337599,2026-08-16T00:39:41.000Z,en,4,0
proactive-agent,https://x.com/i/status/2088706842604224889,2026-08-15T19:18:12.000Z,en,5,0
proactive-agent,https://x.com/i/status/2088205850464616673,2026-08-14T10:07:26.000Z,en,0,1
proactive-agent,https://x.com/i/status/2088143039688753452,2026-08-14T05:57:51.000Z,en,6,0
vercel-react-best-practices,https://x.com/i/status/2089706412222173442,2026-08-18T13:30:08.000Z,ja,32,2
vercel-react-best-practices,https://x.com/i/status/2089525278267826301,2026-08-18T01:30:22.000Z,zh,437,88
weather,https://x.com/i/status/2090622738612273527,2026-08-21T02:11:17.000Z,en,0,0
weather,https://x.com/i/status/2090619569844920743,2026-08-21T01:58:41.000Z,zxx,7,3
weather,https://x.com/i/status/2090613180674302017,2026-08-21T01:33:18.000Z,zxx,0,1
weather,https://x.com/i/status/2090605342145012194,2026-08-21T01:02:09.000Z,en,0,0
weather,https://x.com/i/status/2090605074993098822,2026-08-21T01:01:06.000Z,en,0,0
weather,https://x.com/i/status/2090604807039980009,2026-08-21T01:00:02.000Z,en,0,0
weather,https://x.com/i/status/2090591646475768200,2026-08-21T00:07:44.000Z,en,2,0
weather,https://x.com/i/status/2090589593901191663,2026-08-20T23:59:35.000Z,en,2,0
weather,https://x.com/i/status/2090587015272403373,2026-08-20T23:49:20.000Z,zxx,33,2
weather,https://x.com/i/status/2090584590255607812,2026-08-20T23:39:42.000Z,en,0,0
weather,https://x.com/i/status/2090568463576076316,2026-08-20T22:35:37.000Z,en,1,1
weather,https://x.com/i/status/2090543394372067732,2026-08-20T20:56:00.000Z,en,1,0
weather,https://x.com/i/status/2090538639256433080,2026-08-20T20:37:06.000Z,en,16,1
weather,https://x.com/i/status/2090532308730425686,2026-08-20T20:11:57.000Z,en,8,1
weather,https://x.com/i/status/2090531032735055981,2026-08-20T20:06:53.000Z,en,0,0
weather,https://x.com/i/status/2090529503646715959,2026-08-20T20:00:48.000Z,en,0,0
weather,https://x.com/i/status/2090525414124884311,2026-08-20T19:44:33.000Z,en,3,1
weather,https://x.com/i/status/2090521361290563989,2026-08-20T19:28:27.000Z,en,0,0
weather,https://x.com/i/status/2090521152154157471,2026-08-20T19:27:37.000Z,en,3,3
weather,https://x.com/i/status/2090519285625995649,2026-08-20T19:20:12.000Z,zxx,2,1
weather,https://x.com/i/status/2090518295300710450,2026-08-20T19:16:16.000Z,en,9,1
weather,https://x.com/i/status/2090518109018841293,2026-08-20T19:15:31.000Z,en,6,0
weather,https://x.com/i/status/2090516131975250056,2026-08-20T19:07:40.000Z,en,0,1
weather,https://x.com/i/status/2090510438731771912,2026-08-20T18:45:03.000Z,zxx,0,0
weather,https://x.com/i/status/2090502884278292562,2026-08-20T18:15:01.000Z,en,0,0
weather,https://x.com/i/status/2090500171843195344,2026-08-20T18:04:15.000Z,en,0,0
weather,https://x.com/i/status/2090499458211402019,2026-08-20T18:01:25.000Z,en,0,0
weather,https://x.com/i/status/2090499354767331685,2026-08-20T18:01:00.000Z,en,16,8
weather,https://x.com/i/status/2090499112420421884,2026-08-20T18:00:02.000Z,en,0,0
weather,https://x.com/i/status/2090487842472620166,2026-08-20T17:15:15.000Z,en,2,0
weather,https://x.com/i/status/2090487821777715425,2026-08-20T17:15:10.000Z,en,2,0
weather,https://x.com/i/status/2090484910905536767,2026-08-20T17:03:36.000Z,en,1,0
weather,https://x.com/i/status/2090481561468551530,2026-08-20T16:50:18.000Z,en,2,1
weather,https://x.com/i/status/2090480557297725901,2026-08-20T16:46:18.000Z,en,0,0
weather,https://x.com/i/status/2090471007526035604,2026-08-20T16:08:21.000Z,en,5,0
weather,https://x.com/i/status/2090469699662614780,2026-08-20T16:03:10.000Z,en,0,0
weather,https://x.com/i/status/2090466036776857712,2026-08-20T15:48:36.000Z,en,1,0
weather,https://x.com/i/status/2090465828139667737,2026-08-20T15:47:47.000Z,en,1,0
weather,https://x.com/i/status/2090465591836750011,2026-08-20T15:46:50.000Z,en,1,0
weather,https://x.com/i/status/2090460557547553267,2026-08-20T15:26:50.000Z,en,0,0
weather,https://x.com/i/status/2090457262657778129,2026-08-20T15:13:44.000Z,zxx,4,0
weather,https://x.com/i/status/2090455818814501023,2026-08-20T15:08:00.000Z,en,0,0
weather,https://x.com/i/status/2090455471761006919,2026-08-20T15:06:37.000Z,en,5,2
weather,https://x.com/i/status/2090454321217372197,2026-08-20T15:02:03.000Z,en,21,1
weather,https://x.com/i/status/2090449729876349168,2026-08-20T14:43:48.000Z,en,0,0
weather,https://x.com/i/status/2090446761408294949,2026-08-20T14:32:01.000Z,en,0,0
weather,https://x.com/i/status/2090437862151848386,2026-08-20T13:56:39.000Z,en,0,0
weather,https://x.com/i/status/2090429023885164961,2026-08-20T13:21:32.000Z,en,0,0
weather,https://x.com/i/status/2090426803894747274,2026-08-20T13:12:42.000Z,en,4,1
weather,https://x.com/i/status/2090423608254316709,2026-08-20T13:00:01.000Z,en,1,0
weather,https://x.com/i/status/2090420849232986415,2026-08-20T12:49:03.000Z,en,0,0
weather,https://x.com/i/status/2090402069614063919,2026-08-20T11:34:25.000Z,en,12,5
weather,https://x.com/i/status/2090397233803845644,2026-08-20T11:15:12.000Z,en,1,0
weather,https://x.com/i/status/2090397060759503291,2026-08-20T11:14:31.000Z,en,0,0
weather,https://x.com/i/status/2090395417062117515,2026-08-20T11:07:59.000Z,en,0,0
weather,https://x.com/i/status/2090392685525831739,2026-08-20T10:57:08.000Z,zxx,44,0
weather,https://x.com/i/status/2090390613976060107,2026-08-20T10:48:54.000Z,en,0,0
weather,https://x.com/i/status/2090388961168708018,2026-08-20T10:42:20.000Z,en,0,0
weather,https://x.com/i/status/2090388777781137569,2026-08-20T10:41:36.000Z,en,0,0
weather,https://x.com/i/status/2090381288905830619,2026-08-20T10:11:51.000Z,zxx,2,0
weather,https://x.com/i/status/2090377848599236975,2026-08-20T09:58:11.000Z,en,0,0
weather,https://x.com/i/status/2090365152378146944,2026-08-20T09:07:44.000Z,en,2,1
weather,https://x.com/i/status/2090358457127842132,2026-08-20T08:41:07.000Z,en,0,0
weather,https://x.com/i/status/2090357170072064330,2026-08-20T08:36:00.000Z,en,0,0
weather,https://x.com/i/status/2090355651792760982,2026-08-20T08:29:58.000Z,en,2,0
weather,https://x.com/i/status/2090349242384564328,2026-08-20T08:04:30.000Z,en,1,0
weather,https://x.com/i/status/2090342766979240064,2026-08-20T07:38:46.000Z,en,8,2
weather,https://x.com/i/status/2090331696361283895,2026-08-20T06:54:47.000Z,en,1,0
weather,https://x.com/i/status/2090329420892668217,2026-08-20T06:45:45.000Z,zxx,1,0
weather,https://x.com/i/status/2090326889491796123,2026-08-20T06:35:41.000Z,zxx,63,3
weather,https://x.com/i/status/2090321940972212657,2026-08-20T06:16:01.000Z,zxx,1,0
weather,https://x.com/i/status/2090315817032597993,2026-08-20T05:51:41.000Z,zh,1,0
weather,https://x.com/i/status/2090311398559809838,2026-08-20T05:34:08.000Z,zxx,0,0
weather,https://x.com/i/status/2090308707494355043,2026-08-20T05:23:26.000Z,zxx,3,0
weather,https://x.com/i/status/2090306928392257739,2026-08-20T05:16:22.000Z,en,0,0
weather,https://x.com/i/status/2090305622881563028,2026-08-20T05:11:11.000Z,en,3,0
weather,https://x.com/i/status/2090296768991056126,2026-08-20T04:36:00.000Z,en,3,2
weather,https://x.com/i/status/2090294936226635810,2026-08-20T04:28:43.000Z,en,1,0
weather,https://x.com/i/status/2090294923111301394,2026-08-20T04:28:40.000Z,en,6,0
weather,https://x.com/i/status/2090286821091729454,2026-08-20T03:56:28.000Z,en,0,0
weather,https://x.com/i/status/2090267311697752165,2026-08-20T02:38:57.000Z,en,0,0
weather,https://x.com/i/status/2090261271690056031,2026-08-20T02:14:57.000Z,en,12,3
weather,https://x.com/i/status/2090258092868911222,2026-08-20T02:02:19.000Z,en,0,0
weather,https://x.com/i/status/2090257868515893588,2026-08-20T02:01:25.000Z,en,0,0
weather,https://x.com/i/status/2090257434455769148,2026-08-20T01:59:42.000Z,en,5,3
weather,https://x.com/i/status/2090250540957704419,2026-08-20T01:32:18.000Z,en,0,0
weather,https://x.com/i/status/2090246938071327102,2026-08-20T01:17:59.000Z,en,0,0
weather,https://x.com/i/status/2090240976149495829,2026-08-20T00:54:18.000Z,en,0,0
weather,https://x.com/i/status/2090240519184200135,2026-08-20T00:52:29.000Z,zxx,10,1
weather,https://x.com/i/status/2090227822472368192,2026-08-20T00:02:02.000Z,en,0,0
weather,https://x.com/i/status/2090226933179220074,2026-08-19T23:58:30.000Z,en,13,0
weather,https://x.com/i/status/2090221833308065918,2026-08-19T23:38:14.000Z,en,22,1
weather,https://x.com/i/status/2090217982807224569,2026-08-19T23:22:56.000Z,en,0,0
weather,https://x.com/i/status/2090212378377924804,2026-08-19T23:00:39.000Z,en,1,0
weather,https://x.com/i/status/2090202527732281596,2026-08-19T22:21:31.000Z,zxx,7,1
weather,https://x.com/i/status/2090183966393565693,2026-08-19T21:07:45.000Z,en,1,0
weather,https://x.com/i/status/2090182020135518463,2026-08-19T21:00:01.000Z,en,3,0
weather,https://x.com/i/status/2090166103985328132,2026-08-19T19:56:47.000Z,zxx,5,1
weather,https://x.com/i/status/2090158151060337095,2026-08-19T19:25:11.000Z,en,0,0
weather,https://x.com/i/status/2090145002194375158,2026-08-19T18:32:56.000Z,en,3,0
handoff,https://x.com/i/status/2090634137652854801,2026-08-21T02:56:35.000Z,en,0,0
handoff,https://x.com/i/status/2090623888288039378,2026-08-21T02:15:51.000Z,en,0,0
handoff,https://x.com/i/status/2090618819098153196,2026-08-21T01:55:42.000Z,en,0,0
handoff,https://x.com/i/status/2090603335669702880,2026-08-21T00:54:11.000Z,en,0,0
handoff,https://x.com/i/status/2090602359768404117,2026-08-21T00:50:18.000Z,en,0,0
handoff,https://x.com/i/status/2090601590944145601,2026-08-21T00:47:15.000Z,en,0,0
handoff,https://x.com/i/status/2090600019866914892,2026-08-21T00:41:00.000Z,en,0,0
handoff,https://x.com/i/status/2090599081907454104,2026-08-21T00:37:17.000Z,en,0,0
handoff,https://x.com/i/status/2090594951457325089,2026-08-21T00:20:52.000Z,en,0,0
handoff,https://x.com/i/status/2090594439219785937,2026-08-21T00:18:50.000Z,zxx,9,1
handoff,https://x.com/i/status/2090586234057810040,2026-08-20T23:46:14.000Z,en,0,0
handoff,https://x.com/i/status/2090579593296306566,2026-08-20T23:19:50.000Z,en,0,0
handoff,https://x.com/i/status/2090576997814534325,2026-08-20T23:09:31.000Z,en,3,0
handoff,https://x.com/i/status/2090575582493110767,2026-08-20T23:03:54.000Z,ja,2,0
handoff,https://x.com/i/status/2090573697925222503,2026-08-20T22:56:25.000Z,zxx,1,0
handoff,https://x.com/i/status/2090572459804074374,2026-08-20T22:51:30.000Z,en,1,0
handoff,https://x.com/i/status/2090571995071263041,2026-08-20T22:49:39.000Z,en,17,4
handoff,https://x.com/i/status/2090571555864465855,2026-08-20T22:47:54.000Z,en,1,0
handoff,https://x.com/i/status/2090569352437285240,2026-08-20T22:39:09.000Z,en,0,0
handoff,https://x.com/i/status/2090568434140520754,2026-08-20T22:35:30.000Z,en,13,0
handoff,https://x.com/i/status/2090567208124715480,2026-08-20T22:30:37.000Z,zxx,3,0
handoff,https://x.com/i/status/2090561527074165228,2026-08-20T22:08:03.000Z,en,1,0
handoff,https://x.com/i/status/2090559524037923183,2026-08-20T22:00:05.000Z,en,5,2
handoff,https://x.com/i/status/2090557114448265564,2026-08-20T21:50:31.000Z,en,3,1
handoff,https://x.com/i/status/2090556282042515800,2026-08-20T21:47:12.000Z,en,2,0
handoff,https://x.com/i/status/2090556039686987854,2026-08-20T21:46:15.000Z,zxx,0,0
handoff,https://x.com/i/status/2090555738447917135,2026-08-20T21:45:03.000Z,en,0,0
handoff,https://x.com/i/status/2090554010994647044,2026-08-20T21:38:11.000Z,en,1,0
handoff,https://x.com/i/status/2090550800518877462,2026-08-20T21:25:26.000Z,en,0,0
handoff,https://x.com/i/status/2090550330266374157,2026-08-20T21:23:33.000Z,zxx,0,0
handoff,https://x.com/i/status/2090544325096559096,2026-08-20T20:59:42.000Z,en,0,0
handoff,https://x.com/i/status/2090540875508269452,2026-08-20T20:45:59.000Z,en,2,0
handoff,https://x.com/i/status/2090537181299515392,2026-08-20T20:31:18.000Z,en,16,1
handoff,https://x.com/i/status/2090535758549635436,2026-08-20T20:25:39.000Z,th,0,0
handoff,https://x.com/i/status/2090532042933158006,2026-08-20T20:10:53.000Z,en,0,0
handoff,https://x.com/i/status/2090530202916917407,2026-08-20T20:03:35.000Z,en,0,0
handoff,https://x.com/i/status/2090529391222931741,2026-08-20T20:00:21.000Z,zxx,49,9
handoff,https://x.com/i/status/2090529246011912365,2026-08-20T19:59:47.000Z,en,0,0
handoff,https://x.com/i/status/2090525279332577689,2026-08-20T19:44:01.000Z,en,1,0
handoff,https://x.com/i/status/2090524091107197311,2026-08-20T19:39:18.000Z,pt,2,0
handoff,https://x.com/i/status/2090522901787365393,2026-08-20T19:34:34.000Z,zxx,9,2
handoff,https://x.com/i/status/2090521662290542991,2026-08-20T19:29:38.000Z,en,0,0
handoff,https://x.com/i/status/2090514914947301853,2026-08-20T19:02:50.000Z,en,64,16
handoff,https://x.com/i/status/2090506891570954354,2026-08-20T18:30:57.000Z,en,0,0
handoff,https://x.com/i/status/2090504774169034879,2026-08-20T18:22:32.000Z,en,2,0
handoff,https://x.com/i/status/2090504069055988181,2026-08-20T18:19:44.000Z,en,0,0
handoff,https://x.com/i/status/2090494077804363920,2026-08-20T17:40:02.000Z,en,0,0
handoff,https://x.com/i/status/2090492872705397169,2026-08-20T17:35:14.000Z,en,0,0
handoff,https://x.com/i/status/2090487154052907124,2026-08-20T17:12:31.000Z,en,0,0
handoff,https://x.com/i/status/2090484506629157135,2026-08-20T17:02:00.000Z,en,0,0
handoff,https://x.com/i/status/2090480237553619455,2026-08-20T16:45:02.000Z,en,0,0
handoff,https://x.com/i/status/2090472884338647177,2026-08-20T16:15:49.000Z,en,0,0
handoff,https://x.com/i/status/2090471502764531802,2026-08-20T16:10:19.000Z,en,5,0
handoff,https://x.com/i/status/2090470578021093511,2026-08-20T16:06:39.000Z,en,0,0
handoff,https://x.com/i/status/2090470321442668735,2026-08-20T16:05:38.000Z,en,1,0
handoff,https://x.com/i/status/2090469844411965452,2026-08-20T16:03:44.000Z,en,1,0
handoff,https://x.com/i/status/2090469301560148357,2026-08-20T16:01:35.000Z,en,0,0
handoff,https://x.com/i/status/2090467987459567654,2026-08-20T15:56:21.000Z,en,14,1
handoff,https://x.com/i/status/2090466985196896301,2026-08-20T15:52:22.000Z,en,5,2
handoff,https://x.com/i/status/2090466122793390463,2026-08-20T15:48:57.000Z,en,0,0
handoff,https://x.com/i/status/2090464444346507598,2026-08-20T15:42:17.000Z,en,0,0
handoff,https://x.com/i/status/2090464026300166546,2026-08-20T15:40:37.000Z,en,37,10
handoff,https://x.com/i/status/2090462612781699486,2026-08-20T15:35:00.000Z,en,0,0
handoff,https://x.com/i/status/2090460644982317247,2026-08-20T15:27:11.000Z,en,11,1
handoff,https://x.com/i/status/2090457490592776264,2026-08-20T15:14:39.000Z,en,3,0
handoff,https://x.com/i/status/2090457256437707155,2026-08-20T15:13:43.000Z,en,1,0
handoff,https://x.com/i/status/2090454586653909492,2026-08-20T15:03:06.000Z,en,0,0
handoff,https://x.com/i/status/2090452991681642921,2026-08-20T14:56:46.000Z,zxx,67,4
handoff,https://x.com/i/status/2090452349420757083,2026-08-20T14:54:13.000Z,en,0,0
handoff,https://x.com/i/status/2090452204121702759,2026-08-20T14:53:38.000Z,en,1,0
handoff,https://x.com/i/status/2090449274631012816,2026-08-20T14:42:00.000Z,en,0,0
handoff,https://x.com/i/status/2090448491059331206,2026-08-20T14:38:53.000Z,en,29,7
handoff,https://x.com/i/status/2090448313329893528,2026-08-20T14:38:11.000Z,en,0,0
handoff,https://x.com/i/status/2090448118131126509,2026-08-20T14:37:24.000Z,en,2,0
handoff,https://x.com/i/status/2090445264335098070,2026-08-20T14:26:04.000Z,en,0,0
handoff,https://x.com/i/status/2090443735720972291,2026-08-20T14:19:59.000Z,en,0,0
handoff,https://x.com/i/status/2090443377556996209,2026-08-20T14:18:34.000Z,en,82,6
handoff,https://x.com/i/status/2090442938908287399,2026-08-20T14:16:49.000Z,zh,21,2
handoff,https://x.com/i/status/2090440516496425298,2026-08-20T14:07:12.000Z,en,2,0
handoff,https://x.com/i/status/2090440011426529574,2026-08-20T14:05:11.000Z,en,26,4
handoff,https://x.com/i/status/2090438729978859953,2026-08-20T14:00:06.000Z,en,0,0
handoff,https://x.com/i/status/2090435763460784528,2026-08-20T13:48:19.000Z,en,4,0
handoff,https://x.com/i/status/2090432566545260825,2026-08-20T13:35:36.000Z,en,0,0
handoff,https://x.com/i/status/2090431457508409689,2026-08-20T13:31:12.000Z,en,0,0
handoff,https://x.com/i/status/2090430540339880323,2026-08-20T13:27:33.000Z,en,0,0
handoff,https://x.com/i/status/2090429620374188243,2026-08-20T13:23:54.000Z,en,0,0
handoff,https://x.com/i/status/2090424266495864871,2026-08-20T13:02:37.000Z,en,69,27
handoff,https://x.com/i/status/2090424222656954578,2026-08-20T13:02:27.000Z,en,2,0
handoff,https://x.com/i/status/2090424145280397785,2026-08-20T13:02:09.000Z,en,3,0
handoff,https://x.com/i/status/2090422887631180007,2026-08-20T12:57:09.000Z,zh,1,0
handoff,https://x.com/i/status/2090422430116298838,2026-08-20T12:55:20.000Z,zxx,8,2
handoff,https://x.com/i/status/2090418786566303928,2026-08-20T12:40:51.000Z,en,3,0
handoff,https://x.com/i/status/2090417551708758243,2026-08-20T12:35:57.000Z,en,5,1
handoff,https://x.com/i/status/2090415566351659267,2026-08-20T12:28:03.000Z,zxx,524,47
handoff,https://x.com/i/status/2090415168920355266,2026-08-20T12:26:28.000Z,en,0,0
handoff,https://x.com/i/status/2090414599757582682,2026-08-20T12:24:13.000Z,en,15,5
handoff,https://x.com/i/status/2090414442529898588,2026-08-20T12:23:35.000Z,en,0,0
handoff,https://x.com/i/status/2090413326639472670,2026-08-20T12:19:09.000Z,zh,0,0
handoff,https://x.com/i/status/2090410259374375043,2026-08-20T12:06:58.000Z,zxx,4,0
handoff,https://x.com/i/status/2090409971137560613,2026-08-20T12:05:49.000Z,zxx,38,1
triage,https://x.com/i/status/2090619660878160030,2026-08-21T01:59:03.000Z,en,0,0
triage,https://x.com/i/status/2090618414058631289,2026-08-21T01:54:06.000Z,en,0,0
triage,https://x.com/i/status/2090612406309584998,2026-08-21T01:30:14.000Z,ja,1,0
triage,https://x.com/i/status/2090601278036451480,2026-08-21T00:46:00.000Z,zxx,0,0
triage,https://x.com/i/status/2090594554299007342,2026-08-21T00:19:17.000Z,zxx,1,0
triage,https://x.com/i/status/2090594439219785937,2026-08-21T00:18:50.000Z,zxx,9,1
triage,https://x.com/i/status/2090591707121545377,2026-08-21T00:07:58.000Z,en,0,0
triage,https://x.com/i/status/2090581902872695197,2026-08-20T23:29:01.000Z,en,0,0
triage,https://x.com/i/status/2090575731659284713,2026-08-20T23:04:30.000Z,en,1,0
triage,https://x.com/i/status/2090573697925222503,2026-08-20T22:56:25.000Z,zxx,1,0
triage,https://x.com/i/status/2090573661107548309,2026-08-20T22:56:16.000Z,en,7,0
triage,https://x.com/i/status/2090573533835346010,2026-08-20T22:55:46.000Z,en,0,0
triage,https://x.com/i/status/2090570468436975811,2026-08-20T22:43:35.000Z,ja,4,0
triage,https://x.com/i/status/2090548498756481066,2026-08-20T21:16:17.000Z,en,18,4
triage,https://x.com/i/status/2090544510442905602,2026-08-20T21:00:26.000Z,en,0,0
triage,https://x.com/i/status/2090539762818187529,2026-08-20T20:41:34.000Z,en,0,0
triage,https://x.com/i/status/2090536756789518374,2026-08-20T20:29:37.000Z,en,0,0
triage,https://x.com/i/status/2090536482813444376,2026-08-20T20:28:32.000Z,zxx,1,1
triage,https://x.com/i/status/2090527186281508990,2026-08-20T19:51:35.000Z,en,0,0
triage,https://x.com/i/status/2090522901787365393,2026-08-20T19:34:34.000Z,zxx,9,2
triage,https://x.com/i/status/2090516140304761228,2026-08-20T19:07:42.000Z,en,984,177
triage,https://x.com/i/status/2090506635667964090,2026-08-20T18:29:56.000Z,en,0,0
triage,https://x.com/i/status/2090501069222953310,2026-08-20T18:07:49.000Z,en,1,0
triage,https://x.com/i/status/2090498604398182895,2026-08-20T17:58:01.000Z,en,0,0
triage,https://x.com/i/status/2090493818743279623,2026-08-20T17:39:00.000Z,en,0,0
triage,https://x.com/i/status/2090490656745722317,2026-08-20T17:26:26.000Z,en,0,0
triage,https://x.com/i/status/2090487815922475151,2026-08-20T17:15:09.000Z,en,6,0
triage,https://x.com/i/status/2090485748122165501,2026-08-20T17:06:56.000Z,en,0,0
triage,https://x.com/i/status/2090485319665910034,2026-08-20T17:05:14.000Z,zxx,8,0
triage,https://x.com/i/status/2090481491612446913,2026-08-20T16:50:01.000Z,en,8,2
triage,https://x.com/i/status/2090477413063119027,2026-08-20T16:33:49.000Z,en,49,3
triage,https://x.com/i/status/2090477307261853840,2026-08-20T16:33:23.000Z,en,1,0
triage,https://x.com/i/status/2090476717328486676,2026-08-20T16:31:03.000Z,fr,1,0
triage,https://x.com/i/status/2090474059830092080,2026-08-20T16:20:29.000Z,en,0,0
triage,https://x.com/i/status/2090472902533828985,2026-08-20T16:15:53.000Z,zxx,0,0
triage,https://x.com/i/status/2090471502764531802,2026-08-20T16:10:19.000Z,en,5,0
triage,https://x.com/i/status/2090470770640335220,2026-08-20T16:07:25.000Z,en,17,5
triage,https://x.com/i/status/2090466266385440914,2026-08-20T15:49:31.000Z,en,1,0
triage,https://x.com/i/status/2090464876695273519,2026-08-20T15:44:00.000Z,en,0,0
triage,https://x.com/i/status/2090464083258605767,2026-08-20T15:40:51.000Z,en,0,0
triage,https://x.com/i/status/2090463368079691927,2026-08-20T15:38:00.000Z,en,23,0
triage,https://x.com/i/status/2090457886551896409,2026-08-20T15:16:13.000Z,en,111,12
triage,https://x.com/i/status/2090456742220157171,2026-08-20T15:11:40.000Z,en,0,0
triage,https://x.com/i/status/2090454430365749646,2026-08-20T15:02:29.000Z,en,0,0
triage,https://x.com/i/status/2090448118131126509,2026-08-20T14:37:24.000Z,en,2,0
triage,https://x.com/i/status/2090444734120460778,2026-08-20T14:23:57.000Z,en,3,0
triage,https://x.com/i/status/2090427029741310364,2026-08-20T13:13:36.000Z,zxx,8,0
triage,https://x.com/i/status/2090421070230966656,2026-08-20T12:49:55.000Z,zxx,1040,170
triage,https://x.com/i/status/2090418682534961283,2026-08-20T12:40:26.000Z,zxx,53,4
triage,https://x.com/i/status/2090414307523674194,2026-08-20T12:23:03.000Z,en,47,3
triage,https://x.com/i/status/2090398619597771098,2026-08-20T11:20:43.000Z,en,2,0
triage,https://x.com/i/status/2090397180984979653,2026-08-20T11:15:00.000Z,en,2,0
triage,https://x.com/i/status/2090382304598479357,2026-08-20T10:15:53.000Z,en,0,0
triage,https://x.com/i/status/2090364527397441739,2026-08-20T09:05:15.000Z,en,0,0
triage,https://x.com/i/status/2090360902524809715,2026-08-20T08:50:50.000Z,en,1,0
triage,https://x.com/i/status/2090355983038177461,2026-08-20T08:31:17.000Z,en,0,0
triage,https://x.com/i/status/2090352284027044027,2026-08-20T08:16:36.000Z,en,4,1
triage,https://x.com/i/status/2090350916490932479,2026-08-20T08:11:09.000Z,en,0,0
triage,https://x.com/i/status/2090345992507752744,2026-08-20T07:51:36.000Z,en,53,17
triage,https://x.com/i/status/2090345367527387327,2026-08-20T07:49:07.000Z,en,0,0
triage,https://x.com/i/status/2090338331431170559,2026-08-20T07:21:09.000Z,en,156,9
triage,https://x.com/i/status/2090337083223151093,2026-08-20T07:16:11.000Z,en,1,0
triage,https://x.com/i/status/2090333020977070141,2026-08-20T07:00:03.000Z,zxx,0,0
triage,https://x.com/i/status/2090327504485503380,2026-08-20T06:38:08.000Z,en,3,0
triage,https://x.com/i/status/2090325477361684526,2026-08-20T06:30:04.000Z,en,0,0
triage,https://x.com/i/status/2090302512930963497,2026-08-20T04:58:49.000Z,en,0,0
triage,https://x.com/i/status/2090300976670425489,2026-08-20T04:52:43.000Z,zxx,193,27
triage,https://x.com/i/status/2090294732186395093,2026-08-20T04:27:54.000Z,fr,3,2
triage,https://x.com/i/status/2090290422639714569,2026-08-20T04:10:47.000Z,en,0,0
triage,https://x.com/i/status/2090290123569078302,2026-08-20T04:09:35.000Z,zxx,40,1
triage,https://x.com/i/status/2090285888962216257,2026-08-20T03:52:46.000Z,ja,2,0
triage,https://x.com/i/status/2090284262696079451,2026-08-20T03:46:18.000Z,en,0,0
triage,https://x.com/i/status/2090263871739093113,2026-08-20T02:25:16.000Z,zxx,12,3
triage,https://x.com/i/status/2090261319383756973,2026-08-20T02:15:08.000Z,en,0,0
triage,https://x.com/i/status/2090258298574676136,2026-08-20T02:03:08.000Z,zh,8,2
triage,https://x.com/i/status/2090255750446658041,2026-08-20T01:53:00.000Z,en,0,0
triage,https://x.com/i/status/2090254981265871090,2026-08-20T01:49:57.000Z,en,11,3
triage,https://x.com/i/status/2090247265231462829,2026-08-20T01:19:17.000Z,en,1,0
triage,https://x.com/i/status/2090246687373561954,2026-08-20T01:16:59.000Z,en,0,0
triage,https://x.com/i/status/2090233242641420758,2026-08-20T00:23:34.000Z,en,2,0
triage,https://x.com/i/status/2090232167930741052,2026-08-20T00:19:18.000Z,en,0,0
triage,https://x.com/i/status/2090226554442015019,2026-08-19T23:56:59.000Z,zxx,4,0
triage,https://x.com/i/status/2090215470695944614,2026-08-19T23:12:57.000Z,ja,0,0
triage,https://x.com/i/status/2090208327263305786,2026-08-19T22:44:34.000Z,en,0,0
triage,https://x.com/i/status/2090206918690111990,2026-08-19T22:38:58.000Z,en,0,0
triage,https://x.com/i/status/2090205077726261466,2026-08-19T22:31:39.000Z,en,30,3
triage,https://x.com/i/status/2090203364436951329,2026-08-19T22:24:50.000Z,zxx,2,0
triage,https://x.com/i/status/2090197777951121631,2026-08-19T22:02:38.000Z,en,1,0
triage,https://x.com/i/status/2090196967687102647,2026-08-19T21:59:25.000Z,en,62,12
triage,https://x.com/i/status/2090196272330244303,2026-08-19T21:56:39.000Z,en,11,0
triage,https://x.com/i/status/2090192582961770792,2026-08-19T21:42:00.000Z,en,0,0
triage,https://x.com/i/status/2090188226376126844,2026-08-19T21:24:41.000Z,en,0,0
triage,https://x.com/i/status/2090187829477548039,2026-08-19T21:23:07.000Z,en,0,0
triage,https://x.com/i/status/2090183670321566056,2026-08-19T21:06:35.000Z,en,1,0
triage,https://x.com/i/status/2090183375915266493,2026-08-19T21:05:25.000Z,en,0,0
triage,https://x.com/i/status/2090183374329757897,2026-08-19T21:05:24.000Z,en,2,0
triage,https://x.com/i/status/2090177954794090841,2026-08-19T20:43:52.000Z,zxx,3,0
triage,https://x.com/i/status/2090177246179045536,2026-08-19T20:41:03.000Z,zxx,86,6
triage,https://x.com/i/status/2090165969914053009,2026-08-19T19:56:15.000Z,en,0,0
triage,https://x.com/i/status/2090160168952877473,2026-08-19T19:33:12.000Z,en,0,0
prototype,https://x.com/i/status/2090616802011455567,2026-08-21T01:47:42.000Z,en,0,0
prototype,https://x.com/i/status/2090604995565773252,2026-08-21T01:00:47.000Z,en,3,0
prototype,https://x.com/i/status/2090604799050064037,2026-08-21T01:00:00.000Z,tr,5,0
prototype,https://x.com/i/status/2090601552004178045,2026-08-21T00:47:06.000Z,en,0,0
prototype,https://x.com/i/status/2090587015272403373,2026-08-20T23:49:20.000Z,zxx,33,2
prototype,https://x.com/i/status/2090581078889132256,2026-08-20T23:25:44.000Z,en,2,0
prototype,https://x.com/i/status/2090578807946191123,2026-08-20T23:16:43.000Z,en,0,0
prototype,https://x.com/i/status/2090576172530987273,2026-08-20T23:06:15.000Z,en,0,0
prototype,https://x.com/i/status/2090575752630538387,2026-08-20T23:04:35.000Z,en,0,0
prototype,https://x.com/i/status/2090574934670274618,2026-08-20T23:01:20.000Z,en,0,0
prototype,https://x.com/i/status/2090572301318164618,2026-08-20T22:50:52.000Z,en,3,0
prototype,https://x.com/i/status/2090566732834353386,2026-08-20T22:28:44.000Z,en,0,0
prototype,https://x.com/i/status/2090566703667134885,2026-08-20T22:28:37.000Z,en,0,0
prototype,https://x.com/i/status/2090563318318522527,2026-08-20T22:15:10.000Z,en,3,1
prototype,https://x.com/i/status/2090556039686987854,2026-08-20T21:46:15.000Z,zxx,0,0
prototype,https://x.com/i/status/2090555832899371264,2026-08-20T21:45:25.000Z,en,0,0
prototype,https://x.com/i/status/2090542969782771725,2026-08-20T20:54:19.000Z,en,7,0
prototype,https://x.com/i/status/2090541512589443522,2026-08-20T20:48:31.000Z,en,2,0
prototype,https://x.com/i/status/2090535023573139527,2026-08-20T20:22:44.000Z,en,3,0
prototype,https://x.com/i/status/2090534319848579517,2026-08-20T20:19:56.000Z,en,1,1
prototype,https://x.com/i/status/2090533135708557660,2026-08-20T20:15:14.000Z,en,3,0
prototype,https://x.com/i/status/2090527545707966702,2026-08-20T19:53:01.000Z,zh,0,0
prototype,https://x.com/i/status/2090517976545964384,2026-08-20T19:15:00.000Z,en,0,0
prototype,https://x.com/i/status/2090517689928237245,2026-08-20T19:13:51.000Z,en,0,0
prototype,https://x.com/i/status/2090517452119548022,2026-08-20T19:12:55.000Z,en,0,0
prototype,https://x.com/i/status/2090514487027646528,2026-08-20T19:01:08.000Z,en,0,0
prototype,https://x.com/i/status/2090513090874142771,2026-08-20T18:55:35.000Z,en,0,0
prototype,https://x.com/i/status/2090508131809853527,2026-08-20T18:35:53.000Z,en,0,0
prototype,https://x.com/i/status/2090504851377566081,2026-08-20T18:22:50.000Z,en,0,0
prototype,https://x.com/i/status/2090497386351415521,2026-08-20T17:53:11.000Z,en,1,0
prototype,https://x.com/i/status/2090493818743279623,2026-08-20T17:39:00.000Z,en,0,0
prototype,https://x.com/i/status/2090489084355789015,2026-08-20T17:20:11.000Z,en,2,0
prototype,https://x.com/i/status/2090486179728707978,2026-08-20T17:08:39.000Z,en,0,0
prototype,https://x.com/i/status/2090483089156067654,2026-08-20T16:56:22.000Z,en,22,5
prototype,https://x.com/i/status/2090481897784869114,2026-08-20T16:51:38.000Z,en,0,0
prototype,https://x.com/i/status/2090481678179549557,2026-08-20T16:50:46.000Z,zxx,2,0
prototype,https://x.com/i/status/2090478724290359520,2026-08-20T16:39:01.000Z,en,53,23
prototype,https://x.com/i/status/2090475539953766727,2026-08-20T16:26:22.000Z,en,1,0
prototype,https://x.com/i/status/2090471203853172753,2026-08-20T16:09:08.000Z,en,8,3
prototype,https://x.com/i/status/2090469764577505355,2026-08-20T16:03:25.000Z,en,3,0
prototype,https://x.com/i/status/2090468985846329531,2026-08-20T16:00:19.000Z,en,0,0
prototype,https://x.com/i/status/2090468344402977193,2026-08-20T15:57:46.000Z,en,1,0
prototype,https://x.com/i/status/2090464444346507598,2026-08-20T15:42:17.000Z,en,0,0
prototype,https://x.com/i/status/2090459449898971350,2026-08-20T15:22:26.000Z,zxx,0,0
prototype,https://x.com/i/status/2090455471761006919,2026-08-20T15:06:37.000Z,en,5,2
prototype,https://x.com/i/status/2090452153139630481,2026-08-20T14:53:26.000Z,en,0,0
prototype,https://x.com/i/status/2090450396066005080,2026-08-20T14:46:27.000Z,en,0,0
prototype,https://x.com/i/status/2090447882230898986,2026-08-20T14:36:28.000Z,zxx,72,4
prototype,https://x.com/i/status/2090447768712081773,2026-08-20T14:36:01.000Z,en,8,0
prototype,https://x.com/i/status/2090445796387045726,2026-08-20T14:28:11.000Z,en,21,10
prototype,https://x.com/i/status/2090445002874765612,2026-08-20T14:25:01.000Z,en,0,0
prototype,https://x.com/i/status/2090443812690935821,2026-08-20T14:20:18.000Z,en,23,18
prototype,https://x.com/i/status/2090443606133981344,2026-08-20T14:19:28.000Z,en,46,6
prototype,https://x.com/i/status/2090443452492480921,2026-08-20T14:18:52.000Z,en,7,3
prototype,https://x.com/i/status/2090441146917093428,2026-08-20T14:09:42.000Z,en,14,9
prototype,https://x.com/i/status/2090438729978859953,2026-08-20T14:00:06.000Z,en,0,0
prototype,https://x.com/i/status/2090435783333188021,2026-08-20T13:48:23.000Z,en,4,0
prototype,https://x.com/i/status/2090434461439590468,2026-08-20T13:43:08.000Z,en,4,0
prototype,https://x.com/i/status/2090434356875829664,2026-08-20T13:42:43.000Z,en,19,0
prototype,https://x.com/i/status/2090434275560902831,2026-08-20T13:42:24.000Z,zh,4,0
prototype,https://x.com/i/status/2090433265035616615,2026-08-20T13:38:23.000Z,en,253,6
prototype,https://x.com/i/status/2090430727716540897,2026-08-20T13:28:18.000Z,en,0,0
prototype,https://x.com/i/status/2090423766174015863,2026-08-20T13:00:38.000Z,fr,0,0
prototype,https://x.com/i/status/2090411777448362371,2026-08-20T12:13:00.000Z,en,0,0
prototype,https://x.com/i/status/2090411367819809047,2026-08-20T12:11:22.000Z,zxx,59,3
prototype,https://x.com/i/status/2090404767080276014,2026-08-20T11:45:08.000Z,en,61,9
prototype,https://x.com/i/status/2090404157333409914,2026-08-20T11:42:43.000Z,en,2,1
prototype,https://x.com/i/status/2090404119630786793,2026-08-20T11:42:34.000Z,en,1,0
prototype,https://x.com/i/status/2090403624929391086,2026-08-20T11:40:36.000Z,en,2,1
prototype,https://x.com/i/status/2090403072837362117,2026-08-20T11:38:25.000Z,en,568,44
prototype,https://x.com/i/status/2090402760000934032,2026-08-20T11:37:10.000Z,en,2,0
prototype,https://x.com/i/status/2090401430574362932,2026-08-20T11:31:53.000Z,en,3,2
prototype,https://x.com/i/status/2090391915296444482,2026-08-20T10:54:04.000Z,en,112,19
prototype,https://x.com/i/status/2090391227199840375,2026-08-20T10:51:20.000Z,en,0,0
prototype,https://x.com/i/status/2090384674753314997,2026-08-20T10:25:18.000Z,en,1,0
prototype,https://x.com/i/status/2090382974777004224,2026-08-20T10:18:33.000Z,sv,0,0
prototype,https://x.com/i/status/2090382972742746305,2026-08-20T10:18:32.000Z,en,0,0
prototype,https://x.com/i/status/2090376913277616205,2026-08-20T09:54:28.000Z,en,0,0
prototype,https://x.com/i/status/2090366585152417807,2026-08-20T09:13:25.000Z,en,0,0
prototype,https://x.com/i/status/2090357206461944042,2026-08-20T08:36:09.000Z,en,0,0
prototype,https://x.com/i/status/2090351530507452732,2026-08-20T08:13:36.000Z,zxx,0,0
prototype,https://x.com/i/status/2090350613112746469,2026-08-20T08:09:57.000Z,en,0,0
prototype,https://x.com/i/status/2090348534528688526,2026-08-20T08:01:42.000Z,en,0,0
prototype,https://x.com/i/status/2090347352464785885,2026-08-20T07:57:00.000Z,en,1,0
prototype,https://x.com/i/status/2090346225283314136,2026-08-20T07:52:31.000Z,en,1,0
prototype,https://x.com/i/status/2090335586364359082,2026-08-20T07:10:15.000Z,zh,0,0
prototype,https://x.com/i/status/2090334511964066084,2026-08-20T07:05:58.000Z,zxx,1,0
prototype,https://x.com/i/status/2090330889469485450,2026-08-20T06:51:35.000Z,en,0,0
prototype,https://x.com/i/status/2090328283258704212,2026-08-20T06:41:13.000Z,en,3,0
prototype,https://x.com/i/status/2090321041616695513,2026-08-20T06:12:27.000Z,en,2,0
prototype,https://x.com/i/status/2090317867388420238,2026-08-20T05:59:50.000Z,en,3,0
prototype,https://x.com/i/status/2090316842694848516,2026-08-20T05:55:46.000Z,zxx,4,1
prototype,https://x.com/i/status/2090315668684169633,2026-08-20T05:51:06.000Z,en,1,0
prototype,https://x.com/i/status/2090305622881563028,2026-08-20T05:11:11.000Z,en,3,0
prototype,https://x.com/i/status/2090267887349170293,2026-08-20T02:41:14.000Z,en,0,0
prototype,https://x.com/i/status/2090257620351520916,2026-08-20T02:00:26.000Z,en,2,0
prototype,https://x.com/i/status/2090254385817563647,2026-08-20T01:47:35.000Z,en,9,0
prototype,https://x.com/i/status/2090252428344246720,2026-08-20T01:39:48.000Z,en,99,4
prototype,https://x.com/i/status/2090246539239108998,2026-08-20T01:16:24.000Z,en,1,0
prototype,https://x.com/i/status/2090246153875214559,2026-08-20T01:14:52.000Z,en,1,0
humanizer,https://x.com/i/status/2090576210774688142,2026-08-20T23:06:24.000Z,zh,0,0
humanizer,https://x.com/i/status/2090561644749558192,2026-08-20T22:08:31.000Z,en,1,0
humanizer,https://x.com/i/status/2090506658283671823,2026-08-20T18:30:01.000Z,en,3,0
humanizer,https://x.com/i/status/2090503392141721657,2026-08-20T18:17:03.000Z,en,6,0
humanizer,https://x.com/i/status/2090496942207914030,2026-08-20T17:51:25.000Z,en,2,0
humanizer,https://x.com/i/status/2090440021832847516,2026-08-20T14:05:14.000Z,en,25,7
humanizer,https://x.com/i/status/2090422598140342358,2026-08-20T12:56:00.000Z,en,9,1
humanizer,https://x.com/i/status/2090413637395771853,2026-08-20T12:20:23.000Z,ja,5,1
humanizer,https://x.com/i/status/2090410259374375043,2026-08-20T12:06:58.000Z,zxx,4,0
humanizer,https://x.com/i/status/2090394319605616685,2026-08-20T11:03:38.000Z,en,2,0
humanizer,https://x.com/i/status/2090372380233175373,2026-08-20T09:36:27.000Z,en,3,0
humanizer,https://x.com/i/status/2090368064105615709,2026-08-20T09:19:18.000Z,en,0,0
humanizer,https://x.com/i/status/2090294242069647488,2026-08-20T04:25:57.000Z,zh,2,0
humanizer,https://x.com/i/status/2090206411254878709,2026-08-19T22:36:57.000Z,en,1,0
humanizer,https://x.com/i/status/2090181685044281497,2026-08-19T20:58:42.000Z,en,0,0
humanizer,https://x.com/i/status/2090155890380824759,2026-08-19T19:16:12.000Z,es,5,0
humanizer,https://x.com/i/status/2090152908427784589,2026-08-19T19:04:21.000Z,fr,0,0
humanizer,https://x.com/i/status/2090136228859719972,2026-08-19T17:58:04.000Z,en,0,0
humanizer,https://x.com/i/status/2090073374516969609,2026-08-19T13:48:18.000Z,en,39,0
humanizer,https://x.com/i/status/2090065002493280356,2026-08-19T13:15:02.000Z,en,0,0
humanizer,https://x.com/i/status/2089929158692388891,2026-08-19T04:15:15.000Z,en,329,3
humanizer,https://x.com/i/status/2089910840556163412,2026-08-19T03:02:27.000Z,en,3,0
humanizer,https://x.com/i/status/2089819725815779769,2026-08-18T21:00:24.000Z,ja,3,0
humanizer,https://x.com/i/status/2089779360047808634,2026-08-18T18:20:00.000Z,zh,1,0
humanizer,https://x.com/i/status/2089739889906688235,2026-08-18T15:43:09.000Z,zxx,266,42
humanizer,https://x.com/i/status/2089731367722475916,2026-08-18T15:09:18.000Z,en,2,0
humanizer,https://x.com/i/status/2089694356554793008,2026-08-18T12:42:13.000Z,en,1,0
humanizer,https://x.com/i/status/2089665117948399869,2026-08-18T10:46:02.000Z,en,0,0
humanizer,https://x.com/i/status/2089613282139402602,2026-08-18T07:20:04.000Z,fr,13,1
humanizer,https://x.com/i/status/2089558017595556290,2026-08-18T03:40:28.000Z,zh,5,0
humanizer,https://x.com/i/status/2089544359913922917,2026-08-18T02:46:11.000Z,en,0,0
humanizer,https://x.com/i/status/2089505115560706450,2026-08-18T00:10:15.000Z,en,0,0
humanizer,https://x.com/i/status/2089462407974527362,2026-08-17T21:20:33.000Z,zxx,0,0
humanizer,https://x.com/i/status/2089310550660366623,2026-08-17T11:17:07.000Z,en,0,0
humanizer,https://x.com/i/status/2089291147734581299,2026-08-17T10:00:01.000Z,fr,257,14
humanizer,https://x.com/i/status/2089287086444822931,2026-08-17T09:43:53.000Z,zxx,50,3
humanizer,https://x.com/i/status/2089223162386854014,2026-08-17T05:29:52.000Z,en,0,0
humanizer,https://x.com/i/status/2089171326867243288,2026-08-17T02:03:53.000Z,zh,1,0
humanizer,https://x.com/i/status/2089014319686078740,2026-08-16T15:40:00.000Z,en,0,0
humanizer,https://x.com/i/status/2089005321901560287,2026-08-16T15:04:15.000Z,fr,2,1
humanizer,https://x.com/i/status/2088931161850691649,2026-08-16T10:09:34.000Z,en,2,0
humanizer,https://x.com/i/status/2088901186686505153,2026-08-16T08:10:27.000Z,zh,0,0
humanizer,https://x.com/i/status/2088838384802464216,2026-08-16T04:00:54.000Z,zh,1,0
humanizer,https://x.com/i/status/2088780525884576009,2026-08-16T00:10:59.000Z,en,0,0
humanizer,https://x.com/i/status/2088687450369482937,2026-08-15T18:01:08.000Z,ar,99,4
humanizer,https://x.com/i/status/2088505449251496234,2026-08-15T05:57:56.000Z,zh,0,1
humanizer,https://x.com/i/status/2088441084703556001,2026-08-15T01:42:10.000Z,en,0,0
humanizer,https://x.com/i/status/2088422607435747462,2026-08-15T00:28:45.000Z,en,5,1
humanizer,https://x.com/i/status/2088323773934207102,2026-08-14T17:56:01.000Z,en,4,0
humanizer,https://x.com/i/status/2088258677203517604,2026-08-14T13:37:21.000Z,zxx,1,0
humanizer,https://x.com/i/status/2088226113193701727,2026-08-14T11:27:57.000Z,zh,0,0
humanizer,https://x.com/i/status/2088192360098545939,2026-08-14T09:13:50.000Z,zh,0,0
humanizer,https://x.com/i/status/2088173791859953704,2026-08-14T08:00:03.000Z,zh,0,0
nano-pdf,https://x.com/i/status/2090017804343001120,2026-08-19T10:07:29.000Z,zxx,6,1
nano-pdf,https://x.com/i/status/2089660943877996895,2026-08-18T10:29:27.000Z,zxx,13,1
obsidian,https://x.com/i/status/2090633102452310159,2026-08-21T02:52:28.000Z,en,0,0
obsidian,https://x.com/i/status/2090620177717342419,2026-08-21T02:01:06.000Z,en,0,0
obsidian,https://x.com/i/status/2090619917339091157,2026-08-21T02:00:04.000Z,en,0,0
obsidian,https://x.com/i/status/2090617535163203896,2026-08-21T01:50:36.000Z,ja,1,0
obsidian,https://x.com/i/status/2090613128539128186,2026-08-21T01:33:06.000Z,en,0,0
obsidian,https://x.com/i/status/2090612951812345990,2026-08-21T01:32:24.000Z,ja,1,0
obsidian,https://x.com/i/status/2090610142459109580,2026-08-21T01:21:14.000Z,ja,0,0
obsidian,https://x.com/i/status/2090609067496808541,2026-08-21T01:16:57.000Z,ja,0,0
obsidian,https://x.com/i/status/2090608282478256349,2026-08-21T01:13:50.000Z,en,1,0
obsidian,https://x.com/i/status/2090608264111415796,2026-08-21T01:13:46.000Z,ja,0,0
obsidian,https://x.com/i/status/2090604960488845792,2026-08-21T01:00:38.000Z,en,1,0
obsidian,https://x.com/i/status/2090600622584475776,2026-08-21T00:43:24.000Z,ja,10,2
obsidian,https://x.com/i/status/2090597766435324144,2026-08-21T00:32:03.000Z,en,0,0
obsidian,https://x.com/i/status/2090587419011961066,2026-08-20T23:50:56.000Z,en,1,0
obsidian,https://x.com/i/status/2090581516384420127,2026-08-20T23:27:29.000Z,en,22,0
obsidian,https://x.com/i/status/2090578546481680590,2026-08-20T23:15:41.000Z,en,0,0
obsidian,https://x.com/i/status/2090577117713223796,2026-08-20T23:10:00.000Z,ja,4,0
obsidian,https://x.com/i/status/2090574602116182039,2026-08-20T23:00:00.000Z,en,5,1
obsidian,https://x.com/i/status/2090570151540457795,2026-08-20T22:42:19.000Z,zxx,4,2
obsidian,https://x.com/i/status/2090568434140520754,2026-08-20T22:35:30.000Z,en,13,0
obsidian,https://x.com/i/status/2090568157618462940,2026-08-20T22:34:24.000Z,en,3,0
obsidian,https://x.com/i/status/2090567944384176520,2026-08-20T22:33:33.000Z,en,2,0
obsidian,https://x.com/i/status/2090565536413569197,2026-08-20T22:23:59.000Z,ja,0,0
obsidian,https://x.com/i/status/2090552981192335773,2026-08-20T21:34:05.000Z,zxx,1,0
obsidian,https://x.com/i/status/2090551967609184276,2026-08-20T21:30:04.000Z,ja,1,0
obsidian,https://x.com/i/status/2090543394372067732,2026-08-20T20:56:00.000Z,en,1,0
obsidian,https://x.com/i/status/2090539634073989400,2026-08-20T20:41:03.000Z,ja,0,0
obsidian,https://x.com/i/status/2090535420560032196,2026-08-20T20:24:19.000Z,en,2,0
obsidian,https://x.com/i/status/2090530565628076312,2026-08-20T20:05:01.000Z,en,0,0
obsidian,https://x.com/i/status/2090529301313814652,2026-08-20T20:00:00.000Z,en,1,0
obsidian,https://x.com/i/status/2090527826504229269,2026-08-20T19:54:08.000Z,en,1,0
obsidian,https://x.com/i/status/2090525443841515852,2026-08-20T19:44:40.000Z,en,0,0
obsidian,https://x.com/i/status/2090521777776546061,2026-08-20T19:30:06.000Z,en,0,0
obsidian,https://x.com/i/status/2090521685548003682,2026-08-20T19:29:44.000Z,en,0,0
obsidian,https://x.com/i/status/2090518951101161623,2026-08-20T19:18:52.000Z,en,13,4
obsidian,https://x.com/i/status/2090517827174436899,2026-08-20T19:14:24.000Z,zxx,0,0
obsidian,https://x.com/i/status/2090511114794922324,2026-08-20T18:47:44.000Z,en,0,0
obsidian,https://x.com/i/status/2090504473085116452,2026-08-20T18:21:20.000Z,en,3,0
obsidian,https://x.com/i/status/2090500769111801911,2026-08-20T18:06:37.000Z,pl,1,0
obsidian,https://x.com/i/status/2090496669120893412,2026-08-20T17:50:20.000Z,en,0,0
obsidian,https://x.com/i/status/2090496051014959256,2026-08-20T17:47:52.000Z,ja,1,0
obsidian,https://x.com/i/status/2090492662159900887,2026-08-20T17:34:24.000Z,en,24,2
obsidian,https://x.com/i/status/2090488948099543254,2026-08-20T17:19:39.000Z,en,0,0
obsidian,https://x.com/i/status/2090488643790205412,2026-08-20T17:18:26.000Z,ja,2,0
obsidian,https://x.com/i/status/2090488536105668858,2026-08-20T17:18:01.000Z,ja,1,0
obsidian,https://x.com/i/status/2090478326976536754,2026-08-20T16:37:27.000Z,en,16,0
obsidian,https://x.com/i/status/2090475746410045929,2026-08-20T16:27:11.000Z,en,0,0
obsidian,https://x.com/i/status/2090475181827596382,2026-08-20T16:24:57.000Z,en,0,0
obsidian,https://x.com/i/status/2090473210009788779,2026-08-20T16:17:07.000Z,en,0,0
obsidian,https://x.com/i/status/2090473055231295584,2026-08-20T16:16:30.000Z,en,0,0
obsidian,https://x.com/i/status/2090472429319500275,2026-08-20T16:14:00.000Z,en,34,6
obsidian,https://x.com/i/status/2090470854048039184,2026-08-20T16:07:45.000Z,en,2,0
obsidian,https://x.com/i/status/2090469676530679855,2026-08-20T16:03:04.000Z,en,1,1
obsidian,https://x.com/i/status/2090468488704110701,2026-08-20T15:58:21.000Z,en,73,7
obsidian,https://x.com/i/status/2090467716305953277,2026-08-20T15:55:17.000Z,en,69,3
obsidian,https://x.com/i/status/2090467062363603126,2026-08-20T15:52:41.000Z,en,0,0
obsidian,https://x.com/i/status/2090463870267834856,2026-08-20T15:40:00.000Z,en,1,0
obsidian,https://x.com/i/status/2090461251734475225,2026-08-20T15:29:35.000Z,zh,0,0
obsidian,https://x.com/i/status/2090461149758214362,2026-08-20T15:29:11.000Z,en,3,0
obsidian,https://x.com/i/status/2090458609906020701,2026-08-20T15:19:06.000Z,en,6,0
obsidian,https://x.com/i/status/2090453259819360639,2026-08-20T14:57:50.000Z,en,0,0
obsidian,https://x.com/i/status/2090451578880663865,2026-08-20T14:51:09.000Z,en,4,1
obsidian,https://x.com/i/status/2090450232567869648,2026-08-20T14:45:48.000Z,en,0,0
obsidian,https://x.com/i/status/2090449169492160922,2026-08-20T14:41:35.000Z,zxx,3,0
obsidian,https://x.com/i/status/2090444848683942054,2026-08-20T14:24:25.000Z,en,1,0
obsidian,https://x.com/i/status/2090444440598872531,2026-08-20T14:22:47.000Z,en,1,0
obsidian,https://x.com/i/status/2090443744113840623,2026-08-20T14:20:01.000Z,zh,1,0
obsidian,https://x.com/i/status/2090438704536178922,2026-08-20T14:00:00.000Z,in,0,0
obsidian,https://x.com/i/status/2090438578392244271,2026-08-20T13:59:30.000Z,en,222,4
obsidian,https://x.com/i/status/2090437862151848386,2026-08-20T13:56:39.000Z,en,0,0
obsidian,https://x.com/i/status/2090437811786891290,2026-08-20T13:56:27.000Z,zh,1,0
obsidian,https://x.com/i/status/2090437265025839538,2026-08-20T13:54:17.000Z,ja,7,1
obsidian,https://x.com/i/status/2090436164461474150,2026-08-20T13:49:54.000Z,en,0,0
obsidian,https://x.com/i/status/2090435992679281069,2026-08-20T13:49:13.000Z,en,3,0
obsidian,https://x.com/i/status/2090434008857665976,2026-08-20T13:41:20.000Z,ja,0,0
obsidian,https://x.com/i/status/2090433484200309021,2026-08-20T13:39:15.000Z,ja,2,0
obsidian,https://x.com/i/status/2090431174598402232,2026-08-20T13:30:05.000Z,en,5,3
obsidian,https://x.com/i/status/2090427404464300358,2026-08-20T13:15:06.000Z,zxx,9,1
obsidian,https://x.com/i/status/2090421709849448663,2026-08-20T12:52:28.000Z,en,90,9
obsidian,https://x.com/i/status/2090420649403531638,2026-08-20T12:48:15.000Z,zxx,2,0
obsidian,https://x.com/i/status/2090419199243882941,2026-08-20T12:42:29.000Z,en,40,8
obsidian,https://x.com/i/status/2090418668001763700,2026-08-20T12:40:23.000Z,en,0,0
obsidian,https://x.com/i/status/2090418635869503650,2026-08-20T12:40:15.000Z,zxx,1,0
obsidian,https://x.com/i/status/2090403985463406937,2026-08-20T11:42:02.000Z,zxx,2,0
obsidian,https://x.com/i/status/2090400045925568556,2026-08-20T11:26:23.000Z,en,1,0
obsidian,https://x.com/i/status/2090399494915702887,2026-08-20T11:24:11.000Z,zxx,2,0
obsidian,https://x.com/i/status/2090398330635653175,2026-08-20T11:19:34.000Z,zh,4,0
obsidian,https://x.com/i/status/2090397233803845644,2026-08-20T11:15:12.000Z,en,1,0
obsidian,https://x.com/i/status/2090397183019462836,2026-08-20T11:15:00.000Z,ja,3,0
obsidian,https://x.com/i/status/2090390588223021204,2026-08-20T10:48:48.000Z,en,0,0
obsidian,https://x.com/i/status/2090388879131992456,2026-08-20T10:42:00.000Z,en,0,0
obsidian,https://x.com/i/status/2090388624546398600,2026-08-20T10:41:00.000Z,en,105,17
obsidian,https://x.com/i/status/2090388408770404463,2026-08-20T10:40:08.000Z,en,0,0
obsidian,https://x.com/i/status/2090385977391091748,2026-08-20T10:30:29.000Z,en,0,0
obsidian,https://x.com/i/status/2090385425236132315,2026-08-20T10:28:17.000Z,en,0,0
obsidian,https://x.com/i/status/2090382621239025910,2026-08-20T10:17:08.000Z,en,5,1
obsidian,https://x.com/i/status/2090379548823077052,2026-08-20T10:04:56.000Z,en,0,0
obsidian,https://x.com/i/status/2090374521190744453,2026-08-20T09:44:57.000Z,zh,0,0
obsidian,https://x.com/i/status/2090372016477999565,2026-08-20T09:35:00.000Z,en,57,7
obsidian,https://x.com/i/status/2090370349997203631,2026-08-20T09:28:23.000Z,zxx,5,1
nano-banana-pro,https://x.com/i/status/2090501092144824343,2026-08-20T18:07:54.000Z,en,12,0
nano-banana-pro,https://x.com/i/status/2090495936980001049,2026-08-20T17:47:25.000Z,en,1,1
nano-banana-pro,https://x.com/i/status/2090459747052879874,2026-08-20T15:23:37.000Z,en,0,0
nano-banana-pro,https://x.com/i/status/2090403122694791473,2026-08-20T11:38:36.000Z,en,3,1
nano-banana-pro,https://x.com/i/status/2090379907868352602,2026-08-20T10:06:22.000Z,th,1,2
nano-banana-pro,https://x.com/i/status/2090348784299716849,2026-08-20T08:02:41.000Z,zxx,1,0
nano-banana-pro,https://x.com/i/status/2090328272873681142,2026-08-20T06:41:11.000Z,ar,8,1
nano-banana-pro,https://x.com/i/status/2090119972915740756,2026-08-19T16:53:28.000Z,fr,5,0
nano-banana-pro,https://x.com/i/status/2089956575972872664,2026-08-19T06:04:11.000Z,zxx,16,3
nano-banana-pro,https://x.com/i/status/2089929371931045981,2026-08-19T04:16:05.000Z,und,6,4
nano-banana-pro,https://x.com/i/status/2089915606166385100,2026-08-19T03:21:23.000Z,th,3,0
nano-banana-pro,https://x.com/i/status/2089899479654945025,2026-08-19T02:17:19.000Z,th,22504,22387
nano-banana-pro,https://x.com/i/status/2089889248266911878,2026-08-19T01:36:39.000Z,th,24,30
nano-banana-pro,https://x.com/i/status/2089876289436188894,2026-08-19T00:45:10.000Z,zxx,219,14
nano-banana-pro,https://x.com/i/status/2089827071388496027,2026-08-18T21:29:35.000Z,th,308,343
nano-banana-pro,https://x.com/i/status/2089823114339529215,2026-08-18T21:13:52.000Z,en,0,0
nano-banana-pro,https://x.com/i/status/2089667393140441361,2026-08-18T10:55:05.000Z,zh,113,18
nano-banana-pro,https://x.com/i/status/2089440168826564659,2026-08-17T19:52:10.000Z,en,5,0
nano-banana-pro,https://x.com/i/status/2089342740173922767,2026-08-17T13:25:02.000Z,en,5,1
nano-banana-pro,https://x.com/i/status/2089154775829074074,2026-08-17T00:58:07.000Z,en,318,7
nano-banana-pro,https://x.com/i/status/2088906108287275382,2026-08-16T08:30:00.000Z,zxx,1,1
nano-banana-pro,https://x.com/i/status/2088858183679041709,2026-08-16T05:19:34.000Z,en,9,1
nano-banana-pro,https://x.com/i/status/2088833992070210002,2026-08-16T03:43:27.000Z,ja,1,0
nano-banana-pro,https://x.com/i/status/2088726421942497447,2026-08-15T20:36:00.000Z,ja,2,1
nano-banana-pro,https://x.com/i/status/2088649001243488741,2026-08-15T15:28:21.000Z,und,0,0
nano-banana-pro,https://x.com/i/status/2088596581587018158,2026-08-15T12:00:03.000Z,en,116,8
nano-banana-pro,https://x.com/i/status/2088557790566486312,2026-08-15T09:25:55.000Z,ja,1,0
nano-banana-pro,https://x.com/i/status/2088431070253547676,2026-08-15T01:02:22.000Z,zxx,93,6
nano-banana-pro,https://x.com/i/status/2088322808065499617,2026-08-14T17:52:11.000Z,en,1,0
nano-banana-pro,https://x.com/i/status/2088262368853672387,2026-08-14T13:52:01.000Z,en,2,0
nano-banana-pro,https://x.com/i/status/2088194486895607813,2026-08-14T09:22:17.000Z,en,1,0
nano-banana-pro,https://x.com/i/status/2088156794778681415,2026-08-14T06:52:30.000Z,fr,1,0
notion,https://x.com/i/status/2090633165157368218,2026-08-21T02:52:43.000Z,en,0,0
notion,https://x.com/i/status/2090623550717571323,2026-08-21T02:14:31.000Z,en,1,0
notion,https://x.com/i/status/2090621198875173243,2026-08-21T02:05:10.000Z,zh,0,0
notion,https://x.com/i/status/2090620532500967829,2026-08-21T02:02:31.000Z,zxx,0,0
notion,https://x.com/i/status/2090615444713468285,2026-08-21T01:42:18.000Z,en,4,2
notion,https://x.com/i/status/2090610901217132578,2026-08-21T01:24:15.000Z,ja,0,0
notion,https://x.com/i/status/2090610841725161685,2026-08-21T01:24:00.000Z,ja,0,0
notion,https://x.com/i/status/2090610588313616661,2026-08-21T01:23:00.000Z,en,12,0
notion,https://x.com/i/status/2090609795439198245,2026-08-21T01:19:51.000Z,zxx,13,0
notion,https://x.com/i/status/2090609519542075772,2026-08-21T01:18:45.000Z,ja,0,0
notion,https://x.com/i/status/2090607990898655325,2026-08-21T01:12:41.000Z,ja,0,0
notion,https://x.com/i/status/2090607250872107192,2026-08-21T01:09:44.000Z,en,0,0
notion,https://x.com/i/status/2090605116374290878,2026-08-21T01:01:15.000Z,en,0,0
notion,https://x.com/i/status/2090604807283413356,2026-08-21T01:00:02.000Z,ar,2,0
notion,https://x.com/i/status/2090603356649562522,2026-08-21T00:54:16.000Z,en,898,106
notion,https://x.com/i/status/2090600002745774209,2026-08-21T00:40:56.000Z,en,4,0
notion,https://x.com/i/status/2090598866777412089,2026-08-21T00:36:25.000Z,en,1,0
notion,https://x.com/i/status/2090597500873007500,2026-08-21T00:31:00.000Z,ja,0,0
notion,https://x.com/i/status/2090593425129369671,2026-08-21T00:14:48.000Z,en,3,0
notion,https://x.com/i/status/2090584935270879734,2026-08-20T23:41:04.000Z,en,1,0
notion,https://x.com/i/status/2090584755163275448,2026-08-20T23:40:21.000Z,ja,3,0
notion,https://x.com/i/status/2090582927214366764,2026-08-20T23:33:05.000Z,en,4,0
notion,https://x.com/i/status/2090582152270225883,2026-08-20T23:30:00.000Z,en,0,0
notion,https://x.com/i/status/2090579852613034048,2026-08-20T23:20:52.000Z,en,6,1
notion,https://x.com/i/status/2090574851744367017,2026-08-20T23:01:00.000Z,ja,5,1
notion,https://x.com/i/status/2090573778636222887,2026-08-20T22:56:44.000Z,en,7,1
notion,https://x.com/i/status/2090571949873533183,2026-08-20T22:49:28.000Z,ja,6,0
notion,https://x.com/i/status/2090567731057979495,2026-08-20T22:32:42.000Z,en,0,0
notion,https://x.com/i/status/2090565660388823533,2026-08-20T22:24:28.000Z,en,1,0
notion,https://x.com/i/status/2090559767865688235,2026-08-20T22:01:04.000Z,en,69,4
notion,https://x.com/i/status/2090559165144203502,2026-08-20T21:58:40.000Z,ja,7,0
notion,https://x.com/i/status/2090558848520085752,2026-08-20T21:57:24.000Z,en,0,0
notion,https://x.com/i/status/2090557853744685428,2026-08-20T21:53:27.000Z,en,16,0
notion,https://x.com/i/status/2090557768550007198,2026-08-20T21:53:07.000Z,zxx,8,0
notion,https://x.com/i/status/2090557734181613576,2026-08-20T21:52:59.000Z,en,1,0
notion,https://x.com/i/status/2090551977117950307,2026-08-20T21:30:06.000Z,ja,0,0
notion,https://x.com/i/status/2090549121421570189,2026-08-20T21:18:45.000Z,en,20,2
notion,https://x.com/i/status/2090543596688773478,2026-08-20T20:56:48.000Z,en,2,1
notion,https://x.com/i/status/2090541410722132429,2026-08-20T20:48:07.000Z,en,0,0
notion,https://x.com/i/status/2090539955772854468,2026-08-20T20:42:20.000Z,zxx,1,0
notion,https://x.com/i/status/2090533131359277317,2026-08-20T20:15:13.000Z,en,6,0
notion,https://x.com/i/status/2090530929068712244,2026-08-20T20:06:28.000Z,en,306,24
notion,https://x.com/i/status/2090528492161028244,2026-08-20T19:56:47.000Z,pt,0,0
notion,https://x.com/i/status/2090527749576528335,2026-08-20T19:53:50.000Z,zxx,1,0
notion,https://x.com/i/status/2090527148054651201,2026-08-20T19:51:26.000Z,en,24,4
notion,https://x.com/i/status/2090520772464816560,2026-08-20T19:26:06.000Z,zxx,0,0
notion,https://x.com/i/status/2090520469770277365,2026-08-20T19:24:54.000Z,en,0,0
notion,https://x.com/i/status/2090515635663151612,2026-08-20T19:05:42.000Z,en,0,0
notion,https://x.com/i/status/2090513766010216638,2026-08-20T18:58:16.000Z,en,2,1
notion,https://x.com/i/status/2090512440849018898,2026-08-20T18:53:00.000Z,en,15,1
notion,https://x.com/i/status/2090511090287563253,2026-08-20T18:47:38.000Z,en,7,2
notion,https://x.com/i/status/2090509764723921115,2026-08-20T18:42:22.000Z,zxx,3,1
notion,https://x.com/i/status/2090508652457439558,2026-08-20T18:37:57.000Z,en,1,0
notion,https://x.com/i/status/2090507176515149904,2026-08-20T18:32:05.000Z,en,3,0
notion,https://x.com/i/status/2090506601610510681,2026-08-20T18:29:48.000Z,en,1,1
notion,https://x.com/i/status/2090506393296224494,2026-08-20T18:28:58.000Z,en,26,21
notion,https://x.com/i/status/2090506321623937258,2026-08-20T18:28:41.000Z,en,0,0
notion,https://x.com/i/status/2090504644799893841,2026-08-20T18:22:01.000Z,en,2,0
notion,https://x.com/i/status/2090504011896217809,2026-08-20T18:19:30.000Z,en,2,0
notion,https://x.com/i/status/2090503602267885982,2026-08-20T18:17:53.000Z,fr,5,1
notion,https://x.com/i/status/2090503439641965006,2026-08-20T18:17:14.000Z,en,36,2
notion,https://x.com/i/status/2090500361908007265,2026-08-20T18:05:00.000Z,en,15,0
notion,https://x.com/i/status/2090500035658317993,2026-08-20T18:03:42.000Z,en,56,5
notion,https://x.com/i/status/2090500033108120029,2026-08-20T18:03:42.000Z,en,20,1
notion,https://x.com/i/status/2090500030016938286,2026-08-20T18:03:41.000Z,en,16,0
notion,https://x.com/i/status/2090500028393726026,2026-08-20T18:03:41.000Z,en,186,15
notion,https://x.com/i/status/2090497622544924949,2026-08-20T17:54:07.000Z,en,3,0
notion,https://x.com/i/status/2090497171867255005,2026-08-20T17:52:19.000Z,en,0,0
notion,https://x.com/i/status/2090494038348873998,2026-08-20T17:39:52.000Z,en,2,0
notion,https://x.com/i/status/2090493445294964987,2026-08-20T17:37:31.000Z,en,0,0
notion,https://x.com/i/status/2090492221367972252,2026-08-20T17:32:39.000Z,en,7,1
notion,https://x.com/i/status/2090490444224331787,2026-08-20T17:25:35.000Z,zxx,45,1
notion,https://x.com/i/status/2090488948099543254,2026-08-20T17:19:39.000Z,en,0,0
notion,https://x.com/i/status/2090487065540788503,2026-08-20T17:12:10.000Z,en,38,5
notion,https://x.com/i/status/2090486465767829608,2026-08-20T17:09:47.000Z,zxx,61,3
notion,https://x.com/i/status/2090483608884597180,2026-08-20T16:58:26.000Z,en,12,0
notion,https://x.com/i/status/2090480480059601011,2026-08-20T16:46:00.000Z,en,0,0
notion,https://x.com/i/status/2090473055231295584,2026-08-20T16:16:30.000Z,en,0,0
notion,https://x.com/i/status/2090472948385648681,2026-08-20T16:16:04.000Z,en,0,0
notion,https://x.com/i/status/2090472613466550481,2026-08-20T16:14:44.000Z,en,0,0
notion,https://x.com/i/status/2090471502764531802,2026-08-20T16:10:19.000Z,en,5,0
notion,https://x.com/i/status/2090471152863088832,2026-08-20T16:08:56.000Z,zh,1,0
notion,https://x.com/i/status/2090470875128565864,2026-08-20T16:07:50.000Z,en,1,0
notion,https://x.com/i/status/2090470830262436076,2026-08-20T16:07:39.000Z,en,1,0
notion,https://x.com/i/status/2090470082384384508,2026-08-20T16:04:41.000Z,en,0,0
notion,https://x.com/i/status/2090469036496969908,2026-08-20T16:00:31.000Z,zxx,6,0
notion,https://x.com/i/status/2090468766622646406,2026-08-20T15:59:27.000Z,en,2,0
notion,https://x.com/i/status/2090468339680182281,2026-08-20T15:57:45.000Z,pt,1,0
notion,https://x.com/i/status/2090467562127843418,2026-08-20T15:54:40.000Z,en,2,0
notion,https://x.com/i/status/2090466108348531199,2026-08-20T15:48:53.000Z,en,0,0
notion,https://x.com/i/status/2090462848006967524,2026-08-20T15:35:56.000Z,zxx,2,1
notion,https://x.com/i/status/2090462037637742851,2026-08-20T15:32:43.000Z,en,5,1
notion,https://x.com/i/status/2090461131940790760,2026-08-20T15:29:07.000Z,en,0,0
notion,https://x.com/i/status/2090458529945534804,2026-08-20T15:18:47.000Z,en,1,0
notion,https://x.com/i/status/2090458188705669344,2026-08-20T15:17:25.000Z,ja,7,0
notion,https://x.com/i/status/2090456204338192388,2026-08-20T15:09:32.000Z,ar,3,0
notion,https://x.com/i/status/2090453808602058954,2026-08-20T15:00:01.000Z,es,0,0
notion,https://x.com/i/status/2090451578880663865,2026-08-20T14:51:09.000Z,en,4,1
notion,https://x.com/i/status/2090449763728752947,2026-08-20T14:43:57.000Z,zxx,1,0
notion,https://x.com/i/status/2090449256931008644,2026-08-20T14:41:56.000Z,en,0,0
lark-contact,https://x.com/i/status/2089717141721501848,2026-08-18T14:12:46.000Z,zh,9,1
skill-creator,https://x.com/i/status/2090594439219785937,2026-08-21T00:18:50.000Z,zxx,9,1
skill-creator,https://x.com/i/status/2090507300356198531,2026-08-20T18:32:34.000Z,en,0,0
skill-creator,https://x.com/i/status/2090358160544440342,2026-08-20T08:39:57.000Z,en,0,0
skill-creator,https://x.com/i/status/2090313275187638446,2026-08-20T05:41:35.000Z,en,1,0
skill-creator,https://x.com/i/status/2090300517238947911,2026-08-20T04:50:53.000Z,en,11,0
skill-creator,https://x.com/i/status/2090299781675684236,2026-08-20T04:47:58.000Z,en,3,0
skill-creator,https://x.com/i/status/2090293321142874168,2026-08-20T04:22:18.000Z,en,579,19
skill-creator,https://x.com/i/status/2090277208040632401,2026-08-20T03:18:16.000Z,zh,4,0
skill-creator,https://x.com/i/status/2090273024780169647,2026-08-20T03:01:39.000Z,ja,0,0
skill-creator,https://x.com/i/status/2090273020338418064,2026-08-20T03:01:38.000Z,ja,0,0
skill-creator,https://x.com/i/status/2090269372703224193,2026-08-20T02:47:08.000Z,zh,0,0
skill-creator,https://x.com/i/status/2090269367095488596,2026-08-20T02:47:07.000Z,zh,0,0
skill-creator,https://x.com/i/status/2090254038977966157,2026-08-20T01:46:12.000Z,zxx,37,1
skill-creator,https://x.com/i/status/2090169956822577519,2026-08-19T20:12:05.000Z,en,0,0
skill-creator,https://x.com/i/status/2090119127835017280,2026-08-19T16:50:07.000Z,zxx,0,0
skill-creator,https://x.com/i/status/2090038711153008907,2026-08-19T11:30:34.000Z,en,6,0
skill-creator,https://x.com/i/status/2090038704228200830,2026-08-19T11:30:32.000Z,es,6,0
skill-creator,https://x.com/i/status/2090029759849967754,2026-08-19T10:55:00.000Z,ja,0,0
skill-creator,https://x.com/i/status/2089945017544532156,2026-08-19T05:18:16.000Z,zxx,0,0
skill-creator,https://x.com/i/status/2089864936763908136,2026-08-19T00:00:03.000Z,ja,130,18
skill-creator,https://x.com/i/status/2089858334895878586,2026-08-18T23:33:49.000Z,ja,2,0
skill-creator,https://x.com/i/status/2089842909160055134,2026-08-18T22:32:31.000Z,en,0,0
skill-creator,https://x.com/i/status/2089767547319324789,2026-08-18T17:33:03.000Z,en,1,0
skill-creator,https://x.com/i/status/2089756450516336974,2026-08-18T16:48:58.000Z,zh,1,0
skill-creator,https://x.com/i/status/2089744131648344449,2026-08-18T16:00:01.000Z,ar,325,54
skill-creator,https://x.com/i/status/2089707052746576174,2026-08-18T13:32:40.000Z,en,0,0
skill-creator,https://x.com/i/status/2089692737797029981,2026-08-18T12:35:47.000Z,ja,0,0
skill-creator,https://x.com/i/status/2089623409655435548,2026-08-18T08:00:18.000Z,en,0,0
skill-creator,https://x.com/i/status/2089610876273971406,2026-08-18T07:10:30.000Z,ja,0,0
skill-creator,https://x.com/i/status/2089601025275809992,2026-08-18T06:31:21.000Z,zh,0,0
skill-creator,https://x.com/i/status/2089578037750956350,2026-08-18T05:00:01.000Z,en,302,43
skill-creator,https://x.com/i/status/2089470409985212552,2026-08-17T21:52:20.000Z,en,2,0
skill-creator,https://x.com/i/status/2089428329812103175,2026-08-17T19:05:08.000Z,zxx,1,0
skill-creator,https://x.com/i/status/2089412809016721636,2026-08-17T18:03:27.000Z,en,21,1
skill-creator,https://x.com/i/status/2089240689926111604,2026-08-17T06:39:31.000Z,cs,36,0
skill-creator,https://x.com/i/status/2089208243432341582,2026-08-17T04:30:35.000Z,en,0,0
skill-creator,https://x.com/i/status/2089036398099878196,2026-08-16T17:07:44.000Z,zxx,1,0
skill-creator,https://x.com/i/status/2089001173684777034,2026-08-16T14:47:46.000Z,ja,0,0
skill-creator,https://x.com/i/status/2088950003511513208,2026-08-16T11:24:26.000Z,ja,9,0
skill-creator,https://x.com/i/status/2088935935752724947,2026-08-16T10:28:32.000Z,zxx,49,8
skill-creator,https://x.com/i/status/2088910171015872967,2026-08-16T08:46:09.000Z,ja,7,0
skill-creator,https://x.com/i/status/2088767295485350285,2026-08-15T23:18:25.000Z,zxx,35,1
skill-creator,https://x.com/i/status/2088750165234790898,2026-08-15T22:10:21.000Z,zxx,46,4
skill-creator,https://x.com/i/status/2088741101842936113,2026-08-15T21:34:20.000Z,zxx,2,0
skill-creator,https://x.com/i/status/2088708859133333552,2026-08-15T19:26:13.000Z,zxx,842,37
skill-creator,https://x.com/i/status/2088626017539617177,2026-08-15T13:57:02.000Z,zxx,20,2
skill-creator,https://x.com/i/status/2088612063970996564,2026-08-15T13:01:35.000Z,es,19,3
skill-creator,https://x.com/i/status/2088600486186193043,2026-08-15T12:15:34.000Z,en,0,0
skill-creator,https://x.com/i/status/2088586537436885071,2026-08-15T11:20:09.000Z,en,3,1
skill-creator,https://x.com/i/status/2088563855848804772,2026-08-15T09:50:01.000Z,ja,3,0
skill-creator,https://x.com/i/status/2088553089129435293,2026-08-15T09:07:14.000Z,zxx,2,0
skill-creator,https://x.com/i/status/2088395743933415935,2026-08-14T22:42:00.000Z,en,1,0
skill-creator,https://x.com/i/status/2088287797769892233,2026-08-14T15:33:04.000Z,en,34,2
skill-creator,https://x.com/i/status/2088232279625585093,2026-08-14T11:52:27.000Z,fr,0,0
skill-creator,https://x.com/i/status/2088210281570726288,2026-08-14T10:25:02.000Z,fr,1,0
skill-creator,https://x.com/i/status/2088157301135888787,2026-08-14T06:54:31.000Z,fr,3,0
skill-creator,https://x.com/i/status/2088155085859651820,2026-08-14T06:45:43.000Z,fr,4,0
skill-creator,https://x.com/i/status/2088117483496489027,2026-08-14T04:16:18.000Z,en,8,0
skill-creator,https://x.com/i/status/2088107879220080891,2026-08-14T03:38:08.000Z,zh,1,0
auto-updater,https://x.com/i/status/2090256301016142137,2026-08-20T01:55:11.000Z,en,0,0
auto-updater,https://x.com/i/status/2090256184099971426,2026-08-20T01:54:44.000Z,en,0,0
auto-updater,https://x.com/i/status/2089406372358311937,2026-08-17T17:37:53.000Z,zxx,31,5
baidu-search,https://x.com/i/status/2090634570597024153,2026-08-21T02:58:18.000Z,zxx,0,0
baidu-search,https://x.com/i/status/2089658423952527716,2026-08-18T10:19:26.000Z,en,10,5
openai-whisper,https://x.com/i/status/2090448465679855977,2026-08-20T14:38:47.000Z,en,0,0
openai-whisper,https://x.com/i/status/2090017804343001120,2026-08-19T10:07:29.000Z,zxx,6,1
openai-whisper,https://x.com/i/status/2088585405641679281,2026-08-15T11:15:39.000Z,zxx,101,5
openai-whisper,https://x.com/i/status/2088282541262319856,2026-08-14T15:12:10.000Z,en,1,0
