skill_key,tweet_url,created_at,lang,favorites,retweets,relevance
find-skills,https://x.com/i/status/2104993175454511467,2026-09-29T17:54:16.000Z,en,1,0,0.9
find-skills,https://x.com/i/status/2104993172195541113,2026-09-29T17:54:15.000Z,tr,0,0,0.95
find-skills,https://x.com/i/status/2104628127167107543,2026-09-28T17:43:42.000Z,en,0,0,0.86
find-skills,https://x.com/i/status/2104593356332343470,2026-09-28T15:25:32.000Z,zxx,16,0,0.16
find-skills,https://x.com/i/status/2104570828507787443,2026-09-28T13:56:01.000Z,zh,0,0,0.91
find-skills,https://x.com/i/status/2104565406513963260,2026-09-28T13:34:28.000Z,en,6,0,0.67
find-skills,https://x.com/i/status/2104285028893266206,2026-09-27T19:00:21.000Z,zh,1,0,0.93
find-skills,https://x.com/i/status/2103851586103501065,2026-09-26T14:18:00.000Z,ja,3,0,0.59
find-skills,https://x.com/i/status/2103775839934636308,2026-09-26T09:17:01.000Z,en,0,0,0.58
find-skills,https://x.com/i/status/2103739454061989990,2026-09-26T06:52:26.000Z,en,56,4,0.92
find-skills,https://x.com/i/status/2103406163085943007,2026-09-25T08:48:03.000Z,en,0,0,0.27
find-skills,https://x.com/i/status/2103098161892139207,2026-09-24T12:24:10.000Z,en,10,0,0.25
find-skills,https://x.com/i/status/2102828458749636663,2026-09-23T18:32:27.000Z,en,105,27,0.28
find-skills,https://x.com/i/status/2102758905835295211,2026-09-23T13:56:05.000Z,en,4,0,0.31
self-improving-agent,https://x.com/i/status/2104989302870708642,2026-09-29T17:38:53.000Z,en,0,0,0.55
self-improving-agent,https://x.com/i/status/2104948973845029046,2026-09-29T14:58:38.000Z,en,1,0,0.58
self-improving-agent,https://x.com/i/status/2104940456459063533,2026-09-29T14:24:47.000Z,en,23,9,0.79
self-improving-agent,https://x.com/i/status/2104931665097130492,2026-09-29T13:49:51.000Z,en,1,0,0.83
self-improving-agent,https://x.com/i/status/2104922238105305135,2026-09-29T13:12:23.000Z,en,0,0,0.81
self-improving-agent,https://x.com/i/status/2104915621880442907,2026-09-29T12:46:06.000Z,en,0,0,0.67
self-improving-agent,https://x.com/i/status/2104913792584855720,2026-09-29T12:38:50.000Z,en,0,0,0.8
self-improving-agent,https://x.com/i/status/2104892464389919186,2026-09-29T11:14:05.000Z,en,0,0,0.75
self-improving-agent,https://x.com/i/status/2104890403736695182,2026-09-29T11:05:53.000Z,en,8,0,0.21
self-improving-agent,https://x.com/i/status/2104884953679094251,2026-09-29T10:44:14.000Z,en,0,0,0.61
self-improving-agent,https://x.com/i/status/2104883317866913798,2026-09-29T10:37:44.000Z,en,1,0,0.69
self-improving-agent,https://x.com/i/status/2104881339048542355,2026-09-29T10:29:52.000Z,en,0,0,0.77
self-improving-agent,https://x.com/i/status/2104880415165042787,2026-09-29T10:26:12.000Z,en,0,0,0.75
self-improving-agent,https://x.com/i/status/2104829075235971416,2026-09-29T07:02:12.000Z,en,0,0,0.66
self-improving-agent,https://x.com/i/status/2104828634418819140,2026-09-29T07:00:26.000Z,en,2,0,0.69
self-improving-agent,https://x.com/i/status/2104822642729771390,2026-09-29T06:36:38.000Z,en,0,0,0.58
self-improving-agent,https://x.com/i/status/2104811776852574701,2026-09-29T05:53:27.000Z,en,2,0,0.11
self-improving-agent,https://x.com/i/status/2104668090084810781,2026-09-28T20:22:30.000Z,en,2,0,0.72
self-improving-agent,https://x.com/i/status/2104625409669443826,2026-09-28T17:32:54.000Z,en,5,0,0.82
self-improving-agent,https://x.com/i/status/2104623970662371472,2026-09-28T17:27:11.000Z,en,213,19,0.73
self-improving-agent,https://x.com/i/status/2104602311368610093,2026-09-28T16:01:07.000Z,en,20,0,0.18
self-improving-agent,https://x.com/i/status/2104598769245515910,2026-09-28T15:47:02.000Z,en,1,0,0.76
self-improving-agent,https://x.com/i/status/2104597759005434149,2026-09-28T15:43:01.000Z,en,6,0,0.84
self-improving-agent,https://x.com/i/status/2104554733742809560,2026-09-28T12:52:03.000Z,en,35,8,0.1
self-improving-agent,https://x.com/i/status/2104313886648271011,2026-09-27T20:55:01.000Z,en,0,0,0.79
self-improving-agent,https://x.com/i/status/2104266663751291135,2026-09-27T17:47:22.000Z,en,116,14,0.79
self-improving-agent,https://x.com/i/status/2104261227950346470,2026-09-27T17:25:46.000Z,en,1,0,0.69
self-improving-agent,https://x.com/i/status/2104196198416421112,2026-09-27T13:07:22.000Z,en,1,0,0.83
self-improving-agent,https://x.com/i/status/2104059601091985761,2026-09-27T04:04:35.000Z,en,13,4,0.71
self-improving-agent,https://x.com/i/status/2103798983227560292,2026-09-26T10:48:58.000Z,en,13,9,0.77
self-improving-agent,https://x.com/i/status/2103772145713049936,2026-09-26T09:02:20.000Z,en,177,21,0.45
self-improving-agent,https://x.com/i/status/2103590883819958779,2026-09-25T21:02:04.000Z,en,15,1,0.8
self-improving-agent,https://x.com/i/status/2103499096019628218,2026-09-25T14:57:20.000Z,zxx,8,1,0.09
self-improving-agent,https://x.com/i/status/2103484677864730691,2026-09-25T14:00:02.000Z,en,33,3,0.07
self-improving-agent,https://x.com/i/status/2103477899814924357,2026-09-25T13:33:06.000Z,en,0,0,0.76
self-improving-agent,https://x.com/i/status/2103465675813445978,2026-09-25T12:44:32.000Z,en,0,0,0.79
self-improving-agent,https://x.com/i/status/2103444406887997532,2026-09-25T11:20:01.000Z,en,1,0,0.83
self-improving-agent,https://x.com/i/status/2103439402122784900,2026-09-25T11:00:08.000Z,en,0,0,0.82
self-improving-agent,https://x.com/i/status/2103429303056670910,2026-09-25T10:20:00.000Z,en,8,2,0.64
self-improving-agent,https://x.com/i/status/2103363719417774148,2026-09-25T05:59:23.000Z,en,45,5,0.14
self-improving-agent,https://x.com/i/status/2103222236790587902,2026-09-24T20:37:11.000Z,en,1,0,0.75
self-improving-agent,https://x.com/i/status/2103154792210026721,2026-09-24T16:09:11.000Z,en,1,0,0.15
self-improving-agent,https://x.com/i/status/2103086812642300188,2026-09-24T11:39:04.000Z,en,0,0,0.72
self-improving-agent,https://x.com/i/status/2103007148959805785,2026-09-24T06:22:30.000Z,zxx,101,0,0.15
self-improving-agent,https://x.com/i/status/2102853768266256738,2026-09-23T20:13:02.000Z,en,402,62,0.71
self-improving-agent,https://x.com/i/status/2102833858622173387,2026-09-23T18:53:55.000Z,en,5,3,0.58
self-improving-agent,https://x.com/i/status/2102826324742070753,2026-09-23T18:23:59.000Z,en,0,0,0.85
self-improving-agent,https://x.com/i/status/2102803446915117531,2026-09-23T16:53:04.000Z,en,203,21,0.62
self-improving-agent,https://x.com/i/status/2102802621664985241,2026-09-23T16:49:47.000Z,en,990,117,0.13
self-improving-agent,https://x.com/i/status/2102768862772990128,2026-09-23T14:35:39.000Z,en,1,0,0.72
self-improving-agent,https://x.com/i/status/2102761600524730570,2026-09-23T14:06:47.000Z,en,1,0,0.7
self-improving-agent,https://x.com/i/status/2102706766370730454,2026-09-23T10:28:54.000Z,en,0,0,0.71
self-improving-agent,https://x.com/i/status/2102698998515761629,2026-09-23T09:58:02.000Z,en,739,102,0.69
self-improving-agent,https://x.com/i/status/2102580039305089529,2026-09-23T02:05:20.000Z,en,3,1,0.7
grill-me,https://x.com/i/status/2105087893035430090,2026-09-30T00:10:38.000Z,en,1,0,0.89
grill-me,https://x.com/i/status/2105069980849197432,2026-09-29T22:59:28.000Z,ja,0,0,0.84
grill-me,https://x.com/i/status/2105047743567929765,2026-09-29T21:31:06.000Z,zh,0,0,0.92
grill-me,https://x.com/i/status/2105034058837164102,2026-09-29T20:36:43.000Z,en,1,0,0.95
grill-me,https://x.com/i/status/2104983411521642780,2026-09-29T17:15:28.000Z,en,5,1,0.69
grill-me,https://x.com/i/status/2104965968527000013,2026-09-29T16:06:09.000Z,en,1,1,0.92
grill-me,https://x.com/i/status/2104915923681579051,2026-09-29T12:47:18.000Z,zh,4,1,0.81
grill-me,https://x.com/i/status/2104832500002353471,2026-09-29T07:15:48.000Z,en,0,0,0.85
grill-me,https://x.com/i/status/2104789418427007136,2026-09-29T04:24:37.000Z,en,10,0,0.95
grill-me,https://x.com/i/status/2104782317310906702,2026-09-29T03:56:24.000Z,en,72,13,0.15
grill-me,https://x.com/i/status/2104754306478133439,2026-09-29T02:05:05.000Z,en,5,0,0.91
grill-me,https://x.com/i/status/2104711629829222545,2026-09-28T23:15:30.000Z,en,0,0,0.63
grill-me,https://x.com/i/status/2104629707887329518,2026-09-28T17:49:59.000Z,en,45,10,0.25
grill-me,https://x.com/i/status/2104620344430440620,2026-09-28T17:12:46.000Z,en,4,0,0.19
grill-me,https://x.com/i/status/2104539089072722358,2026-09-28T11:49:53.000Z,zh,102,7,0.86
grill-me,https://x.com/i/status/2104507881802674520,2026-09-28T09:45:53.000Z,en,0,0,0.89
grill-me,https://x.com/i/status/2104503688580448609,2026-09-28T09:29:13.000Z,zxx,7,0,0.25
grill-me,https://x.com/i/status/2104502618127249655,2026-09-28T09:24:58.000Z,ja,1,0,0.95
grill-me,https://x.com/i/status/2104444645963182298,2026-09-28T05:34:36.000Z,en,0,0,0.92
grill-me,https://x.com/i/status/2104443873665634360,2026-09-28T05:31:32.000Z,en,3,0,0.06
grill-me,https://x.com/i/status/2104416896070320549,2026-09-28T03:44:20.000Z,zxx,185,35,0.2
grill-me,https://x.com/i/status/2104405786613166494,2026-09-28T03:00:12.000Z,en,0,0,0.85
grill-me,https://x.com/i/status/2104401426806149203,2026-09-28T02:42:52.000Z,zh,3,0,0.96
grill-me,https://x.com/i/status/2104339996081836268,2026-09-27T22:38:46.000Z,zxx,9,0,0.21
grill-me,https://x.com/i/status/2104319462140776496,2026-09-27T21:17:10.000Z,en,1,0,0.87
grill-me,https://x.com/i/status/2104313274292486274,2026-09-27T20:52:35.000Z,en,1,0,0.91
grill-me,https://x.com/i/status/2104304755220656605,2026-09-27T20:18:44.000Z,en,1,0,0.82
grill-me,https://x.com/i/status/2104243660023857663,2026-09-27T16:15:58.000Z,en,1,0,0.93
grill-me,https://x.com/i/status/2104234506131828914,2026-09-27T15:39:35.000Z,zh,1,0,0.93
grill-me,https://x.com/i/status/2104224132082852106,2026-09-27T14:58:22.000Z,de,0,0,0.93
grill-me,https://x.com/i/status/2104215466939945452,2026-09-27T14:23:56.000Z,en,4,0,0.75
grill-me,https://x.com/i/status/2104212807528902733,2026-09-27T14:13:22.000Z,en,2,0,0.74
grill-me,https://x.com/i/status/2104144094704423011,2026-09-27T09:40:19.000Z,en,0,0,0.12
grill-me,https://x.com/i/status/2104113813406486581,2026-09-27T07:40:00.000Z,en,215,57,0.26
grill-me,https://x.com/i/status/2104083690834035081,2026-09-27T05:40:18.000Z,en,0,0,0.81
grill-me,https://x.com/i/status/2104075521105461511,2026-09-27T05:07:50.000Z,en,7,0,0.86
grill-me,https://x.com/i/status/2104051834315030977,2026-09-27T03:33:43.000Z,en,7,0,0.8
grill-me,https://x.com/i/status/2104014253908787701,2026-09-27T01:04:23.000Z,en,1,0,0.85
grill-me,https://x.com/i/status/2104006832645706034,2026-09-27T00:34:54.000Z,en,0,0,0.93
grill-me,https://x.com/i/status/2103926345130443140,2026-09-26T19:15:04.000Z,en,3,0,0.96
grill-me,https://x.com/i/status/2103916566991757822,2026-09-26T18:36:13.000Z,en,2,0,0.71
grill-me,https://x.com/i/status/2103896851233612205,2026-09-26T17:17:52.000Z,de,2,0,0.73
grill-me,https://x.com/i/status/2103870400270909539,2026-09-26T15:32:46.000Z,en,1,0,0.92
grill-me,https://x.com/i/status/2103809399126962497,2026-09-26T11:30:22.000Z,zh,286,33,0.81
grill-me,https://x.com/i/status/2103804285838643517,2026-09-26T11:10:03.000Z,en,5,0,0.94
grill-me,https://x.com/i/status/2103787901196571004,2026-09-26T10:04:56.000Z,ja,10,4,0.87
grill-me,https://x.com/i/status/2103779891191963870,2026-09-26T09:33:07.000Z,en,0,0,0.86
grill-me,https://x.com/i/status/2103771655294329321,2026-09-26T09:00:23.000Z,ja,5,0,0.07
grill-me,https://x.com/i/status/2103752503854809232,2026-09-26T07:44:17.000Z,fr,0,0,0.65
grill-me,https://x.com/i/status/2103748233251918253,2026-09-26T07:27:19.000Z,en,0,0,0.61
grill-me,https://x.com/i/status/2103741651139355122,2026-09-26T07:01:09.000Z,zxx,3,1,0.18
grill-me,https://x.com/i/status/2103733839960924640,2026-09-26T06:30:07.000Z,en,1,0,0.27
grill-me,https://x.com/i/status/2103705885579358223,2026-09-26T04:39:02.000Z,en,0,0,0.95
grill-me,https://x.com/i/status/2103684261899309413,2026-09-26T03:13:07.000Z,en,1,0,0.96
grill-me,https://x.com/i/status/2103653652200350096,2026-09-26T01:11:29.000Z,en,0,0,0.94
grill-me,https://x.com/i/status/2103530565735424441,2026-09-25T17:02:23.000Z,en,4,0,0.77
grill-me,https://x.com/i/status/2103515659309093303,2026-09-25T16:03:09.000Z,en,0,0,0.92
grill-me,https://x.com/i/status/2103512023346864227,2026-09-25T15:48:42.000Z,en,1,0,0.93
grill-me,https://x.com/i/status/2103502494592578034,2026-09-25T15:10:50.000Z,pt,0,0,0.83
grill-me,https://x.com/i/status/2103495223233982928,2026-09-25T14:41:56.000Z,zh,2,0,0.93
grill-me,https://x.com/i/status/2103484677864730691,2026-09-25T14:00:02.000Z,en,33,3,0.38
grill-me,https://x.com/i/status/2103463363535679646,2026-09-25T12:35:20.000Z,en,1,0,0.93
grill-me,https://x.com/i/status/2103455766115996010,2026-09-25T12:05:09.000Z,en,0,0,0.84
grill-me,https://x.com/i/status/2103418702276313438,2026-09-25T09:37:52.000Z,ja,15,0,0.8
grill-me,https://x.com/i/status/2103389305473257742,2026-09-25T07:41:04.000Z,en,3,0,0.91
grill-me,https://x.com/i/status/2103369382499856874,2026-09-25T06:21:54.000Z,fa,0,0,0.81
grill-me,https://x.com/i/status/2103353556262961308,2026-09-25T05:19:00.000Z,en,2,0,0.9
grill-me,https://x.com/i/status/2103230290411786558,2026-09-24T21:09:12.000Z,en,0,0,0.65
grill-me,https://x.com/i/status/2103185038271484355,2026-09-24T18:09:23.000Z,en,6,0,0.06
grill-me,https://x.com/i/status/2103174794984526094,2026-09-24T17:28:40.000Z,en,0,0,0.87
grill-me,https://x.com/i/status/2103159304844923125,2026-09-24T16:27:07.000Z,en,45,1,0.06
grill-me,https://x.com/i/status/2103153718611034317,2026-09-24T16:04:55.000Z,en,0,0,0.91
grill-me,https://x.com/i/status/2103144820588032389,2026-09-24T15:29:34.000Z,en,0,0,0.82
grill-me,https://x.com/i/status/2103128445664342282,2026-09-24T14:24:30.000Z,en,0,0,0.81
grill-me,https://x.com/i/status/2103107681141788836,2026-09-24T13:01:59.000Z,en,1,0,0.87
grill-me,https://x.com/i/status/2103103787326185766,2026-09-24T12:46:31.000Z,zh,1,0,0.86
grill-me,https://x.com/i/status/2103097499942605194,2026-09-24T12:21:32.000Z,zxx,1,1,0.2
grill-me,https://x.com/i/status/2103090153162166756,2026-09-24T11:52:20.000Z,en,0,0,0.93
grill-me,https://x.com/i/status/2103081165515022468,2026-09-24T11:16:37.000Z,en,2,0,0.79
grill-me,https://x.com/i/status/2103065007856697782,2026-09-24T10:12:25.000Z,en,0,0,0.88
grill-me,https://x.com/i/status/2103029415659581906,2026-09-24T07:50:59.000Z,en,1,0,0.93
grill-me,https://x.com/i/status/2102981013098090687,2026-09-24T04:38:39.000Z,en,0,0,0.93
grill-me,https://x.com/i/status/2102963013120889289,2026-09-24T03:27:08.000Z,zxx,18,4,0.21
grill-me,https://x.com/i/status/2102950621116862939,2026-09-24T02:37:53.000Z,en,0,0,0.78
grill-me,https://x.com/i/status/2102931089732051333,2026-09-24T01:20:17.000Z,en,4,0,0.95
grill-me,https://x.com/i/status/2102929525634158864,2026-09-24T01:14:04.000Z,en,0,0,0.87
grill-me,https://x.com/i/status/2102926470339293578,2026-09-24T01:01:55.000Z,en,3,0,0.93
grill-me,https://x.com/i/status/2102887457054441726,2026-09-23T22:26:54.000Z,en,0,0,0.89
grill-me,https://x.com/i/status/2102887447948575030,2026-09-23T22:26:52.000Z,en,0,0,0.94
grill-me,https://x.com/i/status/2102861127051051015,2026-09-23T20:42:16.000Z,en,0,0,0.89
grill-me,https://x.com/i/status/2102859335172809024,2026-09-23T20:35:09.000Z,en,0,0,0.92
grill-me,https://x.com/i/status/2102856466113974531,2026-09-23T20:23:45.000Z,en,1,0,0.93
grill-me,https://x.com/i/status/2102855792575582418,2026-09-23T20:21:04.000Z,en,4,0,0.96
grill-me,https://x.com/i/status/2102853334957011117,2026-09-23T20:11:18.000Z,en,5,0,0.91
grill-me,https://x.com/i/status/2102852412453126248,2026-09-23T20:07:38.000Z,de,0,0,0.89
grill-me,https://x.com/i/status/2102841652121641080,2026-09-23T19:24:53.000Z,en,1,0,0.86
grill-me,https://x.com/i/status/2102838966332330402,2026-09-23T19:14:13.000Z,en,1,0,0.86
grill-me,https://x.com/i/status/2102833737591656657,2026-09-23T18:53:26.000Z,en,0,0,0.88
grill-me,https://x.com/i/status/2102820091297509800,2026-09-23T17:59:12.000Z,en,7,0,0.88
grill-me,https://x.com/i/status/2102818378448523689,2026-09-23T17:52:24.000Z,en,1,0,0.94
grill-with-docs,https://x.com/i/status/2104915923681579051,2026-09-29T12:47:18.000Z,zh,4,1,0.92
grill-with-docs,https://x.com/i/status/2104592439969255887,2026-09-28T15:21:53.000Z,en,0,0,0.91
grill-with-docs,https://x.com/i/status/2104525219406688718,2026-09-28T10:54:47.000Z,ar,35,6,0.12
grill-with-docs,https://x.com/i/status/2104464190320853104,2026-09-28T06:52:16.000Z,en,1,0,0.95
grill-with-docs,https://x.com/i/status/2103848219956449649,2026-09-26T14:04:37.000Z,en,7,0,0.96
grill-with-docs,https://x.com/i/status/2103842825544884437,2026-09-26T13:43:11.000Z,zh,4,0,0.92
grill-with-docs,https://x.com/i/status/2103820379898728510,2026-09-26T12:14:00.000Z,ja,19,2,0.92
grill-with-docs,https://x.com/i/status/2103809399126962497,2026-09-26T11:30:22.000Z,zh,286,33,0.96
grill-with-docs,https://x.com/i/status/2103472142570721756,2026-09-25T13:10:14.000Z,en,0,0,0.9
grill-with-docs,https://x.com/i/status/2103230049872642553,2026-09-24T21:08:14.000Z,en,1,0,0.94
grill-with-docs,https://x.com/i/status/2103219355756396589,2026-09-24T20:25:44.000Z,en,0,0,0.96
grill-with-docs,https://x.com/i/status/2102961685111668927,2026-09-24T03:21:51.000Z,pt,0,0,0.93
grill-with-docs,https://x.com/i/status/2102853821244596434,2026-09-23T20:13:14.000Z,zh,7,0,0.53
grill-with-docs,https://x.com/i/status/2102701255885758717,2026-09-23T10:07:00.000Z,ja,125,6,0.91
self-improving,https://x.com/i/status/2105043704163799331,2026-09-29T21:15:03.000Z,en,0,0,0.4
self-improving,https://x.com/i/status/2105033096487972867,2026-09-29T20:32:54.000Z,en,0,0,0.87
self-improving,https://x.com/i/status/2105023021098344779,2026-09-29T19:52:52.000Z,en,6,0,0.47
self-improving,https://x.com/i/status/2105017773663371422,2026-09-29T19:32:01.000Z,zxx,2,1,0.18
self-improving,https://x.com/i/status/2105012917640798655,2026-09-29T19:12:43.000Z,en,0,0,0.91
self-improving,https://x.com/i/status/2105008985803743271,2026-09-29T18:57:06.000Z,en,36,6,0.87
self-improving,https://x.com/i/status/2105008863866970565,2026-09-29T18:56:36.000Z,en,0,0,0.73
self-improving,https://x.com/i/status/2105005691643519476,2026-09-29T18:44:00.000Z,en,1,0,0.89
self-improving,https://x.com/i/status/2105000277552283911,2026-09-29T18:22:29.000Z,en,21,20,0.81
self-improving,https://x.com/i/status/2104994930456416674,2026-09-29T18:01:14.000Z,zxx,0,0,0.17
self-improving,https://x.com/i/status/2104989302870708642,2026-09-29T17:38:53.000Z,en,0,0,0.88
self-improving,https://x.com/i/status/2104987906427273510,2026-09-29T17:33:20.000Z,en,18,2,0.82
self-improving,https://x.com/i/status/2104987635492282641,2026-09-29T17:32:15.000Z,en,38,7,0.91
self-improving,https://x.com/i/status/2104986820823912755,2026-09-29T17:29:01.000Z,en,1,0,0.74
self-improving,https://x.com/i/status/2104986205880287372,2026-09-29T17:26:34.000Z,en,40,2,0.69
self-improving,https://x.com/i/status/2104982407942483997,2026-09-29T17:11:29.000Z,en,0,0,0.81
self-improving,https://x.com/i/status/2104981132349432244,2026-09-29T17:06:25.000Z,en,0,0,0.74
self-improving,https://x.com/i/status/2104977274164367757,2026-09-29T16:51:05.000Z,zxx,51,1,0.2
self-improving,https://x.com/i/status/2104976635145728086,2026-09-29T16:48:33.000Z,en,16,9,0.85
self-improving,https://x.com/i/status/2104974232086040857,2026-09-29T16:39:00.000Z,en,2,0,0.07
self-improving,https://x.com/i/status/2104971005865427434,2026-09-29T16:26:10.000Z,en,38,2,0.13
self-improving,https://x.com/i/status/2104968434761220352,2026-09-29T16:15:57.000Z,en,1,0,0.81
self-improving,https://x.com/i/status/2104964447110582594,2026-09-29T16:00:07.000Z,en,2,0,0.04
self-improving,https://x.com/i/status/2104954411290431599,2026-09-29T15:20:14.000Z,en,0,0,0.8
self-improving,https://x.com/i/status/2104952750115299712,2026-09-29T15:13:38.000Z,en,1,1,0.07
self-improving,https://x.com/i/status/2104948973845029046,2026-09-29T14:58:38.000Z,en,1,0,0.87
self-improving,https://x.com/i/status/2104948212326928567,2026-09-29T14:55:36.000Z,en,0,0,0.89
self-improving,https://x.com/i/status/2104940456459063533,2026-09-29T14:24:47.000Z,en,23,9,0.9
self-improving,https://x.com/i/status/2104939049559429168,2026-09-29T14:19:11.000Z,en,0,0,0.87
self-improving,https://x.com/i/status/2104934625789546886,2026-09-29T14:01:37.000Z,en,0,0,0.8
self-improving,https://x.com/i/status/2104933950749831228,2026-09-29T13:58:56.000Z,en,3,2,0.78
self-improving,https://x.com/i/status/2104931665097130492,2026-09-29T13:49:51.000Z,en,1,0,0.89
self-improving,https://x.com/i/status/2104931610260902158,2026-09-29T13:49:38.000Z,en,0,0,0.7
self-improving,https://x.com/i/status/2104929130147922065,2026-09-29T13:39:46.000Z,en,59,8,0.85
self-improving,https://x.com/i/status/2104929126981513727,2026-09-29T13:39:46.000Z,en,2,0,0.07
self-improving,https://x.com/i/status/2104928691964780785,2026-09-29T13:38:02.000Z,en,37,1,0.78
self-improving,https://x.com/i/status/2104927371665219854,2026-09-29T13:32:47.000Z,en,1,0,0.62
self-improving,https://x.com/i/status/2104926371256439094,2026-09-29T13:28:49.000Z,en,13,0,0.82
self-improving,https://x.com/i/status/2104924792704872751,2026-09-29T13:22:32.000Z,en,1,0,0.13
self-improving,https://x.com/i/status/2104923249096147450,2026-09-29T13:16:24.000Z,en,0,0,0.84
self-improving,https://x.com/i/status/2104922238105305135,2026-09-29T13:12:23.000Z,en,0,0,0.84
self-improving,https://x.com/i/status/2104915621880442907,2026-09-29T12:46:06.000Z,en,0,0,0.81
self-improving,https://x.com/i/status/2104914924921295264,2026-09-29T12:43:20.000Z,en,2,2,0.74
self-improving,https://x.com/i/status/2104913792584855720,2026-09-29T12:38:50.000Z,en,0,0,0.76
self-improving,https://x.com/i/status/2104911497281593679,2026-09-29T12:29:42.000Z,en,0,0,0.76
self-improving,https://x.com/i/status/2104910776742134183,2026-09-29T12:26:51.000Z,en,16,11,0.83
self-improving,https://x.com/i/status/2104907873985642985,2026-09-29T12:15:19.000Z,en,18,0,0.84
self-improving,https://x.com/i/status/2104904521864667399,2026-09-29T12:01:59.000Z,en,0,0,0.06
self-improving,https://x.com/i/status/2104903826134499572,2026-09-29T11:59:14.000Z,en,1,0,0.81
self-improving,https://x.com/i/status/2104898804340461667,2026-09-29T11:39:16.000Z,en,0,0,0.8
self-improving,https://x.com/i/status/2104892464389919186,2026-09-29T11:14:05.000Z,en,0,0,0.66
self-improving,https://x.com/i/status/2104892348010541203,2026-09-29T11:13:37.000Z,en,1,0,0.77
self-improving,https://x.com/i/status/2104892166694949200,2026-09-29T11:12:54.000Z,en,0,0,0.79
self-improving,https://x.com/i/status/2104891884934185449,2026-09-29T11:11:47.000Z,en,0,0,0.78
self-improving,https://x.com/i/status/2104890403736695182,2026-09-29T11:05:53.000Z,en,8,0,0.29
self-improving,https://x.com/i/status/2104890366495498688,2026-09-29T11:05:45.000Z,en,0,0,0.8
self-improving,https://x.com/i/status/2104890066027810831,2026-09-29T11:04:33.000Z,en,0,0,0.81
self-improving,https://x.com/i/status/2104890001901445125,2026-09-29T11:04:18.000Z,en,11,3,0.83
self-improving,https://x.com/i/status/2104889676154957904,2026-09-29T11:03:00.000Z,en,64,54,0.79
self-improving,https://x.com/i/status/2104889270569971868,2026-09-29T11:01:23.000Z,en,0,0,0.58
self-improving,https://x.com/i/status/2104887901745979836,2026-09-29T10:55:57.000Z,en,6,5,0.78
self-improving,https://x.com/i/status/2104887372177400139,2026-09-29T10:53:51.000Z,en,0,0,0.85
self-improving,https://x.com/i/status/2104886297940947349,2026-09-29T10:49:34.000Z,en,0,0,0.66
self-improving,https://x.com/i/status/2104884953679094251,2026-09-29T10:44:14.000Z,en,0,0,0.81
self-improving,https://x.com/i/status/2104883859473244208,2026-09-29T10:39:53.000Z,en,0,0,0.79
self-improving,https://x.com/i/status/2104883317866913798,2026-09-29T10:37:44.000Z,en,1,0,0.82
self-improving,https://x.com/i/status/2104883046059249805,2026-09-29T10:36:39.000Z,en,1,0,0.86
self-improving,https://x.com/i/status/2104881527800713529,2026-09-29T10:30:37.000Z,en,13,1,0.44
self-improving,https://x.com/i/status/2104881339048542355,2026-09-29T10:29:52.000Z,en,0,0,0.68
self-improving,https://x.com/i/status/2104880615128748169,2026-09-29T10:27:00.000Z,en,0,0,0.8
self-improving,https://x.com/i/status/2104880415165042787,2026-09-29T10:26:12.000Z,en,0,0,0.64
self-improving,https://x.com/i/status/2104877119088234673,2026-09-29T10:13:06.000Z,en,0,0,0.74
self-improving,https://x.com/i/status/2104876951253164506,2026-09-29T10:12:26.000Z,en,0,0,0.04
self-improving,https://x.com/i/status/2104874032403247380,2026-09-29T10:00:50.000Z,en,0,0,0.33
self-improving,https://x.com/i/status/2104873665171198229,2026-09-29T09:59:23.000Z,en,0,0,0.72
self-improving,https://x.com/i/status/2104873572829413468,2026-09-29T09:59:01.000Z,en,0,1,0.68
self-improving,https://x.com/i/status/2104861856061878405,2026-09-29T09:12:27.000Z,en,0,0,0.78
self-improving,https://x.com/i/status/2104857672529117334,2026-09-29T08:55:50.000Z,zh,0,0,0.88
self-improving,https://x.com/i/status/2104851798569734487,2026-09-29T08:32:29.000Z,en,2,0,0.06
self-improving,https://x.com/i/status/2104846312491688305,2026-09-29T08:10:41.000Z,en,0,0,0.78
self-improving,https://x.com/i/status/2104837533716860995,2026-09-29T07:35:48.000Z,en,2,0,0.8
self-improving,https://x.com/i/status/2104829075235971416,2026-09-29T07:02:12.000Z,en,0,0,0.76
self-improving,https://x.com/i/status/2104828634418819140,2026-09-29T07:00:26.000Z,en,2,0,0.82
self-improving,https://x.com/i/status/2104824466941624786,2026-09-29T06:43:53.000Z,en,1,0,0.76
self-improving,https://x.com/i/status/2104822882832675080,2026-09-29T06:37:35.000Z,en,1,0,0.81
self-improving,https://x.com/i/status/2104822642729771390,2026-09-29T06:36:38.000Z,en,0,0,0.52
self-improving,https://x.com/i/status/2104821921787396537,2026-09-29T06:33:46.000Z,en,3,1,0.78
self-improving,https://x.com/i/status/2104819530639999176,2026-09-29T06:24:16.000Z,en,2,0,0.8
self-improving,https://x.com/i/status/2104815572487999574,2026-09-29T06:08:32.000Z,en,0,0,0.83
self-improving,https://x.com/i/status/2104811776852574701,2026-09-29T05:53:27.000Z,en,2,0,0.08
self-improving,https://x.com/i/status/2104805626601775492,2026-09-29T05:29:01.000Z,en,0,0,0.04
self-improving,https://x.com/i/status/2104778165105332627,2026-09-29T03:39:54.000Z,en,132,29,0.77
self-improving,https://x.com/i/status/2104775865402093831,2026-09-29T03:30:45.000Z,en,94,19,0.18
self-improving,https://x.com/i/status/2104771628328780104,2026-09-29T03:13:55.000Z,en,11,9,0.7
self-improving,https://x.com/i/status/2104767977166110859,2026-09-29T02:59:25.000Z,en,16,13,0.87
self-improving,https://x.com/i/status/2104765315863503288,2026-09-29T02:48:50.000Z,en,43,4,0.68
self-improving,https://x.com/i/status/2104763071642173897,2026-09-29T02:39:55.000Z,en,0,0,0.8
self-improving,https://x.com/i/status/2104752483759518202,2026-09-29T01:57:51.000Z,en,1,0,0.8
self-improving,https://x.com/i/status/2104751517681283496,2026-09-29T01:54:00.000Z,en,0,0,0.26
self-improving,https://x.com/i/status/2104750829563707804,2026-09-29T01:51:16.000Z,en,1,0,0.04
improve-codebase-architecture,https://x.com/i/status/2104950533173707172,2026-09-29T15:04:49.000Z,en,81,6,0.96
improve-codebase-architecture,https://x.com/i/status/2104921015537074682,2026-09-29T13:07:32.000Z,ru,154,9,0.17
improve-codebase-architecture,https://x.com/i/status/2104264258900963625,2026-09-27T17:37:49.000Z,en,0,0,0.95
improve-codebase-architecture,https://x.com/i/status/2103689454657687818,2026-09-26T03:33:45.000Z,en,0,0,0.94
improve-codebase-architecture,https://x.com/i/status/2103174519657836848,2026-09-24T17:27:35.000Z,en,3,0,0.37
github,https://x.com/i/status/2105098346948153826,2026-09-30T00:52:11.000Z,zxx,0,0,0.1
github,https://x.com/i/status/2105098118060470666,2026-09-30T00:51:16.000Z,en,0,0,0.08
github,https://x.com/i/status/2105098023143637423,2026-09-30T00:50:54.000Z,zxx,1,0,0.1
github,https://x.com/i/status/2105096787006472526,2026-09-30T00:45:59.000Z,en,0,0,0.1
github,https://x.com/i/status/2105096364996935982,2026-09-30T00:44:18.000Z,en,1,0,0.08
github,https://x.com/i/status/2105094631214190724,2026-09-30T00:37:25.000Z,zh,3,0,0.1
github,https://x.com/i/status/2105094182553698742,2026-09-30T00:35:38.000Z,en,0,0,0.1
github,https://x.com/i/status/2105093817154281812,2026-09-30T00:34:11.000Z,zh,1,0,0.13
github,https://x.com/i/status/2105093777560141866,2026-09-30T00:34:01.000Z,ja,2,0,0.06
github,https://x.com/i/status/2105092885808918960,2026-09-30T00:30:29.000Z,en,0,0,0.17
github,https://x.com/i/status/2105092866091688000,2026-09-30T00:30:24.000Z,en,0,0,0.06
github,https://x.com/i/status/2105092766695092421,2026-09-30T00:30:00.000Z,en,0,0,0.12
github,https://x.com/i/status/2105092761355444415,2026-09-30T00:29:59.000Z,en,0,0,0.07
github,https://x.com/i/status/2105092682037010524,2026-09-30T00:29:40.000Z,en,1,1,0.08
github,https://x.com/i/status/2105092421587468622,2026-09-30T00:28:38.000Z,en,1,0,0.09
github,https://x.com/i/status/2105091757692407947,2026-09-30T00:26:00.000Z,ja,0,0,0.13
github,https://x.com/i/status/2105091757147042299,2026-09-30T00:26:00.000Z,ja,0,0,0.12
github,https://x.com/i/status/2105091373892333864,2026-09-30T00:24:28.000Z,zh,2,0,0.11
github,https://x.com/i/status/2105090964750733388,2026-09-30T00:22:51.000Z,zh,0,0,0.12
github,https://x.com/i/status/2105090956928127112,2026-09-30T00:22:49.000Z,en,0,0,0.07
github,https://x.com/i/status/2105090579797606639,2026-09-30T00:21:19.000Z,en,0,0,0.05
github,https://x.com/i/status/2105090425380090186,2026-09-30T00:20:42.000Z,zh,3,0,0.09
github,https://x.com/i/status/2105090248032076157,2026-09-30T00:20:00.000Z,en,0,0,0.13
github,https://x.com/i/status/2105089080438435876,2026-09-30T00:15:22.000Z,en,12,2,0.05
github,https://x.com/i/status/2105088659514945844,2026-09-30T00:13:41.000Z,en,1,0,0.07
github,https://x.com/i/status/2105088633397244013,2026-09-30T00:13:35.000Z,en,1,0,0.06
github,https://x.com/i/status/2105088617790189926,2026-09-30T00:13:31.000Z,zh,0,0,0.05
github,https://x.com/i/status/2105088543593034211,2026-09-30T00:13:14.000Z,en,1,0,0.06
github,https://x.com/i/status/2105088085528900008,2026-09-30T00:11:24.000Z,en,0,0,0.09
github,https://x.com/i/status/2105087414704509245,2026-09-30T00:08:44.000Z,en,2,0,0.09
github,https://x.com/i/status/2105087301667745979,2026-09-30T00:08:18.000Z,en,2,1,0.1
github,https://x.com/i/status/2105087209342685352,2026-09-30T00:07:55.000Z,en,11,2,0.07
github,https://x.com/i/status/2105087197418303940,2026-09-30T00:07:53.000Z,en,4,0,0.1
github,https://x.com/i/status/2105086988630294730,2026-09-30T00:07:03.000Z,zxx,1,1,0.08
github,https://x.com/i/status/2105086963502162348,2026-09-30T00:06:57.000Z,ja,3,0,0.14
github,https://x.com/i/status/2105085926724735015,2026-09-30T00:02:50.000Z,ja,2,0,0.08
github,https://x.com/i/status/2105085409546092591,2026-09-30T00:00:46.000Z,zh,2,0,0.1
github,https://x.com/i/status/2105085321222197649,2026-09-30T00:00:25.000Z,en,1,0,0.15
github,https://x.com/i/status/2105084979566850316,2026-09-29T23:59:04.000Z,en,0,0,0.09
github,https://x.com/i/status/2105084716206481626,2026-09-29T23:58:01.000Z,es,0,0,0.12
github,https://x.com/i/status/2105084069507682525,2026-09-29T23:55:27.000Z,en,3,2,0.08
github,https://x.com/i/status/2105084026004672814,2026-09-29T23:55:17.000Z,ja,1,0,0.16
github,https://x.com/i/status/2105082584107753743,2026-09-29T23:49:33.000Z,pt,1,0,0.17
github,https://x.com/i/status/2105082207136358608,2026-09-29T23:48:03.000Z,en,0,0,0.14
github,https://x.com/i/status/2105081802817949978,2026-09-29T23:46:26.000Z,zxx,0,0,0.09
github,https://x.com/i/status/2105081192148038019,2026-09-29T23:44:01.000Z,en,9,2,0.06
github,https://x.com/i/status/2105079698292129815,2026-09-29T23:38:05.000Z,en,2,0,0.12
github,https://x.com/i/status/2105079573067256214,2026-09-29T23:37:35.000Z,vi,0,0,0.08
github,https://x.com/i/status/2105079501981979099,2026-09-29T23:37:18.000Z,en,0,0,0.07
github,https://x.com/i/status/2105078922698236011,2026-09-29T23:35:00.000Z,zh,2,0,0.33
github,https://x.com/i/status/2105078419906289978,2026-09-29T23:33:00.000Z,ja,2,0,0.06
github,https://x.com/i/status/2105078234513551810,2026-09-29T23:32:16.000Z,en,5,0,0.11
github,https://x.com/i/status/2105076385211613207,2026-09-29T23:24:55.000Z,zxx,2,0,0.08
github,https://x.com/i/status/2105076293574217804,2026-09-29T23:24:33.000Z,en,1,0,0.12
github,https://x.com/i/status/2105075635995504921,2026-09-29T23:21:56.000Z,en,1,0,0.22
github,https://x.com/i/status/2105074323962917189,2026-09-29T23:16:43.000Z,ko,2,0,0.12
github,https://x.com/i/status/2105074070501138490,2026-09-29T23:15:43.000Z,ja,0,0,0.15
github,https://x.com/i/status/2105074069070885147,2026-09-29T23:15:43.000Z,ja,0,0,0.2
github,https://x.com/i/status/2105074034194993475,2026-09-29T23:15:34.000Z,en,2,0,0.21
github,https://x.com/i/status/2105072897584951718,2026-09-29T23:11:03.000Z,en,1,0,0.08
github,https://x.com/i/status/2105072799375405200,2026-09-29T23:10:40.000Z,en,0,0,0.07
github,https://x.com/i/status/2105072558290895019,2026-09-29T23:09:42.000Z,zh,0,0,0.08
github,https://x.com/i/status/2105071858823393301,2026-09-29T23:06:56.000Z,en,55,1,0.05
github,https://x.com/i/status/2105070995073622465,2026-09-29T23:03:30.000Z,en,0,0,0.14
github,https://x.com/i/status/2105070745332392245,2026-09-29T23:02:30.000Z,en,4,0,0.13
github,https://x.com/i/status/2105070738738958760,2026-09-29T23:02:29.000Z,zxx,0,0,0.09
github,https://x.com/i/status/2105070217508602204,2026-09-29T23:00:24.000Z,ja,4,0,0.16
github,https://x.com/i/status/2105070120657965497,2026-09-29T23:00:01.000Z,ja,10,0,0.17
github,https://x.com/i/status/2105070097933246533,2026-09-29T22:59:56.000Z,zh,0,0,0.12
github,https://x.com/i/status/2105069163886887040,2026-09-29T22:56:13.000Z,en,8,1,0.09
github,https://x.com/i/status/2105069089203061129,2026-09-29T22:55:55.000Z,zxx,0,0,0.09
github,https://x.com/i/status/2105068666257915957,2026-09-29T22:54:14.000Z,zxx,73,8,0.1
github,https://x.com/i/status/2105068118879986094,2026-09-29T22:52:04.000Z,es,0,0,0.11
github,https://x.com/i/status/2105067895336436007,2026-09-29T22:51:11.000Z,en,0,0,0.12
github,https://x.com/i/status/2105067395878629472,2026-09-29T22:49:12.000Z,ja,2,0,0.05
github,https://x.com/i/status/2105066687347507217,2026-09-29T22:46:23.000Z,en,1,0,0.33
github,https://x.com/i/status/2105065358038360334,2026-09-29T22:41:06.000Z,zxx,14,2,0.1
github,https://x.com/i/status/2105065213418467817,2026-09-29T22:40:31.000Z,fr,1,0,0.06
github,https://x.com/i/status/2105065090450141209,2026-09-29T22:40:02.000Z,zxx,27,3,0.08
github,https://x.com/i/status/2105063767457317326,2026-09-29T22:34:47.000Z,en,16,2,0.1
github,https://x.com/i/status/2105063508627055037,2026-09-29T22:33:45.000Z,en,2,0,0.14
github,https://x.com/i/status/2105063160923222121,2026-09-29T22:32:22.000Z,en,1,0,0.11
github,https://x.com/i/status/2105062922426974701,2026-09-29T22:31:25.000Z,ko,0,0,0.08
github,https://x.com/i/status/2105062115690283172,2026-09-29T22:28:13.000Z,en,0,0,0.08
github,https://x.com/i/status/2105060529576284576,2026-09-29T22:21:55.000Z,en,0,1,0.07
github,https://x.com/i/status/2105060160888766583,2026-09-29T22:20:27.000Z,en,1,0,0.21
github,https://x.com/i/status/2105060010179055989,2026-09-29T22:19:51.000Z,ja,2,0,0.09
github,https://x.com/i/status/2105059979283910708,2026-09-29T22:19:43.000Z,zxx,0,0,0.1
github,https://x.com/i/status/2105059393339605173,2026-09-29T22:17:24.000Z,zxx,0,0,0.11
github,https://x.com/i/status/2105059386364473793,2026-09-29T22:17:22.000Z,ja,1,0,0.08
github,https://x.com/i/status/2105059091450118155,2026-09-29T22:16:12.000Z,en,0,0,0.15
github,https://x.com/i/status/2105059063302431092,2026-09-29T22:16:05.000Z,en,0,0,0.09
github,https://x.com/i/status/2105058535784530125,2026-09-29T22:13:59.000Z,en,8,3,0.12
github,https://x.com/i/status/2105058272214753744,2026-09-29T22:12:56.000Z,en,1,0,0.1
github,https://x.com/i/status/2105057874921791840,2026-09-29T22:11:22.000Z,zxx,0,0,0.1
github,https://x.com/i/status/2105057797096321368,2026-09-29T22:11:03.000Z,pt,1,0,0.15
github,https://x.com/i/status/2105057600056287561,2026-09-29T22:10:16.000Z,en,0,0,0.11
github,https://x.com/i/status/2105057506624209029,2026-09-29T22:09:54.000Z,en,3,0,0.09
github,https://x.com/i/status/2105057459937202686,2026-09-29T22:09:43.000Z,en,1,0,0.14
github,https://x.com/i/status/2105057148120035702,2026-09-29T22:08:28.000Z,en,0,0,0.13
tdd,https://x.com/i/status/2105096577563955431,2026-09-30T00:45:09.000Z,en,0,0,0.81
tdd,https://x.com/i/status/2105010792110100706,2026-09-29T19:04:16.000Z,en,1,0,0.28
tdd,https://x.com/i/status/2104948862708318549,2026-09-29T14:58:11.000Z,en,0,0,0.04
tdd,https://x.com/i/status/2104917617337135509,2026-09-29T12:54:02.000Z,en,2,0,0.17
tdd,https://x.com/i/status/2104913641426301092,2026-09-29T12:38:14.000Z,en,4,0,0.26
tdd,https://x.com/i/status/2104910287971233902,2026-09-29T12:24:54.000Z,pt,4,0,0.34
tdd,https://x.com/i/status/2104851423959851119,2026-09-29T08:31:00.000Z,en,221,19,0.31
tdd,https://x.com/i/status/2104804347788058745,2026-09-29T05:23:56.000Z,en,2,0,0.11
tdd,https://x.com/i/status/2104779003915825451,2026-09-29T03:43:14.000Z,ja,0,0,0.51
tdd,https://x.com/i/status/2104714012495884369,2026-09-28T23:24:58.000Z,en,0,0,0.39
tdd,https://x.com/i/status/2104602063959175263,2026-09-28T16:00:08.000Z,en,0,0,0.31
tdd,https://x.com/i/status/2104586196206997592,2026-09-28T14:57:05.000Z,en,3,0,0.3
tdd,https://x.com/i/status/2104548793572008375,2026-09-28T12:28:27.000Z,en,1,0,0.25
tdd,https://x.com/i/status/2104462246688788879,2026-09-28T06:44:33.000Z,en,0,0,0.35
tdd,https://x.com/i/status/2104253427622768670,2026-09-27T16:54:46.000Z,en,44,1,0.8
tdd,https://x.com/i/status/2104247974977306788,2026-09-27T16:33:06.000Z,en,0,0,0.64
tdd,https://x.com/i/status/2104235653802459475,2026-09-27T15:44:09.000Z,en,3,0,0.7
tdd,https://x.com/i/status/2104202743762100310,2026-09-27T13:33:22.000Z,fr,2,0,0.51
tdd,https://x.com/i/status/2104184919513510397,2026-09-27T12:22:33.000Z,en,0,0,0.39
tdd,https://x.com/i/status/2104144094704423011,2026-09-27T09:40:19.000Z,en,0,0,0.1
tdd,https://x.com/i/status/2104099730544583107,2026-09-27T06:44:02.000Z,en,3,5,0.06
tdd,https://x.com/i/status/2103984534702157836,2026-09-26T23:06:17.000Z,es,0,0,0.71
tdd,https://x.com/i/status/2103951344675496141,2026-09-26T20:54:24.000Z,en,0,0,0.87
tdd,https://x.com/i/status/2103888335509016868,2026-09-26T16:44:02.000Z,en,1,0,0.4
tdd,https://x.com/i/status/2103877386882146548,2026-09-26T16:00:31.000Z,en,12,4,0.81
tdd,https://x.com/i/status/2103873439765242269,2026-09-26T15:44:50.000Z,pt,0,0,0.06
tdd,https://x.com/i/status/2103857066725286280,2026-09-26T14:39:47.000Z,zxx,2,0,0.09
tdd,https://x.com/i/status/2103845309545693538,2026-09-26T13:53:04.000Z,en,46,9,0.21
tdd,https://x.com/i/status/2103834270095827317,2026-09-26T13:09:11.000Z,en,3,0,0.09
tdd,https://x.com/i/status/2103816870587715846,2026-09-26T12:00:03.000Z,en,5,0,0.33
tdd,https://x.com/i/status/2103764437643472938,2026-09-26T08:31:42.000Z,en,0,0,0.23
tdd,https://x.com/i/status/2103725752009044013,2026-09-26T05:57:59.000Z,en,95,6,0.03
tdd,https://x.com/i/status/2103718365894213923,2026-09-26T05:28:38.000Z,en,0,0,0.42
tdd,https://x.com/i/status/2103687573948235923,2026-09-26T03:26:16.000Z,en,6,0,0.13
tdd,https://x.com/i/status/2103651219713691668,2026-09-26T01:01:49.000Z,ja,64,10,0.84
tdd,https://x.com/i/status/2103606451625402430,2026-09-25T22:03:55.000Z,en,1,0,0.93
tdd,https://x.com/i/status/2103526385465921983,2026-09-25T16:45:46.000Z,en,0,0,0.16
tdd,https://x.com/i/status/2103492883479196064,2026-09-25T14:32:39.000Z,en,1,0,0.56
tdd,https://x.com/i/status/2103492506013077652,2026-09-25T14:31:09.000Z,ja,1,0,0.79
tdd,https://x.com/i/status/2103477321697280173,2026-09-25T13:30:48.000Z,en,1,0,0.55
tdd,https://x.com/i/status/2103462008821514716,2026-09-25T12:29:57.000Z,en,0,0,0.81
tdd,https://x.com/i/status/2103443217912152554,2026-09-25T11:15:17.000Z,en,0,0,0.4
tdd,https://x.com/i/status/2103433581292900553,2026-09-25T10:37:00.000Z,ja,6,0,0.5
tdd,https://x.com/i/status/2103433480919240915,2026-09-25T10:36:36.000Z,en,1,0,0.46
tdd,https://x.com/i/status/2103353556262961308,2026-09-25T05:19:00.000Z,en,2,0,0.54
tdd,https://x.com/i/status/2103310499526197703,2026-09-25T02:27:55.000Z,en,43,4,0.11
tdd,https://x.com/i/status/2103287635196424403,2026-09-25T00:57:04.000Z,en,0,0,0.29
tdd,https://x.com/i/status/2103260323075469582,2026-09-24T23:08:32.000Z,en,153,3,0.07
tdd,https://x.com/i/status/2103199126729175072,2026-09-24T19:05:22.000Z,en,1,1,0.67
tdd,https://x.com/i/status/2103178759755243865,2026-09-24T17:44:26.000Z,tr,6,1,0.13
tdd,https://x.com/i/status/2103140455911440423,2026-09-24T15:12:13.000Z,en,1,0,0.44
tdd,https://x.com/i/status/2103111307545198779,2026-09-24T13:16:24.000Z,en,0,0,0.72
tdd,https://x.com/i/status/2103099606858928281,2026-09-24T12:29:54.000Z,en,8,0,0.33
tdd,https://x.com/i/status/2103097499942605194,2026-09-24T12:21:32.000Z,zxx,1,1,0.09
tdd,https://x.com/i/status/2103091775410000279,2026-09-24T11:58:47.000Z,en,46,12,0.1
tdd,https://x.com/i/status/2103088051542974772,2026-09-24T11:43:59.000Z,en,8,4,0.11
tdd,https://x.com/i/status/2103049602664386868,2026-09-24T09:11:12.000Z,en,1,0,0.39
tdd,https://x.com/i/status/2103018313777283255,2026-09-24T07:06:52.000Z,en,0,0,0.07
tdd,https://x.com/i/status/2103006085833433256,2026-09-24T06:18:17.000Z,tr,2,1,0.62
tdd,https://x.com/i/status/2102969795738255363,2026-09-24T03:54:05.000Z,zxx,0,0,0.14
tdd,https://x.com/i/status/2102967237082841092,2026-09-24T03:43:55.000Z,zh,30,1,0.45
tdd,https://x.com/i/status/2102903282884604300,2026-09-23T23:29:47.000Z,en,70,1,0.04
tdd,https://x.com/i/status/2102880681810686335,2026-09-23T21:59:58.000Z,en,1,0,0.4
tdd,https://x.com/i/status/2102859485320736897,2026-09-23T20:35:45.000Z,en,0,0,0.1
tdd,https://x.com/i/status/2102829963984666972,2026-09-23T18:38:26.000Z,en,1,0,0.65
tdd,https://x.com/i/status/2102825332579696966,2026-09-23T18:20:02.000Z,en,0,0,0.64
tdd,https://x.com/i/status/2102813017507496317,2026-09-23T17:31:06.000Z,ja,0,0,0.53
tdd,https://x.com/i/status/2102794092086206593,2026-09-23T16:15:54.000Z,en,1,0,0.32
tdd,https://x.com/i/status/2102780081173315869,2026-09-23T15:20:13.000Z,en,0,0,0.41
tdd,https://x.com/i/status/2102777354724524069,2026-09-23T15:09:23.000Z,en,0,0,0.21
tdd,https://x.com/i/status/2102753682194395485,2026-09-23T13:35:19.000Z,en,97,2,0.46
tdd,https://x.com/i/status/2102714120688824822,2026-09-23T10:58:07.000Z,zh,3,0,0.22
tdd,https://x.com/i/status/2102696830769446936,2026-09-23T09:49:25.000Z,en,0,0,0.26
tdd,https://x.com/i/status/2102696725802819873,2026-09-23T09:49:00.000Z,en,299,24,0.51
tdd,https://x.com/i/status/2102695088401047920,2026-09-23T09:42:29.000Z,zh,1,0,0.8
tdd,https://x.com/i/status/2102687942464491960,2026-09-23T09:14:06.000Z,en,13,0,0.47
tdd,https://x.com/i/status/2102681341863043341,2026-09-23T08:47:52.000Z,en,1,0,0.35
tdd,https://x.com/i/status/2102678434652541260,2026-09-23T08:36:19.000Z,en,3,0,0.16
tdd,https://x.com/i/status/2102676262774845694,2026-09-23T08:27:41.000Z,en,16,0,0.12
tdd,https://x.com/i/status/2102662872027316535,2026-09-23T07:34:28.000Z,en,0,0,0.3
tdd,https://x.com/i/status/2102649287507321318,2026-09-23T06:40:30.000Z,en,1,0,0.78
tdd,https://x.com/i/status/2102643623909376243,2026-09-23T06:17:59.000Z,ja,6,0,0.51
tdd,https://x.com/i/status/2102643304722772461,2026-09-23T06:16:43.000Z,ja,3,0,0.54
tdd,https://x.com/i/status/2102622135080349949,2026-09-23T04:52:36.000Z,en,1,0,0.91
tdd,https://x.com/i/status/2102608903284445571,2026-09-23T04:00:01.000Z,en,3,1,0.68
tdd,https://x.com/i/status/2102601972369211573,2026-09-23T03:32:29.000Z,en,0,0,0.27
tdd,https://x.com/i/status/2102599666655523243,2026-09-23T03:23:19.000Z,zh,2,0,0.14
tdd,https://x.com/i/status/2102584388328599972,2026-09-23T02:22:36.000Z,ko,5,0,0.09
ontology,https://x.com/i/status/2105087277450076646,2026-09-30T00:08:12.000Z,en,1,0,0.55
ontology,https://x.com/i/status/2105080278763098551,2026-09-29T23:40:23.000Z,en,1,0,0.51
ontology,https://x.com/i/status/2105055542074904995,2026-09-29T22:02:05.000Z,en,0,0,0.1
ontology,https://x.com/i/status/2105018610628407703,2026-09-29T19:35:20.000Z,en,0,0,0.04
ontology,https://x.com/i/status/2105017148552704252,2026-09-29T19:29:32.000Z,en,0,0,0.05
ontology,https://x.com/i/status/2104992519234654483,2026-09-29T17:51:40.000Z,en,1,0,0.15
ontology,https://x.com/i/status/2104984983118950763,2026-09-29T17:21:43.000Z,en,0,0,0.06
ontology,https://x.com/i/status/2104956935678181497,2026-09-29T15:30:16.000Z,en,65,6,0.1
ontology,https://x.com/i/status/2104950282727600566,2026-09-29T15:03:50.000Z,en,0,0,0.68
ontology,https://x.com/i/status/2104919817702527402,2026-09-29T13:02:46.000Z,en,0,0,0.09
ontology,https://x.com/i/status/2104919778846552069,2026-09-29T13:02:37.000Z,en,1,0,0.06
ontology,https://x.com/i/status/2104902412808954251,2026-09-29T11:53:37.000Z,en,0,0,0.16
ontology,https://x.com/i/status/2104853924851445954,2026-09-29T08:40:56.000Z,ja,0,0,0.67
ontology,https://x.com/i/status/2104847380814401687,2026-09-29T08:14:56.000Z,ja,11,1,0.44
ontology,https://x.com/i/status/2104837713736159676,2026-09-29T07:36:31.000Z,en,10,8,0.54
ontology,https://x.com/i/status/2104833570342658151,2026-09-29T07:20:03.000Z,en,6,0,0.43
ontology,https://x.com/i/status/2104821319443661262,2026-09-29T06:31:22.000Z,en,1,1,0.7
ontology,https://x.com/i/status/2104773845622378660,2026-09-29T03:22:44.000Z,ja,5,2,0.54
ontology,https://x.com/i/status/2104771066145259965,2026-09-29T03:11:41.000Z,zxx,0,0,0.14
ontology,https://x.com/i/status/2104754715359903762,2026-09-29T02:06:43.000Z,zxx,1,1,0.2
ontology,https://x.com/i/status/2104752505880187116,2026-09-29T01:57:56.000Z,en,0,0,0.8
ontology,https://x.com/i/status/2104739506893271353,2026-09-29T01:06:17.000Z,zxx,7,1,0.15
ontology,https://x.com/i/status/2104697069302870045,2026-09-28T22:17:39.000Z,en,1,0,0.67
ontology,https://x.com/i/status/2104695604085666188,2026-09-28T22:11:50.000Z,en,1,0,0.63
ontology,https://x.com/i/status/2104675604406628825,2026-09-28T20:52:21.000Z,en,1,0,0.62
ontology,https://x.com/i/status/2104655248044544051,2026-09-28T19:31:28.000Z,en,3,0,0.16
ontology,https://x.com/i/status/2104641093036118325,2026-09-28T18:35:13.000Z,en,0,1,0.04
ontology,https://x.com/i/status/2104632936511475792,2026-09-28T18:02:48.000Z,en,0,0,0.81
ontology,https://x.com/i/status/2104632588279415180,2026-09-28T18:01:25.000Z,en,2,0,0.39
ontology,https://x.com/i/status/2104628914647937474,2026-09-28T17:46:50.000Z,en,0,0,0.84
ontology,https://x.com/i/status/2104624788023198042,2026-09-28T17:30:26.000Z,en,1,0,0.63
ontology,https://x.com/i/status/2104623068194672739,2026-09-28T17:23:36.000Z,en,1,0,0.06
ontology,https://x.com/i/status/2104615324855517343,2026-09-28T16:52:49.000Z,en,1,0,0.83
ontology,https://x.com/i/status/2104613637533089984,2026-09-28T16:46:07.000Z,en,9,6,0.5
ontology,https://x.com/i/status/2104606560726978785,2026-09-28T16:18:00.000Z,en,1,0,0.12
ontology,https://x.com/i/status/2104604060825367006,2026-09-28T16:08:04.000Z,en,12,0,0.74
ontology,https://x.com/i/status/2104598883498094958,2026-09-28T15:47:30.000Z,en,1,0,0.08
ontology,https://x.com/i/status/2104586572100448446,2026-09-28T14:58:34.000Z,en,0,0,0.05
ontology,https://x.com/i/status/2104545453035471141,2026-09-28T12:15:11.000Z,en,0,0,0.18
ontology,https://x.com/i/status/2104542893700440304,2026-09-28T12:05:01.000Z,en,0,0,0.16
ontology,https://x.com/i/status/2104540551072604214,2026-09-28T11:55:42.000Z,en,0,0,0.24
ontology,https://x.com/i/status/2104539662526108032,2026-09-28T11:52:10.000Z,en,0,0,0.15
ontology,https://x.com/i/status/2104537912683479453,2026-09-28T11:45:13.000Z,en,0,0,0.16
ontology,https://x.com/i/status/2104536955459453437,2026-09-28T11:41:25.000Z,en,0,0,0.12
ontology,https://x.com/i/status/2104530096975647175,2026-09-28T11:14:10.000Z,en,1,0,0.79
ontology,https://x.com/i/status/2104496428861313521,2026-09-28T09:00:22.000Z,ja,0,0,0.27
ontology,https://x.com/i/status/2104490892979818723,2026-09-28T08:38:23.000Z,zxx,1,0,0.13
ontology,https://x.com/i/status/2104490498987905095,2026-09-28T08:36:49.000Z,en,3,0,0.64
ontology,https://x.com/i/status/2104480802868478109,2026-09-28T07:58:17.000Z,zxx,0,1,0.16
ontology,https://x.com/i/status/2104473957701214461,2026-09-28T07:31:05.000Z,en,4,0,0.64
ontology,https://x.com/i/status/2104469919563673708,2026-09-28T07:15:02.000Z,en,3,0,0.6
ontology,https://x.com/i/status/2104468940394987671,2026-09-28T07:11:09.000Z,en,3,0,0.67
ontology,https://x.com/i/status/2104460110512750854,2026-09-28T06:36:03.000Z,en,0,0,0.76
ontology,https://x.com/i/status/2104446683950301213,2026-09-28T05:42:42.000Z,zh,5,2,0.53
ontology,https://x.com/i/status/2104442723944329385,2026-09-28T05:26:58.000Z,zh,50,39,0.53
ontology,https://x.com/i/status/2104442556083794155,2026-09-28T05:26:18.000Z,en,4,0,0.65
ontology,https://x.com/i/status/2104423177317142626,2026-09-28T04:09:18.000Z,en,0,1,0.05
ontology,https://x.com/i/status/2104404443668021728,2026-09-28T02:54:51.000Z,en,1,0,0.05
ontology,https://x.com/i/status/2104366327834309091,2026-09-28T00:23:24.000Z,en,2,0,0.1
ontology,https://x.com/i/status/2104313578257858848,2026-09-27T20:53:47.000Z,en,2,1,0.05
ontology,https://x.com/i/status/2104263416252625124,2026-09-27T17:34:28.000Z,zxx,144,18,0.09
ontology,https://x.com/i/status/2104260245346193728,2026-09-27T17:21:52.000Z,en,1,0,0.06
ontology,https://x.com/i/status/2104219802558505000,2026-09-27T14:41:10.000Z,en,1,0,0.5
ontology,https://x.com/i/status/2104215466939945452,2026-09-27T14:23:56.000Z,en,4,0,0.77
ontology,https://x.com/i/status/2104213422841921554,2026-09-27T14:15:49.000Z,en,1,0,0.77
ontology,https://x.com/i/status/2104212807528902733,2026-09-27T14:13:22.000Z,en,2,0,0.71
ontology,https://x.com/i/status/2104212206095110180,2026-09-27T14:10:58.000Z,en,24,4,0.11
ontology,https://x.com/i/status/2104206006938956194,2026-09-27T13:46:20.000Z,en,1,0,0.15
ontology,https://x.com/i/status/2104203116560499005,2026-09-27T13:34:51.000Z,en,1,0,0.54
ontology,https://x.com/i/status/2104200799207202964,2026-09-27T13:25:39.000Z,en,5,0,0.19
ontology,https://x.com/i/status/2104172198537855432,2026-09-27T11:32:00.000Z,en,6,0,0.16
ontology,https://x.com/i/status/2104165160260673853,2026-09-27T11:04:02.000Z,en,1,0,0.69
ontology,https://x.com/i/status/2104161063444881654,2026-09-27T10:47:45.000Z,en,0,0,0.81
ontology,https://x.com/i/status/2104160128220184921,2026-09-27T10:44:02.000Z,zh,48,43,0.13
ontology,https://x.com/i/status/2104089267601555585,2026-09-27T06:02:28.000Z,en,1,1,0.81
ontology,https://x.com/i/status/2104087992126029844,2026-09-27T05:57:24.000Z,en,2,0,0.47
ontology,https://x.com/i/status/2104051088043159630,2026-09-27T03:30:45.000Z,en,0,0,0.1
ontology,https://x.com/i/status/2104048416854798706,2026-09-27T03:20:08.000Z,en,1,0,0.06
ontology,https://x.com/i/status/2104037079323983950,2026-09-27T02:35:05.000Z,en,3,0,0.65
ontology,https://x.com/i/status/2104029375528132762,2026-09-27T02:04:28.000Z,en,1,0,0.73
ontology,https://x.com/i/status/2104012708790350083,2026-09-27T00:58:15.000Z,en,0,0,0.09
ontology,https://x.com/i/status/2104010538602873129,2026-09-27T00:49:37.000Z,en,39,1,0.63
ontology,https://x.com/i/status/2104002964956598428,2026-09-27T00:19:31.000Z,en,2,0,0.51
ontology,https://x.com/i/status/2104002563733618733,2026-09-27T00:17:56.000Z,zxx,0,0,0.11
ontology,https://x.com/i/status/2103996037451198934,2026-09-26T23:52:00.000Z,en,2,0,0.77
ontology,https://x.com/i/status/2103995235378278813,2026-09-26T23:48:49.000Z,en,0,0,0.12
ontology,https://x.com/i/status/2103992478366048716,2026-09-26T23:37:51.000Z,zxx,1,0,0.09
ontology,https://x.com/i/status/2103959013587054947,2026-09-26T21:24:53.000Z,en,0,0,0.05
ontology,https://x.com/i/status/2103951882192588916,2026-09-26T20:56:32.000Z,en,12,0,0.81
ontology,https://x.com/i/status/2103948007632982489,2026-09-26T20:41:09.000Z,en,2,0,0.04
ontology,https://x.com/i/status/2103943069263331408,2026-09-26T20:21:31.000Z,en,4,0,0.55
ontology,https://x.com/i/status/2103939715380511223,2026-09-26T20:08:12.000Z,en,0,0,0.85
ontology,https://x.com/i/status/2103913207790244157,2026-09-26T18:22:52.000Z,en,3,0,0.78
ontology,https://x.com/i/status/2103892184436973611,2026-09-26T16:59:19.000Z,zh,0,0,0.84
ontology,https://x.com/i/status/2103883647501652057,2026-09-26T16:25:24.000Z,en,1163,136,0.8
ontology,https://x.com/i/status/2103863862655172789,2026-09-26T15:06:47.000Z,zxx,5,0,0.19
ontology,https://x.com/i/status/2103854803957018824,2026-09-26T14:30:47.000Z,en,29,7,0.85
ontology,https://x.com/i/status/2103851611403465206,2026-09-26T14:18:06.000Z,zxx,183,17,0.24
ontology,https://x.com/i/status/2103843784031142330,2026-09-26T13:47:00.000Z,zxx,3,1,0.18
ontology,https://x.com/i/status/2103819873818185829,2026-09-26T12:11:59.000Z,en,0,0,0.09
agent-browser,https://x.com/i/status/2105097831769923828,2026-09-30T00:50:08.000Z,en,0,0,0.93
agent-browser,https://x.com/i/status/2105013625924583424,2026-09-29T19:15:32.000Z,en,1,0,0.29
agent-browser,https://x.com/i/status/2104990403736809669,2026-09-29T17:43:15.000Z,en,9,1,0.09
agent-browser,https://x.com/i/status/2104989512174866509,2026-09-29T17:39:43.000Z,en,8,0,0.69
agent-browser,https://x.com/i/status/2104976851974447612,2026-09-29T16:49:24.000Z,en,3,0,0.88
agent-browser,https://x.com/i/status/2104970808389251483,2026-09-29T16:25:23.000Z,zh,0,0,0.94
agent-browser,https://x.com/i/status/2104946662984782095,2026-09-29T14:49:27.000Z,en,0,0,0.95
agent-browser,https://x.com/i/status/2104937707243807062,2026-09-29T14:13:51.000Z,en,0,0,0.44
agent-browser,https://x.com/i/status/2104933954705105259,2026-09-29T13:58:57.000Z,en,2,0,0.59
agent-browser,https://x.com/i/status/2104933563976360121,2026-09-29T13:57:24.000Z,en,1,0,0.34
agent-browser,https://x.com/i/status/2104928025234350083,2026-09-29T13:35:23.000Z,zh,1,0,0.93
agent-browser,https://x.com/i/status/2104923533184839952,2026-09-29T13:17:32.000Z,en,5,2,0.1
agent-browser,https://x.com/i/status/2104916799091593709,2026-09-29T12:50:47.000Z,zh,18,0,0.94
agent-browser,https://x.com/i/status/2104899742044131422,2026-09-29T11:43:00.000Z,ja,0,0,0.94
agent-browser,https://x.com/i/status/2104882814361509968,2026-09-29T10:35:44.000Z,en,0,0,0.88
agent-browser,https://x.com/i/status/2104877875463627143,2026-09-29T10:16:06.000Z,en,1,0,0.86
agent-browser,https://x.com/i/status/2104851675085488622,2026-09-29T08:32:00.000Z,zh,0,0,0.95
agent-browser,https://x.com/i/status/2104809014534218211,2026-09-29T05:42:29.000Z,en,0,0,0.56
agent-browser,https://x.com/i/status/2104802609009762598,2026-09-29T05:17:01.000Z,es,0,0,0.89
agent-browser,https://x.com/i/status/2104739995017760942,2026-09-29T01:08:13.000Z,en,0,0,0.46
agent-browser,https://x.com/i/status/2104739919100813531,2026-09-29T01:07:55.000Z,en,0,0,0.6
agent-browser,https://x.com/i/status/2104737211417584066,2026-09-29T00:57:09.000Z,en,0,0,0.8
agent-browser,https://x.com/i/status/2104699390682341791,2026-09-28T22:26:52.000Z,en,7,1,0.38
agent-browser,https://x.com/i/status/2104676521311187023,2026-09-28T20:56:00.000Z,en,0,0,0.21
agent-browser,https://x.com/i/status/2104666456000700826,2026-09-28T20:16:00.000Z,en,2,1,0.87
agent-browser,https://x.com/i/status/2104647375298154893,2026-09-28T19:00:11.000Z,en,0,0,0.95
agent-browser,https://x.com/i/status/2104645818896814514,2026-09-28T18:54:00.000Z,en,2,0,0.26
agent-browser,https://x.com/i/status/2104628127167107543,2026-09-28T17:43:42.000Z,en,0,0,0.06
agent-browser,https://x.com/i/status/2104601024195358990,2026-09-28T15:56:00.000Z,en,2,0,0.76
agent-browser,https://x.com/i/status/2104600737644794162,2026-09-28T15:54:52.000Z,pt,1,0,0.94
agent-browser,https://x.com/i/status/2104589196736266567,2026-09-28T15:09:00.000Z,en,4,1,0.37
agent-browser,https://x.com/i/status/2104587888054984876,2026-09-28T15:03:48.000Z,en,1,0,0.82
agent-browser,https://x.com/i/status/2104578281274220877,2026-09-28T14:25:38.000Z,en,1,0,0.93
agent-browser,https://x.com/i/status/2104556004252008510,2026-09-28T12:57:06.000Z,zxx,6,5,0.14
agent-browser,https://x.com/i/status/2104549000443482380,2026-09-28T12:29:16.000Z,en,0,0,0.95
agent-browser,https://x.com/i/status/2104541288850731447,2026-09-28T11:58:38.000Z,en,0,0,0.93
agent-browser,https://x.com/i/status/2104534850413936893,2026-09-28T11:33:03.000Z,en,0,0,0.88
agent-browser,https://x.com/i/status/2104511862096249128,2026-09-28T10:01:42.000Z,en,0,0,0.83
agent-browser,https://x.com/i/status/2104511844421366134,2026-09-28T10:01:38.000Z,en,0,0,0.78
agent-browser,https://x.com/i/status/2104481297783468431,2026-09-28T08:00:15.000Z,en,2,0,0.83
agent-browser,https://x.com/i/status/2104477444371521549,2026-09-28T07:44:56.000Z,en,172,14,0.06
agent-browser,https://x.com/i/status/2104476922344587654,2026-09-28T07:42:52.000Z,zh,1,0,0.37
agent-browser,https://x.com/i/status/2104473590733140088,2026-09-28T07:29:37.000Z,en,2,0,0.9
agent-browser,https://x.com/i/status/2104421925455909102,2026-09-28T04:04:19.000Z,en,0,0,0.27
agent-browser,https://x.com/i/status/2104406990520725729,2026-09-28T03:04:59.000Z,en,2,0,0.2
agent-browser,https://x.com/i/status/2104406847218401362,2026-09-28T03:04:25.000Z,pt,2,0,0.16
agent-browser,https://x.com/i/status/2104378928148390192,2026-09-28T01:13:28.000Z,en,1,0,0.64
agent-browser,https://x.com/i/status/2104366707145920779,2026-09-28T00:24:54.000Z,en,28,3,0.35
agent-browser,https://x.com/i/status/2104356285726773472,2026-09-27T23:43:30.000Z,en,1,0,0.93
agent-browser,https://x.com/i/status/2104292523573383474,2026-09-27T19:30:08.000Z,en,3,0,0.77
agent-browser,https://x.com/i/status/2104269187078308329,2026-09-27T17:57:24.000Z,en,0,0,0.95
agent-browser,https://x.com/i/status/2104268037348364377,2026-09-27T17:52:50.000Z,en,1,0,0.12
agent-browser,https://x.com/i/status/2104229110189011324,2026-09-27T15:18:09.000Z,ja,2,0,0.93
agent-browser,https://x.com/i/status/2104228950616748088,2026-09-27T15:17:31.000Z,zh,17,0,0.06
agent-browser,https://x.com/i/status/2104223730234757350,2026-09-27T14:56:46.000Z,pt,0,0,0.79
agent-browser,https://x.com/i/status/2104214756731261011,2026-09-27T14:21:07.000Z,zh,0,0,0.82
agent-browser,https://x.com/i/status/2104213171603202346,2026-09-27T14:14:49.000Z,en,1,0,0.92
agent-browser,https://x.com/i/status/2104196609445597611,2026-09-27T13:09:00.000Z,en,1,0,0.26
agent-browser,https://x.com/i/status/2104165278284153181,2026-09-27T11:04:30.000Z,en,1,0,0.96
agent-browser,https://x.com/i/status/2104158860068175886,2026-09-27T10:39:00.000Z,en,2,0,0.92
agent-browser,https://x.com/i/status/2104113499630944284,2026-09-27T07:38:45.000Z,ja,3,1,0.07
agent-browser,https://x.com/i/status/2104031620768694438,2026-09-27T02:13:24.000Z,pt,1,0,0.95
agent-browser,https://x.com/i/status/2103950056332447850,2026-09-26T20:49:17.000Z,en,2,1,0.16
agent-browser,https://x.com/i/status/2103904144289390899,2026-09-26T17:46:51.000Z,zxx,40,3,0.19
agent-browser,https://x.com/i/status/2103899324811972778,2026-09-26T17:27:42.000Z,en,0,0,0.9
agent-browser,https://x.com/i/status/2103880490910372234,2026-09-26T16:12:51.000Z,en,0,0,0.89
agent-browser,https://x.com/i/status/2103818184075727068,2026-09-26T12:05:16.000Z,zh,1,0,0.85
agent-browser,https://x.com/i/status/2103808885777997982,2026-09-26T11:28:19.000Z,en,0,0,0.86
agent-browser,https://x.com/i/status/2103799045865218283,2026-09-26T10:49:13.000Z,en,3,0,0.88
agent-browser,https://x.com/i/status/2103795253299794050,2026-09-26T10:34:09.000Z,en,0,0,0.76
agent-browser,https://x.com/i/status/2103745081987772846,2026-09-26T07:14:47.000Z,en,1,0,0.92
agent-browser,https://x.com/i/status/2103727197253194194,2026-09-26T06:03:43.000Z,ja,0,0,0.95
agent-browser,https://x.com/i/status/2103687543564927358,2026-09-26T03:26:09.000Z,en,6,0,0.85
agent-browser,https://x.com/i/status/2103680962022248520,2026-09-26T03:00:00.000Z,en,0,0,0.84
agent-browser,https://x.com/i/status/2103658747331743921,2026-09-26T01:31:44.000Z,en,0,0,0.93
agent-browser,https://x.com/i/status/2103650860068950479,2026-09-26T01:00:23.000Z,ja,0,0,0.09
agent-browser,https://x.com/i/status/2103631415602471132,2026-09-25T23:43:07.000Z,en,0,0,0.9
agent-browser,https://x.com/i/status/2103574660084297981,2026-09-25T19:57:36.000Z,es,3,0,0.92
agent-browser,https://x.com/i/status/2103545965005156567,2026-09-25T18:03:34.000Z,en,0,0,0.94
agent-browser,https://x.com/i/status/2103543983724965995,2026-09-25T17:55:42.000Z,en,0,0,0.93
agent-browser,https://x.com/i/status/2103531454643032229,2026-09-25T17:05:55.000Z,en,0,0,0.91
agent-browser,https://x.com/i/status/2103480799102222520,2026-09-25T13:44:37.000Z,en,1,0,0.93
agent-browser,https://x.com/i/status/2103477480011317617,2026-09-25T13:31:26.000Z,en,0,0,0.93
agent-browser,https://x.com/i/status/2103470331809902593,2026-09-25T13:03:02.000Z,en,23,0,0.54
agent-browser,https://x.com/i/status/2103470311463129147,2026-09-25T13:02:57.000Z,en,0,0,0.87
agent-browser,https://x.com/i/status/2103461939510923762,2026-09-25T12:29:41.000Z,en,1,0,0.81
agent-browser,https://x.com/i/status/2103405966511186037,2026-09-25T08:47:16.000Z,en,0,0,0.92
agent-browser,https://x.com/i/status/2103391670654173530,2026-09-25T07:50:28.000Z,ja,0,0,0.93
agent-browser,https://x.com/i/status/2103380108744491152,2026-09-25T07:04:31.000Z,en,0,0,0.95
agent-browser,https://x.com/i/status/2103378463868797431,2026-09-25T06:57:59.000Z,en,1,0,0.12
agent-browser,https://x.com/i/status/2103346669756829869,2026-09-25T04:51:39.000Z,zh,1,0,0.92
agent-browser,https://x.com/i/status/2103325410196951413,2026-09-25T03:27:10.000Z,en,1,0,0.94
agent-browser,https://x.com/i/status/2103312661400482180,2026-09-25T02:36:30.000Z,en,0,0,0.93
agent-browser,https://x.com/i/status/2103268280748134619,2026-09-24T23:40:09.000Z,en,1,0,0.64
agent-browser,https://x.com/i/status/2103255221413810249,2026-09-24T22:48:16.000Z,en,0,0,0.82
agent-browser,https://x.com/i/status/2103250191277281688,2026-09-24T22:28:16.000Z,en,1,0,0.88
agent-browser,https://x.com/i/status/2103245600980636037,2026-09-24T22:10:02.000Z,en,0,0,0.91
agent-browser,https://x.com/i/status/2103243678450106495,2026-09-24T22:02:23.000Z,en,0,0,0.96
agent-browser,https://x.com/i/status/2103238314459611285,2026-09-24T21:41:05.000Z,en,0,0,0.77
agent-browser,https://x.com/i/status/2103234832482664572,2026-09-24T21:27:14.000Z,en,4,0,0.65
gog,https://x.com/i/status/2104690664927793451,2026-09-28T21:52:12.000Z,en,25,0,0.12
gog,https://x.com/i/status/2104468565554503766,2026-09-28T07:09:39.000Z,en,0,0,0.25
gog,https://x.com/i/status/2104466369802547222,2026-09-28T07:00:56.000Z,en,0,0,0.02
gog,https://x.com/i/status/2104256401291792721,2026-09-27T17:06:35.000Z,en,2,0,0.02
gog,https://x.com/i/status/2104242885088698383,2026-09-27T16:12:53.000Z,en,0,0,0.73
gog,https://x.com/i/status/2104144976318017584,2026-09-27T09:43:50.000Z,en,0,0,0.03
gog,https://x.com/i/status/2103575764280942949,2026-09-25T20:01:59.000Z,en,1,0,0.06
gog,https://x.com/i/status/2103455156117397664,2026-09-25T12:02:44.000Z,en,0,0,0.02
gog,https://x.com/i/status/2103197257487294688,2026-09-24T18:57:56.000Z,en,0,0,0.48
gog,https://x.com/i/status/2103082451115421837,2026-09-24T11:21:44.000Z,en,1,0,0.04
gog,https://x.com/i/status/2102691929934672029,2026-09-23T09:29:56.000Z,en,102,21,0.1
gog,https://x.com/i/status/2102588122189930615,2026-09-23T02:37:27.000Z,pt,446,11,0.06
frontend-design,https://x.com/i/status/2105073010713764251,2026-09-29T23:11:30.000Z,en,3,0,0.44
frontend-design,https://x.com/i/status/2105060379868979492,2026-09-29T22:21:19.000Z,pt,0,0,0.8
frontend-design,https://x.com/i/status/2105040956886004131,2026-09-29T21:04:08.000Z,en,0,0,0.83
frontend-design,https://x.com/i/status/2105040505000034809,2026-09-29T21:02:20.000Z,en,0,0,0.49
frontend-design,https://x.com/i/status/2105002654003028313,2026-09-29T18:31:56.000Z,ja,0,0,0.93
frontend-design,https://x.com/i/status/2104934232036434078,2026-09-29T14:00:03.000Z,en,13,2,0.38
frontend-design,https://x.com/i/status/2104853185127227484,2026-09-29T08:38:00.000Z,zh,2,0,0.93
frontend-design,https://x.com/i/status/2104768267600408770,2026-09-29T03:00:34.000Z,en,0,0,0.35
frontend-design,https://x.com/i/status/2104768266237329445,2026-09-29T03:00:34.000Z,en,1,0,0.96
frontend-design,https://x.com/i/status/2104678279651434659,2026-09-28T21:02:59.000Z,en,1,0,0.54
frontend-design,https://x.com/i/status/2104654059982487962,2026-09-28T19:26:45.000Z,en,1,0,0.28
frontend-design,https://x.com/i/status/2104636759753867431,2026-09-28T18:18:00.000Z,en,1,0,0.56
frontend-design,https://x.com/i/status/2104633022926450842,2026-09-28T18:03:09.000Z,en,0,0,0.21
frontend-design,https://x.com/i/status/2104618101514125578,2026-09-28T17:03:51.000Z,en,0,0,0.96
frontend-design,https://x.com/i/status/2104593356332343470,2026-09-28T15:25:32.000Z,zxx,16,0,0.27
frontend-design,https://x.com/i/status/2104591270568206487,2026-09-28T15:17:14.000Z,ja,0,0,0.94
frontend-design,https://x.com/i/status/2104586920361590907,2026-09-28T14:59:57.000Z,zxx,30,1,0.25
frontend-design,https://x.com/i/status/2104585635772211225,2026-09-28T14:54:51.000Z,en,0,0,0.77
frontend-design,https://x.com/i/status/2104568262042464460,2026-09-28T13:45:49.000Z,ja,1,0,0.98
frontend-design,https://x.com/i/status/2104526951973109852,2026-09-28T11:01:40.000Z,ja,479,31,0.98
frontend-design,https://x.com/i/status/2104495157315854556,2026-09-28T08:55:19.000Z,en,85,28,0.79
frontend-design,https://x.com/i/status/2104494230072676842,2026-09-28T08:51:38.000Z,en,0,0,0.35
frontend-design,https://x.com/i/status/2104434677108912380,2026-09-28T04:55:00.000Z,en,8,0,0.44
frontend-design,https://x.com/i/status/2104427842901532929,2026-09-28T04:27:50.000Z,zh,17,5,0.16
frontend-design,https://x.com/i/status/2104259423690481921,2026-09-27T17:18:36.000Z,es,7,0,0.95
frontend-design,https://x.com/i/status/2104239732850831612,2026-09-27T16:00:21.000Z,en,1,0,0.88
frontend-design,https://x.com/i/status/2104224767075106977,2026-09-27T15:00:53.000Z,en,18,0,0.21
frontend-design,https://x.com/i/status/2104209657447215469,2026-09-27T14:00:51.000Z,en,2,0,0.15
frontend-design,https://x.com/i/status/2104194211826561439,2026-09-27T12:59:28.000Z,ja,0,0,0.94
frontend-design,https://x.com/i/status/2104157087315980673,2026-09-27T10:31:57.000Z,en,0,0,0.03
frontend-design,https://x.com/i/status/2104051834315030977,2026-09-27T03:33:43.000Z,en,7,0,0.93
frontend-design,https://x.com/i/status/2103873769165185377,2026-09-26T15:46:09.000Z,ja,0,0,0.74
frontend-design,https://x.com/i/status/2103820696736469350,2026-09-26T12:15:15.000Z,pt,0,0,0.94
frontend-design,https://x.com/i/status/2103815749756465414,2026-09-26T11:55:36.000Z,zh,0,0,0.97
frontend-design,https://x.com/i/status/2103815389499322650,2026-09-26T11:54:10.000Z,zh,0,0,0.97
frontend-design,https://x.com/i/status/2103804098537476502,2026-09-26T11:09:18.000Z,en,1,0,0.2
frontend-design,https://x.com/i/status/2103731345830912444,2026-09-26T06:20:12.000Z,en,0,0,0.95
frontend-design,https://x.com/i/status/2103657805899280822,2026-09-26T01:27:59.000Z,ja,8,0,0.42
frontend-design,https://x.com/i/status/2103643887784833325,2026-09-26T00:32:41.000Z,en,1,0,0.96
frontend-design,https://x.com/i/status/2103613019658092928,2026-09-25T22:30:01.000Z,ja,5,0,0.91
frontend-design,https://x.com/i/status/2103498327216337330,2026-09-25T14:54:16.000Z,zh,82,20,0.14
frontend-design,https://x.com/i/status/2103498051365249325,2026-09-25T14:53:11.000Z,en,0,0,0.95
frontend-design,https://x.com/i/status/2103477121876418668,2026-09-25T13:30:01.000Z,en,5,0,0.03
frontend-design,https://x.com/i/status/2103446413661405368,2026-09-25T11:27:59.000Z,zxx,1,0,0.17
frontend-design,https://x.com/i/status/2103412945552326983,2026-09-25T09:15:00.000Z,en,70,1,0.38
frontend-design,https://x.com/i/status/2103387401179795464,2026-09-25T07:33:30.000Z,th,56,40,0.19
frontend-design,https://x.com/i/status/2103346015659065689,2026-09-25T04:49:03.000Z,en,1,0,0.94
frontend-design,https://x.com/i/status/2103287431164473554,2026-09-25T00:56:15.000Z,en,0,0,0.93
frontend-design,https://x.com/i/status/2103216652213240028,2026-09-24T20:15:00.000Z,en,188,10,0.17
frontend-design,https://x.com/i/status/2103200079951929390,2026-09-24T19:09:09.000Z,en,34,2,0.25
frontend-design,https://x.com/i/status/2103188137220427958,2026-09-24T18:21:41.000Z,en,735,37,0.74
frontend-design,https://x.com/i/status/2103129404914413831,2026-09-24T14:28:19.000Z,zxx,14,1,0.2
frontend-design,https://x.com/i/status/2103121398273278385,2026-09-24T13:56:30.000Z,en,4,0,0.89
frontend-design,https://x.com/i/status/2103099753370464292,2026-09-24T12:30:29.000Z,ja,0,0,0.44
frontend-design,https://x.com/i/status/2103097499942605194,2026-09-24T12:21:32.000Z,zxx,1,1,0.21
frontend-design,https://x.com/i/status/2103092368786485408,2026-09-24T12:01:08.000Z,en,1,0,0.32
frontend-design,https://x.com/i/status/2103092093698678965,2026-09-24T12:00:03.000Z,en,49,4,0.03
frontend-design,https://x.com/i/status/2103088598425711085,2026-09-24T11:46:10.000Z,en,1,0,0.08
frontend-design,https://x.com/i/status/2103083755003060451,2026-09-24T11:26:55.000Z,zxx,2,0,0.18
frontend-design,https://x.com/i/status/2103050810624036980,2026-09-24T09:16:00.000Z,zh,0,0,0.24
frontend-design,https://x.com/i/status/2103043406549364891,2026-09-24T08:46:35.000Z,en,23,1,0.94
frontend-design,https://x.com/i/status/2103042548973687139,2026-09-24T08:43:10.000Z,en,595,68,0.89
frontend-design,https://x.com/i/status/2102952404811661507,2026-09-24T02:44:58.000Z,en,6,1,0.09
frontend-design,https://x.com/i/status/2102857031354839327,2026-09-23T20:26:00.000Z,en,0,0,0.95
frontend-design,https://x.com/i/status/2102722107235045802,2026-09-23T11:29:51.000Z,ja,1,0,0.96
frontend-design,https://x.com/i/status/2102611426477294009,2026-09-23T04:10:03.000Z,ja,539,58,0.96
frontend-design,https://x.com/i/status/2102601347850006985,2026-09-23T03:30:00.000Z,ja,0,0,0.12
frontend-design,https://x.com/i/status/2102572710018851087,2026-09-23T01:36:12.000Z,zh,54,18,0.07
setup-matt-pocock-skills,https://x.com/i/status/2103809399126962497,2026-09-26T11:30:22.000Z,zh,286,33,0.94
setup-matt-pocock-skills,https://x.com/i/status/2103097499942605194,2026-09-24T12:21:32.000Z,zxx,1,1,0.42
proactive-agent,https://x.com/i/status/2105094952036569334,2026-09-30T00:38:41.000Z,en,0,0,0.77
proactive-agent,https://x.com/i/status/2105083519429193892,2026-09-29T23:53:16.000Z,en,0,0,0.89
proactive-agent,https://x.com/i/status/2105075862727016875,2026-09-29T23:22:50.000Z,en,6,1,0.78
proactive-agent,https://x.com/i/status/2105023512259809352,2026-09-29T19:54:49.000Z,en,2,0,0.88
proactive-agent,https://x.com/i/status/2105007132147855426,2026-09-29T18:49:44.000Z,en,0,0,0.93
proactive-agent,https://x.com/i/status/2104994303596519608,2026-09-29T17:58:45.000Z,en,0,0,0.92
proactive-agent,https://x.com/i/status/2104985953248989551,2026-09-29T17:25:34.000Z,en,1,0,0.88
proactive-agent,https://x.com/i/status/2104981638748701148,2026-09-29T17:08:26.000Z,en,47,0,0.8
proactive-agent,https://x.com/i/status/2104963543766565197,2026-09-29T15:56:31.000Z,zh,0,0,0.73
proactive-agent,https://x.com/i/status/2104955629630828614,2026-09-29T15:25:04.000Z,en,1,0,0.84
proactive-agent,https://x.com/i/status/2104938507441717388,2026-09-29T14:17:02.000Z,en,0,0,0.84
proactive-agent,https://x.com/i/status/2104922679841116591,2026-09-29T13:14:09.000Z,en,2,0,0.88
proactive-agent,https://x.com/i/status/2104886517000818775,2026-09-29T10:50:27.000Z,en,3,1,0.87
proactive-agent,https://x.com/i/status/2104871611232903549,2026-09-29T09:51:13.000Z,en,0,0,0.66
proactive-agent,https://x.com/i/status/2104860361404878955,2026-09-29T09:06:31.000Z,en,0,0,0.85
proactive-agent,https://x.com/i/status/2104859553821249770,2026-09-29T09:03:18.000Z,zh,0,0,0.87
proactive-agent,https://x.com/i/status/2104825299213099332,2026-09-29T06:47:11.000Z,en,170,12,0.65
proactive-agent,https://x.com/i/status/2104782954853720151,2026-09-29T03:58:56.000Z,en,0,0,0.89
proactive-agent,https://x.com/i/status/2104782712381071381,2026-09-29T03:57:58.000Z,en,2,0,0.85
proactive-agent,https://x.com/i/status/2104620653211251143,2026-09-28T17:14:00.000Z,en,2,0,0.72
proactive-agent,https://x.com/i/status/2104454752167731369,2026-09-28T06:14:46.000Z,en,5,0,0.89
proactive-agent,https://x.com/i/status/2104321773667770396,2026-09-27T21:26:21.000Z,en,2,0,0.81
proactive-agent,https://x.com/i/status/2104283793767252187,2026-09-27T18:55:26.000Z,en,1,0,0.7
proactive-agent,https://x.com/i/status/2104181398013673872,2026-09-27T12:08:33.000Z,en,1,0,0.89
proactive-agent,https://x.com/i/status/2104172204913307687,2026-09-27T11:32:01.000Z,en,1,0,0.9
proactive-agent,https://x.com/i/status/2104171698866008064,2026-09-27T11:30:01.000Z,en,0,0,0.86
proactive-agent,https://x.com/i/status/2103982766865948812,2026-09-26T22:59:16.000Z,en,1,0,0.27
proactive-agent,https://x.com/i/status/2103830452956185046,2026-09-26T12:54:01.000Z,en,0,0,0.89
proactive-agent,https://x.com/i/status/2103749227201314935,2026-09-26T07:31:16.000Z,en,4,0,0.1
proactive-agent,https://x.com/i/status/2103679848145191107,2026-09-26T02:55:34.000Z,en,1,0,0.42
proactive-agent,https://x.com/i/status/2103668051468300701,2026-09-26T02:08:42.000Z,en,1620,121,0.29
proactive-agent,https://x.com/i/status/2103639484374098095,2026-09-26T00:15:11.000Z,en,0,0,0.91
proactive-agent,https://x.com/i/status/2103627361971274056,2026-09-25T23:27:01.000Z,en,0,0,0.32
proactive-agent,https://x.com/i/status/2103593550118338571,2026-09-25T21:12:39.000Z,en,4,0,0.92
proactive-agent,https://x.com/i/status/2103592773848862783,2026-09-25T21:09:34.000Z,en,2,0,0.57
proactive-agent,https://x.com/i/status/2103568950214959206,2026-09-25T19:34:54.000Z,en,7,1,0.76
proactive-agent,https://x.com/i/status/2103546687889547513,2026-09-25T18:06:27.000Z,en,0,0,0.77
proactive-agent,https://x.com/i/status/2103543045450805601,2026-09-25T17:51:58.000Z,en,1,0,0.86
proactive-agent,https://x.com/i/status/2103541136409424064,2026-09-25T17:44:23.000Z,en,1,0,0.07
proactive-agent,https://x.com/i/status/2103531728451289109,2026-09-25T17:07:00.000Z,en,0,0,0.72
proactive-agent,https://x.com/i/status/2103528500733137081,2026-09-25T16:54:10.000Z,en,3,0,0.9
proactive-agent,https://x.com/i/status/2103516244586422507,2026-09-25T16:05:28.000Z,en,4,0,0.71
proactive-agent,https://x.com/i/status/2103427290520756281,2026-09-25T10:12:00.000Z,en,179,11,0.75
proactive-agent,https://x.com/i/status/2103266249031737792,2026-09-24T23:32:05.000Z,en,12,0,0.88
proactive-agent,https://x.com/i/status/2103244820064195023,2026-09-24T22:06:56.000Z,en,1,0,0.87
proactive-agent,https://x.com/i/status/2103188031477871054,2026-09-24T18:21:16.000Z,en,3,0,0.32
proactive-agent,https://x.com/i/status/2103182092570132814,2026-09-24T17:57:40.000Z,en,1,0,0.85
proactive-agent,https://x.com/i/status/2103173370934436305,2026-09-24T17:23:01.000Z,en,0,0,0.78
proactive-agent,https://x.com/i/status/2103162697311494376,2026-09-24T16:40:36.000Z,en,0,0,0.84
proactive-agent,https://x.com/i/status/2103099692833726515,2026-09-24T12:30:15.000Z,en,0,0,0.86
proactive-agent,https://x.com/i/status/2103023876141969423,2026-09-24T07:28:59.000Z,en,0,0,0.83
proactive-agent,https://x.com/i/status/2102981856887263450,2026-09-24T04:42:00.000Z,en,0,0,0.79
proactive-agent,https://x.com/i/status/2102942622687875354,2026-09-24T02:06:06.000Z,en,0,0,0.83
proactive-agent,https://x.com/i/status/2102918029030158809,2026-09-24T00:28:23.000Z,en,1,0,0.68
proactive-agent,https://x.com/i/status/2102819870383734880,2026-09-23T17:58:20.000Z,en,1,0,0.76
proactive-agent,https://x.com/i/status/2102616106339049927,2026-09-23T04:28:39.000Z,en,1,0,0.84
handoff,https://x.com/i/status/2105093984968221005,2026-09-30T00:34:51.000Z,zxx,0,0,0.26
handoff,https://x.com/i/status/2105091893893963994,2026-09-30T00:26:32.000Z,en,0,0,0.49
handoff,https://x.com/i/status/2105089947791204551,2026-09-30T00:18:48.000Z,en,0,0,0.63
handoff,https://x.com/i/status/2105088633397244013,2026-09-30T00:13:35.000Z,en,1,0,0.04
handoff,https://x.com/i/status/2105088519815450752,2026-09-30T00:13:08.000Z,en,1,1,0.05
handoff,https://x.com/i/status/2105086333383528469,2026-09-30T00:04:27.000Z,en,0,0,0.74
handoff,https://x.com/i/status/2105083985034678660,2026-09-29T23:55:07.000Z,en,0,0,0.52
handoff,https://x.com/i/status/2105083259420086704,2026-09-29T23:52:14.000Z,en,0,0,0.65
handoff,https://x.com/i/status/2105081681430651141,2026-09-29T23:45:58.000Z,en,0,0,0.4
handoff,https://x.com/i/status/2105080626550374598,2026-09-29T23:41:46.000Z,zxx,0,0,0.17
handoff,https://x.com/i/status/2105079827833479565,2026-09-29T23:38:36.000Z,en,0,0,0.38
handoff,https://x.com/i/status/2105075921808232528,2026-09-29T23:23:04.000Z,en,0,0,0.43
handoff,https://x.com/i/status/2105070168334622950,2026-09-29T23:00:13.000Z,en,5,2,0.07
handoff,https://x.com/i/status/2105065358038360334,2026-09-29T22:41:06.000Z,zxx,14,2,0.13
handoff,https://x.com/i/status/2105063018753376597,2026-09-29T22:31:48.000Z,ja,2,0,0.18
handoff,https://x.com/i/status/2105062592167157986,2026-09-29T22:30:06.000Z,en,0,0,0.94
handoff,https://x.com/i/status/2105051002873278951,2026-09-29T21:44:03.000Z,en,39,3,0.33
handoff,https://x.com/i/status/2105049445218005249,2026-09-29T21:37:52.000Z,en,0,0,0.52
handoff,https://x.com/i/status/2105049026924253589,2026-09-29T21:36:12.000Z,en,0,0,0.58
handoff,https://x.com/i/status/2105048139321467089,2026-09-29T21:32:40.000Z,en,0,0,0.7
handoff,https://x.com/i/status/2105045198346625323,2026-09-29T21:20:59.000Z,en,0,0,0.62
handoff,https://x.com/i/status/2105045138279915631,2026-09-29T21:20:45.000Z,en,0,0,0.35
handoff,https://x.com/i/status/2105040803370533168,2026-09-29T21:03:31.000Z,en,0,0,0.02
handoff,https://x.com/i/status/2105040588026352108,2026-09-29T21:02:40.000Z,en,0,0,0.42
handoff,https://x.com/i/status/2105037810591772840,2026-09-29T20:51:38.000Z,en,37,2,0.17
handoff,https://x.com/i/status/2105034672283496790,2026-09-29T20:39:10.000Z,en,0,0,0.55
handoff,https://x.com/i/status/2105033362276843858,2026-09-29T20:33:57.000Z,en,0,0,0.24
handoff,https://x.com/i/status/2105031361492828658,2026-09-29T20:26:00.000Z,en,0,0,0.12
handoff,https://x.com/i/status/2105027549499933168,2026-09-29T20:10:51.000Z,en,0,0,0.7
handoff,https://x.com/i/status/2105026534318723075,2026-09-29T20:06:49.000Z,en,0,0,0.03
handoff,https://x.com/i/status/2105020687870218697,2026-09-29T19:43:36.000Z,en,1,1,0.22
handoff,https://x.com/i/status/2105020066047877292,2026-09-29T19:41:07.000Z,en,86,10,0.06
handoff,https://x.com/i/status/2105018037975777428,2026-09-29T19:33:04.000Z,en,0,0,0.63
handoff,https://x.com/i/status/2105017166605295971,2026-09-29T19:29:36.000Z,en,0,0,0.46
handoff,https://x.com/i/status/2105015958620287214,2026-09-29T19:24:48.000Z,en,1,0,0.35
handoff,https://x.com/i/status/2105014936766460282,2026-09-29T19:20:44.000Z,en,0,0,0.61
handoff,https://x.com/i/status/2105014242730524734,2026-09-29T19:17:59.000Z,zxx,2,1,0.16
handoff,https://x.com/i/status/2105010283752120597,2026-09-29T19:02:15.000Z,en,0,0,0.06
handoff,https://x.com/i/status/2105004582501765276,2026-09-29T18:39:36.000Z,en,0,0,0.47
handoff,https://x.com/i/status/2105002704057864670,2026-09-29T18:32:08.000Z,en,2,0,0.44
handoff,https://x.com/i/status/2105002332882866617,2026-09-29T18:30:39.000Z,en,0,0,0.93
handoff,https://x.com/i/status/2105001697202573767,2026-09-29T18:28:08.000Z,en,0,0,0.62
handoff,https://x.com/i/status/2105001306503139816,2026-09-29T18:26:35.000Z,en,337,25,0.46
handoff,https://x.com/i/status/2105001208964681904,2026-09-29T18:26:11.000Z,zh,0,0,0.72
handoff,https://x.com/i/status/2105000869783814470,2026-09-29T18:24:51.000Z,en,1,0,0.7
handoff,https://x.com/i/status/2105000363015422000,2026-09-29T18:22:50.000Z,en,0,0,0.48
handoff,https://x.com/i/status/2104998853967761807,2026-09-29T18:16:50.000Z,en,0,0,0.77
handoff,https://x.com/i/status/2104997124069011657,2026-09-29T18:09:57.000Z,en,0,0,0.74
handoff,https://x.com/i/status/2104996788080083286,2026-09-29T18:08:37.000Z,en,0,0,0.52
handoff,https://x.com/i/status/2104996087169946028,2026-09-29T18:05:50.000Z,en,0,0,0.78
handoff,https://x.com/i/status/2104994944792293463,2026-09-29T18:01:18.000Z,en,0,0,0.56
handoff,https://x.com/i/status/2104994891168416024,2026-09-29T18:01:05.000Z,zxx,1,0,0.17
handoff,https://x.com/i/status/2104993984909062470,2026-09-29T17:57:29.000Z,en,0,0,0.58
handoff,https://x.com/i/status/2104991058593534224,2026-09-29T17:45:51.000Z,en,10,1,0.15
handoff,https://x.com/i/status/2104990815667863582,2026-09-29T17:44:53.000Z,zxx,1,0,0.14
handoff,https://x.com/i/status/2104988958862246017,2026-09-29T17:37:31.000Z,en,0,0,0.54
handoff,https://x.com/i/status/2104988798547308910,2026-09-29T17:36:53.000Z,en,30,1,0.11
handoff,https://x.com/i/status/2104986704977240271,2026-09-29T17:28:33.000Z,en,0,0,0.66
handoff,https://x.com/i/status/2104986604268073114,2026-09-29T17:28:09.000Z,en,0,0,0.57
handoff,https://x.com/i/status/2104986119695954409,2026-09-29T17:26:14.000Z,en,1,0,0.78
handoff,https://x.com/i/status/2104980039377002635,2026-09-29T17:02:04.000Z,en,1,0,0.52
handoff,https://x.com/i/status/2104979877820858807,2026-09-29T17:01:26.000Z,en,4,0,0.7
handoff,https://x.com/i/status/2104979863988048272,2026-09-29T17:01:22.000Z,en,0,0,0.18
handoff,https://x.com/i/status/2104978799909806508,2026-09-29T16:57:09.000Z,en,8,1,0.17
handoff,https://x.com/i/status/2104975037052641346,2026-09-29T16:42:12.000Z,en,1,0,0.53
handoff,https://x.com/i/status/2104974988209955014,2026-09-29T16:42:00.000Z,en,0,0,0.08
handoff,https://x.com/i/status/2104973747702632769,2026-09-29T16:37:04.000Z,en,3,0,0.6
handoff,https://x.com/i/status/2104972538673549757,2026-09-29T16:32:16.000Z,en,0,0,0.61
handoff,https://x.com/i/status/2104972022749032503,2026-09-29T16:30:13.000Z,en,61,17,0.04
handoff,https://x.com/i/status/2104969349266386972,2026-09-29T16:19:35.000Z,en,0,0,0.5
handoff,https://x.com/i/status/2104968919081697505,2026-09-29T16:17:53.000Z,en,1,0,0.39
handoff,https://x.com/i/status/2104965889737085103,2026-09-29T16:05:51.000Z,zxx,2,0,0.17
handoff,https://x.com/i/status/2104964685908861350,2026-09-29T16:01:04.000Z,zxx,3,0,0.18
handoff,https://x.com/i/status/2104964252482064814,2026-09-29T15:59:20.000Z,en,1,0,0.16
handoff,https://x.com/i/status/2104963822457176225,2026-09-29T15:57:38.000Z,en,0,0,0.28
handoff,https://x.com/i/status/2104962185499717742,2026-09-29T15:51:07.000Z,en,0,0,0.5
handoff,https://x.com/i/status/2104957651134402991,2026-09-29T15:33:06.000Z,en,0,0,0.51
handoff,https://x.com/i/status/2104951759617605999,2026-09-29T15:09:42.000Z,en,0,0,0.82
handoff,https://x.com/i/status/2104950883398144367,2026-09-29T15:06:13.000Z,en,6,1,0.14
handoff,https://x.com/i/status/2104950090951438505,2026-09-29T15:03:04.000Z,en,19,1,0.26
handoff,https://x.com/i/status/2104948872678142371,2026-09-29T14:58:13.000Z,en,1,0,0.48
handoff,https://x.com/i/status/2104946445241729515,2026-09-29T14:48:35.000Z,en,0,0,0.6
handoff,https://x.com/i/status/2104945863084904737,2026-09-29T14:46:16.000Z,en,341,20,0.09
handoff,https://x.com/i/status/2104943727924146304,2026-09-29T14:37:47.000Z,en,0,0,0.51
handoff,https://x.com/i/status/2104940061657895289,2026-09-29T14:23:13.000Z,zxx,15,8,0.19
handoff,https://x.com/i/status/2104938612651401352,2026-09-29T14:17:27.000Z,en,0,0,0.79
handoff,https://x.com/i/status/2104935554106192102,2026-09-29T14:05:18.000Z,en,4,0,0.14
handoff,https://x.com/i/status/2104933524713185428,2026-09-29T13:57:14.000Z,en,1,0,0.68
handoff,https://x.com/i/status/2104933478160806385,2026-09-29T13:57:03.000Z,zxx,0,0,0.17
handoff,https://x.com/i/status/2104933205753094521,2026-09-29T13:55:58.000Z,zxx,0,0,0.19
handoff,https://x.com/i/status/2104932145919836395,2026-09-29T13:51:45.000Z,en,1,0,0.67
handoff,https://x.com/i/status/2104931973173330380,2026-09-29T13:51:04.000Z,en,0,0,0.8
handoff,https://x.com/i/status/2104931593026736237,2026-09-29T13:49:34.000Z,en,0,0,0.09
handoff,https://x.com/i/status/2104929162410516700,2026-09-29T13:39:54.000Z,en,0,0,0.51
handoff,https://x.com/i/status/2104927961438625992,2026-09-29T13:35:08.000Z,en,3,0,0.55
handoff,https://x.com/i/status/2104927780286685542,2026-09-29T13:34:25.000Z,en,2,0,0.66
handoff,https://x.com/i/status/2104925487869149418,2026-09-29T13:25:18.000Z,en,1,0,0.59
handoff,https://x.com/i/status/2104922959634628613,2026-09-29T13:15:15.000Z,en,1,0,0.47
handoff,https://x.com/i/status/2104920691263049989,2026-09-29T13:06:14.000Z,en,0,0,0.67
handoff,https://x.com/i/status/2104919129446555950,2026-09-29T13:00:02.000Z,en,0,0,0.74
weather,https://x.com/i/status/2105094520530477137,2026-09-30T00:36:59.000Z,en,0,0,0.12
weather,https://x.com/i/status/2105089686507078027,2026-09-30T00:17:46.000Z,en,0,0,0.04
weather,https://x.com/i/status/2105087100861473172,2026-09-30T00:07:30.000Z,en,1,1,0.05
weather,https://x.com/i/status/2105087081399640083,2026-09-30T00:07:25.000Z,en,0,0,0.06
weather,https://x.com/i/status/2105081762020036962,2026-09-29T23:46:17.000Z,en,2,0,0.1
weather,https://x.com/i/status/2105078133628256440,2026-09-29T23:31:52.000Z,en,0,0,0.08
weather,https://x.com/i/status/2105075568915980654,2026-09-29T23:21:40.000Z,en,3,0,0.02
weather,https://x.com/i/status/2105070368755179767,2026-09-29T23:01:00.000Z,ja,2,0,0.05
weather,https://x.com/i/status/2105065766861021305,2026-09-29T22:42:43.000Z,en,4,0,0.06
weather,https://x.com/i/status/2105063112076341752,2026-09-29T22:32:10.000Z,en,1,0,0.03
weather,https://x.com/i/status/2105059557714080171,2026-09-29T22:18:03.000Z,en,0,0,0.54
weather,https://x.com/i/status/2105044967542431997,2026-09-29T21:20:04.000Z,zxx,2,0,0.07
weather,https://x.com/i/status/2105037687132660092,2026-09-29T20:51:08.000Z,en,0,0,0.04
weather,https://x.com/i/status/2105034843251691607,2026-09-29T20:39:50.000Z,en,0,0,0.48
weather,https://x.com/i/status/2105031008915685755,2026-09-29T20:24:36.000Z,en,1,0,0.04
weather,https://x.com/i/status/2105016926183579709,2026-09-29T19:28:39.000Z,en,1,0,0.04
weather,https://x.com/i/status/2105015333593469039,2026-09-29T19:22:19.000Z,en,0,0,0.59
weather,https://x.com/i/status/2105010704478855178,2026-09-29T19:03:55.000Z,en,5,1,0.25
weather,https://x.com/i/status/2105006874060046415,2026-09-29T18:48:42.000Z,en,14,3,0.03
weather,https://x.com/i/status/2105005610643173431,2026-09-29T18:43:41.000Z,en,0,0,0.02
weather,https://x.com/i/status/2105003998596251681,2026-09-29T18:37:17.000Z,en,0,0,0.04
weather,https://x.com/i/status/2105000418938130722,2026-09-29T18:23:03.000Z,en,1,0,0.51
weather,https://x.com/i/status/2105000379251327282,2026-09-29T18:22:54.000Z,en,0,0,0.03
weather,https://x.com/i/status/2104999210877866429,2026-09-29T18:18:15.000Z,ja,2,0,0.04
weather,https://x.com/i/status/2104998852499816614,2026-09-29T18:16:50.000Z,en,0,0,0.05
weather,https://x.com/i/status/2104998725227859985,2026-09-29T18:16:19.000Z,en,0,0,0.04
weather,https://x.com/i/status/2104998308066308391,2026-09-29T18:14:40.000Z,en,2,0,0.06
weather,https://x.com/i/status/2104996523712880767,2026-09-29T18:07:34.000Z,en,10,2,0.04
weather,https://x.com/i/status/2104994618731589814,2026-09-29T18:00:00.000Z,en,0,0,0.03
weather,https://x.com/i/status/2104991663651541087,2026-09-29T17:48:16.000Z,en,5,2,0.04
weather,https://x.com/i/status/2104988769384276417,2026-09-29T17:36:46.000Z,en,0,0,0.07
weather,https://x.com/i/status/2104983114418446572,2026-09-29T17:14:17.000Z,en,4,0,0.03
weather,https://x.com/i/status/2104982762385977596,2026-09-29T17:12:53.000Z,en,1,1,0.03
weather,https://x.com/i/status/2104980535734841492,2026-09-29T17:04:03.000Z,en,2,1,0.05
weather,https://x.com/i/status/2104979698900238454,2026-09-29T17:00:43.000Z,en,107,10,0.05
weather,https://x.com/i/status/2104979528598589827,2026-09-29T17:00:02.000Z,zxx,0,0,0.08
weather,https://x.com/i/status/2104972679304314916,2026-09-29T16:32:49.000Z,en,0,0,0.09
weather,https://x.com/i/status/2104970022095409603,2026-09-29T16:22:16.000Z,zxx,7,7,0.08
weather,https://x.com/i/status/2104969103219814815,2026-09-29T16:18:37.000Z,en,0,0,0.02
weather,https://x.com/i/status/2104966116422377663,2026-09-29T16:06:45.000Z,en,0,0,0.03
weather,https://x.com/i/status/2104962747221840278,2026-09-29T15:53:21.000Z,en,1,0,0.02
weather,https://x.com/i/status/2104955683829649812,2026-09-29T15:25:17.000Z,en,0,0,0.12
weather,https://x.com/i/status/2104953434000826879,2026-09-29T15:16:21.000Z,en,0,0,0.03
weather,https://x.com/i/status/2104952449241121193,2026-09-29T15:12:26.000Z,en,10,0,0.04
weather,https://x.com/i/status/2104949486393139376,2026-09-29T15:00:40.000Z,en,0,0,0.1
weather,https://x.com/i/status/2104947820100833382,2026-09-29T14:54:03.000Z,en,0,0,0.49
weather,https://x.com/i/status/2104944089204428802,2026-09-29T14:39:13.000Z,en,12,1,0.05
weather,https://x.com/i/status/2104942795282686238,2026-09-29T14:34:04.000Z,en,4,0,0.64
weather,https://x.com/i/status/2104942321779224784,2026-09-29T14:32:12.000Z,en,0,0,0.07
weather,https://x.com/i/status/2104942267731673355,2026-09-29T14:31:59.000Z,en,322,124,0.03
weather,https://x.com/i/status/2104940727125828010,2026-09-29T14:25:51.000Z,en,0,0,0.03
weather,https://x.com/i/status/2104938551188263382,2026-09-29T14:17:13.000Z,en,0,0,0.16
weather,https://x.com/i/status/2104933777025757443,2026-09-29T13:58:14.000Z,en,64,17,0.03
weather,https://x.com/i/status/2104926093723803662,2026-09-29T13:27:43.000Z,en,7,1,0.02
weather,https://x.com/i/status/2104922879230152851,2026-09-29T13:14:56.000Z,en,3,0,0.04
weather,https://x.com/i/status/2104921235583017461,2026-09-29T13:08:24.000Z,en,6,3,0.04
weather,https://x.com/i/status/2104921114581274884,2026-09-29T13:07:55.000Z,en,9,2,0.07
weather,https://x.com/i/status/2104915718173020438,2026-09-29T12:46:29.000Z,en,54,12,0.05
weather,https://x.com/i/status/2104915118786220306,2026-09-29T12:44:06.000Z,en,21,3,0.18
weather,https://x.com/i/status/2104909673736347952,2026-09-29T12:22:28.000Z,en,0,0,0.04
weather,https://x.com/i/status/2104904251407503696,2026-09-29T12:00:55.000Z,en,0,0,0.04
weather,https://x.com/i/status/2104904051573792906,2026-09-29T12:00:07.000Z,zxx,1,1,0.07
weather,https://x.com/i/status/2104902270471094469,2026-09-29T11:53:03.000Z,en,1,0,0.18
weather,https://x.com/i/status/2104900899717943513,2026-09-29T11:47:36.000Z,en,0,0,0.38
weather,https://x.com/i/status/2104894865960317215,2026-09-29T11:23:37.000Z,en,0,0,0.05
weather,https://x.com/i/status/2104892719835328637,2026-09-29T11:15:06.000Z,en,68,3,0.04
weather,https://x.com/i/status/2104888352222666893,2026-09-29T10:57:44.000Z,en,0,0,0.08
weather,https://x.com/i/status/2104878456597102692,2026-09-29T10:18:25.000Z,en,7,1,0.03
weather,https://x.com/i/status/2104877624627438006,2026-09-29T10:15:07.000Z,en,2,0,0.08
weather,https://x.com/i/status/2104873853784637622,2026-09-29T10:00:08.000Z,en,2,0,0.05
weather,https://x.com/i/status/2104869878586917266,2026-09-29T09:44:20.000Z,en,0,0,0.02
weather,https://x.com/i/status/2104869863567077677,2026-09-29T09:44:16.000Z,en,4,0,0.15
weather,https://x.com/i/status/2104869819795276087,2026-09-29T09:44:06.000Z,en,1,0,0.02
weather,https://x.com/i/status/2104867197839425830,2026-09-29T09:33:41.000Z,en,5,0,0.03
weather,https://x.com/i/status/2104866590118305868,2026-09-29T09:31:16.000Z,en,2,0,0.03
weather,https://x.com/i/status/2104866058599281034,2026-09-29T09:29:09.000Z,en,0,0,0.03
weather,https://x.com/i/status/2104859677225898305,2026-09-29T09:03:48.000Z,en,97,1,0.05
weather,https://x.com/i/status/2104855287589146841,2026-09-29T08:46:21.000Z,en,96,11,0.05
weather,https://x.com/i/status/2104854947158282605,2026-09-29T08:45:00.000Z,en,51,7,0.06
weather,https://x.com/i/status/2104853657443242093,2026-09-29T08:39:52.000Z,en,0,0,0.03
weather,https://x.com/i/status/2104852007052034140,2026-09-29T08:33:19.000Z,en,3,0,0.03
weather,https://x.com/i/status/2104842620501361085,2026-09-29T07:56:01.000Z,en,0,0,0.43
weather,https://x.com/i/status/2104841642016702783,2026-09-29T07:52:08.000Z,en,0,0,0.35
weather,https://x.com/i/status/2104833414901932501,2026-09-29T07:19:26.000Z,en,0,0,0.04
weather,https://x.com/i/status/2104828118288728095,2026-09-29T06:58:23.000Z,en,0,0,0.07
weather,https://x.com/i/status/2104822110988431729,2026-09-29T06:34:31.000Z,en,0,0,0.5
weather,https://x.com/i/status/2104820094878753211,2026-09-29T06:26:30.000Z,zxx,3,0,0.11
weather,https://x.com/i/status/2104818311888286137,2026-09-29T06:19:25.000Z,zxx,0,0,0.09
weather,https://x.com/i/status/2104816429891785170,2026-09-29T06:11:57.000Z,en,1,0,0.51
weather,https://x.com/i/status/2104813108019753465,2026-09-29T05:58:45.000Z,en,0,0,0.07
weather,https://x.com/i/status/2104807966109212677,2026-09-29T05:38:19.000Z,en,0,0,0.15
weather,https://x.com/i/status/2104807885415080302,2026-09-29T05:37:59.000Z,en,95,0,0.06
weather,https://x.com/i/status/2104798141841076285,2026-09-29T04:59:16.000Z,en,3,0,0.04
weather,https://x.com/i/status/2104792219374977319,2026-09-29T04:35:44.000Z,en,1,0,0.38
weather,https://x.com/i/status/2104787013853474995,2026-09-29T04:15:03.000Z,en,17,11,0.07
weather,https://x.com/i/status/2104785723526402544,2026-09-29T04:09:56.000Z,en,2,0,0.03
weather,https://x.com/i/status/2104782397430697986,2026-09-29T03:56:43.000Z,en,1,0,0.25
weather,https://x.com/i/status/2104781056507531271,2026-09-29T03:51:23.000Z,en,1,0,0.08
weather,https://x.com/i/status/2104773878937465262,2026-09-29T03:22:52.000Z,en,39,3,0.09
weather,https://x.com/i/status/2104773708770332962,2026-09-29T03:22:11.000Z,en,0,0,0.04
triage,https://x.com/i/status/2105090248032076157,2026-09-30T00:20:00.000Z,en,0,0,0.05
triage,https://x.com/i/status/2105075756548472931,2026-09-29T23:22:25.000Z,ja,0,0,0.62
triage,https://x.com/i/status/2105065420856422490,2026-09-29T22:41:21.000Z,en,7,0,0.09
triage,https://x.com/i/status/2105065358038360334,2026-09-29T22:41:06.000Z,zxx,14,2,0.07
triage,https://x.com/i/status/2105062672320352336,2026-09-29T22:30:25.000Z,en,0,0,0.61
triage,https://x.com/i/status/2105057519517450507,2026-09-29T22:09:57.000Z,en,1,0,0.85
triage,https://x.com/i/status/2105057517164278122,2026-09-29T22:09:56.000Z,en,1,0,0.23
triage,https://x.com/i/status/2105057515503284565,2026-09-29T22:09:56.000Z,en,1,0,0.89
triage,https://x.com/i/status/2105040669807165640,2026-09-29T21:03:00.000Z,en,0,0,0.29
triage,https://x.com/i/status/2105029769511481356,2026-09-29T20:19:41.000Z,zxx,0,0,0.08
triage,https://x.com/i/status/2105025679263752496,2026-09-29T20:03:26.000Z,en,1,0,0.61
triage,https://x.com/i/status/2105022300496011687,2026-09-29T19:50:00.000Z,en,0,0,0.24
triage,https://x.com/i/status/2105016034742665596,2026-09-29T19:25:06.000Z,en,0,0,0.19
triage,https://x.com/i/status/2105015179855704164,2026-09-29T19:21:42.000Z,en,20,1,0.16
triage,https://x.com/i/status/2105011187259674738,2026-09-29T19:05:50.000Z,en,0,0,0.06
triage,https://x.com/i/status/2105005614640648639,2026-09-29T18:43:42.000Z,en,26,2,0.13
triage,https://x.com/i/status/2105004940636868717,2026-09-29T18:41:01.000Z,en,2,0,0.19
triage,https://x.com/i/status/2105001310018056647,2026-09-29T18:26:35.000Z,en,31,1,0.25
triage,https://x.com/i/status/2105001183505260853,2026-09-29T18:26:05.000Z,en,0,0,0.8
triage,https://x.com/i/status/2104999447055007941,2026-09-29T18:19:11.000Z,en,1,0,0.21
triage,https://x.com/i/status/2104997520762114242,2026-09-29T18:11:32.000Z,en,7,0,0.23
triage,https://x.com/i/status/2104997459617546727,2026-09-29T18:11:17.000Z,en,2,0,0.07
triage,https://x.com/i/status/2104996483405889949,2026-09-29T18:07:25.000Z,en,1,0,0.62
triage,https://x.com/i/status/2104995295624896600,2026-09-29T18:02:42.000Z,en,1,0,0.29
triage,https://x.com/i/status/2104994929218924751,2026-09-29T18:01:14.000Z,en,0,0,0.18
triage,https://x.com/i/status/2104993504883872245,2026-09-29T17:55:35.000Z,en,0,0,0.72
triage,https://x.com/i/status/2104992989143867469,2026-09-29T17:53:32.000Z,en,0,0,0.81
triage,https://x.com/i/status/2104991682815258807,2026-09-29T17:48:20.000Z,en,0,0,0.57
triage,https://x.com/i/status/2104991417537798528,2026-09-29T17:47:17.000Z,en,10,1,0.2
triage,https://x.com/i/status/2104990733522600089,2026-09-29T17:44:34.000Z,zxx,1,0,0.11
triage,https://x.com/i/status/2104990290641662320,2026-09-29T17:42:48.000Z,en,0,0,0.55
triage,https://x.com/i/status/2104989743528530001,2026-09-29T17:40:38.000Z,en,1,0,0.7
triage,https://x.com/i/status/2104989680987238814,2026-09-29T17:40:23.000Z,en,2147,152,0.7
triage,https://x.com/i/status/2104980412586131639,2026-09-29T17:03:33.000Z,en,79,10,0.24
triage,https://x.com/i/status/2104978175398699311,2026-09-29T16:54:40.000Z,en,0,0,0.45
triage,https://x.com/i/status/2104971847724826817,2026-09-29T16:29:31.000Z,en,0,0,0.32
triage,https://x.com/i/status/2104964685908861350,2026-09-29T16:01:04.000Z,zxx,3,0,0.08
triage,https://x.com/i/status/2104964492681748823,2026-09-29T16:00:18.000Z,en,0,0,0.81
triage,https://x.com/i/status/2104962525171229146,2026-09-29T15:52:28.000Z,en,27,0,0.09
triage,https://x.com/i/status/2104960060631715864,2026-09-29T15:42:41.000Z,zxx,17,0,0.1
triage,https://x.com/i/status/2104958093196976536,2026-09-29T15:34:52.000Z,en,7,1,0.04
triage,https://x.com/i/status/2104953622710673578,2026-09-29T15:17:06.000Z,en,0,0,0.64
triage,https://x.com/i/status/2104950328638521844,2026-09-29T15:04:01.000Z,en,0,0,0.62
triage,https://x.com/i/status/2104949754623111508,2026-09-29T15:01:44.000Z,en,0,0,0.41
triage,https://x.com/i/status/2104940427891679472,2026-09-29T14:24:40.000Z,en,0,0,0.42
triage,https://x.com/i/status/2104935554106192102,2026-09-29T14:05:18.000Z,en,4,0,0.07
triage,https://x.com/i/status/2104935400988966918,2026-09-29T14:04:42.000Z,en,87,0,0.05
triage,https://x.com/i/status/2104932285136998637,2026-09-29T13:52:19.000Z,en,1,0,0.12
triage,https://x.com/i/status/2104929964504347049,2026-09-29T13:43:05.000Z,en,0,0,0.64
triage,https://x.com/i/status/2104922700724494426,2026-09-29T13:14:14.000Z,en,1,0,0.75
triage,https://x.com/i/status/2104920932527878574,2026-09-29T13:07:12.000Z,en,0,0,0.64
triage,https://x.com/i/status/2104920095344775410,2026-09-29T13:03:52.000Z,en,32,8,0.11
triage,https://x.com/i/status/2104919348422823964,2026-09-29T13:00:54.000Z,en,1,0,0.59
triage,https://x.com/i/status/2104912110384009695,2026-09-29T12:32:09.000Z,en,6,1,0.59
triage,https://x.com/i/status/2104904788223627647,2026-09-29T12:03:03.000Z,zxx,1,0,0.11
triage,https://x.com/i/status/2104902270471094469,2026-09-29T11:53:03.000Z,en,1,0,0.19
triage,https://x.com/i/status/2104895752883327188,2026-09-29T11:27:09.000Z,en,1,0,0.5
triage,https://x.com/i/status/2104886763835490375,2026-09-29T10:51:26.000Z,en,1,0,0.42
triage,https://x.com/i/status/2104881505323380753,2026-09-29T10:30:32.000Z,en,0,0,0.27
triage,https://x.com/i/status/2104880667238523019,2026-09-29T10:27:12.000Z,en,0,0,0.48
triage,https://x.com/i/status/2104876056893104461,2026-09-29T10:08:53.000Z,en,159,20,0.22
triage,https://x.com/i/status/2104866016593392070,2026-09-29T09:28:59.000Z,en,13,3,0.09
triage,https://x.com/i/status/2104864069354184846,2026-09-29T09:21:15.000Z,en,1,0,0.47
triage,https://x.com/i/status/2104851256405860732,2026-09-29T08:30:20.000Z,en,2,0,0.36
triage,https://x.com/i/status/2104844117297549344,2026-09-29T08:01:58.000Z,en,12,0,0.48
triage,https://x.com/i/status/2104839962026013085,2026-09-29T07:45:27.000Z,en,0,0,0.1
triage,https://x.com/i/status/2104828310819618979,2026-09-29T06:59:09.000Z,zxx,21,6,0.1
triage,https://x.com/i/status/2104821051968614499,2026-09-29T06:30:19.000Z,en,1,0,0.6
triage,https://x.com/i/status/2104819929757192521,2026-09-29T06:25:51.000Z,en,0,0,0.46
triage,https://x.com/i/status/2104819467712880775,2026-09-29T06:24:01.000Z,en,0,0,0.7
triage,https://x.com/i/status/2104818691334688842,2026-09-29T06:20:56.000Z,en,0,0,0.29
triage,https://x.com/i/status/2104818209895690743,2026-09-29T06:19:01.000Z,zxx,4,0,0.09
triage,https://x.com/i/status/2104813171907105183,2026-09-29T05:59:00.000Z,en,0,0,0.1
triage,https://x.com/i/status/2104812068637442462,2026-09-29T05:54:37.000Z,en,6,0,0.51
triage,https://x.com/i/status/2104807803621929171,2026-09-29T05:37:40.000Z,en,2,0,0.63
triage,https://x.com/i/status/2104805314679705771,2026-09-29T05:27:47.000Z,zxx,1,1,0.12
triage,https://x.com/i/status/2104791153254203581,2026-09-29T04:31:30.000Z,en,1,0,0.73
triage,https://x.com/i/status/2104786243846619283,2026-09-29T04:12:00.000Z,en,0,0,0.7
triage,https://x.com/i/status/2104785260915679515,2026-09-29T04:08:05.000Z,en,0,0,0.69
triage,https://x.com/i/status/2104783287822459135,2026-09-29T04:00:15.000Z,en,1,0,0.75
triage,https://x.com/i/status/2104783226833186920,2026-09-29T04:00:00.000Z,zxx,72,5,0.12
triage,https://x.com/i/status/2104769034151735741,2026-09-29T03:03:37.000Z,en,3,0,0.08
triage,https://x.com/i/status/2104758207659094180,2026-09-29T02:20:35.000Z,zxx,0,0,0.13
triage,https://x.com/i/status/2104751708152762463,2026-09-29T01:54:46.000Z,en,0,0,0.65
triage,https://x.com/i/status/2104734178935804041,2026-09-29T00:45:06.000Z,zxx,0,0,0.13
triage,https://x.com/i/status/2104734070014144988,2026-09-29T00:44:41.000Z,en,4,0,0.56
triage,https://x.com/i/status/2104731059787333765,2026-09-29T00:32:43.000Z,zxx,1,0,0.1
triage,https://x.com/i/status/2104723515736019341,2026-09-29T00:02:44.000Z,en,0,0,0.56
triage,https://x.com/i/status/2104719464281285097,2026-09-28T23:46:38.000Z,en,0,0,0.45
triage,https://x.com/i/status/2104716695093027148,2026-09-28T23:35:38.000Z,en,0,0,0.05
triage,https://x.com/i/status/2104710519349551130,2026-09-28T23:11:06.000Z,en,9,1,0.33
triage,https://x.com/i/status/2104709365903339548,2026-09-28T23:06:31.000Z,zxx,4,1,0.11
triage,https://x.com/i/status/2104708450244874574,2026-09-28T23:02:52.000Z,en,0,0,0.13
triage,https://x.com/i/status/2104704633390428577,2026-09-28T22:47:42.000Z,ja,6,0,0.05
triage,https://x.com/i/status/2104699881420173436,2026-09-28T22:28:49.000Z,en,9,1,0.13
triage,https://x.com/i/status/2104698459009740953,2026-09-28T22:23:10.000Z,en,6,1,0.05
triage,https://x.com/i/status/2104695092493615325,2026-09-28T22:09:48.000Z,en,96,3,0.05
triage,https://x.com/i/status/2104691034538254540,2026-09-28T21:53:40.000Z,en,87,10,0.11
triage,https://x.com/i/status/2104677649012470108,2026-09-28T21:00:29.000Z,en,92,6,0.13
triage,https://x.com/i/status/2104676522225512823,2026-09-28T20:56:00.000Z,en,2,0,0.59
multi-search-engine,https://x.com/i/status/2102694285095428182,2026-09-23T09:39:18.000Z,zxx,184,2,0.23
prototype,https://x.com/i/status/2105096363595981215,2026-09-30T00:44:18.000Z,en,0,0,0.09
prototype,https://x.com/i/status/2105088519815450752,2026-09-30T00:13:08.000Z,en,1,1,0.14
prototype,https://x.com/i/status/2105087287562543131,2026-09-30T00:08:14.000Z,en,0,0,0.19
prototype,https://x.com/i/status/2105073302511210554,2026-09-29T23:12:40.000Z,fr,0,0,0.04
prototype,https://x.com/i/status/2105071561648885905,2026-09-29T23:05:45.000Z,en,8,0,0.32
prototype,https://x.com/i/status/2105064939975266661,2026-09-29T22:39:26.000Z,zxx,0,0,0.1
prototype,https://x.com/i/status/2105064440441774542,2026-09-29T22:37:27.000Z,en,4,0,0.16
prototype,https://x.com/i/status/2105062659641180505,2026-09-29T22:30:22.000Z,en,0,0,0.16
prototype,https://x.com/i/status/2105057853392466240,2026-09-29T22:11:16.000Z,en,0,0,0.11
prototype,https://x.com/i/status/2105053756702576952,2026-09-29T21:55:00.000Z,en,1,0,0.12
prototype,https://x.com/i/status/2105051544307839317,2026-09-29T21:46:12.000Z,zxx,3,1,0.12
prototype,https://x.com/i/status/2105049529053827090,2026-09-29T21:38:12.000Z,en,0,0,0.32
prototype,https://x.com/i/status/2105046434768941566,2026-09-29T21:25:54.000Z,en,0,0,0.19
prototype,https://x.com/i/status/2105040093367189944,2026-09-29T21:00:42.000Z,en,8,1,0.18
prototype,https://x.com/i/status/2105039716697710758,2026-09-29T20:59:12.000Z,en,0,0,0.58
prototype,https://x.com/i/status/2105025848965292194,2026-09-29T20:04:06.000Z,en,0,0,0.12
prototype,https://x.com/i/status/2105024084539285593,2026-09-29T19:57:05.000Z,zxx,3,0,0.13
prototype,https://x.com/i/status/2105023299042632021,2026-09-29T19:53:58.000Z,en,0,0,0.13
prototype,https://x.com/i/status/2105019707585618233,2026-09-29T19:39:42.000Z,en,8,0,0.18
prototype,https://x.com/i/status/2105017931117842855,2026-09-29T19:32:38.000Z,ja,1,0,0.13
prototype,https://x.com/i/status/2105011644581445949,2026-09-29T19:07:39.000Z,en,4,0,0.26
prototype,https://x.com/i/status/2104997311768076434,2026-09-29T18:10:42.000Z,en,0,0,0.05
prototype,https://x.com/i/status/2104990709183136060,2026-09-29T17:44:28.000Z,th,0,0,0.12
prototype,https://x.com/i/status/2104988063315177610,2026-09-29T17:33:57.000Z,en,2,0,0.13
prototype,https://x.com/i/status/2104985692095090776,2026-09-29T17:24:32.000Z,en,0,0,0.24
prototype,https://x.com/i/status/2104984079892709571,2026-09-29T17:18:08.000Z,ja,0,0,0.05
prototype,https://x.com/i/status/2104983198736470315,2026-09-29T17:14:37.000Z,en,2,0,0.33
prototype,https://x.com/i/status/2104982890295759305,2026-09-29T17:13:24.000Z,en,1,0,0.14
prototype,https://x.com/i/status/2104980941970047011,2026-09-29T17:05:39.000Z,en,14,0,0.22
prototype,https://x.com/i/status/2104979726460985764,2026-09-29T17:00:50.000Z,vi,1,0,0.77
prototype,https://x.com/i/status/2104979163228868885,2026-09-29T16:58:35.000Z,en,7,1,0.06
prototype,https://x.com/i/status/2104971289173631147,2026-09-29T16:27:18.000Z,en,0,0,0.34
prototype,https://x.com/i/status/2104970935942181298,2026-09-29T16:25:54.000Z,en,0,0,0.2
prototype,https://x.com/i/status/2104967694932201487,2026-09-29T16:13:01.000Z,en,1,0,0.21
prototype,https://x.com/i/status/2104960789786554869,2026-09-29T15:45:35.000Z,en,58,5,0.18
prototype,https://x.com/i/status/2104958965742248184,2026-09-29T15:38:20.000Z,en,3,0,0.27
prototype,https://x.com/i/status/2104956935678181497,2026-09-29T15:30:16.000Z,en,65,6,0.05
prototype,https://x.com/i/status/2104956188643221698,2026-09-29T15:27:18.000Z,en,25,0,0.22
prototype,https://x.com/i/status/2104951852617933176,2026-09-29T15:10:04.000Z,en,0,0,0.29
prototype,https://x.com/i/status/2104951180753580398,2026-09-29T15:07:24.000Z,en,8,0,0.08
prototype,https://x.com/i/status/2104946642613084260,2026-09-29T14:49:22.000Z,en,3,1,0.08
prototype,https://x.com/i/status/2104945937369968720,2026-09-29T14:46:34.000Z,en,2,0,0.35
prototype,https://x.com/i/status/2104941771956391977,2026-09-29T14:30:01.000Z,en,0,0,0.19
prototype,https://x.com/i/status/2104940387676659776,2026-09-29T14:24:30.000Z,zxx,0,0,0.14
prototype,https://x.com/i/status/2104940141316034858,2026-09-29T14:23:32.000Z,en,0,0,0.28
prototype,https://x.com/i/status/2104935114216022402,2026-09-29T14:03:33.000Z,en,1,0,0.2
prototype,https://x.com/i/status/2104934168157168060,2026-09-29T13:59:48.000Z,en,0,0,0.05
prototype,https://x.com/i/status/2104933990423810468,2026-09-29T13:59:05.000Z,en,9,4,0.13
prototype,https://x.com/i/status/2104930112378749372,2026-09-29T13:43:41.000Z,en,0,0,0.55
prototype,https://x.com/i/status/2104925401684541578,2026-09-29T13:24:58.000Z,en,0,0,0.25
prototype,https://x.com/i/status/2104925155764117827,2026-09-29T13:23:59.000Z,en,0,0,0.04
prototype,https://x.com/i/status/2104923158214222157,2026-09-29T13:16:03.000Z,en,0,0,0.12
prototype,https://x.com/i/status/2104917468061769813,2026-09-29T12:53:26.000Z,en,2,1,0.17
prototype,https://x.com/i/status/2104915443722932337,2026-09-29T12:45:23.000Z,zxx,13,1,0.1
prototype,https://x.com/i/status/2104915344645406747,2026-09-29T12:45:00.000Z,en,5,1,0.13
prototype,https://x.com/i/status/2104908008690159933,2026-09-29T12:15:51.000Z,en,2,1,0.05
prototype,https://x.com/i/status/2104905007136952391,2026-09-29T12:03:55.000Z,en,0,0,0.1
prototype,https://x.com/i/status/2104895211054813552,2026-09-29T11:25:00.000Z,en,0,0,0.08
prototype,https://x.com/i/status/2104892237943578939,2026-09-29T11:13:11.000Z,zxx,1,0,0.1
prototype,https://x.com/i/status/2104889406700359892,2026-09-29T11:01:56.000Z,en,6,0,0.08
prototype,https://x.com/i/status/2104882667842072958,2026-09-29T10:35:09.000Z,en,0,0,0.17
prototype,https://x.com/i/status/2104880243123060858,2026-09-29T10:25:31.000Z,en,0,0,0.09
prototype,https://x.com/i/status/2104875771332571145,2026-09-29T10:07:45.000Z,zxx,5,0,0.11
prototype,https://x.com/i/status/2104873484337787285,2026-09-29T09:58:39.000Z,en,6,0,0.22
prototype,https://x.com/i/status/2104873394067914978,2026-09-29T09:58:18.000Z,zxx,1,0,0.13
prototype,https://x.com/i/status/2104873100424745297,2026-09-29T09:57:08.000Z,en,3,0,0.32
prototype,https://x.com/i/status/2104871518995894337,2026-09-29T09:50:51.000Z,en,6,0,0.1
prototype,https://x.com/i/status/2104868964769603891,2026-09-29T09:40:42.000Z,en,0,0,0.08
prototype,https://x.com/i/status/2104867598689047016,2026-09-29T09:35:16.000Z,en,2,0,0.12
prototype,https://x.com/i/status/2104865237576892785,2026-09-29T09:25:53.000Z,en,1,0,0.05
prototype,https://x.com/i/status/2104864881635664077,2026-09-29T09:24:28.000Z,en,0,0,0.15
prototype,https://x.com/i/status/2104861049698591106,2026-09-29T09:09:15.000Z,en,25,4,0.04
prototype,https://x.com/i/status/2104849840895144129,2026-09-29T08:24:42.000Z,zxx,24,5,0.13
prototype,https://x.com/i/status/2104846857776357406,2026-09-29T08:12:51.000Z,en,1,0,0.46
prototype,https://x.com/i/status/2104846453340274869,2026-09-29T08:11:15.000Z,en,0,0,0.05
prototype,https://x.com/i/status/2104834242039693363,2026-09-29T07:22:43.000Z,en,1,0,0.21
prototype,https://x.com/i/status/2104832978660610132,2026-09-29T07:17:42.000Z,en,3,0,0.15
prototype,https://x.com/i/status/2104831912431005703,2026-09-29T07:13:28.000Z,en,3,0,0.12
prototype,https://x.com/i/status/2104830962991317222,2026-09-29T07:09:42.000Z,en,3,0,0.13
prototype,https://x.com/i/status/2104826964733468949,2026-09-29T06:53:48.000Z,en,2,1,0.05
prototype,https://x.com/i/status/2104826075620512143,2026-09-29T06:50:16.000Z,en,1,0,0.17
prototype,https://x.com/i/status/2104820993449455830,2026-09-29T06:30:05.000Z,en,0,0,0.04
prototype,https://x.com/i/status/2104819691025825911,2026-09-29T06:24:54.000Z,en,0,0,0.28
prototype,https://x.com/i/status/2104818311888286137,2026-09-29T06:19:25.000Z,zxx,0,0,0.11
prototype,https://x.com/i/status/2104816296903008292,2026-09-29T06:11:25.000Z,en,4,0,0.05
prototype,https://x.com/i/status/2104812135641719213,2026-09-29T05:54:53.000Z,en,1,0,0.42
prototype,https://x.com/i/status/2104810972447703410,2026-09-29T05:50:15.000Z,en,8,3,0.04
prototype,https://x.com/i/status/2104806408726233217,2026-09-29T05:32:07.000Z,en,2,0,0.25
prototype,https://x.com/i/status/2104805461547688373,2026-09-29T05:28:22.000Z,en,6,0,0.09
prototype,https://x.com/i/status/2104805314679705771,2026-09-29T05:27:47.000Z,zxx,1,1,0.11
prototype,https://x.com/i/status/2104802305157845047,2026-09-29T05:15:49.000Z,en,1,0,0.24
prototype,https://x.com/i/status/2104783589103571135,2026-09-29T04:01:27.000Z,en,1,0,0.14
prototype,https://x.com/i/status/2104780808037060852,2026-09-29T03:50:24.000Z,zh,1,0,0.47
prototype,https://x.com/i/status/2104769715185066263,2026-09-29T03:06:19.000Z,en,3,1,0.09
prototype,https://x.com/i/status/2104768247036051849,2026-09-29T03:00:29.000Z,en,2,1,0.09
prototype,https://x.com/i/status/2104768141708677360,2026-09-29T03:00:04.000Z,ja,9,0,0.18
prototype,https://x.com/i/status/2104765496596033709,2026-09-29T02:49:33.000Z,zxx,28,14,0.14
prototype,https://x.com/i/status/2104764831782031449,2026-09-29T02:46:55.000Z,en,2,0,0.24
prototype,https://x.com/i/status/2104760724224708838,2026-09-29T02:30:35.000Z,en,0,0,0.1
prototype,https://x.com/i/status/2104759118460494014,2026-09-29T02:24:13.000Z,en,1,0,0.15
grilling,https://x.com/i/status/2105069980849197432,2026-09-29T22:59:28.000Z,ja,0,0,0.89
grilling,https://x.com/i/status/2104969629680418912,2026-09-29T16:20:42.000Z,en,0,0,0.85
grilling,https://x.com/i/status/2104950533173707172,2026-09-29T15:04:49.000Z,en,82,6,0.92
grilling,https://x.com/i/status/2104780084397871511,2026-09-29T03:47:31.000Z,en,176,25,0.03
grilling,https://x.com/i/status/2104694921898684634,2026-09-28T22:09:07.000Z,en,2,0,0.88
grilling,https://x.com/i/status/2104672520154894571,2026-09-28T20:40:06.000Z,en,0,0,0.91
grilling,https://x.com/i/status/2104644903179563391,2026-09-28T18:50:21.000Z,en,2,0,0.04
grilling,https://x.com/i/status/2104522508288602115,2026-09-28T10:44:00.000Z,in,3,0,0.93
grilling,https://x.com/i/status/2104519949330903228,2026-09-28T10:33:50.000Z,en,9,0,0.05
grilling,https://x.com/i/status/2104473012544360626,2026-09-28T07:27:20.000Z,en,0,0,0.95
grilling,https://x.com/i/status/2104401426806149203,2026-09-28T02:42:52.000Z,zh,3,0,0.81
grilling,https://x.com/i/status/2104386149271965815,2026-09-28T01:42:10.000Z,en,1,0,0.03
grilling,https://x.com/i/status/2104216203858428003,2026-09-27T14:26:52.000Z,en,0,0,0.96
grilling,https://x.com/i/status/2104147133632782822,2026-09-27T09:52:24.000Z,en,20,1,0.04
grilling,https://x.com/i/status/2104135188938940423,2026-09-27T09:04:56.000Z,fr,0,0,0.65
grilling,https://x.com/i/status/2104098944603308223,2026-09-27T06:40:55.000Z,en,0,0,0.03
grilling,https://x.com/i/status/2104051638608744918,2026-09-27T03:32:56.000Z,en,8,0,0.03
grilling,https://x.com/i/status/2103976671128814058,2026-09-26T22:35:03.000Z,en,1,0,0.89
grilling,https://x.com/i/status/2103938738971930926,2026-09-26T20:04:19.000Z,en,1,0,0.92
grilling,https://x.com/i/status/2103917889078317391,2026-09-26T18:41:28.000Z,en,1,0,0.05
grilling,https://x.com/i/status/2103877386882146548,2026-09-26T16:00:31.000Z,en,12,4,0.13
grilling,https://x.com/i/status/2103817129644507350,2026-09-26T12:01:05.000Z,en,2,0,0.04
grilling,https://x.com/i/status/2103804285838643517,2026-09-26T11:10:03.000Z,en,5,0,0.92
grilling,https://x.com/i/status/2103776240184578376,2026-09-26T09:18:36.000Z,en,0,0,0.1
grilling,https://x.com/i/status/2103524092658028769,2026-09-25T16:36:39.000Z,en,0,0,0.08
grilling,https://x.com/i/status/2103410670595194982,2026-09-25T09:05:58.000Z,en,1,0,0.06
grilling,https://x.com/i/status/2103325697934762069,2026-09-25T03:28:18.000Z,ja,0,0,0.94
grilling,https://x.com/i/status/2103287358191796648,2026-09-25T00:55:58.000Z,en,5,0,0.08
grilling,https://x.com/i/status/2103217221854257425,2026-09-24T20:17:16.000Z,en,0,0,0.11
grilling,https://x.com/i/status/2103216905968329049,2026-09-24T20:16:00.000Z,en,3,1,0.02
grilling,https://x.com/i/status/2103160141243646417,2026-09-24T16:30:27.000Z,en,0,1,0.03
grilling,https://x.com/i/status/2103119035802234943,2026-09-24T13:47:06.000Z,en,1,0,0.93
grilling,https://x.com/i/status/2103068099088195762,2026-09-24T10:24:42.000Z,ja,0,0,0.92
grilling,https://x.com/i/status/2103066905678315940,2026-09-24T10:19:58.000Z,en,0,0,0.88
grilling,https://x.com/i/status/2103004344887152873,2026-09-24T06:11:22.000Z,zh,93,12,0.91
grilling,https://x.com/i/status/2102981013098090687,2026-09-24T04:38:39.000Z,en,0,0,0.92
grilling,https://x.com/i/status/2102976170090447063,2026-09-24T04:19:25.000Z,en,1,0,0.95
grilling,https://x.com/i/status/2102962917243314382,2026-09-24T03:26:45.000Z,en,1,0,0.95
grilling,https://x.com/i/status/2102891797920072163,2026-09-23T22:44:09.000Z,zxx,0,0,0.16
grilling,https://x.com/i/status/2102887501933273286,2026-09-23T22:27:04.000Z,en,0,0,0.84
grilling,https://x.com/i/status/2102828286594478400,2026-09-23T18:31:46.000Z,en,0,0,0.85
grilling,https://x.com/i/status/2102827658254209245,2026-09-23T18:29:17.000Z,en,2,0,0.87
grilling,https://x.com/i/status/2102821124966887473,2026-09-23T18:03:19.000Z,en,0,0,0.93
grilling,https://x.com/i/status/2102818250312589788,2026-09-23T17:51:54.000Z,en,0,0,0.93
grilling,https://x.com/i/status/2102815538028462550,2026-09-23T17:41:07.000Z,en,0,0,0.95
grilling,https://x.com/i/status/2102814768373588038,2026-09-23T17:38:03.000Z,en,0,0,0.93
grilling,https://x.com/i/status/2102799252556493153,2026-09-23T16:36:24.000Z,en,0,0,0.04
grilling,https://x.com/i/status/2102791385678270552,2026-09-23T16:05:08.000Z,en,0,0,0.03
grilling,https://x.com/i/status/2102761553204535672,2026-09-23T14:06:36.000Z,en,28,2,0.04
grilling,https://x.com/i/status/2102693376319426922,2026-09-23T09:35:41.000Z,en,0,0,0.88
grilling,https://x.com/i/status/2102692845316391360,2026-09-23T09:33:35.000Z,en,3,0,0.88
grilling,https://x.com/i/status/2102580132212863195,2026-09-23T02:05:42.000Z,en,5,1,0.05
vercel-react-best-practices,https://x.com/i/status/2104960643829010775,2026-09-29T15:45:00.000Z,en,66,8,0.07
vercel-react-best-practices,https://x.com/i/status/2104840846516338946,2026-09-29T07:48:58.000Z,en,0,0,0.8
humanizer,https://x.com/i/status/2105072559926505650,2026-09-29T23:09:43.000Z,en,0,0,0.83
humanizer,https://x.com/i/status/2105070367022715219,2026-09-29T23:01:00.000Z,zh,0,0,0.97
humanizer,https://x.com/i/status/2105006196558356521,2026-09-29T18:46:01.000Z,zh,0,0,0.83
humanizer,https://x.com/i/status/2104924174917509155,2026-09-29T13:20:05.000Z,en,0,0,0.86
humanizer,https://x.com/i/status/2104922894803628120,2026-09-29T13:15:00.000Z,en,2,0,0.57
humanizer,https://x.com/i/status/2104915923681579051,2026-09-29T12:47:18.000Z,zh,4,1,0.09
humanizer,https://x.com/i/status/2104896529660022786,2026-09-29T11:30:14.000Z,en,1,0,0.5
humanizer,https://x.com/i/status/2104867961945375158,2026-09-29T09:36:43.000Z,zh,0,0,0.87
humanizer,https://x.com/i/status/2104782317310906702,2026-09-29T03:56:24.000Z,en,72,13,0.25
humanizer,https://x.com/i/status/2104681725557379319,2026-09-28T21:16:41.000Z,en,3,0,0.9
humanizer,https://x.com/i/status/2104629707887329518,2026-09-28T17:49:59.000Z,en,45,10,0.89
humanizer,https://x.com/i/status/2104595391526424989,2026-09-28T15:33:37.000Z,en,35,26,0.92
humanizer,https://x.com/i/status/2104593356332343470,2026-09-28T15:25:32.000Z,zxx,16,0,0.19
humanizer,https://x.com/i/status/2104579035938369892,2026-09-28T14:28:38.000Z,zxx,0,0,0.2
humanizer,https://x.com/i/status/2104531176933445884,2026-09-28T11:18:27.000Z,ru,0,0,0.9
humanizer,https://x.com/i/status/2104487048958648690,2026-09-28T08:23:06.000Z,en,0,0,0.56
humanizer,https://x.com/i/status/2104482320753528968,2026-09-28T08:04:19.000Z,en,0,0,0.92
humanizer,https://x.com/i/status/2104468905347752030,2026-09-28T07:11:00.000Z,en,0,0,0.85
humanizer,https://x.com/i/status/2104310932671451636,2026-09-27T20:43:17.000Z,zxx,2,1,0.18
humanizer,https://x.com/i/status/2104274665820790992,2026-09-27T18:19:10.000Z,zh,434,42,0.96
humanizer,https://x.com/i/status/2104268689776509401,2026-09-27T17:55:25.000Z,en,71,48,0.9
humanizer,https://x.com/i/status/2104232273549660604,2026-09-27T15:30:43.000Z,en,0,0,0.85
humanizer,https://x.com/i/status/2104232272152981691,2026-09-27T15:30:43.000Z,en,1,0,0.91
humanizer,https://x.com/i/status/2104180687574282311,2026-09-27T12:05:44.000Z,en,1,0,0.9
humanizer,https://x.com/i/status/2104148795109847211,2026-09-27T09:59:00.000Z,en,0,0,0.96
humanizer,https://x.com/i/status/2104137681215078881,2026-09-27T09:14:50.000Z,en,0,0,0.9
humanizer,https://x.com/i/status/2104114543463190699,2026-09-27T07:42:54.000Z,ko,467,140,0.89
humanizer,https://x.com/i/status/2104113813406486581,2026-09-27T07:40:00.000Z,en,215,57,0.88
humanizer,https://x.com/i/status/2103965357447028781,2026-09-26T21:50:05.000Z,en,1,0,0.13
humanizer,https://x.com/i/status/2103884982204719442,2026-09-26T16:30:42.000Z,en,2,0,0.97
humanizer,https://x.com/i/status/2103862474084872409,2026-09-26T15:01:16.000Z,en,1,0,0.95
humanizer,https://x.com/i/status/2103862178130657609,2026-09-26T15:00:05.000Z,en,103,16,0.1
humanizer,https://x.com/i/status/2103841668256444839,2026-09-26T13:38:35.000Z,en,0,0,0.92
humanizer,https://x.com/i/status/2103733839960924640,2026-09-26T06:30:07.000Z,en,1,0,0.87
humanizer,https://x.com/i/status/2103536436326912454,2026-09-25T17:25:42.000Z,pt,0,0,0.94
humanizer,https://x.com/i/status/2103530976659812777,2026-09-25T17:04:01.000Z,zh,5,1,0.07
humanizer,https://x.com/i/status/2103482005023506504,2026-09-25T13:49:25.000Z,en,63,36,0.22
humanizer,https://x.com/i/status/2103258058063499382,2026-09-24T22:59:32.000Z,zh,0,0,0.95
humanizer,https://x.com/i/status/2103243304964182281,2026-09-24T22:00:54.000Z,ja,6,0,0.85
humanizer,https://x.com/i/status/2103182796621525379,2026-09-24T18:00:28.000Z,en,3,2,0.08
humanizer,https://x.com/i/status/2103160016845103245,2026-09-24T16:29:57.000Z,en,1,0,0.6
humanizer,https://x.com/i/status/2103159914671858084,2026-09-24T16:29:33.000Z,en,1,0,0.7
humanizer,https://x.com/i/status/2103159902571229553,2026-09-24T16:29:30.000Z,en,21,10,0.7
humanizer,https://x.com/i/status/2103131272868425820,2026-09-24T14:35:44.000Z,zh,41,8,0.94
humanizer,https://x.com/i/status/2103122510258540562,2026-09-24T14:00:55.000Z,fr,7,0,0.93
humanizer,https://x.com/i/status/2103115364292821237,2026-09-24T13:32:31.000Z,en,5,2,0.2
humanizer,https://x.com/i/status/2103098161892139207,2026-09-24T12:24:10.000Z,en,10,0,0.22
humanizer,https://x.com/i/status/2103097499942605194,2026-09-24T12:21:32.000Z,zxx,1,1,0.17
humanizer,https://x.com/i/status/2103079171744272449,2026-09-24T11:08:42.000Z,zh,0,0,0.95
humanizer,https://x.com/i/status/2103031862696313323,2026-09-24T08:00:43.000Z,zh,0,0,0.15
humanizer,https://x.com/i/status/2102999648667418920,2026-09-24T05:52:42.000Z,ja,3,0,0.07
humanizer,https://x.com/i/status/2102999645488054378,2026-09-24T05:52:41.000Z,ja,137,12,0.08
humanizer,https://x.com/i/status/2102986125572727251,2026-09-24T04:58:58.000Z,zh,330,91,0.95
humanizer,https://x.com/i/status/2102828458749636663,2026-09-23T18:32:27.000Z,en,105,27,0.23
humanizer,https://x.com/i/status/2102806150572110034,2026-09-23T17:03:49.000Z,en,19,3,0.97
humanizer,https://x.com/i/status/2102748781674639866,2026-09-23T13:15:51.000Z,zxx,5,0,0.27
humanizer,https://x.com/i/status/2102744565728022577,2026-09-23T12:59:06.000Z,zh,1,0,0.95
humanizer,https://x.com/i/status/2102731221746799070,2026-09-23T12:06:04.000Z,en,1,0,0.94
humanizer,https://x.com/i/status/2102729788796596434,2026-09-23T12:00:23.000Z,en,2,0,0.91
humanizer,https://x.com/i/status/2102705751147913377,2026-09-23T10:24:52.000Z,en,0,0,0.94
humanizer,https://x.com/i/status/2102695731035554171,2026-09-23T09:45:03.000Z,in,0,0,0.8
humanizer,https://x.com/i/status/2102671550248108286,2026-09-23T08:08:57.000Z,zh,0,0,0.96
humanizer,https://x.com/i/status/2102607000580563005,2026-09-23T03:52:28.000Z,zh,5,1,0.97
humanizer,https://x.com/i/status/2102590676156432876,2026-09-23T02:47:36.000Z,zh,1236,205,0.94
lark-doc,https://x.com/i/status/2103004389153903097,2026-09-24T06:11:32.000Z,zxx,0,0,0.29
lark-base,https://x.com/i/status/2104898798489387470,2026-09-29T11:39:15.000Z,en,17,2,0.06
obsidian,https://x.com/i/status/2105099324007030896,2026-09-30T00:56:04.000Z,ja,0,0,0.44
obsidian,https://x.com/i/status/2105091574791283191,2026-09-30T00:25:16.000Z,en,1,0,0.51
obsidian,https://x.com/i/status/2105090500319699091,2026-09-30T00:21:00.000Z,en,0,0,0.06
obsidian,https://x.com/i/status/2105087357217284370,2026-09-30T00:08:31.000Z,ja,1,0,0.43
obsidian,https://x.com/i/status/2105085322480554072,2026-09-30T00:00:26.000Z,pt,1,0,0.53
obsidian,https://x.com/i/status/2105083295923060790,2026-09-29T23:52:22.000Z,en,2,0,0.48
obsidian,https://x.com/i/status/2105080379850002603,2026-09-29T23:40:47.000Z,ja,1,0,0.48
obsidian,https://x.com/i/status/2105077571356639523,2026-09-29T23:29:38.000Z,zh,5,0,0.42
obsidian,https://x.com/i/status/2105072256518897799,2026-09-29T23:08:30.000Z,ja,1,0,0.36
obsidian,https://x.com/i/status/2105070306859905179,2026-09-29T23:00:46.000Z,vi,2,0,0.45
obsidian,https://x.com/i/status/2105057739286483339,2026-09-29T22:10:49.000Z,ja,3,0,0.09
obsidian,https://x.com/i/status/2105051338828624343,2026-09-29T21:45:23.000Z,en,8,0,0.34
obsidian,https://x.com/i/status/2105045598034428163,2026-09-29T21:22:35.000Z,en,0,0,0.07
obsidian,https://x.com/i/status/2105040086467244314,2026-09-29T21:00:41.000Z,pt,0,0,0.43
obsidian,https://x.com/i/status/2105039445909209317,2026-09-29T20:58:08.000Z,en,2,0,0.33
obsidian,https://x.com/i/status/2105037204376666211,2026-09-29T20:49:13.000Z,zxx,0,0,0.17
obsidian,https://x.com/i/status/2105031128025596118,2026-09-29T20:25:05.000Z,zxx,1,0,0.17
obsidian,https://x.com/i/status/2105029856262316521,2026-09-29T20:20:01.000Z,en,0,0,0.39
obsidian,https://x.com/i/status/2105025968612028419,2026-09-29T20:04:35.000Z,en,126,10,0.48
obsidian,https://x.com/i/status/2105025320122216750,2026-09-29T20:02:00.000Z,zh,0,0,0.68
obsidian,https://x.com/i/status/2105024569731854719,2026-09-29T19:59:01.000Z,en,5,1,0.18
obsidian,https://x.com/i/status/2105019010081264099,2026-09-29T19:36:56.000Z,en,0,0,0.02
obsidian,https://x.com/i/status/2105006914375729300,2026-09-29T18:48:52.000Z,en,0,0,0.22
obsidian,https://x.com/i/status/2105005346955870622,2026-09-29T18:42:38.000Z,en,1,0,0.1
obsidian,https://x.com/i/status/2105000469470818626,2026-09-29T18:23:15.000Z,en,0,0,0.39
obsidian,https://x.com/i/status/2104998511720693940,2026-09-29T18:15:28.000Z,en,1,0,0.42
obsidian,https://x.com/i/status/2104998107750535196,2026-09-29T18:13:52.000Z,en,116,9,0.27
obsidian,https://x.com/i/status/2104994342389559427,2026-09-29T17:58:54.000Z,zxx,0,0,0.13
obsidian,https://x.com/i/status/2104990656213241968,2026-09-29T17:44:15.000Z,es,2,0,0.07
obsidian,https://x.com/i/status/2104983043383628256,2026-09-29T17:14:00.000Z,en,0,0,0.56
obsidian,https://x.com/i/status/2104982034221514796,2026-09-29T17:10:00.000Z,en,1,0,0.08
obsidian,https://x.com/i/status/2104981231238865395,2026-09-29T17:06:48.000Z,und,0,0,0.48
obsidian,https://x.com/i/status/2104980386300215641,2026-09-29T17:03:27.000Z,en,1,0,0.41
obsidian,https://x.com/i/status/2104979934749815291,2026-09-29T17:01:39.000Z,en,0,0,0.44
obsidian,https://x.com/i/status/2104978740727947637,2026-09-29T16:56:55.000Z,ca,1,0,0.4
obsidian,https://x.com/i/status/2104971378302824750,2026-09-29T16:27:39.000Z,en,0,0,0.3
obsidian,https://x.com/i/status/2104969519609319679,2026-09-29T16:20:16.000Z,en,0,0,0.48
obsidian,https://x.com/i/status/2104968644845342807,2026-09-29T16:16:48.000Z,pt,1,0,0.4
obsidian,https://x.com/i/status/2104966471650824375,2026-09-29T16:08:09.000Z,en,17,2,0.08
obsidian,https://x.com/i/status/2104966289789800845,2026-09-29T16:07:26.000Z,fr,0,0,0.43
obsidian,https://x.com/i/status/2104961934349218115,2026-09-29T15:50:08.000Z,ja,0,0,0.04
obsidian,https://x.com/i/status/2104950883666813214,2026-09-29T15:06:13.000Z,en,1,0,0.04
obsidian,https://x.com/i/status/2104950828855624044,2026-09-29T15:06:00.000Z,fr,145,11,0.3
obsidian,https://x.com/i/status/2104950063306793313,2026-09-29T15:02:57.000Z,en,2,0,0.27
obsidian,https://x.com/i/status/2104944552259793213,2026-09-29T14:41:03.000Z,pt,0,0,0.51
obsidian,https://x.com/i/status/2104942693021618531,2026-09-29T14:33:40.000Z,en,0,0,0.26
obsidian,https://x.com/i/status/2104942080380252206,2026-09-29T14:31:14.000Z,pt,0,0,0.28
obsidian,https://x.com/i/status/2104939501508591710,2026-09-29T14:20:59.000Z,zh,41,5,0.29
obsidian,https://x.com/i/status/2104936497363419338,2026-09-29T14:09:03.000Z,ja,0,0,0.09
obsidian,https://x.com/i/status/2104932978354962663,2026-09-29T13:55:04.000Z,ja,9,2,0.41
obsidian,https://x.com/i/status/2104925933392281625,2026-09-29T13:27:04.000Z,zh,445,75,0.05
obsidian,https://x.com/i/status/2104925299410616586,2026-09-29T13:24:33.000Z,fr,14,2,0.22
obsidian,https://x.com/i/status/2104923180628381813,2026-09-29T13:16:08.000Z,zxx,79,10,0.12
obsidian,https://x.com/i/status/2104921638164643973,2026-09-29T13:10:00.000Z,en,0,0,0.2
obsidian,https://x.com/i/status/2104914470611059053,2026-09-29T12:41:31.000Z,ja,1,0,0.5
obsidian,https://x.com/i/status/2104914119405232479,2026-09-29T12:40:08.000Z,ja,1,0,0.42
obsidian,https://x.com/i/status/2104913498895781965,2026-09-29T12:37:40.000Z,en,0,0,0.31
obsidian,https://x.com/i/status/2104911897082671145,2026-09-29T12:31:18.000Z,zxx,1,0,0.15
obsidian,https://x.com/i/status/2104911107898929482,2026-09-29T12:28:10.000Z,fr,2,0,0.28
obsidian,https://x.com/i/status/2104907231582142527,2026-09-29T12:12:45.000Z,zxx,1,0,0.13
obsidian,https://x.com/i/status/2104903650866856075,2026-09-29T11:58:32.000Z,en,3,1,0.43
obsidian,https://x.com/i/status/2104901151586181144,2026-09-29T11:48:36.000Z,ja,1,0,0.53
obsidian,https://x.com/i/status/2104899826001518827,2026-09-29T11:43:20.000Z,en,0,0,0.51
obsidian,https://x.com/i/status/2104898514795073630,2026-09-29T11:38:07.000Z,ja,3,0,0.42
obsidian,https://x.com/i/status/2104896717535461443,2026-09-29T11:30:59.000Z,ja,6,1,0.19
obsidian,https://x.com/i/status/2104896522630598722,2026-09-29T11:30:12.000Z,zxx,7,1,0.13
obsidian,https://x.com/i/status/2104896234477527538,2026-09-29T11:29:04.000Z,zh,23,3,0.39
obsidian,https://x.com/i/status/2104895256386797756,2026-09-29T11:25:10.000Z,en,4,0,0.06
obsidian,https://x.com/i/status/2104892646816952479,2026-09-29T11:14:48.000Z,en,0,0,0.26
obsidian,https://x.com/i/status/2104889904853393771,2026-09-29T11:03:54.000Z,en,4,0,0.33
obsidian,https://x.com/i/status/2104888932370403336,2026-09-29T11:00:03.000Z,ja,6,0,0.51
obsidian,https://x.com/i/status/2104888148568277164,2026-09-29T10:56:56.000Z,zxx,49,8,0.18
obsidian,https://x.com/i/status/2104869360636768497,2026-09-29T09:42:16.000Z,zxx,86,2,0.21
obsidian,https://x.com/i/status/2104867678230048936,2026-09-29T09:35:35.000Z,ja,0,0,0.46
obsidian,https://x.com/i/status/2104866311482290626,2026-09-29T09:30:09.000Z,en,3,0,0.3
obsidian,https://x.com/i/status/2104865373397098601,2026-09-29T09:26:26.000Z,en,80,60,0.23
obsidian,https://x.com/i/status/2104860227292311931,2026-09-29T09:05:59.000Z,ja,3,0,0.35
obsidian,https://x.com/i/status/2104851322420040039,2026-09-29T08:30:36.000Z,zh,1,0,0.38
obsidian,https://x.com/i/status/2104851209332928549,2026-09-29T08:30:09.000Z,en,15,0,0.04
obsidian,https://x.com/i/status/2104846240001540585,2026-09-29T08:10:24.000Z,zh,2,0,0.22
obsidian,https://x.com/i/status/2104835458832502789,2026-09-29T07:27:33.000Z,en,0,0,0.29
obsidian,https://x.com/i/status/2104832391021842831,2026-09-29T07:15:22.000Z,en,3,1,0.31
obsidian,https://x.com/i/status/2104822612224582028,2026-09-29T06:36:31.000Z,en,2,0,0.09
obsidian,https://x.com/i/status/2104819451744965030,2026-09-29T06:23:57.000Z,en,1,0,0.39
obsidian,https://x.com/i/status/2104819097876000892,2026-09-29T06:22:33.000Z,zh,0,0,0.56
obsidian,https://x.com/i/status/2104801633528094899,2026-09-29T05:13:09.000Z,en,0,0,0.22
obsidian,https://x.com/i/status/2104795914976252389,2026-09-29T04:50:26.000Z,ja,6,2,0.14
obsidian,https://x.com/i/status/2104791152105058404,2026-09-29T04:31:30.000Z,en,0,0,0.34
obsidian,https://x.com/i/status/2104789484277473522,2026-09-29T04:24:52.000Z,zxx,2,0,0.17
obsidian,https://x.com/i/status/2104780645880979712,2026-09-29T03:49:45.000Z,ja,3,0,0.43
obsidian,https://x.com/i/status/2104779332858364052,2026-09-29T03:44:32.000Z,zxx,3,0,0.18
obsidian,https://x.com/i/status/2104777332947083757,2026-09-29T03:36:35.000Z,ja,3,0,0.63
obsidian,https://x.com/i/status/2104772232828592135,2026-09-29T03:16:19.000Z,zxx,7,1,0.14
obsidian,https://x.com/i/status/2104770419970695583,2026-09-29T03:09:07.000Z,zh,4,0,0.4
obsidian,https://x.com/i/status/2104759871010955310,2026-09-29T02:27:12.000Z,en,1,0,0.02
obsidian,https://x.com/i/status/2104757859536052260,2026-09-29T02:19:12.000Z,ja,2,0,0.07
obsidian,https://x.com/i/status/2104750612634345869,2026-09-29T01:50:25.000Z,ja,2,0,0.31
obsidian,https://x.com/i/status/2104747749921239340,2026-09-29T01:39:02.000Z,zh,16,0,0.21
obsidian,https://x.com/i/status/2104745295208960357,2026-09-29T01:29:17.000Z,en,2,0,0.2
obsidian,https://x.com/i/status/2104740256297988191,2026-09-29T01:09:15.000Z,zxx,1,0,0.17
lark-drive,https://x.com/i/status/2103004389153903097,2026-09-24T06:11:32.000Z,zxx,0,0,0.22
lark-shared,https://x.com/i/status/2103004389153903097,2026-09-24T06:11:32.000Z,zxx,0,0,0.18
nano-banana-pro,https://x.com/i/status/2105039924395221377,2026-09-29T21:00:02.000Z,ja,3,1,0.89
nano-banana-pro,https://x.com/i/status/2105001961825456444,2026-09-29T18:29:11.000Z,zxx,14,2,0.15
nano-banana-pro,https://x.com/i/status/2104977276567769444,2026-09-29T16:51:05.000Z,en,1,0,0.91
nano-banana-pro,https://x.com/i/status/2104976946350223417,2026-09-29T16:49:47.000Z,en,0,0,0.91
nano-banana-pro,https://x.com/i/status/2104906579288154499,2026-09-29T12:10:10.000Z,en,4,0,0.93
nano-banana-pro,https://x.com/i/status/2104893809293447565,2026-09-29T11:19:25.000Z,en,0,0,0.9
nano-banana-pro,https://x.com/i/status/2104805403699880246,2026-09-29T05:28:08.000Z,zxx,50,6,0.16
nano-banana-pro,https://x.com/i/status/2104710496721023058,2026-09-28T23:11:00.000Z,ja,14,1,0.89
nano-banana-pro,https://x.com/i/status/2104701695213396134,2026-09-28T22:36:02.000Z,en,6,1,0.88
nano-banana-pro,https://x.com/i/status/2104672893145899091,2026-09-28T20:41:35.000Z,zxx,3,0,0.16
nano-banana-pro,https://x.com/i/status/2104632355986260395,2026-09-28T18:00:30.000Z,en,26,4,0.83
nano-banana-pro,https://x.com/i/status/2104591824186736804,2026-09-28T15:19:26.000Z,en,10,2,0.88
nano-banana-pro,https://x.com/i/status/2104518983160664199,2026-09-28T10:30:00.000Z,en,1,0,0.08
nano-banana-pro,https://x.com/i/status/2104495332302471649,2026-09-28T08:56:01.000Z,ja,3,0,0.67
nano-banana-pro,https://x.com/i/status/2104468099361837343,2026-09-28T07:07:48.000Z,zh,0,0,0.57
nano-banana-pro,https://x.com/i/status/2104419677774737476,2026-09-28T03:55:24.000Z,en,1,0,0.9
nano-banana-pro,https://x.com/i/status/2104391661648495099,2026-09-28T02:04:04.000Z,zh,16,1,0.09
nano-banana-pro,https://x.com/i/status/2104389405477949560,2026-09-28T01:55:06.000Z,zxx,49,1,0.15
nano-banana-pro,https://x.com/i/status/2104364097353683219,2026-09-28T00:14:32.000Z,zxx,67,7,0.17
nano-banana-pro,https://x.com/i/status/2104314652138393756,2026-09-27T20:58:04.000Z,en,3,0,0.91
nano-banana-pro,https://x.com/i/status/2104262810473787872,2026-09-27T17:32:03.000Z,zxx,317,42,0.21
nano-banana-pro,https://x.com/i/status/2104255107189854408,2026-09-27T17:01:27.000Z,ja,1,0,0.91
nano-banana-pro,https://x.com/i/status/2104253138945311131,2026-09-27T16:53:38.000Z,zxx,35,9,0.18
nano-banana-pro,https://x.com/i/status/2104244128238141554,2026-09-27T16:17:49.000Z,en,746,68,0.07
nano-banana-pro,https://x.com/i/status/2104219326966341987,2026-09-27T14:39:16.000Z,en,0,0,0.07
nano-banana-pro,https://x.com/i/status/2104197474999255136,2026-09-27T13:12:26.000Z,en,1,0,0.91
nano-banana-pro,https://x.com/i/status/2104196089649987671,2026-09-27T13:06:56.000Z,ja,1,1,0.89
nano-banana-pro,https://x.com/i/status/2104190342660510019,2026-09-27T12:44:06.000Z,en,688,37,0.05
nano-banana-pro,https://x.com/i/status/2104132948580573353,2026-09-27T08:56:02.000Z,en,0,0,0.82
nano-banana-pro,https://x.com/i/status/2104110338530476226,2026-09-27T07:26:11.000Z,zh,17,3,0.15
nano-banana-pro,https://x.com/i/status/2104095543962263992,2026-09-27T06:27:24.000Z,en,0,0,0.82
nano-banana-pro,https://x.com/i/status/2104078689654952182,2026-09-27T05:20:26.000Z,en,1,0,0.9
nano-banana-pro,https://x.com/i/status/2104042969682903116,2026-09-27T02:58:29.000Z,en,2,0,0.29
nano-banana-pro,https://x.com/i/status/2104037340746502422,2026-09-27T02:36:07.000Z,en,5,0,0.21
nano-banana-pro,https://x.com/i/status/2104035456967209472,2026-09-27T02:28:38.000Z,en,6,0,0.17
nano-banana-pro,https://x.com/i/status/2103978566916415754,2026-09-26T22:42:35.000Z,en,1,0,0.07
nano-banana-pro,https://x.com/i/status/2103961765667311943,2026-09-26T21:35:49.000Z,en,8,2,0.07
nano-banana-pro,https://x.com/i/status/2103949057895080197,2026-09-26T20:45:19.000Z,en,8,0,0.17
nano-banana-pro,https://x.com/i/status/2103865583519379692,2026-09-26T15:13:37.000Z,en,3,0,0.05
nano-banana-pro,https://x.com/i/status/2103855032198382000,2026-09-26T14:31:42.000Z,en,2,0,0.8
nano-banana-pro,https://x.com/i/status/2103817500085641559,2026-09-26T12:02:33.000Z,zxx,41,2,0.16
nano-banana-pro,https://x.com/i/status/2103806865914388962,2026-09-26T11:20:18.000Z,ja,1,0,0.91
nano-banana-pro,https://x.com/i/status/2103766766753358174,2026-09-26T08:40:57.000Z,in,3,0,0.68
nano-banana-pro,https://x.com/i/status/2103696085411897400,2026-09-26T04:00:06.000Z,zh,101,12,0.29
nano-banana-pro,https://x.com/i/status/2103559855298711612,2026-09-25T18:58:46.000Z,en,0,0,0.84
nano-banana-pro,https://x.com/i/status/2103559392696426857,2026-09-25T18:56:56.000Z,en,8,0,0.53
nano-banana-pro,https://x.com/i/status/2103552919249563691,2026-09-25T18:31:12.000Z,ja,112,6,0.89
nano-banana-pro,https://x.com/i/status/2103547259975557493,2026-09-25T18:08:43.000Z,en,6,0,0.19
nano-banana-pro,https://x.com/i/status/2103534594528272502,2026-09-25T17:18:23.000Z,en,10,1,0.81
nano-banana-pro,https://x.com/i/status/2103482786673836524,2026-09-25T13:52:31.000Z,en,1,0,0.07
nano-banana-pro,https://x.com/i/status/2103476992574111944,2026-09-25T13:29:30.000Z,en,8,0,0.8
nano-banana-pro,https://x.com/i/status/2103433806250492198,2026-09-25T10:37:53.000Z,en,14,0,0.92
nano-banana-pro,https://x.com/i/status/2103402695805501867,2026-09-25T08:34:16.000Z,und,0,0,0.69
nano-banana-pro,https://x.com/i/status/2103365344111063114,2026-09-25T06:05:51.000Z,zxx,11,0,0.16
nano-banana-pro,https://x.com/i/status/2103209903405842923,2026-09-24T19:48:11.000Z,en,1,0,0.93
nano-banana-pro,https://x.com/i/status/2103190227770659049,2026-09-24T18:30:00.000Z,en,6,0,0.87
nano-banana-pro,https://x.com/i/status/2103167129168052593,2026-09-24T16:58:13.000Z,en,17,1,0.81
nano-banana-pro,https://x.com/i/status/2103091255727325469,2026-09-24T11:56:43.000Z,fr,20,0,0.74
nano-banana-pro,https://x.com/i/status/2103086042865877223,2026-09-24T11:36:00.000Z,ja,6,0,0.07
nano-banana-pro,https://x.com/i/status/2103008938723545291,2026-09-24T06:29:37.000Z,zh,33,3,0.06
nano-banana-pro,https://x.com/i/status/2102828337899225131,2026-09-23T18:31:59.000Z,en,0,0,0.85
nano-banana-pro,https://x.com/i/status/2102805689437671511,2026-09-23T17:01:59.000Z,zxx,3,0,0.15
nano-banana-pro,https://x.com/i/status/2102721750220103692,2026-09-23T11:28:26.000Z,in,674,102,0.12
nano-banana-pro,https://x.com/i/status/2102634744856944797,2026-09-23T05:42:42.000Z,en,3,0,0.85
lark-im,https://x.com/i/status/2103004389153903097,2026-09-24T06:11:32.000Z,zxx,0,0,0.24
notion,https://x.com/i/status/2105099357443793359,2026-09-30T00:56:12.000Z,en,0,0,0.08
notion,https://x.com/i/status/2105099147326243293,2026-09-30T00:55:22.000Z,zxx,0,0,0.07
notion,https://x.com/i/status/2105098416288301199,2026-09-30T00:52:27.000Z,en,0,0,0.39
notion,https://x.com/i/status/2105098023143637423,2026-09-30T00:50:54.000Z,zxx,2,0,0.12
notion,https://x.com/i/status/2105096538674606538,2026-09-30T00:45:00.000Z,en,0,0,0.22
notion,https://x.com/i/status/2105095886590353767,2026-09-30T00:42:24.000Z,zh,0,0,0.39
notion,https://x.com/i/status/2105094591477375382,2026-09-30T00:37:16.000Z,en,0,0,0.47
notion,https://x.com/i/status/2105093743980482719,2026-09-30T00:33:53.000Z,ja,2,0,0.06
notion,https://x.com/i/status/2105093512186466517,2026-09-30T00:32:58.000Z,zxx,0,0,0.08
notion,https://x.com/i/status/2105092775347625994,2026-09-30T00:30:03.000Z,fr,1,0,0.08
notion,https://x.com/i/status/2105092137469768168,2026-09-30T00:27:30.000Z,ja,3,1,0.46
notion,https://x.com/i/status/2105091066156536126,2026-09-30T00:23:15.000Z,zxx,1,0,0.13
notion,https://x.com/i/status/2105090733476909227,2026-09-30T00:21:56.000Z,zh,12,0,0.07
notion,https://x.com/i/status/2105090248610853030,2026-09-30T00:20:00.000Z,en,3,0,0.06
notion,https://x.com/i/status/2105089006921003027,2026-09-30T00:15:04.000Z,en,3,0,0.09
notion,https://x.com/i/status/2105088633397244013,2026-09-30T00:13:35.000Z,en,1,0,0.06
notion,https://x.com/i/status/2105088356887793985,2026-09-30T00:12:29.000Z,zh,2,0,0.27
notion,https://x.com/i/status/2105086560773558664,2026-09-30T00:05:21.000Z,in,2,0,0.1
notion,https://x.com/i/status/2105086417692999821,2026-09-30T00:04:47.000Z,en,0,0,0.05
notion,https://x.com/i/status/2105085705496195252,2026-09-30T00:01:57.000Z,zxx,55,6,0.12
notion,https://x.com/i/status/2105085224141103309,2026-09-30T00:00:02.000Z,ja,1,0,0.25
notion,https://x.com/i/status/2105085179786350775,2026-09-29T23:59:52.000Z,zh,0,0,0.12
notion,https://x.com/i/status/2105084852118904911,2026-09-29T23:58:33.000Z,en,0,0,0.61
notion,https://x.com/i/status/2105083825219055708,2026-09-29T23:54:29.000Z,ja,0,0,0.39
notion,https://x.com/i/status/2105082824420470796,2026-09-29T23:50:30.000Z,en,1,0,0.13
notion,https://x.com/i/status/2105081943733776520,2026-09-29T23:47:00.000Z,en,0,0,0.44
notion,https://x.com/i/status/2105081833561993419,2026-09-29T23:46:34.000Z,en,0,0,0.09
notion,https://x.com/i/status/2105080203672219992,2026-09-29T23:40:05.000Z,en,0,0,0.18
notion,https://x.com/i/status/2105077727770607835,2026-09-29T23:30:15.000Z,ja,0,0,0.43
notion,https://x.com/i/status/2105076289661280501,2026-09-29T23:24:32.000Z,zxx,0,0,0.13
notion,https://x.com/i/status/2105075839335289182,2026-09-29T23:22:45.000Z,ja,0,0,0.12
notion,https://x.com/i/status/2105072668403712295,2026-09-29T23:10:09.000Z,en,1,0,0.37
notion,https://x.com/i/status/2105071467943665671,2026-09-29T23:05:22.000Z,en,2,0,0.04
notion,https://x.com/i/status/2105071385278341279,2026-09-29T23:05:03.000Z,ja,1,0,0.67
notion,https://x.com/i/status/2105071298154291237,2026-09-29T23:04:42.000Z,ja,0,0,0.54
notion,https://x.com/i/status/2105070437210403323,2026-09-29T23:01:17.000Z,zxx,5,0,0.14
notion,https://x.com/i/status/2105070243823690069,2026-09-29T23:00:31.000Z,ja,0,0,0.29
notion,https://x.com/i/status/2105070097933246533,2026-09-29T22:59:56.000Z,zh,0,0,0.11
notion,https://x.com/i/status/2105069163886887040,2026-09-29T22:56:13.000Z,en,8,1,0.13
notion,https://x.com/i/status/2105069109637505403,2026-09-29T22:56:00.000Z,en,2,0,0.3
notion,https://x.com/i/status/2105068666257915957,2026-09-29T22:54:14.000Z,zxx,74,8,0.11
notion,https://x.com/i/status/2105067981210632689,2026-09-29T22:51:31.000Z,ja,1,0,0.59
notion,https://x.com/i/status/2105067820249968730,2026-09-29T22:50:53.000Z,zxx,5,0,0.12
notion,https://x.com/i/status/2105067194874769817,2026-09-29T22:48:24.000Z,en,0,0,0.16
notion,https://x.com/i/status/2105067082572509461,2026-09-29T22:47:57.000Z,zh,14,4,0.2
notion,https://x.com/i/status/2105066920420765917,2026-09-29T22:47:18.000Z,ja,1,0,0.27
notion,https://x.com/i/status/2105065584794955958,2026-09-29T22:42:00.000Z,en,3,0,0.18
notion,https://x.com/i/status/2105065459058094525,2026-09-29T22:41:30.000Z,en,0,0,0.02
notion,https://x.com/i/status/2105065090450141209,2026-09-29T22:40:02.000Z,zxx,29,3,0.09
notion,https://x.com/i/status/2105064906454376758,2026-09-29T22:39:18.000Z,en,0,0,0.16
notion,https://x.com/i/status/2105063888840720823,2026-09-29T22:35:15.000Z,ja,42,6,0.15
notion,https://x.com/i/status/2105061030829453315,2026-09-29T22:23:54.000Z,en,1,0,0.62
notion,https://x.com/i/status/2105060807063032259,2026-09-29T22:23:01.000Z,zh,2,2,0.15
notion,https://x.com/i/status/2105060217428099560,2026-09-29T22:20:40.000Z,en,1,1,0.19
notion,https://x.com/i/status/2105058618814951695,2026-09-29T22:14:19.000Z,zh,0,0,0.06
notion,https://x.com/i/status/2105057739286483339,2026-09-29T22:10:49.000Z,ja,3,0,0.18
notion,https://x.com/i/status/2105057552082079844,2026-09-29T22:10:05.000Z,en,0,0,0.45
notion,https://x.com/i/status/2105056908063195222,2026-09-29T22:07:31.000Z,en,8,0,0.16
notion,https://x.com/i/status/2105054272937447679,2026-09-29T21:57:03.000Z,en,1,0,0.56
notion,https://x.com/i/status/2105052722328166496,2026-09-29T21:50:53.000Z,en,1,1,0.1
notion,https://x.com/i/status/2105051388632060280,2026-09-29T21:45:35.000Z,en,0,0,0.47
notion,https://x.com/i/status/2105050748790972519,2026-09-29T21:43:03.000Z,ja,1,0,0.37
notion,https://x.com/i/status/2105049882608423358,2026-09-29T21:39:36.000Z,en,0,0,0.27
notion,https://x.com/i/status/2105049754480566332,2026-09-29T21:39:06.000Z,en,0,0,0.1
notion,https://x.com/i/status/2105048033272659992,2026-09-29T21:32:15.000Z,zxx,1,0,0.11
notion,https://x.com/i/status/2105047405028950347,2026-09-29T21:29:45.000Z,en,1,0,0.24
notion,https://x.com/i/status/2105047287512850492,2026-09-29T21:29:17.000Z,ja,0,0,0.33
notion,https://x.com/i/status/2105047004258906294,2026-09-29T21:28:10.000Z,en,33,2,0.33
notion,https://x.com/i/status/2105044967542431997,2026-09-29T21:20:04.000Z,zxx,2,0,0.12
notion,https://x.com/i/status/2105044572426399800,2026-09-29T21:18:30.000Z,sv,0,0,0.1
notion,https://x.com/i/status/2105044202384175303,2026-09-29T21:17:02.000Z,es,0,0,0.42
notion,https://x.com/i/status/2105044061983801492,2026-09-29T21:16:28.000Z,en,1,0,0.14
notion,https://x.com/i/status/2105043614195741036,2026-09-29T21:14:42.000Z,en,0,0,0.42
notion,https://x.com/i/status/2105042653012447602,2026-09-29T21:10:52.000Z,zxx,5,0,0.11
notion,https://x.com/i/status/2105040806146937186,2026-09-29T21:03:32.000Z,en,4,0,0.37
notion,https://x.com/i/status/2105040794197619121,2026-09-29T21:03:29.000Z,en,6,0,0.49
notion,https://x.com/i/status/2105040314058904019,2026-09-29T21:01:35.000Z,en,2,0,0.38
notion,https://x.com/i/status/2105039932293304642,2026-09-29T21:00:04.000Z,ja,1,0,0.2
notion,https://x.com/i/status/2105039918229823809,2026-09-29T21:00:00.000Z,ja,21,2,0.17
notion,https://x.com/i/status/2105039579992748478,2026-09-29T20:58:40.000Z,en,0,0,0.39
notion,https://x.com/i/status/2105039206502617489,2026-09-29T20:57:11.000Z,ja,6,1,0.1
notion,https://x.com/i/status/2105038308296606104,2026-09-29T20:53:37.000Z,en,1,0,0.06
notion,https://x.com/i/status/2105037186286391589,2026-09-29T20:49:09.000Z,en,0,0,0.53
notion,https://x.com/i/status/2105035958831718416,2026-09-29T20:44:16.000Z,zh,98,22,0.19
notion,https://x.com/i/status/2105035362758443125,2026-09-29T20:41:54.000Z,en,0,0,0.4
notion,https://x.com/i/status/2105035004116095220,2026-09-29T20:40:29.000Z,en,0,0,0.33
notion,https://x.com/i/status/2105032367069114717,2026-09-29T20:30:00.000Z,en,2,0,0.16
notion,https://x.com/i/status/2105031986188353685,2026-09-29T20:28:29.000Z,es,0,0,0.31
notion,https://x.com/i/status/2105031393780572309,2026-09-29T20:26:08.000Z,en,1,0,0.23
notion,https://x.com/i/status/2105031354207638014,2026-09-29T20:25:59.000Z,en,2,0,0.28
notion,https://x.com/i/status/2105030950380007567,2026-09-29T20:24:22.000Z,en,4,0,0.31
notion,https://x.com/i/status/2105028410850578584,2026-09-29T20:14:17.000Z,zh,0,0,0.14
notion,https://x.com/i/status/2105026106508083597,2026-09-29T20:05:07.000Z,es,1,0,0.45
notion,https://x.com/i/status/2105025679263752496,2026-09-29T20:03:26.000Z,en,1,0,0.13
notion,https://x.com/i/status/2105024281709023578,2026-09-29T19:57:52.000Z,pt,15,4,0.09
notion,https://x.com/i/status/2105024009997873408,2026-09-29T19:56:48.000Z,en,2,1,0.05
notion,https://x.com/i/status/2105023757932974342,2026-09-29T19:55:47.000Z,en,3,0,0.06
notion,https://x.com/i/status/2105023456907801060,2026-09-29T19:54:36.000Z,en,1,0,0.05
notion,https://x.com/i/status/2105022711428944218,2026-09-29T19:51:38.000Z,en,1,0,0.13
notion,https://x.com/i/status/2105022049668465024,2026-09-29T19:49:00.000Z,en,3,0,0.4
skill-creator,https://x.com/i/status/2105056472660939059,2026-09-29T22:05:47.000Z,en,0,0,0.88
skill-creator,https://x.com/i/status/2104956408483725606,2026-09-29T15:28:10.000Z,en,62,43,0.69
skill-creator,https://x.com/i/status/2104948929276121195,2026-09-29T14:58:27.000Z,zxx,5,0,0.16
skill-creator,https://x.com/i/status/2104948197215146003,2026-09-29T14:55:32.000Z,en,41,18,0.56
skill-creator,https://x.com/i/status/2104936513259852221,2026-09-29T14:09:07.000Z,ja,0,0,0.78
skill-creator,https://x.com/i/status/2104928848295211469,2026-09-29T13:38:39.000Z,en,25,3,0.77
skill-creator,https://x.com/i/status/2104915923681579051,2026-09-29T12:47:18.000Z,zh,4,1,0.73
skill-creator,https://x.com/i/status/2104906579288154499,2026-09-29T12:10:10.000Z,en,4,0,0.63
skill-creator,https://x.com/i/status/2104858848851054788,2026-09-29T09:00:30.000Z,ja,6,0,0.08
skill-creator,https://x.com/i/status/2104813734237528106,2026-09-29T06:01:14.000Z,en,0,0,0.58
skill-creator,https://x.com/i/status/2104729561808400875,2026-09-29T00:26:46.000Z,zxx,0,0,0.2
skill-creator,https://x.com/i/status/2104665570465677423,2026-09-28T20:12:29.000Z,en,0,0,0.67
skill-creator,https://x.com/i/status/2104605560041595102,2026-09-28T16:14:01.000Z,en,16,0,0.14
skill-creator,https://x.com/i/status/2104605232454160795,2026-09-28T16:12:43.000Z,en,0,0,0.47
skill-creator,https://x.com/i/status/2104587086334693544,2026-09-28T15:00:37.000Z,en,691,38,0.48
skill-creator,https://x.com/i/status/2104573348844077270,2026-09-28T14:06:02.000Z,ja,2,0,0.73
skill-creator,https://x.com/i/status/2104526951973109852,2026-09-28T11:01:40.000Z,ja,479,31,0.52
skill-creator,https://x.com/i/status/2104449368325779838,2026-09-28T05:53:22.000Z,en,1,1,0.04
skill-creator,https://x.com/i/status/2104409512769966526,2026-09-28T03:15:00.000Z,en,2,0,0.64
skill-creator,https://x.com/i/status/2104397848699666767,2026-09-28T02:28:39.000Z,en,0,0,0.73
skill-creator,https://x.com/i/status/2104266406401634523,2026-09-27T17:46:21.000Z,zh,0,0,0.8
skill-creator,https://x.com/i/status/2104224565257961538,2026-09-27T15:00:05.000Z,en,125,16,0.25
skill-creator,https://x.com/i/status/2104194216176025691,2026-09-27T12:59:29.000Z,ja,0,0,0.63
skill-creator,https://x.com/i/status/2104179828991680531,2026-09-27T12:02:19.000Z,ar,0,0,0.18
skill-creator,https://x.com/i/status/2104169555287285854,2026-09-27T11:21:30.000Z,en,0,0,0.17
skill-creator,https://x.com/i/status/2104143636829200496,2026-09-27T09:38:30.000Z,ja,9,2,0.05
skill-creator,https://x.com/i/status/2104039176282988809,2026-09-27T02:43:25.000Z,zh,115,16,0.09
skill-creator,https://x.com/i/status/2103978065877680151,2026-09-26T22:40:35.000Z,ja,0,0,0.57
skill-creator,https://x.com/i/status/2103779902298509664,2026-09-26T09:33:09.000Z,en,0,0,0.72
skill-creator,https://x.com/i/status/2103619659685892302,2026-09-25T22:56:24.000Z,zxx,103,11,0.19
skill-creator,https://x.com/i/status/2103499833059500425,2026-09-25T15:00:15.000Z,en,195,25,0.49
skill-creator,https://x.com/i/status/2103498327216337330,2026-09-25T14:54:16.000Z,zh,82,20,0.58
skill-creator,https://x.com/i/status/2103336203315487059,2026-09-25T04:10:03.000Z,zxx,0,0,0.22
skill-creator,https://x.com/i/status/2103248205253382222,2026-09-24T22:20:23.000Z,ja,0,0,0.78
skill-creator,https://x.com/i/status/2103145064373575998,2026-09-24T15:30:32.000Z,en,0,0,0.81
skill-creator,https://x.com/i/status/2103125936598110257,2026-09-24T14:14:32.000Z,zxx,0,0,0.22
skill-creator,https://x.com/i/status/2103098161892139207,2026-09-24T12:24:10.000Z,en,10,0,0.5
skill-creator,https://x.com/i/status/2103097499942605194,2026-09-24T12:21:32.000Z,zxx,1,1,0.18
skill-creator,https://x.com/i/status/2103044333821997318,2026-09-24T08:50:16.000Z,zxx,6,0,0.2
skill-creator,https://x.com/i/status/2103024242040115354,2026-09-24T07:30:26.000Z,en,0,0,0.66
skill-creator,https://x.com/i/status/2103024022799679564,2026-09-24T07:29:33.000Z,en,0,0,0.71
skill-creator,https://x.com/i/status/2103007519669170357,2026-09-24T06:23:59.000Z,en,1,0,0.34
skill-creator,https://x.com/i/status/2102958550347894965,2026-09-24T03:09:24.000Z,zxx,4,0,0.18
skill-creator,https://x.com/i/status/2102917867675308239,2026-09-24T00:27:44.000Z,zh,0,0,0.71
skill-creator,https://x.com/i/status/2102828458749636663,2026-09-23T18:32:27.000Z,en,105,27,0.5
skill-creator,https://x.com/i/status/2102822500166259004,2026-09-23T18:08:47.000Z,en,57,36,0.65
skill-creator,https://x.com/i/status/2102819978869440640,2026-09-23T17:58:46.000Z,en,0,0,0.18
skill-creator,https://x.com/i/status/2102803098918068698,2026-09-23T16:51:41.000Z,ja,5,1,0.29
skill-creator,https://x.com/i/status/2102798689312080354,2026-09-23T16:34:10.000Z,en,0,0,0.48
skill-creator,https://x.com/i/status/2102788817057137150,2026-09-23T15:54:56.000Z,en,39,6,0.74
skill-creator,https://x.com/i/status/2102741783910527096,2026-09-23T12:48:02.000Z,zh,36,6,0.54
skill-creator,https://x.com/i/status/2102740522008015223,2026-09-23T12:43:02.000Z,zxx,239,59,0.17
skill-creator,https://x.com/i/status/2102654196998951398,2026-09-23T07:00:00.000Z,ja,4,0,0.52
skill-creator,https://x.com/i/status/2102651043209203760,2026-09-23T06:47:28.000Z,zh,1,0,0.69
skill-creator,https://x.com/i/status/2102607600944582778,2026-09-23T03:54:51.000Z,en,18,10,0.06
skill-creator,https://x.com/i/status/2102572710018851087,2026-09-23T01:36:12.000Z,zh,54,18,0.47
lark-calendar,https://x.com/i/status/2103004389153903097,2026-09-24T06:11:32.000Z,zxx,0,0,0.32
auto-updater,https://x.com/i/status/2104253317241098511,2026-09-27T16:54:20.000Z,en,308,19,0.01
lark-wiki,https://x.com/i/status/2104898798489387470,2026-09-29T11:39:15.000Z,en,17,2,0.08
word-docx,https://x.com/i/status/2104854375038697979,2026-09-29T08:42:43.000Z,zxx,8,2,0.18
word-docx,https://x.com/i/status/2104303476859957290,2026-09-27T20:13:39.000Z,en,65,29,0.23
word-docx,https://x.com/i/status/2103421589744226428,2026-09-25T09:49:21.000Z,en,0,0,0.51
evolver,https://x.com/i/status/2104850403062104482,2026-09-29T08:26:56.000Z,zh,31,5,0.2
evolver,https://x.com/i/status/2103101005370216861,2026-09-24T12:35:28.000Z,en,14,0,0.09
evolver,https://x.com/i/status/2102931463524216929,2026-09-24T01:21:46.000Z,zh,3,0,0.24
lark-task,https://x.com/i/status/2103004389153903097,2026-09-24T06:11:32.000Z,zxx,0,0,0.3
